date,week,state,region,plan,ticket_brl,mau_active,new_subs,churn_new,churn_legacy,net_adds,revenue_brl
2023-01-02,1,SP,Sudeste,Familia,49.9,104557,603,70,616,-83,1204940.95
2023-01-02,1,SP,Sudeste,HBO,34.9,65344,374,25,405,-56,526675.66
2023-01-02,1,SP,Sudeste,Telecine,29.9,52284,299,21,314,-36,361037.32
2023-01-02,1,SP,Sudeste,Premiere,24.9,39190,185,23,212,-50,225365.13
2023-01-02,1,RJ,Sudeste,Familia,49.9,39347,239,24,228,-13,453444.64
2023-01-02,1,RJ,Sudeste,HBO,34.9,24582,123,10,131,-18,198132.06
2023-01-02,1,RJ,Sudeste,Telecine,29.9,19672,109,7,110,-8,135841.29
2023-01-02,1,RJ,Sudeste,Premiere,24.9,14748,83,10,85,-12,84809.52
2023-01-02,1,MG,Sudeste,Familia,49.9,48952,280,31,257,-8,564135.06
2023-01-02,1,MG,Sudeste,HBO,34.9,30558,162,11,192,-41,246298.89
2023-01-02,1,MG,Sudeste,Telecine,29.9,24465,146,11,150,-15,168938.45
2023-01-02,1,MG,Sudeste,Premiere,24.9,18328,85,12,104,-31,105396.58
2023-01-02,1,ES,Sudeste,Familia,49.9,9115,51,4,52,-5,105043.53
2023-01-02,1,ES,Sudeste,HBO,34.9,5700,35,2,33,0,45942.26
2023-01-02,1,ES,Sudeste,Telecine,29.9,4559,24,1,24,-1,31481.32
2023-01-02,1,ES,Sudeste,Premiere,24.9,3418,18,2,18,-2,19655.47
2023-01-02,1,PR,Sul,Familia,49.9,26874,158,15,149,-6,309702.68
2023-01-02,1,PR,Sul,HBO,34.9,16785,86,7,94,-15,135287.88
2023-01-02,1,PR,Sul,Telecine,29.9,13431,73,4,78,-9,92745.24
2023-01-02,1,PR,Sul,Premiere,24.9,10062,51,6,63,-18,57862.31
2023-01-02,1,SC,Sul,Familia,49.9,17273,97,11,93,-7,199058.36
2023-01-02,1,SC,Sul,HBO,34.9,10806,68,5,57,6,87096.86
2023-01-02,1,SC,Sul,Telecine,29.9,8645,54,3,46,5,59696.42
2023-01-02,1,SC,Sul,Premiere,24.9,6475,33,4,34,-5,37234.99
2023-01-02,1,RS,Sul,Familia,49.9,26882,168,17,149,2,309794.87
2023-01-02,1,RS,Sul,HBO,34.9,16799,104,9,96,-1,135400.72
2023-01-02,1,RS,Sul,Telecine,29.9,13441,86,5,80,1,92814.3
2023-01-02,1,RS,Sul,Premiere,24.9,10066,51,7,58,-14,57885.31
2023-01-02,1,BA,Nordeste,Familia,49.9,34565,226,25,196,5,398335.68
2023-01-02,1,BA,Nordeste,HBO,34.9,21593,126,9,124,-7,174040.58
2023-01-02,1,BA,Nordeste,Telecine,29.9,17277,98,7,94,-3,119303.07
2023-01-02,1,BA,Nordeste,Premiere,24.9,12956,73,9,68,-4,74504.48
2023-01-02,1,CE,Nordeste,Familia,49.9,21592,120,12,116,-8,248831.59
2023-01-02,1,CE,Nordeste,HBO,34.9,13504,84,7,73,4,108842.86
2023-01-02,1,CE,Nordeste,Telecine,29.9,10797,64,5,62,-3,74556.65
2023-01-02,1,CE,Nordeste,Premiere,24.9,8087,37,4,46,-13,46504.92
2023-01-02,1,PE,Nordeste,Familia,49.9,23013,130,15,142,-27,265207.55
2023-01-02,1,PE,Nordeste,HBO,34.9,14400,84,6,78,0,116064.67
2023-01-02,1,PE,Nordeste,Telecine,29.9,11517,65,4,64,-3,79528.48
2023-01-02,1,PE,Nordeste,Premiere,24.9,8626,42,5,51,-14,49604.48
2023-01-02,1,MA,Nordeste,Familia,49.9,16305,98,10,103,-15,187902.89
2023-01-02,1,MA,Nordeste,HBO,34.9,10194,50,3,53,-6,82164.11
2023-01-02,1,MA,Nordeste,Telecine,29.9,8157,47,3,47,-3,56326.63
2023-01-02,1,MA,Nordeste,Premiere,24.9,6111,29,3,35,-9,35141.78
2023-01-02,1,PB,Nordeste,Familia,49.9,9598,57,7,52,-2,110609.75
2023-01-02,1,PB,Nordeste,HBO,34.9,6000,38,2,36,0,48360.28
2023-01-02,1,PB,Nordeste,Telecine,29.9,4800,29,1,28,0,33145.5
2023-01-02,1,PB,Nordeste,Premiere,24.9,3594,18,2,22,-6,20667.58
2023-01-02,1,RN,Nordeste,Familia,49.9,8647,59,6,46,7,99650.18
2023-01-02,1,RN,Nordeste,HBO,34.9,5401,31,2,28,1,43532.31
2023-01-02,1,RN,Nordeste,Telecine,29.9,4320,24,1,23,0,29830.95
2023-01-02,1,RN,Nordeste,Premiere,24.9,3234,14,2,18,-6,18597.37
2023-01-02,1,AL,Nordeste,Familia,49.9,7680,46,5,41,0,88506.24
2023-01-02,1,AL,Nordeste,HBO,34.9,4795,26,2,29,-5,38647.92
2023-01-02,1,AL,Nordeste,Telecine,29.9,3838,21,1,22,-2,26502.59
2023-01-02,1,AL,Nordeste,Premiere,24.9,2878,14,1,15,-2,16550.16
2023-01-02,1,SE,Nordeste,Familia,49.9,5278,33,3,32,-2,60824.99
2023-01-02,1,SE,Nordeste,HBO,34.9,3300,19,1,18,0,26598.15
2023-01-02,1,SE,Nordeste,Telecine,29.9,2639,16,1,16,-1,18223.12
2023-01-02,1,SE,Nordeste,Premiere,24.9,1979,10,1,10,-1,11380.39
2023-01-02,1,PI,Nordeste,Familia,49.9,7675,46,4,47,-5,88448.61
2023-01-02,1,PI,Nordeste,HBO,34.9,4802,28,1,25,2,38704.34
2023-01-02,1,PI,Nordeste,Telecine,29.9,3837,21,1,23,-3,26495.68
2023-01-02,1,PI,Nordeste,Premiere,24.9,2876,12,1,15,-4,16538.66
2023-01-02,1,GO,Centro-Oeste,Familia,49.9,15832,97,10,95,-8,182451.92
2023-01-02,1,GO,Centro-Oeste,HBO,34.9,9900,62,5,57,0,79794.46
2023-01-02,1,GO,Centro-Oeste,Telecine,29.9,7921,47,2,44,1,54696.97
2023-01-02,1,GO,Centro-Oeste,Premiere,24.9,5930,27,4,33,-10,34100.92
2023-01-02,1,MT,Centro-Oeste,Familia,49.9,8151,44,5,48,-9,93934.16
2023-01-02,1,MT,Centro-Oeste,HBO,34.9,5098,29,2,29,-2,41090.12
2023-01-02,1,MT,Centro-Oeste,Telecine,29.9,4081,26,1,24,1,28180.58
2023-01-02,1,MT,Centro-Oeste,Premiere,24.9,3052,13,2,19,-8,17550.76
2023-01-02,1,MS,Centro-Oeste,Familia,49.9,6238,37,4,35,-2,71888.27
2023-01-02,1,MS,Centro-Oeste,HBO,34.9,3897,23,2,24,-3,31410.0
2023-01-02,1,MS,Centro-Oeste,Telecine,29.9,3120,18,1,17,0,21544.57
2023-01-02,1,MS,Centro-Oeste,Premiere,24.9,2337,11,1,13,-3,13439.1
2023-01-02,1,DF,Centro-Oeste,Familia,49.9,6716,41,5,40,-4,77396.86
2023-01-02,1,DF,Centro-Oeste,HBO,34.9,4195,22,1,26,-5,33811.89
2023-01-02,1,DF,Centro-Oeste,Telecine,29.9,3359,19,1,19,-1,23194.94
2023-01-02,1,DF,Centro-Oeste,Premiere,24.9,2516,12,1,15,-4,14468.45
2023-01-02,1,AM,Norte,Familia,49.9,9599,58,6,53,-1,110621.27
2023-01-02,1,AM,Norte,HBO,34.9,5996,36,3,37,-4,48328.04
2023-01-02,1,AM,Norte,Telecine,29.9,4800,29,2,27,0,33145.5
2023-01-02,1,AM,Norte,Premiere,24.9,3594,18,2,22,-6,20667.58
2023-01-02,1,PA,Norte,Familia,49.9,20161,128,15,112,1,232340.39
2023-01-02,1,PA,Norte,HBO,34.9,12598,68,5,65,-2,101540.46
2023-01-02,1,PA,Norte,Telecine,29.9,10076,57,3,58,-4,69577.92
2023-01-02,1,PA,Norte,Premiere,24.9,7556,39,4,39,-4,43451.36
2023-01-02,1,RO,Norte,Familia,49.9,3836,19,2,21,-4,44207.02
2023-01-02,1,RO,Norte,HBO,34.9,2400,14,1,13,0,19344.11
2023-01-02,1,RO,Norte,Telecine,29.9,1920,10,0,10,0,13258.2
2023-01-02,1,RO,Norte,Premiere,24.9,1439,7,0,8,-1,8275.08
2023-01-02,1,AC,Norte,Familia,49.9,1917,10,1,12,-3,22091.99
2023-01-02,1,AC,Norte,HBO,34.9,1199,5,0,6,-1,9664.0
2023-01-02,1,AC,Norte,Telecine,29.9,960,5,0,5,0,6629.1
2023-01-02,1,AC,Norte,Premiere,24.9,720,3,0,3,0,4140.42
2023-01-02,1,RR,Norte,Familia,49.9,1441,8,0,7,1,16606.44
2023-01-02,1,RR,Norte,HBO,34.9,901,5,0,4,1,7262.1
2023-01-02,1,RR,Norte,Telecine,29.9,720,4,0,4,0,4971.82
2023-01-02,1,RR,Norte,Premiere,24.9,541,3,0,2,1,3111.06
2023-01-02,1,AP,Norte,Familia,49.9,1920,12,1,11,0,22126.56
2023-01-02,1,AP,Norte,HBO,34.9,1201,7,0,6,1,9680.12
2023-01-02,1,AP,Norte,Telecine,29.9,960,5,0,5,0,6629.1
2023-01-02,1,AP,Norte,Premiere,24.9,719,3,0,4,-1,4134.67
2023-01-02,1,TO,Norte,Familia,49.9,3359,17,1,17,-1,38709.95
2023-01-02,1,TO,Norte,HBO,34.9,2100,13,1,12,0,16926.1
2023-01-02,1,TO,Norte,Telecine,29.9,1679,8,0,9,-1,11594.02
2023-01-02,1,TO,Norte,Premiere,24.9,1259,6,0,7,-1,7239.98
2023-01-09,2,SP,Sudeste,Familia,49.9,104558,602,63,621,-82,1204952.47
2023-01-09,2,SP,Sudeste,HBO,34.9,65381,393,31,381,-19,526973.88
2023-01-09,2,SP,Sudeste,Telecine,29.9,52265,294,23,326,-55,360906.12
2023-01-09,2,SP,Sudeste,Premiere,24.9,39208,200,25,207,-32,225468.64
2023-01-09,2,RJ,Sudeste,Familia,49.9,39349,229,21,219,-11,453467.69
2023-01-09,2,RJ,Sudeste,HBO,34.9,24594,133,11,128,-6,198228.78
2023-01-09,2,RJ,Sudeste,Telecine,29.9,19662,106,6,118,-18,135772.24
2023-01-09,2,RJ,Sudeste,Premiere,24.9,14735,77,11,91,-25,84734.76
2023-01-09,2,MG,Sudeste,Familia,49.9,48963,297,30,264,3,564261.82
2023-01-09,2,MG,Sudeste,HBO,34.9,30580,183,15,187,-19,246476.21
2023-01-09,2,MG,Sudeste,Telecine,29.9,24461,139,9,149,-19,168910.83
2023-01-09,2,MG,Sudeste,Premiere,24.9,18323,90,11,115,-36,105367.83
2023-01-09,2,ES,Sudeste,Familia,49.9,9110,51,6,55,-10,104985.91
2023-01-09,2,ES,Sudeste,HBO,34.9,5698,35,2,35,-2,45926.14
2023-01-09,2,ES,Sudeste,Telecine,29.9,4559,28,1,28,-1,31481.32
2023-01-09,2,ES,Sudeste,Premiere,24.9,3417,16,2,17,-3,19649.72
2023-01-09,2,PR,Sul,Familia,49.9,26861,157,19,157,-19,309552.86
2023-01-09,2,PR,Sul,HBO,34.9,16792,94,7,95,-8,135344.3
2023-01-09,2,PR,Sul,Telecine,29.9,13424,70,5,81,-16,92696.91
2023-01-09,2,PR,Sul,Premiere,24.9,10056,43,6,61,-24,57827.81
2023-01-09,2,SC,Sul,Familia,49.9,17269,98,9,100,-11,199012.26
2023-01-09,2,SC,Sul,HBO,34.9,10786,57,4,67,-14,86935.66
2023-01-09,2,SC,Sul,Telecine,29.9,8631,45,2,52,-9,59599.75
2023-01-09,2,SC,Sul,Premiere,24.9,6472,30,4,34,-8,37217.74
2023-01-09,2,RS,Sul,Familia,49.9,26857,156,14,165,-23,309506.77
2023-01-09,2,RS,Sul,HBO,34.9,16796,91,7,88,-4,135376.54
2023-01-09,2,RS,Sul,Telecine,29.9,13418,67,5,84,-22,92655.47
2023-01-09,2,RS,Sul,Premiere,24.9,10055,42,6,61,-25,57822.06
2023-01-09,2,BA,Nordeste,Familia,49.9,34522,185,22,201,-38,397840.14
2023-01-09,2,BA,Nordeste,HBO,34.9,21578,121,9,134,-22,173919.68
2023-01-09,2,BA,Nordeste,Telecine,29.9,17274,98,5,99,-6,119282.36
2023-01-09,2,BA,Nordeste,Premiere,24.9,12941,56,6,69,-19,74418.22
2023-01-09,2,CE,Nordeste,Familia,49.9,21586,126,14,126,-14,248762.45
2023-01-09,2,CE,Nordeste,HBO,34.9,13490,71,6,75,-10,108730.02
2023-01-09,2,CE,Nordeste,Telecine,29.9,10793,65,4,68,-7,74529.03
2023-01-09,2,CE,Nordeste,Premiere,24.9,8082,37,4,51,-18,46476.17
2023-01-09,2,PE,Nordeste,Familia,49.9,23027,133,12,134,-13,265368.89
2023-01-09,2,PE,Nordeste,HBO,34.9,14392,82,7,83,-8,116000.18
2023-01-09,2,PE,Nordeste,Telecine,29.9,11520,73,5,68,0,79549.19
2023-01-09,2,PE,Nordeste,Premiere,24.9,8626,45,6,53,-14,49604.48
2023-01-09,2,MA,Nordeste,Familia,49.9,16330,109,11,88,10,188190.99
2023-01-09,2,MA,Nordeste,HBO,34.9,10193,54,4,57,-7,82156.05
2023-01-09,2,MA,Nordeste,Telecine,29.9,8149,43,3,51,-11,56271.39
2023-01-09,2,MA,Nordeste,Premiere,24.9,6111,30,4,35,-9,35141.78
2023-01-09,2,PB,Nordeste,Familia,49.9,9601,58,6,51,1,110644.32
2023-01-09,2,PB,Nordeste,HBO,34.9,5994,32,2,36,-6,48311.92
2023-01-09,2,PB,Nordeste,Telecine,29.9,4794,24,1,29,-6,33104.06
2023-01-09,2,PB,Nordeste,Premiere,24.9,3600,20,2,18,0,20702.08
2023-01-09,2,RN,Nordeste,Familia,49.9,8641,53,6,46,1,99581.04
2023-01-09,2,RN,Nordeste,HBO,34.9,5397,29,2,30,-3,43500.07
2023-01-09,2,RN,Nordeste,Telecine,29.9,4320,24,1,23,0,29830.95
2023-01-09,2,RN,Nordeste,Premiere,24.9,3235,17,2,20,-5,18603.12
2023-01-09,2,AL,Nordeste,Familia,49.9,7670,43,5,48,-10,88390.99
2023-01-09,2,AL,Nordeste,HBO,34.9,4799,27,2,26,-1,38680.16
2023-01-09,2,AL,Nordeste,Telecine,29.9,3837,20,1,22,-3,26495.68
2023-01-09,2,AL,Nordeste,Premiere,24.9,2875,13,1,17,-5,16532.91
2023-01-09,2,SE,Nordeste,Familia,49.9,5273,26,2,31,-7,60767.37
2023-01-09,2,SE,Nordeste,HBO,34.9,3299,20,1,20,-1,26590.09
2023-01-09,2,SE,Nordeste,Telecine,29.9,2640,16,1,15,0,18230.02
2023-01-09,2,SE,Nordeste,Premiere,24.9,1977,9,1,11,-3,11368.89
2023-01-09,2,PI,Nordeste,Familia,49.9,7680,46,5,41,0,88506.24
2023-01-09,2,PI,Nordeste,HBO,34.9,4803,30,2,25,3,38712.4
2023-01-09,2,PI,Nordeste,Telecine,29.9,3841,23,1,21,1,26523.3
2023-01-09,2,PI,Nordeste,Premiere,24.9,2874,11,1,16,-6,16527.16
2023-01-09,2,GO,Centro-Oeste,Familia,49.9,15838,101,10,93,-2,182521.06
2023-01-09,2,GO,Centro-Oeste,HBO,34.9,9890,56,4,62,-10,79713.86
2023-01-09,2,GO,Centro-Oeste,Telecine,29.9,7906,38,2,50,-14,54593.39
2023-01-09,2,GO,Centro-Oeste,Premiere,24.9,5932,28,3,33,-8,34112.42
2023-01-09,2,MT,Centro-Oeste,Familia,49.9,8155,41,3,43,-5,93980.25
2023-01-09,2,MT,Centro-Oeste,HBO,34.9,5101,30,2,27,1,41114.3
2023-01-09,2,MT,Centro-Oeste,Telecine,29.9,4080,23,1,22,0,28173.67
2023-01-09,2,MT,Centro-Oeste,Premiere,24.9,3054,13,2,17,-6,17562.26
2023-01-09,2,MS,Centro-Oeste,Familia,49.9,6237,32,3,32,-3,71876.74
2023-01-09,2,MS,Centro-Oeste,HBO,34.9,3901,23,1,21,1,31442.24
2023-01-09,2,MS,Centro-Oeste,Telecine,29.9,3119,17,1,17,-1,21537.67
2023-01-09,2,MS,Centro-Oeste,Premiere,24.9,2335,10,1,14,-5,13427.6
2023-01-09,2,DF,Centro-Oeste,Familia,49.9,6710,36,4,42,-10,77327.71
2023-01-09,2,DF,Centro-Oeste,HBO,34.9,4200,24,1,23,0,33852.19
2023-01-09,2,DF,Centro-Oeste,Telecine,29.9,3361,20,1,18,1,23208.75
2023-01-09,2,DF,Centro-Oeste,Premiere,24.9,2518,13,1,14,-2,14479.95
2023-01-09,2,AM,Norte,Familia,49.9,9585,48,5,58,-15,110459.93
2023-01-09,2,AM,Norte,HBO,34.9,6004,38,2,32,4,48392.52
2023-01-09,2,AM,Norte,Telecine,29.9,4800,28,1,27,0,33145.5
2023-01-09,2,AM,Norte,Premiere,24.9,3595,17,2,20,-5,20673.33
2023-01-09,2,PA,Norte,Familia,49.9,20137,100,10,113,-23,232063.81
2023-01-09,2,PA,Norte,HBO,34.9,12599,73,4,70,-1,101548.52
2023-01-09,2,PA,Norte,Telecine,29.9,10069,54,3,62,-11,69529.58
2023-01-09,2,PA,Norte,Premiere,24.9,7543,32,4,45,-17,43376.61
2023-01-09,2,RO,Norte,Familia,49.9,3837,21,2,22,-3,44218.55
2023-01-09,2,RO,Norte,HBO,34.9,2400,15,1,14,0,19344.11
2023-01-09,2,RO,Norte,Telecine,29.9,1920,10,0,10,0,13258.2
2023-01-09,2,RO,Norte,Premiere,24.9,1438,6,0,8,-2,8269.33
2023-01-09,2,AC,Norte,Familia,49.9,1919,9,0,10,-1,22115.03
2023-01-09,2,AC,Norte,HBO,34.9,1201,7,0,6,1,9680.12
2023-01-09,2,AC,Norte,Telecine,29.9,960,5,0,5,0,6629.1
2023-01-09,2,AC,Norte,Premiere,24.9,719,3,0,4,-1,4134.67
2023-01-09,2,RR,Norte,Familia,49.9,1440,8,0,8,0,16594.92
2023-01-09,2,RR,Norte,HBO,34.9,900,5,0,5,0,7254.04
2023-01-09,2,RR,Norte,Telecine,29.9,719,3,0,4,-1,4964.92
2023-01-09,2,RR,Norte,Premiere,24.9,539,2,0,3,-1,3099.56
2023-01-09,2,AP,Norte,Familia,49.9,1918,9,1,10,-2,22103.51
2023-01-09,2,AP,Norte,HBO,34.9,1201,7,0,6,1,9680.12
2023-01-09,2,AP,Norte,Telecine,29.9,959,4,0,5,-1,6622.19
2023-01-09,2,AP,Norte,Premiere,24.9,719,3,0,4,-1,4134.67
2023-01-09,2,TO,Norte,Familia,49.9,3360,19,2,17,0,38721.48
2023-01-09,2,TO,Norte,HBO,34.9,2099,10,0,11,-1,16918.04
2023-01-09,2,TO,Norte,Telecine,29.9,1680,10,0,10,0,11600.92
2023-01-09,2,TO,Norte,Premiere,24.9,1258,5,0,7,-2,7234.23
2023-01-16,3,SP,Sudeste,Familia,49.9,104463,535,56,656,-177,1203857.67
2023-01-16,3,SP,Sudeste,HBO,34.9,65384,370,33,353,-16,526998.06
2023-01-16,3,SP,Sudeste,Telecine,29.9,52260,272,16,316,-60,360871.59
2023-01-16,3,SP,Sudeste,Premiere,24.9,39180,204,25,239,-60,225307.62
2023-01-16,3,RJ,Sudeste,Familia,49.9,39347,220,22,211,-13,453444.64
2023-01-16,3,RJ,Sudeste,HBO,34.9,24586,139,11,142,-14,198164.3
2023-01-16,3,RJ,Sudeste,Telecine,29.9,19656,104,6,122,-24,135730.81
2023-01-16,3,RJ,Sudeste,Premiere,24.9,14744,77,10,83,-16,84786.51
2023-01-16,3,MG,Sudeste,Familia,49.9,48920,259,28,271,-40,563766.28
2023-01-16,3,MG,Sudeste,HBO,34.9,30565,168,12,190,-34,246355.31
2023-01-16,3,MG,Sudeste,Telecine,29.9,24481,153,10,142,1,169048.94
2023-01-16,3,MG,Sudeste,Premiere,24.9,18321,87,10,115,-38,105356.33
2023-01-16,3,ES,Sudeste,Familia,49.9,9117,53,6,50,-3,105066.58
2023-01-16,3,ES,Sudeste,HBO,34.9,5697,32,2,33,-3,45918.08
2023-01-16,3,ES,Sudeste,Telecine,29.9,4556,24,1,27,-4,31460.6
2023-01-16,3,ES,Sudeste,Premiere,24.9,3414,15,1,20,-6,19632.47
2023-01-16,3,PR,Sul,Familia,49.9,26847,136,12,157,-33,309391.52
2023-01-16,3,PR,Sul,HBO,34.9,16785,95,7,103,-15,135287.88
2023-01-16,3,PR,Sul,Telecine,29.9,13429,75,4,82,-11,92731.43
2023-01-16,3,PR,Sul,Premiere,24.9,10065,45,6,54,-15,57879.56
2023-01-16,3,SC,Sul,Familia,49.9,17255,87,8,104,-25,198850.92
2023-01-16,3,SC,Sul,HBO,34.9,10796,63,5,62,-4,87016.26
2023-01-16,3,SC,Sul,Telecine,29.9,8641,52,3,48,1,59668.8
2023-01-16,3,SC,Sul,Premiere,24.9,6461,24,3,40,-19,37154.48
2023-01-16,3,RS,Sul,Familia,49.9,26873,166,16,157,-7,309691.15
2023-01-16,3,RS,Sul,HBO,34.9,16800,111,7,104,0,135408.78
2023-01-16,3,RS,Sul,Telecine,29.9,13431,74,5,78,-9,92745.24
2023-01-16,3,RS,Sul,Premiere,24.9,10068,49,7,54,-12,57896.81
2023-01-16,3,BA,Nordeste,Familia,49.9,34529,193,21,203,-31,397920.81
2023-01-16,3,BA,Nordeste,HBO,34.9,21587,134,12,135,-13,173992.22
2023-01-16,3,BA,Nordeste,Telecine,29.9,17272,90,6,92,-8,119268.55
2023-01-16,3,BA,Nordeste,Premiere,24.9,12939,60,8,73,-21,74406.72
2023-01-16,3,CE,Nordeste,Familia,49.9,21597,129,12,120,-3,248889.21
2023-01-16,3,CE,Nordeste,HBO,34.9,13478,67,5,84,-22,108633.3
2023-01-16,3,CE,Nordeste,Telecine,29.9,10788,51,3,60,-12,74494.5
2023-01-16,3,CE,Nordeste,Premiere,24.9,8086,36,4,46,-14,46499.17
2023-01-16,3,PE,Nordeste,Familia,49.9,23046,144,14,124,6,265587.85
2023-01-16,3,PE,Nordeste,HBO,34.9,14376,61,5,80,-24,115871.22
2023-01-16,3,PE,Nordeste,Telecine,29.9,11510,62,4,68,-10,79480.14
2023-01-16,3,PE,Nordeste,Premiere,24.9,8621,39,4,54,-19,49575.73
2023-01-16,3,MA,Nordeste,Familia,49.9,16297,81,8,96,-23,187810.69
2023-01-16,3,MA,Nordeste,HBO,34.9,10189,56,4,63,-11,82123.81
2023-01-16,3,MA,Nordeste,Telecine,29.9,8158,44,2,44,-2,56333.53
2023-01-16,3,MA,Nordeste,Premiere,24.9,6113,28,3,32,-7,35153.28
2023-01-16,3,PB,Nordeste,Familia,49.9,9591,50,5,54,-9,110529.08
2023-01-16,3,PB,Nordeste,HBO,34.9,5989,25,1,35,-11,48271.62
2023-01-16,3,PB,Nordeste,Telecine,29.9,4802,28,1,25,2,33159.31
2023-01-16,3,PB,Nordeste,Premiere,24.9,3592,14,2,20,-8,20656.07
2023-01-16,3,RN,Nordeste,Familia,49.9,8634,44,4,46,-6,99500.37
2023-01-16,3,RN,Nordeste,HBO,34.9,5400,31,2,29,0,43524.25
2023-01-16,3,RN,Nordeste,Telecine,29.9,4320,26,1,25,0,29830.95
2023-01-16,3,RN,Nordeste,Premiere,24.9,3235,14,2,17,-5,18603.12
2023-01-16,3,AL,Nordeste,Familia,49.9,7677,43,4,42,-3,88471.66
2023-01-16,3,AL,Nordeste,HBO,34.9,4798,27,2,27,-2,38672.1
2023-01-16,3,AL,Nordeste,Telecine,29.9,3840,21,1,20,0,26516.4
2023-01-16,3,AL,Nordeste,Premiere,24.9,2878,14,1,15,-2,16550.16
2023-01-16,3,SE,Nordeste,Familia,49.9,5279,28,2,27,-1,60836.51
2023-01-16,3,SE,Nordeste,HBO,34.9,3297,18,1,20,-3,26573.97
2023-01-16,3,SE,Nordeste,Telecine,29.9,2638,12,0,14,-2,18216.21
2023-01-16,3,SE,Nordeste,Premiere,24.9,1977,8,1,10,-3,11368.89
2023-01-16,3,PI,Nordeste,Familia,49.9,7670,37,4,43,-10,88390.99
2023-01-16,3,PI,Nordeste,HBO,34.9,4790,21,1,30,-10,38607.62
2023-01-16,3,PI,Nordeste,Telecine,29.9,3843,24,1,20,3,26537.11
2023-01-16,3,PI,Nordeste,Premiere,24.9,2874,13,2,17,-6,16527.16
2023-01-16,3,GO,Centro-Oeste,Familia,49.9,15843,95,10,82,3,182578.68
2023-01-16,3,GO,Centro-Oeste,HBO,34.9,9897,55,4,54,-3,79770.28
2023-01-16,3,GO,Centro-Oeste,Telecine,29.9,7907,37,2,48,-13,54600.3
2023-01-16,3,GO,Centro-Oeste,Premiere,24.9,5932,27,3,32,-8,34112.42
2023-01-16,3,MT,Centro-Oeste,Familia,49.9,8151,46,4,51,-9,93934.16
2023-01-16,3,MT,Centro-Oeste,HBO,34.9,5097,28,2,29,-3,41082.06
2023-01-16,3,MT,Centro-Oeste,Telecine,29.9,4074,20,1,25,-6,28132.24
2023-01-16,3,MT,Centro-Oeste,Premiere,24.9,3054,14,2,18,-6,17562.26
2023-01-16,3,MS,Centro-Oeste,Familia,49.9,6235,37,3,39,-5,71853.7
2023-01-16,3,MS,Centro-Oeste,HBO,34.9,3897,18,1,20,-3,31410.0
2023-01-16,3,MS,Centro-Oeste,Telecine,29.9,3117,15,0,18,-3,21523.86
2023-01-16,3,MS,Centro-Oeste,Premiere,24.9,2337,11,1,13,-3,13439.1
2023-01-16,3,DF,Centro-Oeste,Familia,49.9,6714,34,3,37,-6,77373.81
2023-01-16,3,DF,Centro-Oeste,HBO,34.9,4196,21,1,24,-4,33819.95
2023-01-16,3,DF,Centro-Oeste,Telecine,29.9,3358,20,1,21,-2,23188.04
2023-01-16,3,DF,Centro-Oeste,Premiere,24.9,2516,10,1,13,-4,14468.45
2023-01-16,3,AM,Norte,Familia,49.9,9599,55,6,50,-1,110621.27
2023-01-16,3,AM,Norte,HBO,34.9,6001,40,3,36,1,48368.34
2023-01-16,3,AM,Norte,Telecine,29.9,4800,26,1,25,0,33145.5
2023-01-16,3,AM,Norte,Premiere,24.9,3594,16,2,20,-6,20667.58
2023-01-16,3,PA,Norte,Familia,49.9,20152,127,12,123,-8,232236.67
2023-01-16,3,PA,Norte,HBO,34.9,12593,72,5,74,-7,101500.16
2023-01-16,3,PA,Norte,Telecine,29.9,10083,59,3,53,3,69626.26
2023-01-16,3,PA,Norte,Premiere,24.9,7547,35,4,44,-13,43399.61
2023-01-16,3,RO,Norte,Familia,49.9,3837,22,2,23,-3,44218.55
2023-01-16,3,RO,Norte,HBO,34.9,2398,13,1,14,-2,19327.99
2023-01-16,3,RO,Norte,Telecine,29.9,1920,11,0,11,0,13258.2
2023-01-16,3,RO,Norte,Premiere,24.9,1439,7,0,8,-1,8275.08
2023-01-16,3,AC,Norte,Familia,49.9,1919,10,1,10,-1,22115.03
2023-01-16,3,AC,Norte,HBO,34.9,1198,5,0,7,-2,9655.94
2023-01-16,3,AC,Norte,Telecine,29.9,960,5,0,5,0,6629.1
2023-01-16,3,AC,Norte,Premiere,24.9,719,3,0,4,-1,4134.67
2023-01-16,3,RR,Norte,Familia,49.9,1439,7,0,8,-1,16583.39
2023-01-16,3,RR,Norte,HBO,34.9,899,4,0,5,-1,7245.98
2023-01-16,3,RR,Norte,Telecine,29.9,719,3,0,4,-1,4964.92
2023-01-16,3,RR,Norte,Premiere,24.9,539,2,0,3,-1,3099.56
2023-01-16,3,AP,Norte,Familia,49.9,1918,10,1,11,-2,22103.51
2023-01-16,3,AP,Norte,HBO,34.9,1200,6,0,6,0,9672.06
2023-01-16,3,AP,Norte,Telecine,29.9,960,5,0,5,0,6629.1
2023-01-16,3,AP,Norte,Premiere,24.9,719,3,0,4,-1,4134.67
2023-01-16,3,TO,Norte,Familia,49.9,3360,20,2,18,0,38721.48
2023-01-16,3,TO,Norte,HBO,34.9,2099,11,0,12,-1,16918.04
2023-01-16,3,TO,Norte,Telecine,29.9,1680,10,0,10,0,11600.92
2023-01-16,3,TO,Norte,Premiere,24.9,1258,5,0,7,-2,7234.23
2023-01-23,4,SP,Sudeste,Familia,49.9,104600,601,63,578,-40,1205436.49
2023-01-23,4,SP,Sudeste,HBO,34.9,65395,380,28,357,-5,527086.72
2023-01-23,4,SP,Sudeste,Telecine,29.9,52298,310,20,312,-22,361134.0
2023-01-23,4,SP,Sudeste,Premiere,24.9,39171,202,25,246,-69,225255.87
2023-01-23,4,RJ,Sudeste,Familia,49.9,39355,251,31,225,-5,453536.84
2023-01-23,4,RJ,Sudeste,HBO,34.9,24600,143,11,132,0,198277.14
2023-01-23,4,RJ,Sudeste,Telecine,29.9,19677,118,8,113,-3,135875.82
2023-01-23,4,RJ,Sudeste,Premiere,24.9,14749,77,9,79,-11,84815.27
2023-01-23,4,MG,Sudeste,Familia,49.9,48930,276,32,274,-30,563881.52
2023-01-23,4,MG,Sudeste,HBO,34.9,30567,173,12,193,-32,246371.43
2023-01-23,4,MG,Sudeste,Telecine,29.9,24499,161,11,131,19,169173.23
2023-01-23,4,MG,Sudeste,Premiere,24.9,18333,87,13,100,-26,105425.33
2023-01-23,4,ES,Sudeste,Familia,49.9,9116,55,6,53,-4,105055.06
2023-01-23,4,ES,Sudeste,HBO,34.9,5692,29,2,35,-8,45877.78
2023-01-23,4,ES,Sudeste,Telecine,29.9,4556,25,1,28,-4,31460.6
2023-01-23,4,ES,Sudeste,Premiere,24.9,3414,16,2,20,-6,19632.47
2023-01-23,4,PR,Sul,Familia,49.9,26879,167,16,152,-1,309760.3
2023-01-23,4,PR,Sul,HBO,34.9,16815,115,8,92,15,135529.68
2023-01-23,4,PR,Sul,Telecine,29.9,13442,79,4,73,2,92821.2
2023-01-23,4,PR,Sul,Premiere,24.9,10078,59,8,53,-2,57954.32
2023-01-23,4,SC,Sul,Familia,49.9,17270,102,11,101,-10,199023.79
2023-01-23,4,SC,Sul,HBO,34.9,10804,70,6,60,4,87080.74
2023-01-23,4,SC,Sul,Telecine,29.9,8638,54,3,53,-2,59648.08
2023-01-23,4,SC,Sul,Premiere,24.9,6475,38,5,38,-5,37234.99
2023-01-23,4,RS,Sul,Familia,49.9,26870,169,19,160,-10,309656.58
2023-01-23,4,RS,Sul,HBO,34.9,16794,103,8,101,-6,135360.42
2023-01-23,4,RS,Sul,Telecine,29.9,13432,78,5,81,-8,92752.15
2023-01-23,4,RS,Sul,Premiere,24.9,10064,51,6,61,-16,57873.81
2023-01-23,4,BA,Nordeste,Familia,49.9,34555,205,19,191,-5,398220.44
2023-01-23,4,BA,Nordeste,HBO,34.9,21594,141,11,136,-6,174048.64
2023-01-23,4,BA,Nordeste,Telecine,29.9,17265,91,6,100,-15,119220.21
2023-01-23,4,BA,Nordeste,Premiere,24.9,12951,69,10,68,-9,74475.73
2023-01-23,4,CE,Nordeste,Familia,49.9,21594,130,16,120,-6,248854.64
2023-01-23,4,CE,Nordeste,HBO,34.9,13499,90,7,84,-1,108802.56
2023-01-23,4,CE,Nordeste,Telecine,29.9,10793,61,4,64,-7,74529.03
2023-01-23,4,CE,Nordeste,Premiere,24.9,8090,41,4,47,-10,46522.17
2023-01-23,4,PE,Nordeste,Familia,49.9,23033,149,14,142,-7,265438.04
2023-01-23,4,PE,Nordeste,HBO,34.9,14379,75,6,90,-21,115895.4
2023-01-23,4,PE,Nordeste,Telecine,29.9,11521,65,4,60,1,79556.1
2023-01-23,4,PE,Nordeste,Premiere,24.9,8632,45,5,48,-8,49638.98
2023-01-23,4,MA,Nordeste,Familia,49.9,16323,108,12,93,3,188110.32
2023-01-23,4,MA,Nordeste,HBO,34.9,10192,60,4,64,-8,82147.99
2023-01-23,4,MA,Nordeste,Telecine,29.9,8152,43,2,49,-8,56292.1
2023-01-23,4,MA,Nordeste,Premiere,24.9,6108,24,3,33,-12,35124.53
2023-01-23,4,PB,Nordeste,Familia,49.9,9600,58,6,52,0,110632.79
2023-01-23,4,PB,Nordeste,HBO,34.9,5999,34,3,32,-1,48352.22
2023-01-23,4,PB,Nordeste,Telecine,29.9,4800,29,1,28,0,33145.5
2023-01-23,4,PB,Nordeste,Premiere,24.9,3597,18,2,19,-3,20684.83
2023-01-23,4,RN,Nordeste,Familia,49.9,8638,51,6,47,-2,99546.47
2023-01-23,4,RN,Nordeste,HBO,34.9,5402,32,2,28,2,43540.37
2023-01-23,4,RN,Nordeste,Telecine,29.9,4318,23,1,24,-2,29817.14
2023-01-23,4,RN,Nordeste,Premiere,24.9,3239,18,2,17,-1,18626.12
2023-01-23,4,AL,Nordeste,Familia,49.9,7674,46,5,47,-6,88437.09
2023-01-23,4,AL,Nordeste,HBO,34.9,4799,29,2,28,-1,38680.16
2023-01-23,4,AL,Nordeste,Telecine,29.9,3840,23,1,22,0,26516.4
2023-01-23,4,AL,Nordeste,Premiere,24.9,2879,15,1,15,-1,16555.91
2023-01-23,4,SE,Nordeste,Familia,49.9,5277,29,2,30,-3,60813.46
2023-01-23,4,SE,Nordeste,HBO,34.9,3302,22,1,19,2,26614.27
2023-01-23,4,SE,Nordeste,Telecine,29.9,2640,16,1,15,0,18230.02
2023-01-23,4,SE,Nordeste,Premiere,24.9,1978,9,1,10,-2,11374.64
2023-01-23,4,PI,Nordeste,Familia,49.9,7678,44,4,42,-2,88483.19
2023-01-23,4,PI,Nordeste,HBO,34.9,4793,23,1,29,-7,38631.8
2023-01-23,4,PI,Nordeste,Telecine,29.9,3836,21,1,24,-4,26488.78
2023-01-23,4,PI,Nordeste,Premiere,24.9,2877,14,1,16,-3,16544.41
2023-01-23,4,GO,Centro-Oeste,Familia,49.9,15852,105,11,82,12,182682.4
2023-01-23,4,GO,Centro-Oeste,HBO,34.9,9901,62,4,57,1,79802.52
2023-01-23,4,GO,Centro-Oeste,Telecine,29.9,7923,46,2,41,3,54710.79
2023-01-23,4,GO,Centro-Oeste,Premiere,24.9,5934,28,3,31,-6,34123.93
2023-01-23,4,MT,Centro-Oeste,Familia,49.9,8165,55,6,44,5,94095.5
2023-01-23,4,MT,Centro-Oeste,HBO,34.9,5102,31,2,27,2,41122.36
2023-01-23,4,MT,Centro-Oeste,Telecine,29.9,4080,26,1,25,0,28173.67
2023-01-23,4,MT,Centro-Oeste,Premiere,24.9,3058,16,1,17,-2,17585.27
2023-01-23,4,MS,Centro-Oeste,Familia,49.9,6237,39,4,38,-3,71876.74
2023-01-23,4,MS,Centro-Oeste,HBO,34.9,3899,23,1,23,-1,31426.12
2023-01-23,4,MS,Centro-Oeste,Telecine,29.9,3121,20,1,18,1,21551.48
2023-01-23,4,MS,Centro-Oeste,Premiere,24.9,2337,12,1,14,-3,13439.1
2023-01-23,4,DF,Centro-Oeste,Familia,49.9,6717,37,4,36,-3,77408.38
2023-01-23,4,DF,Centro-Oeste,HBO,34.9,4199,24,2,23,-1,33844.13
2023-01-23,4,DF,Centro-Oeste,Telecine,29.9,3360,20,1,19,0,23201.85
2023-01-23,4,DF,Centro-Oeste,Premiere,24.9,2516,12,1,15,-4,14468.45
2023-01-23,4,AM,Norte,Familia,49.9,9595,57,5,57,-5,110575.17
2023-01-23,4,AM,Norte,HBO,34.9,6002,35,2,31,2,48376.4
2023-01-23,4,AM,Norte,Telecine,29.9,4797,27,2,28,-3,33124.78
2023-01-23,4,AM,Norte,Premiere,24.9,3593,15,2,20,-7,20661.82
2023-01-23,4,PA,Norte,Familia,49.9,20150,108,13,105,-10,232213.63
2023-01-23,4,PA,Norte,HBO,34.9,12588,66,5,73,-12,101459.86
2023-01-23,4,PA,Norte,Telecine,29.9,10081,67,4,62,1,69612.45
2023-01-23,4,PA,Norte,Premiere,24.9,7549,36,5,42,-11,43411.11
2023-01-23,4,RO,Norte,Familia,49.9,3841,23,2,20,1,44264.64
2023-01-23,4,RO,Norte,HBO,34.9,2398,12,0,14,-2,19327.99
2023-01-23,4,RO,Norte,Telecine,29.9,1919,10,0,11,-1,13251.29
2023-01-23,4,RO,Norte,Premiere,24.9,1440,7,0,7,0,8280.83
2023-01-23,4,AC,Norte,Familia,49.9,1919,11,1,11,-1,22115.03
2023-01-23,4,AC,Norte,HBO,34.9,1201,7,0,6,1,9680.12
2023-01-23,4,AC,Norte,Telecine,29.9,961,6,0,5,1,6636.0
2023-01-23,4,AC,Norte,Premiere,24.9,720,3,0,3,0,4140.42
2023-01-23,4,RR,Norte,Familia,49.9,1440,7,0,7,0,16594.92
2023-01-23,4,RR,Norte,HBO,34.9,900,5,0,5,0,7254.04
2023-01-23,4,RR,Norte,Telecine,29.9,720,4,0,4,0,4971.82
2023-01-23,4,RR,Norte,Premiere,24.9,540,2,0,2,0,3105.31
2023-01-23,4,AP,Norte,Familia,49.9,1921,12,1,10,1,22138.08
2023-01-23,4,AP,Norte,HBO,34.9,1200,7,0,7,0,9672.06
2023-01-23,4,AP,Norte,Telecine,29.9,960,5,0,5,0,6629.1
2023-01-23,4,AP,Norte,Premiere,24.9,720,4,0,4,0,4140.42
2023-01-23,4,TO,Norte,Familia,49.9,3361,19,1,17,1,38733.0
2023-01-23,4,TO,Norte,HBO,34.9,2099,12,0,13,-1,16918.04
2023-01-23,4,TO,Norte,Telecine,29.9,1681,10,0,9,1,11607.83
2023-01-23,4,TO,Norte,Premiere,24.9,1260,6,0,6,0,7245.73
2023-01-30,5,SP,Sudeste,Familia,49.9,104597,631,68,606,-43,1205401.92
2023-01-30,5,SP,Sudeste,HBO,34.9,65474,447,31,342,74,527723.46
2023-01-30,5,SP,Sudeste,Telecine,29.9,52290,304,20,314,-30,361078.75
2023-01-30,5,SP,Sudeste,Premiere,24.9,39206,207,33,208,-34,225457.14
2023-01-30,5,RJ,Sudeste,Familia,49.9,39324,212,24,224,-36,453179.58
2023-01-30,5,RJ,Sudeste,HBO,34.9,24579,142,12,151,-21,198107.88
2023-01-30,5,RJ,Sudeste,Telecine,29.9,19671,117,9,117,-9,135834.39
2023-01-30,5,RJ,Sudeste,Premiere,24.9,14751,90,13,86,-9,84826.77
2023-01-30,5,MG,Sudeste,Familia,49.9,48912,286,27,307,-48,563674.09
2023-01-30,5,MG,Sudeste,HBO,34.9,30598,195,14,182,-1,246621.29
2023-01-30,5,MG,Sudeste,Telecine,29.9,24482,157,10,145,2,169055.84
2023-01-30,5,MG,Sudeste,Premiere,24.9,18342,94,15,96,-17,105477.09
2023-01-30,5,ES,Sudeste,Familia,49.9,9113,50,6,51,-7,105020.48
2023-01-30,5,ES,Sudeste,HBO,34.9,5698,34,2,34,-2,45926.14
2023-01-30,5,ES,Sudeste,Telecine,29.9,4560,27,2,25,0,31488.22
2023-01-30,5,ES,Sudeste,Premiere,24.9,3416,18,2,20,-4,19643.97
2023-01-30,5,PR,Sul,Familia,49.9,26852,142,17,153,-28,309449.15
2023-01-30,5,PR,Sul,HBO,34.9,16803,97,7,87,3,135432.96
2023-01-30,5,PR,Sul,Telecine,29.9,13439,79,5,75,-1,92800.48
2023-01-30,5,PR,Sul,Premiere,24.9,10073,57,7,57,-7,57925.57
2023-01-30,5,SC,Sul,Familia,49.9,17268,94,9,97,-12,199000.74
2023-01-30,5,SC,Sul,HBO,34.9,10805,71,5,61,5,87088.8
2023-01-30,5,SC,Sul,Telecine,29.9,8638,54,3,53,-2,59648.08
2023-01-30,5,SC,Sul,Premiere,24.9,6466,24,2,36,-14,37183.23
2023-01-30,5,RS,Sul,Familia,49.9,26895,186,19,152,15,309944.69
2023-01-30,5,RS,Sul,HBO,34.9,16796,106,8,102,-4,135376.54
2023-01-30,5,RS,Sul,Telecine,29.9,13447,94,7,80,7,92855.73
2023-01-30,5,RS,Sul,Premiere,24.9,10064,53,6,63,-16,57873.81
2023-01-30,5,BA,Nordeste,Familia,49.9,34532,207,19,216,-28,397955.38
2023-01-30,5,BA,Nordeste,HBO,34.9,21592,119,9,118,-8,174032.52
2023-01-30,5,BA,Nordeste,Telecine,29.9,17278,99,6,95,-2,119309.98
2023-01-30,5,BA,Nordeste,Premiere,24.9,12941,65,8,76,-19,74418.22
2023-01-30,5,CE,Nordeste,Familia,49.9,21605,140,16,119,5,248981.41
2023-01-30,5,CE,Nordeste,HBO,34.9,13488,73,5,80,-12,108713.9
2023-01-30,5,CE,Nordeste,Telecine,29.9,10797,62,3,62,-3,74556.65
2023-01-30,5,CE,Nordeste,Premiere,24.9,8089,38,5,44,-11,46516.42
2023-01-30,5,PE,Nordeste,Familia,49.9,23029,138,17,132,-11,265391.94
2023-01-30,5,PE,Nordeste,HBO,34.9,14396,86,5,85,-4,116032.42
2023-01-30,5,PE,Nordeste,Telecine,29.9,11522,74,5,67,2,79563.0
2023-01-30,5,PE,Nordeste,Premiere,24.9,8631,43,5,47,-9,49633.23
2023-01-30,5,MA,Nordeste,Familia,49.9,16314,96,10,92,-6,188006.61
2023-01-30,5,MA,Nordeste,HBO,34.9,10194,54,4,56,-6,82164.11
2023-01-30,5,MA,Nordeste,Telecine,29.9,8156,45,3,46,-4,56319.72
2023-01-30,5,MA,Nordeste,Premiere,24.9,6110,28,4,34,-10,35136.03
2023-01-30,5,PB,Nordeste,Familia,49.9,9600,57,6,51,0,110632.79
2023-01-30,5,PB,Nordeste,HBO,34.9,6004,37,2,31,4,48392.52
2023-01-30,5,PB,Nordeste,Telecine,29.9,4800,29,1,28,0,33145.5
2023-01-30,5,PB,Nordeste,Premiere,24.9,3597,19,2,20,-3,20684.83
2023-01-30,5,RN,Nordeste,Familia,49.9,8644,59,6,49,4,99615.61
2023-01-30,5,RN,Nordeste,HBO,34.9,5395,29,2,32,-5,43483.95
2023-01-30,5,RN,Nordeste,Telecine,29.9,4319,28,2,27,-1,29824.04
2023-01-30,5,RN,Nordeste,Premiere,24.9,3238,17,2,17,-2,18620.37
2023-01-30,5,AL,Nordeste,Familia,49.9,7679,50,4,47,-1,88494.71
2023-01-30,5,AL,Nordeste,HBO,34.9,4799,26,1,26,-1,38680.16
2023-01-30,5,AL,Nordeste,Telecine,29.9,3837,20,1,22,-3,26495.68
2023-01-30,5,AL,Nordeste,Premiere,24.9,2875,14,2,17,-5,16532.91
2023-01-30,5,SE,Nordeste,Familia,49.9,5276,27,2,29,-4,60801.94
2023-01-30,5,SE,Nordeste,HBO,34.9,3301,21,1,19,1,26606.21
2023-01-30,5,SE,Nordeste,Telecine,29.9,2639,14,0,15,-1,18223.12
2023-01-30,5,SE,Nordeste,Premiere,24.9,1976,9,1,12,-4,11363.14
2023-01-30,5,PI,Nordeste,Familia,49.9,7674,44,4,46,-6,88437.09
2023-01-30,5,PI,Nordeste,HBO,34.9,4800,28,1,27,0,38688.22
2023-01-30,5,PI,Nordeste,Telecine,29.9,3838,20,1,21,-2,26502.59
2023-01-30,5,PI,Nordeste,Premiere,24.9,2878,15,2,15,-2,16550.16
2023-01-30,5,GO,Centro-Oeste,Familia,49.9,15842,97,10,85,2,182567.16
2023-01-30,5,GO,Centro-Oeste,HBO,34.9,9900,63,5,58,0,79794.46
2023-01-30,5,GO,Centro-Oeste,Telecine,29.9,7917,47,2,48,-3,54669.35
2023-01-30,5,GO,Centro-Oeste,Premiere,24.9,5931,30,4,35,-9,34106.67
2023-01-30,5,MT,Centro-Oeste,Familia,49.9,8158,47,4,45,-2,94014.83
2023-01-30,5,MT,Centro-Oeste,HBO,34.9,5095,28,1,32,-5,41065.94
2023-01-30,5,MT,Centro-Oeste,Telecine,29.9,4078,21,1,22,-2,28159.86
2023-01-30,5,MT,Centro-Oeste,Premiere,24.9,3055,13,1,17,-5,17568.01
2023-01-30,5,MS,Centro-Oeste,Familia,49.9,6231,30,3,36,-9,71807.6
2023-01-30,5,MS,Centro-Oeste,HBO,34.9,3898,23,1,24,-2,31418.06
2023-01-30,5,MS,Centro-Oeste,Telecine,29.9,3118,18,1,19,-2,21530.76
2023-01-30,5,MS,Centro-Oeste,Premiere,24.9,2336,10,1,13,-4,13433.35
2023-01-30,5,DF,Centro-Oeste,Familia,49.9,6718,42,4,40,-2,77419.91
2023-01-30,5,DF,Centro-Oeste,HBO,34.9,4197,24,2,25,-3,33828.01
2023-01-30,5,DF,Centro-Oeste,Telecine,29.9,3358,19,1,20,-2,23188.04
2023-01-30,5,DF,Centro-Oeste,Premiere,24.9,2516,12,1,15,-4,14468.45
2023-01-30,5,AM,Norte,Familia,49.9,9600,60,5,55,0,110632.79
2023-01-30,5,AM,Norte,HBO,34.9,5999,32,2,31,-1,48352.22
2023-01-30,5,AM,Norte,Telecine,29.9,4801,27,1,25,1,33152.4
2023-01-30,5,AM,Norte,Premiere,24.9,3596,18,2,20,-4,20679.08
2023-01-30,5,PA,Norte,Familia,49.9,20155,123,12,116,-5,232271.25
2023-01-30,5,PA,Norte,HBO,34.9,12595,68,5,68,-5,101516.28
2023-01-30,5,PA,Norte,Telecine,29.9,10075,58,4,59,-5,69571.02
2023-01-30,5,PA,Norte,Premiere,24.9,7546,37,4,47,-14,43393.86
2023-01-30,5,RO,Norte,Familia,49.9,3840,25,2,23,0,44253.12
2023-01-30,5,RO,Norte,HBO,34.9,2400,13,1,12,0,19344.11
2023-01-30,5,RO,Norte,Telecine,29.9,1919,11,0,12,-1,13251.29
2023-01-30,5,RO,Norte,Premiere,24.9,1439,7,0,8,-1,8275.08
2023-01-30,5,AC,Norte,Familia,49.9,1921,12,1,10,1,22138.08
2023-01-30,5,AC,Norte,HBO,34.9,1200,6,0,6,0,9672.06
2023-01-30,5,AC,Norte,Telecine,29.9,960,5,0,5,0,6629.1
2023-01-30,5,AC,Norte,Premiere,24.9,720,3,0,3,0,4140.42
2023-01-30,5,RR,Norte,Familia,49.9,1439,6,0,7,-1,16583.39
2023-01-30,5,RR,Norte,HBO,34.9,900,4,0,4,0,7254.04
2023-01-30,5,RR,Norte,Telecine,29.9,720,4,0,4,0,4971.82
2023-01-30,5,RR,Norte,Premiere,24.9,539,2,0,3,-1,3099.56
2023-01-30,5,AP,Norte,Familia,49.9,1919,11,1,11,-1,22115.03
2023-01-30,5,AP,Norte,HBO,34.9,1201,7,0,6,1,9680.12
2023-01-30,5,AP,Norte,Telecine,29.9,960,5,0,5,0,6629.1
2023-01-30,5,AP,Norte,Premiere,24.9,719,3,0,4,-1,4134.67
2023-01-30,5,TO,Norte,Familia,49.9,3354,17,2,21,-6,38652.33
2023-01-30,5,TO,Norte,HBO,34.9,2100,11,0,11,0,16926.1
2023-01-30,5,TO,Norte,Telecine,29.9,1680,10,0,10,0,11600.92
2023-01-30,5,TO,Norte,Premiere,24.9,1259,7,1,7,-1,7239.98
2023-02-06,6,SP,Sudeste,Familia,49.9,104603,629,60,606,-37,1205471.06
2023-02-06,6,SP,Sudeste,HBO,34.9,65378,401,28,395,-22,526949.7
2023-02-06,6,SP,Sudeste,Telecine,29.9,52356,331,19,276,36,361534.5
2023-02-06,6,SP,Sudeste,Premiere,24.9,39189,183,27,207,-51,225359.38
2023-02-06,6,RJ,Sudeste,Familia,49.9,39290,188,19,239,-70,452787.76
2023-02-06,6,RJ,Sudeste,HBO,34.9,24579,122,10,133,-21,198107.88
2023-02-06,6,RJ,Sudeste,Telecine,29.9,19688,117,7,102,8,135951.78
2023-02-06,6,RJ,Sudeste,Premiere,24.9,14731,72,8,93,-29,84711.76
2023-02-06,6,MG,Sudeste,Familia,49.9,48939,287,32,276,-21,563985.24
2023-02-06,6,MG,Sudeste,HBO,34.9,30580,155,11,163,-19,246476.21
2023-02-06,6,MG,Sudeste,Telecine,29.9,24475,147,10,142,-5,169007.51
2023-02-06,6,MG,Sudeste,Premiere,24.9,18323,89,10,115,-36,105367.83
2023-02-06,6,ES,Sudeste,Familia,49.9,9108,46,5,53,-12,104962.86
2023-02-06,6,ES,Sudeste,HBO,34.9,5697,33,2,34,-3,45918.08
2023-02-06,6,ES,Sudeste,Telecine,29.9,4559,25,1,25,-1,31481.32
2023-02-06,6,ES,Sudeste,Premiere,24.9,3417,17,2,18,-3,19649.72
2023-02-06,6,PR,Sul,Familia,49.9,26840,132,14,158,-40,309310.85
2023-02-06,6,PR,Sul,HBO,34.9,16778,75,6,91,-22,135231.45
2023-02-06,6,PR,Sul,Telecine,29.9,13427,71,5,79,-13,92717.62
2023-02-06,6,PR,Sul,Premiere,24.9,10059,45,5,61,-21,57845.06
2023-02-06,6,SC,Sul,Familia,49.9,17264,92,10,98,-16,198954.64
2023-02-06,6,SC,Sul,HBO,34.9,10789,59,5,65,-11,86959.84
2023-02-06,6,SC,Sul,Telecine,29.9,8636,49,3,50,-4,59634.27
2023-02-06,6,SC,Sul,Premiere,24.9,6468,33,5,40,-12,37194.73
2023-02-06,6,RS,Sul,Familia,49.9,26866,150,18,146,-14,309610.48
2023-02-06,6,RS,Sul,HBO,34.9,16776,85,6,103,-24,135215.33
2023-02-06,6,RS,Sul,Telecine,29.9,13432,74,5,77,-8,92752.15
2023-02-06,6,RS,Sul,Premiere,24.9,10069,54,7,58,-11,57902.56
2023-02-06,6,BA,Nordeste,Familia,49.9,34528,199,22,209,-32,397909.28
2023-02-06,6,BA,Nordeste,HBO,34.9,21589,120,8,123,-11,174008.34
2023-02-06,6,BA,Nordeste,Telecine,29.9,17272,91,6,93,-8,119268.55
2023-02-06,6,BA,Nordeste,Premiere,24.9,12929,54,7,78,-31,74349.21
2023-02-06,6,CE,Nordeste,Familia,49.9,21563,105,11,131,-37,248497.39
2023-02-06,6,CE,Nordeste,HBO,34.9,13499,75,6,70,-1,108802.56
2023-02-06,6,CE,Nordeste,Telecine,29.9,10790,54,4,60,-10,74508.31
2023-02-06,6,CE,Nordeste,Premiere,24.9,8091,39,5,43,-9,46527.92
2023-02-06,6,PE,Nordeste,Familia,49.9,23027,132,16,129,-13,265368.89
2023-02-06,6,PE,Nordeste,HBO,34.9,14384,75,5,86,-16,115935.7
2023-02-06,6,PE,Nordeste,Telecine,29.9,11514,63,4,65,-6,79507.76
2023-02-06,6,PE,Nordeste,Premiere,24.9,8633,43,6,44,-7,49644.73
2023-02-06,6,MA,Nordeste,Familia,49.9,16301,76,9,86,-19,187856.79
2023-02-06,6,MA,Nordeste,HBO,34.9,10198,61,5,58,-2,82196.35
2023-02-06,6,MA,Nordeste,Telecine,29.9,8152,42,3,47,-8,56292.1
2023-02-06,6,MA,Nordeste,Premiere,24.9,6109,28,3,36,-11,35130.28
2023-02-06,6,PB,Nordeste,Familia,49.9,9592,56,5,59,-8,110540.6
2023-02-06,6,PB,Nordeste,HBO,34.9,6001,34,2,31,1,48368.34
2023-02-06,6,PB,Nordeste,Telecine,29.9,4796,25,1,28,-4,33117.88
2023-02-06,6,PB,Nordeste,Premiere,24.9,3593,15,2,20,-7,20661.82
2023-02-06,6,RN,Nordeste,Familia,49.9,8629,42,4,49,-11,99442.75
2023-02-06,6,RN,Nordeste,HBO,34.9,5398,28,1,29,-2,43508.13
2023-02-06,6,RN,Nordeste,Telecine,29.9,4317,26,2,27,-3,29810.23
2023-02-06,6,RN,Nordeste,Premiere,24.9,3235,15,2,18,-5,18603.12
2023-02-06,6,AL,Nordeste,Familia,49.9,7678,45,4,43,-2,88483.19
2023-02-06,6,AL,Nordeste,HBO,34.9,4798,27,2,27,-2,38672.1
2023-02-06,6,AL,Nordeste,Telecine,29.9,3842,24,1,21,2,26530.21
2023-02-06,6,AL,Nordeste,Premiere,24.9,2879,15,1,15,-1,16555.91
2023-02-06,6,SE,Nordeste,Familia,49.9,5273,28,2,33,-7,60767.37
2023-02-06,6,SE,Nordeste,HBO,34.9,3296,15,1,18,-4,26565.91
2023-02-06,6,SE,Nordeste,Telecine,29.9,2639,14,0,15,-1,18223.12
2023-02-06,6,SE,Nordeste,Premiere,24.9,1978,8,0,10,-2,11374.64
2023-02-06,6,PI,Nordeste,Familia,49.9,7671,41,4,46,-9,88402.52
2023-02-06,6,PI,Nordeste,HBO,34.9,4802,29,2,25,2,38704.34
2023-02-06,6,PI,Nordeste,Telecine,29.9,3836,19,1,22,-4,26488.78
2023-02-06,6,PI,Nordeste,Premiere,24.9,2876,13,2,15,-4,16538.66
2023-02-06,6,GO,Centro-Oeste,Familia,49.9,15831,85,8,86,-9,182440.39
2023-02-06,6,GO,Centro-Oeste,HBO,34.9,9894,52,4,54,-6,79746.1
2023-02-06,6,GO,Centro-Oeste,Telecine,29.9,7915,46,3,48,-5,54655.54
2023-02-06,6,GO,Centro-Oeste,Premiere,24.9,5928,25,3,34,-12,34089.42
2023-02-06,6,MT,Centro-Oeste,Familia,49.9,8142,35,3,50,-18,93830.44
2023-02-06,6,MT,Centro-Oeste,HBO,34.9,5098,29,1,30,-2,41090.12
2023-02-06,6,MT,Centro-Oeste,Telecine,29.9,4080,22,1,21,0,28173.67
2023-02-06,6,MT,Centro-Oeste,Premiere,24.9,3057,14,1,16,-3,17579.52
2023-02-06,6,MS,Centro-Oeste,Familia,49.9,6237,36,3,36,-3,71876.74
2023-02-06,6,MS,Centro-Oeste,HBO,34.9,3893,18,1,24,-7,31377.76
2023-02-06,6,MS,Centro-Oeste,Telecine,29.9,3118,14,0,16,-2,21530.76
2023-02-06,6,MS,Centro-Oeste,Premiere,24.9,2339,12,1,12,-1,13450.6
2023-02-06,6,DF,Centro-Oeste,Familia,49.9,6718,37,4,35,-2,77419.91
2023-02-06,6,DF,Centro-Oeste,HBO,34.9,4197,24,2,25,-3,33828.01
2023-02-06,6,DF,Centro-Oeste,Telecine,29.9,3360,18,1,17,0,23201.85
2023-02-06,6,DF,Centro-Oeste,Premiere,24.9,2516,11,1,14,-4,14468.45
2023-02-06,6,AM,Norte,Familia,49.9,9594,53,5,54,-6,110563.65
2023-02-06,6,AM,Norte,HBO,34.9,5998,34,2,34,-2,48344.16
2023-02-06,6,AM,Norte,Telecine,29.9,4798,26,1,27,-2,33131.69
2023-02-06,6,AM,Norte,Premiere,24.9,3593,15,1,21,-7,20661.82
2023-02-06,6,PA,Norte,Familia,49.9,20141,103,10,112,-19,232109.91
2023-02-06,6,PA,Norte,HBO,34.9,12585,63,5,73,-15,101435.68
2023-02-06,6,PA,Norte,Telecine,29.9,10070,56,4,62,-10,69536.49
2023-02-06,6,PA,Norte,Premiere,24.9,7546,33,4,43,-14,43393.86
2023-02-06,6,RO,Norte,Familia,49.9,3838,22,2,22,-2,44230.07
2023-02-06,6,RO,Norte,HBO,34.9,2398,12,0,14,-2,19327.99
2023-02-06,6,RO,Norte,Telecine,29.9,1918,10,0,12,-2,13244.39
2023-02-06,6,RO,Norte,Premiere,24.9,1439,7,0,8,-1,8275.08
2023-02-06,6,AC,Norte,Familia,49.9,1919,11,1,11,-1,22115.03
2023-02-06,6,AC,Norte,HBO,34.9,1200,6,0,6,0,9672.06
2023-02-06,6,AC,Norte,Telecine,29.9,960,5,0,5,0,6629.1
2023-02-06,6,AC,Norte,Premiere,24.9,719,3,0,4,-1,4134.67
2023-02-06,6,RR,Norte,Familia,49.9,1439,7,0,8,-1,16583.39
2023-02-06,6,RR,Norte,HBO,34.9,900,4,0,4,0,7254.04
2023-02-06,6,RR,Norte,Telecine,29.9,720,4,0,4,0,4971.82
2023-02-06,6,RR,Norte,Premiere,24.9,539,2,0,3,-1,3099.56
2023-02-06,6,AP,Norte,Familia,49.9,1918,10,1,11,-2,22103.51
2023-02-06,6,AP,Norte,HBO,34.9,1200,6,0,6,0,9672.06
2023-02-06,6,AP,Norte,Telecine,29.9,960,5,0,5,0,6629.1
2023-02-06,6,AP,Norte,Premiere,24.9,719,3,0,4,-1,4134.67
2023-02-06,6,TO,Norte,Familia,49.9,3358,19,1,20,-2,38698.43
2023-02-06,6,TO,Norte,HBO,34.9,2099,11,0,12,-1,16918.04
2023-02-06,6,TO,Norte,Telecine,29.9,1680,9,0,9,0,11600.92
2023-02-06,6,TO,Norte,Premiere,24.9,1259,6,0,7,-1,7239.98
2023-02-13,7,SP,Sudeste,Familia,49.9,104459,518,56,643,-181,1203811.57
2023-02-13,7,SP,Sudeste,HBO,34.9,65284,312,26,402,-116,526192.06
2023-02-13,7,SP,Sudeste,Telecine,29.9,52279,261,16,286,-41,361002.79
2023-02-13,7,SP,Sudeste,Premiere,24.9,39147,167,23,237,-93,225117.85
2023-02-13,7,RJ,Sudeste,Familia,49.9,39296,189,21,232,-64,452856.91
2023-02-13,7,RJ,Sudeste,HBO,34.9,24574,140,11,155,-26,198067.58
2023-02-13,7,RJ,Sudeste,Telecine,29.9,19667,99,7,105,-13,135806.77
2023-02-13,7,RJ,Sudeste,Premiere,24.9,14732,57,8,77,-28,84717.51
2023-02-13,7,MG,Sudeste,Familia,49.9,48913,283,28,302,-47,563685.61
2023-02-13,7,MG,Sudeste,HBO,34.9,30574,168,12,181,-25,246427.85
2023-02-13,7,MG,Sudeste,Telecine,29.9,24452,122,9,141,-28,168848.68
2023-02-13,7,MG,Sudeste,Premiere,24.9,18323,73,8,101,-36,105367.83
2023-02-13,7,ES,Sudeste,Familia,49.9,9102,44,5,57,-18,104893.72
2023-02-13,7,ES,Sudeste,HBO,34.9,5695,30,2,33,-5,45901.96
2023-02-13,7,ES,Sudeste,Telecine,29.9,4555,24,1,28,-5,31453.7
2023-02-13,7,ES,Sudeste,Premiere,24.9,3416,16,1,19,-4,19643.97
2023-02-13,7,PR,Sul,Familia,49.9,26861,164,17,166,-19,309552.86
2023-02-13,7,PR,Sul,HBO,34.9,16776,71,6,89,-24,135215.33
2023-02-13,7,PR,Sul,Telecine,29.9,13440,75,5,70,0,92807.39
2023-02-13,7,PR,Sul,Premiere,24.9,10058,46,6,62,-22,57839.31
2023-02-13,7,SC,Sul,Familia,49.9,17256,92,9,107,-24,198862.45
2023-02-13,7,SC,Sul,HBO,34.9,10788,60,4,68,-12,86951.78
2023-02-13,7,SC,Sul,Telecine,29.9,8637,47,3,47,-3,59641.18
2023-02-13,7,SC,Sul,Premiere,24.9,6469,27,4,34,-11,37200.48
2023-02-13,7,RS,Sul,Familia,49.9,26857,150,17,156,-23,309506.77
2023-02-13,7,RS,Sul,HBO,34.9,16785,86,5,96,-15,135287.88
2023-02-13,7,RS,Sul,Telecine,29.9,13425,68,4,79,-15,92703.81
2023-02-13,7,RS,Sul,Premiere,24.9,10062,39,5,52,-18,57862.31
2023-02-13,7,BA,Nordeste,Familia,49.9,34491,164,20,213,-69,397482.89
2023-02-13,7,BA,Nordeste,HBO,34.9,21596,122,10,116,-4,174064.76
2023-02-13,7,BA,Nordeste,Telecine,29.9,17284,104,6,94,4,119351.41
2023-02-13,7,BA,Nordeste,Premiere,24.9,12932,58,7,79,-28,74366.47
2023-02-13,7,CE,Nordeste,Familia,49.9,21595,124,14,115,-5,248866.17
2023-02-13,7,CE,Nordeste,HBO,34.9,13491,76,6,79,-9,108738.08
2023-02-13,7,CE,Nordeste,Telecine,29.9,10794,59,4,61,-6,74535.94
2023-02-13,7,CE,Nordeste,Premiere,24.9,8082,33,4,47,-18,46476.17
2023-02-13,7,PE,Nordeste,Familia,49.9,22998,101,12,131,-42,265034.69
2023-02-13,7,PE,Nordeste,HBO,34.9,14393,86,7,86,-7,116008.24
2023-02-13,7,PE,Nordeste,Telecine,29.9,11517,67,4,66,-3,79528.48
2023-02-13,7,PE,Nordeste,Premiere,24.9,8621,37,5,51,-19,49575.73
2023-02-13,7,MA,Nordeste,Familia,49.9,16294,79,9,96,-26,187776.12
2023-02-13,7,MA,Nordeste,HBO,34.9,10196,53,4,53,-4,82180.23
2023-02-13,7,MA,Nordeste,Telecine,29.9,8161,49,3,45,1,56354.25
2023-02-13,7,MA,Nordeste,Premiere,24.9,6109,25,3,33,-11,35130.28
2023-02-13,7,PB,Nordeste,Familia,49.9,9591,50,6,53,-9,110529.08
2023-02-13,7,PB,Nordeste,HBO,34.9,5992,27,2,33,-8,48295.8
2023-02-13,7,PB,Nordeste,Telecine,29.9,4796,24,1,27,-4,33117.88
2023-02-13,7,PB,Nordeste,Premiere,24.9,3592,15,2,21,-8,20656.07
2023-02-13,7,RN,Nordeste,Familia,49.9,8631,42,4,47,-9,99465.8
2023-02-13,7,RN,Nordeste,HBO,34.9,5395,27,1,31,-5,43483.95
2023-02-13,7,RN,Nordeste,Telecine,29.9,4318,23,1,24,-2,29817.14
2023-02-13,7,RN,Nordeste,Premiere,24.9,3235,16,2,19,-5,18603.12
2023-02-13,7,AL,Nordeste,Familia,49.9,7674,40,5,41,-6,88437.09
2023-02-13,7,AL,Nordeste,HBO,34.9,4795,23,1,27,-5,38647.92
2023-02-13,7,AL,Nordeste,Telecine,29.9,3833,17,1,23,-7,26468.06
2023-02-13,7,AL,Nordeste,Premiere,24.9,2871,10,1,18,-9,16509.91
2023-02-13,7,SE,Nordeste,Familia,49.9,5279,29,3,27,-1,60836.51
2023-02-13,7,SE,Nordeste,HBO,34.9,3298,16,1,17,-2,26582.03
2023-02-13,7,SE,Nordeste,Telecine,29.9,2638,14,1,15,-2,18216.21
2023-02-13,7,SE,Nordeste,Premiere,24.9,1976,8,1,11,-4,11363.14
2023-02-13,7,PI,Nordeste,Familia,49.9,7671,37,3,43,-9,88402.52
2023-02-13,7,PI,Nordeste,HBO,34.9,4797,24,1,26,-3,38664.04
2023-02-13,7,PI,Nordeste,Telecine,29.9,3837,20,1,22,-3,26495.68
2023-02-13,7,PI,Nordeste,Premiere,24.9,2876,11,1,14,-4,16538.66
2023-02-13,7,GO,Centro-Oeste,Familia,49.9,15824,93,10,99,-16,182359.72
2023-02-13,7,GO,Centro-Oeste,HBO,34.9,9900,56,4,52,0,79794.46
2023-02-13,7,GO,Centro-Oeste,Telecine,29.9,7918,42,3,41,-2,54676.26
2023-02-13,7,GO,Centro-Oeste,Premiere,24.9,5928,23,2,33,-12,34089.42
2023-02-13,7,MT,Centro-Oeste,Familia,49.9,8153,43,4,46,-7,93957.21
2023-02-13,7,MT,Centro-Oeste,HBO,34.9,5095,25,1,29,-5,41065.94
2023-02-13,7,MT,Centro-Oeste,Telecine,29.9,4076,21,1,24,-4,28146.05
2023-02-13,7,MT,Centro-Oeste,Premiere,24.9,3055,14,2,17,-5,17568.01
2023-02-13,7,MS,Centro-Oeste,Familia,49.9,6236,33,3,34,-4,71865.22
2023-02-13,7,MS,Centro-Oeste,HBO,34.9,3898,22,1,23,-2,31418.06
2023-02-13,7,MS,Centro-Oeste,Telecine,29.9,3115,15,1,19,-5,21510.05
2023-02-13,7,MS,Centro-Oeste,Premiere,24.9,2336,10,1,13,-4,13433.35
2023-02-13,7,DF,Centro-Oeste,Familia,49.9,6715,37,3,39,-5,77385.33
2023-02-13,7,DF,Centro-Oeste,HBO,34.9,4201,24,1,22,1,33860.25
2023-02-13,7,DF,Centro-Oeste,Telecine,29.9,3360,19,1,18,0,23201.85
2023-02-13,7,DF,Centro-Oeste,Premiere,24.9,2516,10,1,13,-4,14468.45
2023-02-13,7,AM,Norte,Familia,49.9,9591,53,6,56,-9,110529.08
2023-02-13,7,AM,Norte,HBO,34.9,5994,29,2,33,-6,48311.92
2023-02-13,7,AM,Norte,Telecine,29.9,4795,24,1,28,-5,33110.97
2023-02-13,7,AM,Norte,Premiere,24.9,3591,13,2,20,-9,20650.32
2023-02-13,7,PA,Norte,Familia,49.9,20141,100,11,108,-19,232109.91
2023-02-13,7,PA,Norte,HBO,34.9,12579,63,5,79,-21,101387.32
2023-02-13,7,PA,Norte,Telecine,29.9,10077,52,3,52,-3,69584.83
2023-02-13,7,PA,Norte,Premiere,24.9,7550,33,4,39,-10,43416.86
2023-02-13,7,RO,Norte,Familia,49.9,3836,19,2,21,-4,44207.02
2023-02-13,7,RO,Norte,HBO,34.9,2398,13,0,15,-2,19327.99
2023-02-13,7,RO,Norte,Telecine,29.9,1918,9,0,11,-2,13244.39
2023-02-13,7,RO,Norte,Premiere,24.9,1439,7,1,7,-1,8275.08
2023-02-13,7,AC,Norte,Familia,49.9,1919,10,1,10,-1,22115.03
2023-02-13,7,AC,Norte,HBO,34.9,1199,5,0,6,-1,9664.0
2023-02-13,7,AC,Norte,Telecine,29.9,959,4,0,5,-1,6622.19
2023-02-13,7,AC,Norte,Premiere,24.9,720,3,0,3,0,4140.42
2023-02-13,7,RR,Norte,Familia,49.9,1440,7,0,7,0,16594.92
2023-02-13,7,RR,Norte,HBO,34.9,899,4,0,5,-1,7245.98
2023-02-13,7,RR,Norte,Telecine,29.9,719,3,0,4,-1,4964.92
2023-02-13,7,RR,Norte,Premiere,24.9,539,2,0,3,-1,3099.56
2023-02-13,7,AP,Norte,Familia,49.9,1919,10,1,10,-1,22115.03
2023-02-13,7,AP,Norte,HBO,34.9,1200,6,0,6,0,9672.06
2023-02-13,7,AP,Norte,Telecine,29.9,960,5,0,5,0,6629.1
2023-02-13,7,AP,Norte,Premiere,24.9,720,4,0,4,0,4140.42
2023-02-13,7,TO,Norte,Familia,49.9,3354,15,1,20,-6,38652.33
2023-02-13,7,TO,Norte,HBO,34.9,2100,12,0,12,0,16926.1
2023-02-13,7,TO,Norte,Telecine,29.9,1678,8,0,10,-2,11587.11
2023-02-13,7,TO,Norte,Premiere,24.9,1259,5,0,6,-1,7239.98
2023-02-20,8,SP,Sudeste,Familia,49.9,104515,587,64,648,-125,1204456.93
2023-02-20,8,SP,Sudeste,HBO,34.9,65358,355,29,368,-42,526788.5
2023-02-20,8,SP,Sudeste,Telecine,29.9,52268,262,19,295,-52,360926.84
2023-02-20,8,SP,Sudeste,Premiere,24.9,39160,169,23,226,-80,225192.61
2023-02-20,8,RJ,Sudeste,Familia,49.9,39341,233,29,223,-19,453375.5
2023-02-20,8,RJ,Sudeste,HBO,34.9,24576,136,11,149,-24,198083.7
2023-02-20,8,RJ,Sudeste,Telecine,29.9,19681,112,7,104,1,135903.44
2023-02-20,8,RJ,Sudeste,Premiere,24.9,14734,68,10,84,-26,84729.01
2023-02-20,8,MG,Sudeste,Familia,49.9,48902,279,31,306,-58,563558.85
2023-02-20,8,MG,Sudeste,HBO,34.9,30540,124,8,175,-59,246153.81
2023-02-20,8,MG,Sudeste,Telecine,29.9,24484,145,10,131,4,169069.65
2023-02-20,8,MG,Sudeste,Premiere,24.9,18336,92,12,103,-23,105442.59
2023-02-20,8,ES,Sudeste,Familia,49.9,9105,46,4,57,-15,104928.29
2023-02-20,8,ES,Sudeste,HBO,34.9,5695,33,2,36,-5,45901.96
2023-02-20,8,ES,Sudeste,Telecine,29.9,4562,26,1,23,2,31502.03
2023-02-20,8,ES,Sudeste,Premiere,24.9,3413,16,2,21,-7,19626.72
2023-02-20,8,PR,Sul,Familia,49.9,26839,138,16,163,-41,309299.33
2023-02-20,8,PR,Sul,HBO,34.9,16785,94,7,102,-15,135287.88
2023-02-20,8,PR,Sul,Telecine,29.9,13434,75,4,77,-6,92765.96
2023-02-20,8,PR,Sul,Premiere,24.9,10068,51,6,57,-12,57896.81
2023-02-20,8,SC,Sul,Familia,49.9,17267,88,9,92,-13,198989.21
2023-02-20,8,SC,Sul,HBO,34.9,10786,58,5,67,-14,86935.66
2023-02-20,8,SC,Sul,Telecine,29.9,8628,39,2,49,-12,59579.03
2023-02-20,8,SC,Sul,Premiere,24.9,6468,30,4,38,-12,37194.73
2023-02-20,8,RS,Sul,Familia,49.9,26846,126,12,148,-34,309380.0
2023-02-20,8,RS,Sul,HBO,34.9,16773,85,7,105,-27,135191.15
2023-02-20,8,RS,Sul,Telecine,29.9,13436,78,5,77,-4,92779.77
2023-02-20,8,RS,Sul,Premiere,24.9,10061,45,5,59,-19,57856.56
2023-02-20,8,BA,Nordeste,Familia,49.9,34525,189,19,205,-35,397874.71
2023-02-20,8,BA,Nordeste,HBO,34.9,21578,120,8,134,-22,173919.68
2023-02-20,8,BA,Nordeste,Telecine,29.9,17243,69,4,102,-37,119068.29
2023-02-20,8,BA,Nordeste,Premiere,24.9,12937,61,7,77,-23,74395.22
2023-02-20,8,CE,Nordeste,Familia,49.9,21578,125,15,132,-22,248670.25
2023-02-20,8,CE,Nordeste,HBO,34.9,13484,67,5,78,-16,108681.66
2023-02-20,8,CE,Nordeste,Telecine,29.9,10795,60,3,62,-5,74542.84
2023-02-20,8,CE,Nordeste,Premiere,24.9,8088,35,4,43,-12,46510.67
2023-02-20,8,PE,Nordeste,Familia,49.9,23017,119,14,128,-23,265253.65
2023-02-20,8,PE,Nordeste,HBO,34.9,14391,79,5,83,-9,115992.12
2023-02-20,8,PE,Nordeste,Telecine,29.9,11517,60,4,59,-3,79528.48
2023-02-20,8,PE,Nordeste,Premiere,24.9,8623,40,5,52,-17,49587.23
2023-02-20,8,MA,Nordeste,Familia,49.9,16306,83,8,89,-14,187914.41
2023-02-20,8,MA,Nordeste,HBO,34.9,10194,54,4,56,-6,82164.11
2023-02-20,8,MA,Nordeste,Telecine,29.9,8152,45,3,50,-8,56292.1
2023-02-20,8,MA,Nordeste,Premiere,24.9,6107,28,3,38,-13,35118.78
2023-02-20,8,PB,Nordeste,Familia,49.9,9594,53,5,54,-6,110563.65
2023-02-20,8,PB,Nordeste,HBO,34.9,5993,31,2,36,-7,48303.86
2023-02-20,8,PB,Nordeste,Telecine,29.9,4797,28,2,29,-3,33124.78
2023-02-20,8,PB,Nordeste,Premiere,24.9,3595,18,2,21,-5,20673.33
2023-02-20,8,RN,Nordeste,Familia,49.9,8628,44,5,51,-12,99431.22
2023-02-20,8,RN,Nordeste,HBO,34.9,5397,28,1,30,-3,43500.07
2023-02-20,8,RN,Nordeste,Telecine,29.9,4318,23,1,24,-2,29817.14
2023-02-20,8,RN,Nordeste,Premiere,24.9,3236,15,1,18,-4,18608.87
2023-02-20,8,AL,Nordeste,Familia,49.9,7672,39,4,43,-8,88414.04
2023-02-20,8,AL,Nordeste,HBO,34.9,4794,25,2,29,-6,38639.86
2023-02-20,8,AL,Nordeste,Telecine,29.9,3838,22,1,23,-2,26502.59
2023-02-20,8,AL,Nordeste,Premiere,24.9,2873,11,1,17,-7,16521.41
2023-02-20,8,SE,Nordeste,Familia,49.9,5271,24,2,31,-9,60744.32
2023-02-20,8,SE,Nordeste,HBO,34.9,3300,19,1,18,0,26598.15
2023-02-20,8,SE,Nordeste,Telecine,29.9,2638,12,0,14,-2,18216.21
2023-02-20,8,SE,Nordeste,Premiere,24.9,1979,10,1,10,-1,11380.39
2023-02-20,8,PI,Nordeste,Familia,49.9,7672,39,3,44,-8,88414.04
2023-02-20,8,PI,Nordeste,HBO,34.9,4795,25,1,29,-5,38647.92
2023-02-20,8,PI,Nordeste,Telecine,29.9,3838,20,1,21,-2,26502.59
2023-02-20,8,PI,Nordeste,Premiere,24.9,2875,12,1,16,-5,16532.91
2023-02-20,8,GO,Centro-Oeste,Familia,49.9,15825,86,10,91,-15,182371.25
2023-02-20,8,GO,Centro-Oeste,HBO,34.9,9893,52,4,55,-7,79738.04
2023-02-20,8,GO,Centro-Oeste,Telecine,29.9,7912,45,3,50,-8,54634.83
2023-02-20,8,GO,Centro-Oeste,Premiere,24.9,5936,29,3,30,-4,34135.43
2023-02-20,8,MT,Centro-Oeste,Familia,49.9,8158,46,4,44,-2,94014.83
2023-02-20,8,MT,Centro-Oeste,HBO,34.9,5100,29,1,28,0,41106.24
2023-02-20,8,MT,Centro-Oeste,Telecine,29.9,4079,22,1,22,-1,28166.77
2023-02-20,8,MT,Centro-Oeste,Premiere,24.9,3059,16,1,16,-1,17591.02
2023-02-20,8,MS,Centro-Oeste,Familia,49.9,6238,34,4,32,-2,71888.27
2023-02-20,8,MS,Centro-Oeste,HBO,34.9,3897,21,1,23,-3,31410.0
2023-02-20,8,MS,Centro-Oeste,Telecine,29.9,3118,16,1,17,-2,21530.76
2023-02-20,8,MS,Centro-Oeste,Premiere,24.9,2339,12,1,12,-1,13450.6
2023-02-20,8,DF,Centro-Oeste,Familia,49.9,6714,36,4,38,-6,77373.81
2023-02-20,8,DF,Centro-Oeste,HBO,34.9,4192,19,1,26,-8,33787.71
2023-02-20,8,DF,Centro-Oeste,Telecine,29.9,3360,18,1,17,0,23201.85
2023-02-20,8,DF,Centro-Oeste,Premiere,24.9,2517,11,1,13,-3,14474.2
2023-02-20,8,AM,Norte,Familia,49.9,9587,50,5,58,-13,110482.98
2023-02-20,8,AM,Norte,HBO,34.9,5997,31,2,32,-3,48336.1
2023-02-20,8,AM,Norte,Telecine,29.9,4798,27,1,28,-2,33131.69
2023-02-20,8,AM,Norte,Premiere,24.9,3596,18,2,20,-4,20679.08
2023-02-20,8,PA,Norte,Familia,49.9,20131,107,11,125,-29,231994.67
2023-02-20,8,PA,Norte,HBO,34.9,12599,71,6,66,-1,101548.52
2023-02-20,8,PA,Norte,Telecine,29.9,10064,50,3,63,-16,69495.06
2023-02-20,8,PA,Norte,Premiere,24.9,7556,42,5,41,-4,43451.36
2023-02-20,8,RO,Norte,Familia,49.9,3841,24,2,21,1,44264.64
2023-02-20,8,RO,Norte,HBO,34.9,2399,13,1,13,-1,19336.05
2023-02-20,8,RO,Norte,Telecine,29.9,1918,8,0,10,-2,13244.39
2023-02-20,8,RO,Norte,Premiere,24.9,1440,7,0,7,0,8280.83
2023-02-20,8,AC,Norte,Familia,49.9,1919,10,1,10,-1,22115.03
2023-02-20,8,AC,Norte,HBO,34.9,1199,6,0,7,-1,9664.0
2023-02-20,8,AC,Norte,Telecine,29.9,959,4,0,5,-1,6622.19
2023-02-20,8,AC,Norte,Premiere,24.9,719,3,0,4,-1,4134.67
2023-02-20,8,RR,Norte,Familia,49.9,1441,8,0,7,1,16606.44
2023-02-20,8,RR,Norte,HBO,34.9,899,4,0,5,-1,7245.98
2023-02-20,8,RR,Norte,Telecine,29.9,721,4,0,3,1,4978.73
2023-02-20,8,RR,Norte,Premiere,24.9,539,2,0,3,-1,3099.56
2023-02-20,8,AP,Norte,Familia,49.9,1920,10,0,10,0,22126.56
2023-02-20,8,AP,Norte,HBO,34.9,1200,6,0,6,0,9672.06
2023-02-20,8,AP,Norte,Telecine,29.9,959,4,0,5,-1,6622.19
2023-02-20,8,AP,Norte,Premiere,24.9,720,3,0,3,0,4140.42
2023-02-20,8,TO,Norte,Familia,49.9,3356,17,1,20,-4,38675.38
2023-02-20,8,TO,Norte,HBO,34.9,2100,11,0,11,0,16926.1
2023-02-20,8,TO,Norte,Telecine,29.9,1681,9,0,8,1,11607.83
2023-02-20,8,TO,Norte,Premiere,24.9,1258,5,0,7,-2,7234.23
2023-02-27,9,SP,Sudeste,Familia,49.9,104475,562,69,658,-165,1203995.96
2023-02-27,9,SP,Sudeste,HBO,34.9,65328,313,27,358,-72,526546.7
2023-02-27,9,SP,Sudeste,Telecine,29.9,52324,319,22,293,4,361313.53
2023-02-27,9,SP,Sudeste,Premiere,24.9,39140,166,21,245,-100,225077.6
2023-02-27,9,RJ,Sudeste,Familia,49.9,39346,235,22,227,-14,453433.12
2023-02-27,9,RJ,Sudeste,HBO,34.9,24578,134,12,144,-22,198099.82
2023-02-27,9,RJ,Sudeste,Telecine,29.9,19674,117,8,115,-6,135855.1
2023-02-27,9,RJ,Sudeste,Premiere,24.9,14749,81,10,82,-11,84815.27
2023-02-27,9,MG,Sudeste,Familia,49.9,48897,278,34,307,-63,563501.22
2023-02-27,9,MG,Sudeste,HBO,34.9,30580,170,14,175,-19,246476.21
2023-02-27,9,MG,Sudeste,Telecine,29.9,24486,148,10,132,6,169083.46
2023-02-27,9,MG,Sudeste,Premiere,24.9,18313,77,10,113,-46,105310.32
2023-02-27,9,ES,Sudeste,Familia,49.9,9120,53,5,48,0,105101.15
2023-02-27,9,ES,Sudeste,HBO,34.9,5688,25,2,35,-12,45845.54
2023-02-27,9,ES,Sudeste,Telecine,29.9,4558,26,1,27,-2,31474.41
2023-02-27,9,ES,Sudeste,Premiere,24.9,3414,17,2,21,-6,19632.47
2023-02-27,9,PR,Sul,Familia,49.9,26880,166,18,148,0,309771.82
2023-02-27,9,PR,Sul,HBO,34.9,16782,90,6,102,-18,135263.7
2023-02-27,9,PR,Sul,Telecine,29.9,13435,75,4,76,-5,92772.86
2023-02-27,9,PR,Sul,Premiere,24.9,10063,45,7,55,-17,57868.06
2023-02-27,9,SC,Sul,Familia,49.9,17272,97,10,95,-8,199046.84
2023-02-27,9,SC,Sul,HBO,34.9,10793,64,5,66,-7,86992.08
2023-02-27,9,SC,Sul,Telecine,29.9,8634,44,3,47,-6,59620.46
2023-02-27,9,SC,Sul,Premiere,24.9,6474,34,5,35,-6,37229.24
2023-02-27,9,RS,Sul,Familia,49.9,26838,139,14,167,-42,309287.81
2023-02-27,9,RS,Sul,HBO,34.9,16783,90,7,100,-17,135271.76
2023-02-27,9,RS,Sul,Telecine,29.9,13441,84,5,78,1,92814.3
2023-02-27,9,RS,Sul,Premiere,24.9,10059,44,6,59,-21,57845.06
2023-02-27,9,BA,Nordeste,Familia,49.9,34557,203,25,181,-3,398243.49
2023-02-27,9,BA,Nordeste,HBO,34.9,21589,128,9,130,-11,174008.34
2023-02-27,9,BA,Nordeste,Telecine,29.9,17268,85,6,91,-12,119240.92
2023-02-27,9,BA,Nordeste,Premiere,24.9,12944,74,9,81,-16,74435.47
2023-02-27,9,CE,Nordeste,Familia,49.9,21606,153,18,129,6,248992.93
2023-02-27,9,CE,Nordeste,HBO,34.9,13488,74,6,80,-12,108713.9
2023-02-27,9,CE,Nordeste,Telecine,29.9,10798,69,5,66,-2,74563.56
2023-02-27,9,CE,Nordeste,Premiere,24.9,8092,42,5,45,-8,46533.67
2023-02-27,9,PE,Nordeste,Familia,49.9,23006,123,12,145,-34,265126.88
2023-02-27,9,PE,Nordeste,HBO,34.9,14393,84,7,84,-7,116008.24
2023-02-27,9,PE,Nordeste,Telecine,29.9,11518,69,5,66,-2,79535.38
2023-02-27,9,PE,Nordeste,Premiere,24.9,8620,37,5,52,-20,49569.98
2023-02-27,9,MA,Nordeste,Familia,49.9,16315,89,9,85,-5,188018.13
2023-02-27,9,MA,Nordeste,HBO,34.9,10184,50,4,62,-16,82083.51
2023-02-27,9,MA,Nordeste,Telecine,29.9,8150,44,3,51,-10,56278.29
2023-02-27,9,MA,Nordeste,Premiere,24.9,6108,29,4,37,-12,35124.53
2023-02-27,9,PB,Nordeste,Familia,49.9,9588,51,5,58,-12,110494.5
2023-02-27,9,PB,Nordeste,HBO,34.9,5989,27,1,37,-11,48271.62
2023-02-27,9,PB,Nordeste,Telecine,29.9,4802,29,1,26,2,33159.31
2023-02-27,9,PB,Nordeste,Premiere,24.9,3594,18,2,22,-6,20667.58
2023-02-27,9,RN,Nordeste,Familia,49.9,8632,47,4,51,-8,99477.32
2023-02-27,9,RN,Nordeste,HBO,34.9,5403,33,2,28,3,43548.43
2023-02-27,9,RN,Nordeste,Telecine,29.9,4321,24,1,22,1,29837.85
2023-02-27,9,RN,Nordeste,Premiere,24.9,3233,12,1,18,-7,18591.62
2023-02-27,9,AL,Nordeste,Familia,49.9,7677,44,5,42,-3,88471.66
2023-02-27,9,AL,Nordeste,HBO,34.9,4795,25,1,29,-5,38647.92
2023-02-27,9,AL,Nordeste,Telecine,29.9,3842,24,1,21,2,26530.21
2023-02-27,9,AL,Nordeste,Premiere,24.9,2875,12,1,16,-5,16532.91
2023-02-27,9,SE,Nordeste,Familia,49.9,5278,32,3,31,-2,60824.99
2023-02-27,9,SE,Nordeste,HBO,34.9,3301,20,1,18,1,26606.21
2023-02-27,9,SE,Nordeste,Telecine,29.9,2641,16,1,14,1,18236.93
2023-02-27,9,SE,Nordeste,Premiere,24.9,1975,8,1,12,-5,11357.39
2023-02-27,9,PI,Nordeste,Familia,49.9,7672,39,3,44,-8,88414.04
2023-02-27,9,PI,Nordeste,HBO,34.9,4796,26,2,28,-4,38655.98
2023-02-27,9,PI,Nordeste,Telecine,29.9,3838,20,1,21,-2,26502.59
2023-02-27,9,PI,Nordeste,Premiere,24.9,2874,11,1,16,-6,16527.16
2023-02-27,9,GO,Centro-Oeste,Familia,49.9,15829,84,8,87,-11,182417.34
2023-02-27,9,GO,Centro-Oeste,HBO,34.9,9900,56,4,52,0,79794.46
2023-02-27,9,GO,Centro-Oeste,Telecine,29.9,7913,44,2,49,-7,54641.73
2023-02-27,9,GO,Centro-Oeste,Premiere,24.9,5929,27,3,35,-11,34095.17
2023-02-27,9,MT,Centro-Oeste,Familia,49.9,8156,45,5,44,-4,93991.78
2023-02-27,9,MT,Centro-Oeste,HBO,34.9,5098,30,2,30,-2,41090.12
2023-02-27,9,MT,Centro-Oeste,Telecine,29.9,4077,20,1,22,-3,28152.96
2023-02-27,9,MT,Centro-Oeste,Premiere,24.9,3058,16,2,16,-2,17585.27
2023-02-27,9,MS,Centro-Oeste,Familia,49.9,6234,36,3,39,-6,71842.17
2023-02-27,9,MS,Centro-Oeste,HBO,34.9,3900,23,1,22,0,31434.18
2023-02-27,9,MS,Centro-Oeste,Telecine,29.9,3119,18,1,18,-1,21537.67
2023-02-27,9,MS,Centro-Oeste,Premiere,24.9,2337,10,1,12,-3,13439.1
2023-02-27,9,DF,Centro-Oeste,Familia,49.9,6711,37,4,42,-9,77339.24
2023-02-27,9,DF,Centro-Oeste,HBO,34.9,4199,25,1,25,-1,33844.13
2023-02-27,9,DF,Centro-Oeste,Telecine,29.9,3360,18,1,17,0,23201.85
2023-02-27,9,DF,Centro-Oeste,Premiere,24.9,2516,12,1,15,-4,14468.45
2023-02-27,9,AM,Norte,Familia,49.9,9593,53,6,54,-7,110552.12
2023-02-27,9,AM,Norte,HBO,34.9,5999,32,2,31,-1,48352.22
2023-02-27,9,AM,Norte,Telecine,29.9,4794,23,1,28,-6,33104.06
2023-02-27,9,AM,Norte,Premiere,24.9,3594,15,2,19,-6,20667.58
2023-02-27,9,PA,Norte,Familia,49.9,20143,120,12,125,-17,232132.96
2023-02-27,9,PA,Norte,HBO,34.9,12593,66,4,69,-7,101500.16
2023-02-27,9,PA,Norte,Telecine,29.9,10073,53,3,57,-7,69557.21
2023-02-27,9,PA,Norte,Premiere,24.9,7554,38,5,39,-6,43439.86
2023-02-27,9,RO,Norte,Familia,49.9,3839,24,2,23,-1,44241.59
2023-02-27,9,RO,Norte,HBO,34.9,2400,14,1,13,0,19344.11
2023-02-27,9,RO,Norte,Telecine,29.9,1920,11,0,11,0,13258.2
2023-02-27,9,RO,Norte,Premiere,24.9,1440,7,0,7,0,8280.83
2023-02-27,9,AC,Norte,Familia,49.9,1918,11,1,12,-2,22103.51
2023-02-27,9,AC,Norte,HBO,34.9,1201,7,0,6,1,9680.12
2023-02-27,9,AC,Norte,Telecine,29.9,961,6,0,5,1,6636.0
2023-02-27,9,AC,Norte,Premiere,24.9,720,3,0,3,0,4140.42
2023-02-27,9,RR,Norte,Familia,49.9,1440,9,1,8,0,16594.92
2023-02-27,9,RR,Norte,HBO,34.9,901,5,0,4,1,7262.1
2023-02-27,9,RR,Norte,Telecine,29.9,720,3,0,3,0,4971.82
2023-02-27,9,RR,Norte,Premiere,24.9,539,2,0,3,-1,3099.56
2023-02-27,9,AP,Norte,Familia,49.9,1919,10,0,11,-1,22115.03
2023-02-27,9,AP,Norte,HBO,34.9,1200,6,0,6,0,9672.06
2023-02-27,9,AP,Norte,Telecine,29.9,961,6,0,5,1,6636.0
2023-02-27,9,AP,Norte,Premiere,24.9,719,3,0,4,-1,4134.67
2023-02-27,9,TO,Norte,Familia,49.9,3360,19,1,18,0,38721.48
2023-02-27,9,TO,Norte,HBO,34.9,2098,10,0,12,-2,16909.98
2023-02-27,9,TO,Norte,Telecine,29.9,1679,8,0,9,-1,11594.02
2023-02-27,9,TO,Norte,Premiere,24.9,1259,6,0,7,-1,7239.98
2023-03-06,10,SP,Sudeste,Familia,49.9,104577,604,63,604,-63,1205171.43
2023-03-06,10,SP,Sudeste,HBO,34.9,65350,391,35,406,-50,526724.02
2023-03-06,10,SP,Sudeste,Telecine,29.9,52296,299,21,302,-24,361120.18
2023-03-06,10,SP,Sudeste,Premiere,24.9,39155,179,22,242,-85,225163.86
2023-03-06,10,RJ,Sudeste,Familia,49.9,39339,246,29,238,-21,453352.45
2023-03-06,10,RJ,Sudeste,HBO,34.9,24593,149,11,145,-7,198220.72
2023-03-06,10,RJ,Sudeste,Telecine,29.9,19674,119,7,118,-6,135855.1
2023-03-06,10,RJ,Sudeste,Premiere,24.9,14740,66,8,78,-20,84763.51
2023-03-06,10,MG,Sudeste,Familia,49.9,48971,307,33,263,11,564354.02
2023-03-06,10,MG,Sudeste,HBO,34.9,30618,191,13,159,19,246782.49
2023-03-06,10,MG,Sudeste,Telecine,29.9,24473,134,8,133,-7,168993.7
2023-03-06,10,MG,Sudeste,Premiere,24.9,18320,80,11,108,-39,105350.58
2023-03-06,10,ES,Sudeste,Familia,49.9,9106,47,4,57,-14,104939.82
2023-03-06,10,ES,Sudeste,HBO,34.9,5696,31,2,33,-4,45910.02
2023-03-06,10,ES,Sudeste,Telecine,29.9,4555,23,1,27,-5,31453.7
2023-03-06,10,ES,Sudeste,Premiere,24.9,3414,13,1,18,-6,19632.47
2023-03-06,10,PR,Sul,Familia,49.9,26830,124,15,159,-50,309195.61
2023-03-06,10,PR,Sul,HBO,34.9,16802,98,7,89,2,135424.9
2023-03-06,10,PR,Sul,Telecine,29.9,13436,72,4,72,-4,92779.77
2023-03-06,10,PR,Sul,Premiere,24.9,10070,51,7,54,-10,57908.31
2023-03-06,10,SC,Sul,Familia,49.9,17278,107,10,99,-2,199115.98
2023-03-06,10,SC,Sul,HBO,34.9,10801,61,4,56,1,87056.56
2023-03-06,10,SC,Sul,Telecine,29.9,8645,60,4,51,5,59696.42
2023-03-06,10,SC,Sul,Premiere,24.9,6472,28,3,33,-8,37217.74
2023-03-06,10,RS,Sul,Familia,49.9,26856,160,19,165,-24,309495.24
2023-03-06,10,RS,Sul,HBO,34.9,16806,111,9,96,6,135457.14
2023-03-06,10,RS,Sul,Telecine,29.9,13448,85,5,72,8,92862.63
2023-03-06,10,RS,Sul,Premiere,24.9,10058,47,7,62,-22,57839.31
2023-03-06,10,BA,Nordeste,Familia,49.9,34518,188,19,211,-42,397794.04
2023-03-06,10,BA,Nordeste,HBO,34.9,21597,125,11,117,-3,174072.82
2023-03-06,10,BA,Nordeste,Telecine,29.9,17288,107,8,91,8,119379.03
2023-03-06,10,BA,Nordeste,Premiere,24.9,12935,50,7,68,-25,74383.72
2023-03-06,10,CE,Nordeste,Familia,49.9,21587,138,14,137,-13,248773.97
2023-03-06,10,CE,Nordeste,HBO,34.9,13494,75,6,75,-6,108762.26
2023-03-06,10,CE,Nordeste,Telecine,29.9,10800,59,3,56,0,74577.37
2023-03-06,10,CE,Nordeste,Premiere,24.9,8085,35,4,46,-15,46493.42
2023-03-06,10,PE,Nordeste,Familia,49.9,23049,144,16,119,9,265622.42
2023-03-06,10,PE,Nordeste,HBO,34.9,14401,92,6,85,1,116072.73
2023-03-06,10,PE,Nordeste,Telecine,29.9,11511,66,5,70,-9,79487.04
2023-03-06,10,PE,Nordeste,Premiere,24.9,8632,42,5,45,-8,49638.98
2023-03-06,10,MA,Nordeste,Familia,49.9,16309,98,11,98,-11,187948.98
2023-03-06,10,MA,Nordeste,HBO,34.9,10202,66,5,59,2,82228.59
2023-03-06,10,MA,Nordeste,Telecine,29.9,8157,49,3,49,-3,56326.63
2023-03-06,10,MA,Nordeste,Premiere,24.9,6111,27,3,33,-9,35141.78
2023-03-06,10,PB,Nordeste,Familia,49.9,9592,57,7,58,-8,110540.6
2023-03-06,10,PB,Nordeste,HBO,34.9,5999,36,2,35,-1,48352.22
2023-03-06,10,PB,Nordeste,Telecine,29.9,4801,28,2,25,1,33152.4
2023-03-06,10,PB,Nordeste,Premiere,24.9,3596,19,2,21,-4,20679.08
2023-03-06,10,RN,Nordeste,Familia,49.9,8636,47,4,47,-4,99523.42
2023-03-06,10,RN,Nordeste,HBO,34.9,5397,29,2,30,-3,43500.07
2023-03-06,10,RN,Nordeste,Telecine,29.9,4322,25,1,22,2,29844.76
2023-03-06,10,RN,Nordeste,Premiere,24.9,3237,17,2,18,-3,18614.62
2023-03-06,10,AL,Nordeste,Familia,49.9,7679,46,5,42,-1,88494.71
2023-03-06,10,AL,Nordeste,HBO,34.9,4802,30,2,26,2,38704.34
2023-03-06,10,AL,Nordeste,Telecine,29.9,3840,22,1,21,0,26516.4
2023-03-06,10,AL,Nordeste,Premiere,24.9,2877,15,1,17,-3,16544.41
2023-03-06,10,SE,Nordeste,Familia,49.9,5277,31,3,31,-3,60813.46
2023-03-06,10,SE,Nordeste,HBO,34.9,3296,17,1,20,-4,26565.91
2023-03-06,10,SE,Nordeste,Telecine,29.9,2639,14,0,15,-1,18223.12
2023-03-06,10,SE,Nordeste,Premiere,24.9,1978,10,1,11,-2,11374.64
2023-03-06,10,PI,Nordeste,Familia,49.9,7677,46,4,45,-3,88471.66
2023-03-06,10,PI,Nordeste,HBO,34.9,4794,24,1,29,-6,38639.86
2023-03-06,10,PI,Nordeste,Telecine,29.9,3836,21,1,24,-4,26488.78
2023-03-06,10,PI,Nordeste,Premiere,24.9,2876,15,2,17,-4,16538.66
2023-03-06,10,GO,Centro-Oeste,Familia,49.9,15842,95,9,84,2,182567.16
2023-03-06,10,GO,Centro-Oeste,HBO,34.9,9891,50,4,55,-9,79721.92
2023-03-06,10,GO,Centro-Oeste,Telecine,29.9,7915,48,3,50,-5,54655.54
2023-03-06,10,GO,Centro-Oeste,Premiere,24.9,5936,31,4,31,-4,34135.43
2023-03-06,10,MT,Centro-Oeste,Familia,49.9,8154,43,4,45,-6,93968.73
2023-03-06,10,MT,Centro-Oeste,HBO,34.9,5098,29,2,29,-2,41090.12
2023-03-06,10,MT,Centro-Oeste,Telecine,29.9,4083,25,1,21,3,28194.39
2023-03-06,10,MT,Centro-Oeste,Premiere,24.9,3054,13,1,18,-6,17562.26
2023-03-06,10,MS,Centro-Oeste,Familia,49.9,6237,37,4,36,-3,71876.74
2023-03-06,10,MS,Centro-Oeste,HBO,34.9,3900,24,2,22,0,31434.18
2023-03-06,10,MS,Centro-Oeste,Telecine,29.9,3120,18,1,17,0,21544.57
2023-03-06,10,MS,Centro-Oeste,Premiere,24.9,2337,11,1,13,-3,13439.1
2023-03-06,10,DF,Centro-Oeste,Familia,49.9,6714,40,4,42,-6,77373.81
2023-03-06,10,DF,Centro-Oeste,HBO,34.9,4196,21,1,24,-4,33819.95
2023-03-06,10,DF,Centro-Oeste,Telecine,29.9,3362,20,1,17,2,23215.66
2023-03-06,10,DF,Centro-Oeste,Premiere,24.9,2517,13,1,15,-3,14474.2
2023-03-06,10,AM,Norte,Familia,49.9,9594,51,6,51,-6,110563.65
2023-03-06,10,AM,Norte,HBO,34.9,6001,39,3,35,1,48368.34
2023-03-06,10,AM,Norte,Telecine,29.9,4804,30,1,25,4,33173.12
2023-03-06,10,AM,Norte,Premiere,24.9,3597,20,2,21,-3,20684.83
2023-03-06,10,PA,Norte,Familia,49.9,20149,122,13,120,-11,232202.1
2023-03-06,10,PA,Norte,HBO,34.9,12596,68,5,67,-4,101524.34
2023-03-06,10,PA,Norte,Telecine,29.9,10080,66,5,61,0,69605.54
2023-03-06,10,PA,Norte,Premiere,24.9,7551,40,6,43,-9,43422.61
2023-03-06,10,RO,Norte,Familia,49.9,3834,17,1,22,-6,44183.97
2023-03-06,10,RO,Norte,HBO,34.9,2398,13,0,15,-2,19327.99
2023-03-06,10,RO,Norte,Telecine,29.9,1922,12,0,10,2,13272.01
2023-03-06,10,RO,Norte,Premiere,24.9,1440,8,0,8,0,8280.83
2023-03-06,10,AC,Norte,Familia,49.9,1919,11,1,11,-1,22115.03
2023-03-06,10,AC,Norte,HBO,34.9,1200,6,0,6,0,9672.06
2023-03-06,10,AC,Norte,Telecine,29.9,960,5,0,5,0,6629.1
2023-03-06,10,AC,Norte,Premiere,24.9,720,3,0,3,0,4140.42
2023-03-06,10,RR,Norte,Familia,49.9,1439,8,1,8,-1,16583.39
2023-03-06,10,RR,Norte,HBO,34.9,901,5,0,4,1,7262.1
2023-03-06,10,RR,Norte,Telecine,29.9,720,4,0,4,0,4971.82
2023-03-06,10,RR,Norte,Premiere,24.9,539,2,0,3,-1,3099.56
2023-03-06,10,AP,Norte,Familia,49.9,1920,11,1,10,0,22126.56
2023-03-06,10,AP,Norte,HBO,34.9,1200,6,0,6,0,9672.06
2023-03-06,10,AP,Norte,Telecine,29.9,960,5,0,5,0,6629.1
2023-03-06,10,AP,Norte,Premiere,24.9,719,3,0,4,-1,4134.67
2023-03-06,10,TO,Norte,Familia,49.9,3358,19,1,20,-2,38698.43
2023-03-06,10,TO,Norte,HBO,34.9,2101,12,0,11,1,16934.16
2023-03-06,10,TO,Norte,Telecine,29.9,1680,9,0,9,0,11600.92
2023-03-06,10,TO,Norte,Premiere,24.9,1260,6,0,6,0,7245.73
2023-03-13,11,SP,Sudeste,Familia,49.9,104582,584,57,585,-58,1205229.05
2023-03-13,11,SP,Sudeste,HBO,34.9,65371,381,28,382,-29,526893.28
2023-03-13,11,SP,Sudeste,Telecine,29.9,52304,285,21,280,-16,361175.43
2023-03-13,11,SP,Sudeste,Premiere,24.9,39182,198,24,232,-58,225319.12
2023-03-13,11,RJ,Sudeste,Familia,49.9,39384,278,28,226,24,453871.04
2023-03-13,11,RJ,Sudeste,HBO,34.9,24581,142,10,151,-19,198124.0
2023-03-13,11,RJ,Sudeste,Telecine,29.9,19670,107,6,111,-10,135827.48
2023-03-13,11,RJ,Sudeste,Premiere,24.9,14745,85,12,88,-15,84792.26
2023-03-13,11,MG,Sudeste,Familia,49.9,48902,278,33,303,-58,563558.85
2023-03-13,11,MG,Sudeste,HBO,34.9,30574,184,16,193,-25,246427.85
2023-03-13,11,MG,Sudeste,Telecine,29.9,24455,121,9,137,-25,168869.4
2023-03-13,11,MG,Sudeste,Premiere,24.9,18331,90,13,105,-28,105413.83
2023-03-13,11,ES,Sudeste,Familia,49.9,9106,47,5,56,-14,104939.82
2023-03-13,11,ES,Sudeste,HBO,34.9,5702,35,2,31,2,45958.38
2023-03-13,11,ES,Sudeste,Telecine,29.9,4557,25,1,27,-3,31467.51
2023-03-13,11,ES,Sudeste,Premiere,24.9,3416,16,2,18,-4,19643.97
2023-03-13,11,PR,Sul,Familia,49.9,26859,153,17,157,-21,309529.82
2023-03-13,11,PR,Sul,HBO,34.9,16809,115,8,98,9,135481.32
2023-03-13,11,PR,Sul,Telecine,29.9,13432,77,5,80,-8,92752.15
2023-03-13,11,PR,Sul,Premiere,24.9,10070,51,6,55,-10,57908.31
2023-03-13,11,SC,Sul,Familia,49.9,17270,92,9,93,-10,199023.79
2023-03-13,11,SC,Sul,HBO,34.9,10787,60,5,68,-13,86943.72
2023-03-13,11,SC,Sul,Telecine,29.9,8644,53,3,46,4,59689.52
2023-03-13,11,SC,Sul,Premiere,24.9,6477,35,4,34,-3,37246.49
2023-03-13,11,RS,Sul,Familia,49.9,26849,150,16,165,-31,309414.57
2023-03-13,11,RS,Sul,HBO,34.9,16796,94,7,91,-4,135376.54
2023-03-13,11,RS,Sul,Telecine,29.9,13433,81,5,83,-7,92759.05
2023-03-13,11,RS,Sul,Premiere,24.9,10059,46,5,62,-21,57845.06
2023-03-13,11,BA,Nordeste,Familia,49.9,34521,187,22,204,-39,397828.61
2023-03-13,11,BA,Nordeste,HBO,34.9,21589,119,9,121,-11,174008.34
2023-03-13,11,BA,Nordeste,Telecine,29.9,17279,104,6,99,-1,119316.88
2023-03-13,11,BA,Nordeste,Premiere,24.9,12931,58,7,80,-29,74360.72
2023-03-13,11,CE,Nordeste,Familia,49.9,21584,119,12,123,-16,248739.4
2023-03-13,11,CE,Nordeste,HBO,34.9,13494,75,5,76,-6,108762.26
2023-03-13,11,CE,Nordeste,Telecine,29.9,10793,65,4,68,-7,74529.03
2023-03-13,11,CE,Nordeste,Premiere,24.9,8090,38,5,43,-10,46522.17
2023-03-13,11,PE,Nordeste,Familia,49.9,23050,149,14,125,10,265633.95
2023-03-13,11,PE,Nordeste,HBO,34.9,14389,85,7,89,-11,115976.0
2023-03-13,11,PE,Nordeste,Telecine,29.9,11506,55,3,66,-14,79452.52
2023-03-13,11,PE,Nordeste,Premiere,24.9,8623,34,5,46,-17,49587.23
2023-03-13,11,MA,Nordeste,Familia,49.9,16325,108,10,93,5,188133.37
2023-03-13,11,MA,Nordeste,HBO,34.9,10196,56,4,56,-4,82180.23
2023-03-13,11,MA,Nordeste,Telecine,29.9,8160,48,3,45,0,56347.34
2023-03-13,11,MA,Nordeste,Premiere,24.9,6113,29,4,32,-7,35153.28
2023-03-13,11,PB,Nordeste,Familia,49.9,9602,61,7,52,2,110655.84
2023-03-13,11,PB,Nordeste,HBO,34.9,6000,36,3,33,0,48360.28
2023-03-13,11,PB,Nordeste,Telecine,29.9,4806,32,1,25,6,33186.93
2023-03-13,11,PB,Nordeste,Premiere,24.9,3597,18,2,19,-3,20684.83
2023-03-13,11,RN,Nordeste,Familia,49.9,8645,55,5,45,5,99627.14
2023-03-13,11,RN,Nordeste,HBO,34.9,5400,31,2,29,0,43524.25
2023-03-13,11,RN,Nordeste,Telecine,29.9,4319,25,1,25,-1,29824.04
2023-03-13,11,RN,Nordeste,Premiere,24.9,3235,17,2,20,-5,18603.12
2023-03-13,11,AL,Nordeste,Familia,49.9,7676,43,5,42,-4,88460.14
2023-03-13,11,AL,Nordeste,HBO,34.9,4801,29,2,26,1,38696.28
2023-03-13,11,AL,Nordeste,Telecine,29.9,3844,25,1,20,4,26544.02
2023-03-13,11,AL,Nordeste,Premiere,24.9,2874,12,1,17,-6,16527.16
2023-03-13,11,SE,Nordeste,Familia,49.9,5278,29,3,28,-2,60824.99
2023-03-13,11,SE,Nordeste,HBO,34.9,3302,20,1,17,2,26614.27
2023-03-13,11,SE,Nordeste,Telecine,29.9,2640,15,0,15,0,18230.02
2023-03-13,11,SE,Nordeste,Premiere,24.9,1977,9,1,11,-3,11368.89
2023-03-13,11,PI,Nordeste,Familia,49.9,7665,34,3,46,-15,88333.37
2023-03-13,11,PI,Nordeste,HBO,34.9,4798,29,2,29,-2,38672.1
2023-03-13,11,PI,Nordeste,Telecine,29.9,3844,25,1,20,4,26544.02
2023-03-13,11,PI,Nordeste,Premiere,24.9,2875,13,1,17,-5,16532.91
2023-03-13,11,GO,Centro-Oeste,Familia,49.9,15835,105,12,98,-5,182486.49
2023-03-13,11,GO,Centro-Oeste,HBO,34.9,9906,63,4,53,6,79842.82
2023-03-13,11,GO,Centro-Oeste,Telecine,29.9,7916,42,2,44,-4,54662.45
2023-03-13,11,GO,Centro-Oeste,Premiere,24.9,5934,32,3,35,-6,34123.93
2023-03-13,11,MT,Centro-Oeste,Familia,49.9,8156,46,5,45,-4,93991.78
2023-03-13,11,MT,Centro-Oeste,HBO,34.9,5094,25,2,29,-6,41057.88
2023-03-13,11,MT,Centro-Oeste,Telecine,29.9,4081,23,1,21,1,28180.58
2023-03-13,11,MT,Centro-Oeste,Premiere,24.9,3056,16,2,18,-4,17573.76
2023-03-13,11,MS,Centro-Oeste,Familia,49.9,6233,36,4,39,-7,71830.65
2023-03-13,11,MS,Centro-Oeste,HBO,34.9,3898,23,1,24,-2,31418.06
2023-03-13,11,MS,Centro-Oeste,Telecine,29.9,3122,20,1,17,2,21558.38
2023-03-13,11,MS,Centro-Oeste,Premiere,24.9,2337,11,1,13,-3,13439.1
2023-03-13,11,DF,Centro-Oeste,Familia,49.9,6714,39,3,42,-6,77373.81
2023-03-13,11,DF,Centro-Oeste,HBO,34.9,4201,27,1,25,1,33860.25
2023-03-13,11,DF,Centro-Oeste,Telecine,29.9,3362,20,1,17,2,23215.66
2023-03-13,11,DF,Centro-Oeste,Premiere,24.9,2516,12,1,15,-4,14468.45
2023-03-13,11,AM,Norte,Familia,49.9,9584,50,6,60,-16,110448.41
2023-03-13,11,AM,Norte,HBO,34.9,5996,29,2,31,-4,48328.04
2023-03-13,11,AM,Norte,Telecine,29.9,4798,26,1,27,-2,33131.69
2023-03-13,11,AM,Norte,Premiere,24.9,3595,18,2,21,-5,20673.33
2023-03-13,11,PA,Norte,Familia,49.9,20131,105,11,123,-29,231994.67
2023-03-13,11,PA,Norte,HBO,34.9,12598,73,5,70,-2,101540.46
2023-03-13,11,PA,Norte,Telecine,29.9,10085,65,4,56,5,69640.07
2023-03-13,11,PA,Norte,Premiere,24.9,7547,32,4,41,-13,43399.61
2023-03-13,11,RO,Norte,Familia,49.9,3833,17,1,23,-7,44172.45
2023-03-13,11,RO,Norte,HBO,34.9,2399,13,1,13,-1,19336.05
2023-03-13,11,RO,Norte,Telecine,29.9,1922,12,0,10,2,13272.01
2023-03-13,11,RO,Norte,Premiere,24.9,1440,7,0,7,0,8280.83
2023-03-13,11,AC,Norte,Familia,49.9,1920,11,1,10,0,22126.56
2023-03-13,11,AC,Norte,HBO,34.9,1200,7,0,7,0,9672.06
2023-03-13,11,AC,Norte,Telecine,29.9,960,5,0,5,0,6629.1
2023-03-13,11,AC,Norte,Premiere,24.9,719,3,0,4,-1,4134.67
2023-03-13,11,RR,Norte,Familia,49.9,1441,8,0,7,1,16606.44
2023-03-13,11,RR,Norte,HBO,34.9,900,5,0,5,0,7254.04
2023-03-13,11,RR,Norte,Telecine,29.9,719,3,0,4,-1,4964.92
2023-03-13,11,RR,Norte,Premiere,24.9,539,2,0,3,-1,3099.56
2023-03-13,11,AP,Norte,Familia,49.9,1918,10,1,11,-2,22103.51
2023-03-13,11,AP,Norte,HBO,34.9,1200,6,0,6,0,9672.06
2023-03-13,11,AP,Norte,Telecine,29.9,960,5,0,5,0,6629.1
2023-03-13,11,AP,Norte,Premiere,24.9,719,3,0,4,-1,4134.67
2023-03-13,11,TO,Norte,Familia,49.9,3358,18,2,18,-2,38698.43
2023-03-13,11,TO,Norte,HBO,34.9,2101,13,1,11,1,16934.16
2023-03-13,11,TO,Norte,Telecine,29.9,1679,9,0,10,-1,11594.02
2023-03-13,11,TO,Norte,Premiere,24.9,1259,6,0,7,-1,7239.98
2023-03-20,12,SP,Sudeste,Familia,49.9,104595,622,72,595,-45,1205378.87
2023-03-20,12,SP,Sudeste,HBO,34.9,65394,432,36,402,-6,527078.66
2023-03-20,12,SP,Sudeste,Telecine,29.9,52287,311,22,322,-33,361058.04
2023-03-20,12,SP,Sudeste,Premiere,24.9,39183,190,26,221,-57,225324.87
2023-03-20,12,RJ,Sudeste,Familia,49.9,39334,227,27,226,-26,453294.83
2023-03-20,12,RJ,Sudeste,HBO,34.9,24600,147,11,136,0,198277.14
2023-03-20,12,RJ,Sudeste,Telecine,29.9,19665,98,5,108,-15,135792.96
2023-03-20,12,RJ,Sudeste,Premiere,24.9,14736,78,9,93,-24,84740.51
2023-03-20,12,MG,Sudeste,Familia,49.9,48938,284,33,273,-22,563973.72
2023-03-20,12,MG,Sudeste,HBO,34.9,30582,185,15,187,-17,246492.33
2023-03-20,12,MG,Sudeste,Telecine,29.9,24477,141,10,134,-3,169021.32
2023-03-20,12,MG,Sudeste,Premiere,24.9,18345,96,15,95,-14,105494.34
2023-03-20,12,ES,Sudeste,Familia,49.9,9126,60,6,48,6,105170.3
2023-03-20,12,ES,Sudeste,HBO,34.9,5703,36,3,30,3,45966.44
2023-03-20,12,ES,Sudeste,Telecine,29.9,4556,23,1,26,-4,31460.6
2023-03-20,12,ES,Sudeste,Premiere,24.9,3417,17,2,18,-3,19649.72
2023-03-20,12,PR,Sul,Familia,49.9,26848,153,18,167,-32,309403.05
2023-03-20,12,PR,Sul,HBO,34.9,16788,88,6,94,-12,135312.06
2023-03-20,12,PR,Sul,Telecine,29.9,13447,85,5,73,7,92855.73
2023-03-20,12,PR,Sul,Premiere,24.9,10069,57,6,62,-11,57902.56
2023-03-20,12,SC,Sul,Familia,49.9,17274,105,13,98,-6,199069.88
2023-03-20,12,SC,Sul,HBO,34.9,10801,61,4,56,1,87056.56
2023-03-20,12,SC,Sul,Telecine,29.9,8630,42,2,50,-10,59592.84
2023-03-20,12,SC,Sul,Premiere,24.9,6473,36,4,39,-7,37223.49
2023-03-20,12,RS,Sul,Familia,49.9,26867,156,17,152,-13,309622.01
2023-03-20,12,RS,Sul,HBO,34.9,16793,98,8,97,-7,135352.36
2023-03-20,12,RS,Sul,Telecine,29.9,13436,84,5,83,-4,92779.77
2023-03-20,12,RS,Sul,Premiere,24.9,10061,45,6,58,-19,57856.56
2023-03-20,12,BA,Nordeste,Familia,49.9,34525,200,24,211,-35,397874.71
2023-03-20,12,BA,Nordeste,HBO,34.9,21595,120,8,117,-5,174056.7
2023-03-20,12,BA,Nordeste,Telecine,29.9,17267,100,6,107,-13,119234.02
2023-03-20,12,BA,Nordeste,Premiere,24.9,12942,59,7,70,-18,74423.97
2023-03-20,12,CE,Nordeste,Familia,49.9,21565,97,10,122,-35,248520.44
2023-03-20,12,CE,Nordeste,HBO,34.9,13498,76,6,72,-2,108794.5
2023-03-20,12,CE,Nordeste,Telecine,29.9,10806,69,5,58,6,74618.8
2023-03-20,12,CE,Nordeste,Premiere,24.9,8092,41,5,44,-8,46533.67
2023-03-20,12,PE,Nordeste,Familia,49.9,23027,122,14,121,-13,265368.89
2023-03-20,12,PE,Nordeste,HBO,34.9,14387,72,4,81,-13,115959.88
2023-03-20,12,PE,Nordeste,Telecine,29.9,11515,62,4,63,-5,79514.67
2023-03-20,12,PE,Nordeste,Premiere,24.9,8625,45,7,53,-15,49598.73
2023-03-20,12,MA,Nordeste,Familia,49.9,16309,87,9,89,-11,187948.98
2023-03-20,12,MA,Nordeste,HBO,34.9,10190,56,4,62,-10,82131.87
2023-03-20,12,MA,Nordeste,Telecine,29.9,8165,51,3,43,5,56381.87
2023-03-20,12,MA,Nordeste,Premiere,24.9,6113,31,4,34,-7,35153.28
2023-03-20,12,PB,Nordeste,Familia,49.9,9586,50,4,60,-14,110471.45
2023-03-20,12,PB,Nordeste,HBO,34.9,5997,37,2,38,-3,48336.1
2023-03-20,12,PB,Nordeste,Telecine,29.9,4802,30,2,26,2,33159.31
2023-03-20,12,PB,Nordeste,Premiere,24.9,3597,20,2,21,-3,20684.83
2023-03-20,12,RN,Nordeste,Familia,49.9,8630,44,4,50,-10,99454.27
2023-03-20,12,RN,Nordeste,HBO,34.9,5395,26,2,29,-5,43483.95
2023-03-20,12,RN,Nordeste,Telecine,29.9,4319,25,1,25,-1,29824.04
2023-03-20,12,RN,Nordeste,Premiere,24.9,3238,16,2,16,-2,18620.37
2023-03-20,12,AL,Nordeste,Familia,49.9,7675,41,4,42,-5,88448.61
2023-03-20,12,AL,Nordeste,HBO,34.9,4799,26,2,25,-1,38680.16
2023-03-20,12,AL,Nordeste,Telecine,29.9,3841,24,1,22,1,26523.3
2023-03-20,12,AL,Nordeste,Premiere,24.9,2876,14,2,16,-4,16538.66
2023-03-20,12,SE,Nordeste,Familia,49.9,5280,32,3,29,0,60848.04
2023-03-20,12,SE,Nordeste,HBO,34.9,3303,22,1,18,3,26622.33
2023-03-20,12,SE,Nordeste,Telecine,29.9,2638,14,1,15,-2,18216.21
2023-03-20,12,SE,Nordeste,Premiere,24.9,1979,10,1,10,-1,11380.39
2023-03-20,12,PI,Nordeste,Familia,49.9,7680,45,5,40,0,88506.24
2023-03-20,12,PI,Nordeste,HBO,34.9,4797,25,2,26,-3,38664.04
2023-03-20,12,PI,Nordeste,Telecine,29.9,3840,23,1,22,0,26516.4
2023-03-20,12,PI,Nordeste,Premiere,24.9,2878,14,1,15,-2,16550.16
2023-03-20,12,GO,Centro-Oeste,Familia,49.9,15830,84,9,85,-10,182428.87
2023-03-20,12,GO,Centro-Oeste,HBO,34.9,9903,66,4,59,3,79818.64
2023-03-20,12,GO,Centro-Oeste,Telecine,29.9,7919,47,3,45,-1,54683.16
2023-03-20,12,GO,Centro-Oeste,Premiere,24.9,5938,32,3,31,-2,34146.93
2023-03-20,12,MT,Centro-Oeste,Familia,49.9,8150,41,5,46,-10,93922.63
2023-03-20,12,MT,Centro-Oeste,HBO,34.9,5100,32,2,30,0,41106.24
2023-03-20,12,MT,Centro-Oeste,Telecine,29.9,4078,24,1,25,-2,28159.86
2023-03-20,12,MT,Centro-Oeste,Premiere,24.9,3053,12,1,18,-7,17556.51
2023-03-20,12,MS,Centro-Oeste,Familia,49.9,6242,37,3,32,2,71934.36
2023-03-20,12,MS,Centro-Oeste,HBO,34.9,3901,23,1,21,1,31442.24
2023-03-20,12,MS,Centro-Oeste,Telecine,29.9,3122,19,1,16,2,21558.38
2023-03-20,12,MS,Centro-Oeste,Premiere,24.9,2339,13,1,13,-1,13450.6
2023-03-20,12,DF,Centro-Oeste,Familia,49.9,6722,41,4,35,2,77466.0
2023-03-20,12,DF,Centro-Oeste,HBO,34.9,4202,28,1,25,2,33868.31
2023-03-20,12,DF,Centro-Oeste,Telecine,29.9,3360,20,1,19,0,23201.85
2023-03-20,12,DF,Centro-Oeste,Premiere,24.9,2517,13,1,15,-3,14474.2
2023-03-20,12,AM,Norte,Familia,49.9,9597,52,5,50,-3,110598.22
2023-03-20,12,AM,Norte,HBO,34.9,5998,38,3,37,-2,48344.16
2023-03-20,12,AM,Norte,Telecine,29.9,4802,28,1,25,2,33159.31
2023-03-20,12,AM,Norte,Premiere,24.9,3596,18,2,20,-4,20679.08
2023-03-20,12,PA,Norte,Familia,49.9,20147,103,10,106,-13,232179.05
2023-03-20,12,PA,Norte,HBO,34.9,12610,82,6,66,10,101637.18
2023-03-20,12,PA,Norte,Telecine,29.9,10077,65,5,63,-3,69584.83
2023-03-20,12,PA,Norte,Premiere,24.9,7538,28,4,46,-22,43347.85
2023-03-20,12,RO,Norte,Familia,49.9,3836,20,2,22,-4,44207.02
2023-03-20,12,RO,Norte,HBO,34.9,2398,12,1,13,-2,19327.99
2023-03-20,12,RO,Norte,Telecine,29.9,1920,11,0,11,0,13258.2
2023-03-20,12,RO,Norte,Premiere,24.9,1438,6,0,8,-2,8269.33
2023-03-20,12,AC,Norte,Familia,49.9,1919,11,1,11,-1,22115.03
2023-03-20,12,AC,Norte,HBO,34.9,1201,7,0,6,1,9680.12
2023-03-20,12,AC,Norte,Telecine,29.9,961,6,0,5,1,6636.0
2023-03-20,12,AC,Norte,Premiere,24.9,719,3,0,4,-1,4134.67
2023-03-20,12,RR,Norte,Familia,49.9,1440,8,0,8,0,16594.92
2023-03-20,12,RR,Norte,HBO,34.9,900,4,0,4,0,7254.04
2023-03-20,12,RR,Norte,Telecine,29.9,721,4,0,3,1,4978.73
2023-03-20,12,RR,Norte,Premiere,24.9,539,2,0,3,-1,3099.56
2023-03-20,12,AP,Norte,Familia,49.9,1920,11,1,10,0,22126.56
2023-03-20,12,AP,Norte,HBO,34.9,1199,6,0,7,-1,9664.0
2023-03-20,12,AP,Norte,Telecine,29.9,961,6,0,5,1,6636.0
2023-03-20,12,AP,Norte,Premiere,24.9,720,3,0,3,0,4140.42
2023-03-20,12,TO,Norte,Familia,49.9,3358,20,2,20,-2,38698.43
2023-03-20,12,TO,Norte,HBO,34.9,2103,14,0,11,3,16950.28
2023-03-20,12,TO,Norte,Telecine,29.9,1680,9,0,9,0,11600.92
2023-03-20,12,TO,Norte,Premiere,24.9,1259,6,0,7,-1,7239.98
2023-03-27,13,SP,Sudeste,Familia,49.9,104626,605,61,558,-14,1205736.12
2023-03-27,13,SP,Sudeste,HBO,34.9,65421,395,30,344,21,527296.28
2023-03-27,13,SP,Sudeste,Telecine,29.9,52306,308,20,302,-14,361189.24
2023-03-27,13,SP,Sudeste,Premiere,24.9,39187,203,32,224,-53,225347.88
2023-03-27,13,RJ,Sudeste,Familia,49.9,39328,212,22,222,-32,453225.68
2023-03-27,13,RJ,Sudeste,HBO,34.9,24573,123,10,140,-27,198059.52
2023-03-27,13,RJ,Sudeste,Telecine,29.9,19672,102,7,103,-8,135841.29
2023-03-27,13,RJ,Sudeste,Premiere,24.9,14743,76,9,84,-17,84780.76
2023-03-27,13,MG,Sudeste,Familia,49.9,48930,289,32,287,-30,563881.52
2023-03-27,13,MG,Sudeste,HBO,34.9,30571,155,11,172,-28,246403.67
2023-03-27,13,MG,Sudeste,Telecine,29.9,24456,131,8,147,-24,168876.3
2023-03-27,13,MG,Sudeste,Premiere,24.9,18345,109,16,107,-14,105494.34
2023-03-27,13,ES,Sudeste,Familia,49.9,9117,58,6,55,-3,105066.58
2023-03-27,13,ES,Sudeste,HBO,34.9,5694,31,2,35,-6,45893.9
2023-03-27,13,ES,Sudeste,Telecine,29.9,4560,26,1,25,0,31488.22
2023-03-27,13,ES,Sudeste,Premiere,24.9,3414,16,2,20,-6,19632.47
2023-03-27,13,PR,Sul,Familia,49.9,26853,156,15,168,-27,309460.67
2023-03-27,13,PR,Sul,HBO,34.9,16806,102,8,88,6,135457.14
2023-03-27,13,PR,Sul,Telecine,29.9,13442,87,6,79,2,92821.2
2023-03-27,13,PR,Sul,Premiere,24.9,10063,52,6,63,-17,57868.06
2023-03-27,13,SC,Sul,Familia,49.9,17268,105,10,107,-12,199000.74
2023-03-27,13,SC,Sul,HBO,34.9,10793,65,5,67,-7,86992.08
2023-03-27,13,SC,Sul,Telecine,29.9,8629,40,2,49,-11,59585.94
2023-03-27,13,SC,Sul,Premiere,24.9,6468,30,4,38,-12,37194.73
2023-03-27,13,RS,Sul,Familia,49.9,26875,152,16,141,-5,309714.2
2023-03-27,13,RS,Sul,HBO,34.9,16805,104,8,91,5,135449.08
2023-03-27,13,RS,Sul,Telecine,29.9,13444,79,5,70,4,92835.01
2023-03-27,13,RS,Sul,Premiere,24.9,10069,52,7,56,-11,57902.56
2023-03-27,13,BA,Nordeste,Familia,49.9,34543,208,24,201,-17,398082.15
2023-03-27,13,BA,Nordeste,HBO,34.9,21592,130,11,127,-8,174032.52
2023-03-27,13,BA,Nordeste,Telecine,29.9,17274,109,7,108,-6,119282.36
2023-03-27,13,BA,Nordeste,Premiere,24.9,12952,78,10,76,-8,74481.48
2023-03-27,13,CE,Nordeste,Familia,49.9,21604,135,15,116,4,248969.88
2023-03-27,13,CE,Nordeste,HBO,34.9,13495,79,6,78,-5,108770.32
2023-03-27,13,CE,Nordeste,Telecine,29.9,10793,60,3,64,-7,74529.03
2023-03-27,13,CE,Nordeste,Premiere,24.9,8092,39,4,43,-8,46533.67
2023-03-27,13,PE,Nordeste,Familia,49.9,23024,126,12,130,-16,265334.32
2023-03-27,13,PE,Nordeste,HBO,34.9,14395,83,6,82,-5,116024.36
2023-03-27,13,PE,Nordeste,Telecine,29.9,11509,64,4,71,-11,79473.23
2023-03-27,13,PE,Nordeste,Premiere,24.9,8633,43,5,45,-7,49644.73
2023-03-27,13,MA,Nordeste,Familia,49.9,16302,86,9,95,-18,187868.31
2023-03-27,13,MA,Nordeste,HBO,34.9,10202,60,5,53,2,82228.59
2023-03-27,13,MA,Nordeste,Telecine,29.9,8166,51,3,42,6,56388.78
2023-03-27,13,MA,Nordeste,Premiere,24.9,6114,30,4,32,-6,35159.03
2023-03-27,13,PB,Nordeste,Familia,49.9,9585,50,6,59,-15,110459.93
2023-03-27,13,PB,Nordeste,HBO,34.9,5999,33,2,32,-1,48352.22
2023-03-27,13,PB,Nordeste,Telecine,29.9,4799,27,1,27,-1,33138.59
2023-03-27,13,PB,Nordeste,Premiere,24.9,3593,16,2,21,-7,20661.82
2023-03-27,13,RN,Nordeste,Familia,49.9,8634,45,5,46,-6,99500.37
2023-03-27,13,RN,Nordeste,HBO,34.9,5404,34,2,28,4,43556.49
2023-03-27,13,RN,Nordeste,Telecine,29.9,4315,21,1,25,-5,29796.42
2023-03-27,13,RN,Nordeste,Premiere,24.9,3237,15,2,16,-3,18614.62
2023-03-27,13,AL,Nordeste,Familia,49.9,7671,35,3,41,-9,88402.52
2023-03-27,13,AL,Nordeste,HBO,34.9,4802,31,2,27,2,38704.34
2023-03-27,13,AL,Nordeste,Telecine,29.9,3842,23,1,20,2,26530.21
2023-03-27,13,AL,Nordeste,Premiere,24.9,2876,14,2,16,-4,16538.66
2023-03-27,13,SE,Nordeste,Familia,49.9,5273,29,3,33,-7,60767.37
2023-03-27,13,SE,Nordeste,HBO,34.9,3298,19,1,20,-2,26582.03
2023-03-27,13,SE,Nordeste,Telecine,29.9,2640,15,1,14,0,18230.02
2023-03-27,13,SE,Nordeste,Premiere,24.9,1977,9,1,11,-3,11368.89
2023-03-27,13,PI,Nordeste,Familia,49.9,7673,45,4,48,-7,88425.57
2023-03-27,13,PI,Nordeste,HBO,34.9,4799,29,2,28,-1,38680.16
2023-03-27,13,PI,Nordeste,Telecine,29.9,3838,21,1,22,-2,26502.59
2023-03-27,13,PI,Nordeste,Premiere,24.9,2877,14,2,15,-3,16544.41
2023-03-27,13,GO,Centro-Oeste,Familia,49.9,15841,96,11,84,1,182555.64
2023-03-27,13,GO,Centro-Oeste,HBO,34.9,9902,63,4,57,2,79810.58
2023-03-27,13,GO,Centro-Oeste,Telecine,29.9,7913,38,3,42,-7,54641.73
2023-03-27,13,GO,Centro-Oeste,Premiere,24.9,5932,26,3,31,-8,34112.42
2023-03-27,13,MT,Centro-Oeste,Familia,49.9,8157,53,6,50,-3,94003.3
2023-03-27,13,MT,Centro-Oeste,HBO,34.9,5097,28,2,29,-3,41082.06
2023-03-27,13,MT,Centro-Oeste,Telecine,29.9,4078,21,1,22,-2,28159.86
2023-03-27,13,MT,Centro-Oeste,Premiere,24.9,3058,17,2,17,-2,17585.27
2023-03-27,13,MS,Centro-Oeste,Familia,49.9,6241,41,4,36,1,71922.84
2023-03-27,13,MS,Centro-Oeste,HBO,34.9,3902,24,1,21,2,31450.3
2023-03-27,13,MS,Centro-Oeste,Telecine,29.9,3118,17,1,18,-2,21530.76
2023-03-27,13,MS,Centro-Oeste,Premiere,24.9,2337,12,1,14,-3,13439.1
2023-03-27,13,DF,Centro-Oeste,Familia,49.9,6712,35,4,39,-8,77350.76
2023-03-27,13,DF,Centro-Oeste,HBO,34.9,4198,22,1,23,-2,33836.07
2023-03-27,13,DF,Centro-Oeste,Telecine,29.9,3359,19,1,19,-1,23194.94
2023-03-27,13,DF,Centro-Oeste,Premiere,24.9,2516,10,1,13,-4,14468.45
2023-03-27,13,AM,Norte,Familia,49.9,9590,56,6,60,-10,110517.55
2023-03-27,13,AM,Norte,HBO,34.9,5997,34,2,35,-3,48336.1
2023-03-27,13,AM,Norte,Telecine,29.9,4797,25,1,27,-3,33124.78
2023-03-27,13,AM,Norte,Premiere,24.9,3599,19,2,18,-1,20696.33
2023-03-27,13,PA,Norte,Familia,49.9,20146,118,14,118,-14,232167.53
2023-03-27,13,PA,Norte,HBO,34.9,12598,75,6,71,-2,101540.46
2023-03-27,13,PA,Norte,Telecine,29.9,10076,63,4,63,-4,69577.92
2023-03-27,13,PA,Norte,Premiere,24.9,7548,33,4,41,-12,43405.36
2023-03-27,13,RO,Norte,Familia,49.9,3839,22,2,21,-1,44241.59
2023-03-27,13,RO,Norte,HBO,34.9,2401,16,1,14,1,19352.17
2023-03-27,13,RO,Norte,Telecine,29.9,1922,12,0,10,2,13272.01
2023-03-27,13,RO,Norte,Premiere,24.9,1440,7,0,7,0,8280.83
2023-03-27,13,AC,Norte,Familia,49.9,1918,10,1,11,-2,22103.51
2023-03-27,13,AC,Norte,HBO,34.9,1201,7,0,6,1,9680.12
2023-03-27,13,AC,Norte,Telecine,29.9,960,5,0,5,0,6629.1
2023-03-27,13,AC,Norte,Premiere,24.9,720,4,0,4,0,4140.42
2023-03-27,13,RR,Norte,Familia,49.9,1438,7,0,9,-2,16571.87
2023-03-27,13,RR,Norte,HBO,34.9,900,4,0,4,0,7254.04
2023-03-27,13,RR,Norte,Telecine,29.9,720,4,0,4,0,4971.82
2023-03-27,13,RR,Norte,Premiere,24.9,539,2,0,3,-1,3099.56
2023-03-27,13,AP,Norte,Familia,49.9,1918,10,1,11,-2,22103.51
2023-03-27,13,AP,Norte,HBO,34.9,1201,7,0,6,1,9680.12
2023-03-27,13,AP,Norte,Telecine,29.9,960,5,0,5,0,6629.1
2023-03-27,13,AP,Norte,Premiere,24.9,720,3,0,3,0,4140.42
2023-03-27,13,TO,Norte,Familia,49.9,3357,19,2,20,-3,38686.91
2023-03-27,13,TO,Norte,HBO,34.9,2099,11,0,12,-1,16918.04
2023-03-27,13,TO,Norte,Telecine,29.9,1680,9,0,9,0,11600.92
2023-03-27,13,TO,Norte,Premiere,24.9,1258,5,0,7,-2,7234.23
2023-04-03,14,SP,Sudeste,Familia,49.9,104568,564,60,576,-72,1205067.71
2023-04-03,14,SP,Sudeste,HBO,34.9,65374,401,29,398,-26,526917.46
2023-04-03,14,SP,Sudeste,Telecine,29.9,52268,296,22,326,-52,360926.84
2023-04-03,14,SP,Sudeste,Premiere,24.9,39260,274,42,212,20,225767.67
2023-04-03,14,RJ,Sudeste,Familia,49.9,39355,225,23,207,-5,453536.84
2023-04-03,14,RJ,Sudeste,HBO,34.9,24606,147,11,130,6,198325.5
2023-04-03,14,RJ,Sudeste,Telecine,29.9,19656,106,8,122,-24,135730.81
2023-04-03,14,RJ,Sudeste,Premiere,24.9,14748,90,11,91,-12,84809.52
2023-04-03,14,MG,Sudeste,Familia,49.9,48931,292,28,293,-29,563893.05
2023-04-03,14,MG,Sudeste,HBO,34.9,30584,184,16,183,-15,246508.45
2023-04-03,14,MG,Sudeste,Telecine,29.9,24470,141,10,141,-10,168972.98
2023-04-03,14,MG,Sudeste,Premiere,24.9,18349,104,12,102,-10,105517.34
2023-04-03,14,ES,Sudeste,Familia,49.9,9112,54,5,57,-8,105008.96
2023-04-03,14,ES,Sudeste,HBO,34.9,5698,33,2,33,-2,45926.14
2023-04-03,14,ES,Sudeste,Telecine,29.9,4560,27,2,25,0,31488.22
2023-04-03,14,ES,Sudeste,Premiere,24.9,3422,23,3,18,2,19678.48
2023-04-03,14,PR,Sul,Familia,49.9,26882,168,19,147,2,309794.87
2023-04-03,14,PR,Sul,HBO,34.9,16804,103,9,90,4,135441.02
2023-04-03,14,PR,Sul,Telecine,29.9,13430,78,5,83,-10,92738.34
2023-04-03,14,PR,Sul,Premiere,24.9,10084,66,8,54,4,57988.82
2023-04-03,14,SC,Sul,Familia,49.9,17267,101,10,104,-13,198989.21
2023-04-03,14,SC,Sul,HBO,34.9,10800,68,5,63,0,87048.5
2023-04-03,14,SC,Sul,Telecine,29.9,8640,55,4,51,0,59661.89
2023-04-03,14,SC,Sul,Premiere,24.9,6478,42,5,39,-2,37252.24
2023-04-03,14,RS,Sul,Familia,49.9,26867,170,17,166,-13,309622.01
2023-04-03,14,RS,Sul,HBO,34.9,16808,105,8,89,8,135473.26
2023-04-03,14,RS,Sul,Telecine,29.9,13434,83,5,84,-6,92765.96
2023-04-03,14,RS,Sul,Premiere,24.9,10077,65,9,59,-3,57948.57
2023-04-03,14,BA,Nordeste,Familia,49.9,34531,185,23,191,-29,397943.86
2023-04-03,14,BA,Nordeste,HBO,34.9,21584,116,10,122,-16,173968.04
2023-04-03,14,BA,Nordeste,Telecine,29.9,17281,103,6,96,1,119330.69
2023-04-03,14,BA,Nordeste,Premiere,24.9,12960,86,11,75,0,74527.48
2023-04-03,14,CE,Nordeste,Familia,49.9,21596,134,14,124,-4,248877.69
2023-04-03,14,CE,Nordeste,HBO,34.9,13487,77,5,85,-13,108705.84
2023-04-03,14,CE,Nordeste,Telecine,29.9,10794,61,4,63,-6,74535.94
2023-04-03,14,CE,Nordeste,Premiere,24.9,8100,53,7,46,0,46579.68
2023-04-03,14,PE,Nordeste,Familia,49.9,23015,126,15,136,-25,265230.6
2023-04-03,14,PE,Nordeste,HBO,34.9,14399,87,6,82,-1,116056.61
2023-04-03,14,PE,Nordeste,Telecine,29.9,11523,71,4,64,3,79569.91
2023-04-03,14,PE,Nordeste,Premiere,24.9,8633,54,7,54,-7,49644.73
2023-04-03,14,MA,Nordeste,Familia,49.9,16325,100,10,85,5,188133.37
2023-04-03,14,MA,Nordeste,HBO,34.9,10197,58,4,57,-3,82188.29
2023-04-03,14,MA,Nordeste,Telecine,29.9,8159,44,2,43,-1,56340.44
2023-04-03,14,MA,Nordeste,Premiere,24.9,6118,42,6,38,-2,35182.03
2023-04-03,14,PB,Nordeste,Familia,49.9,9593,51,5,53,-7,110552.12
2023-04-03,14,PB,Nordeste,HBO,34.9,5997,34,2,35,-3,48336.1
2023-04-03,14,PB,Nordeste,Telecine,29.9,4795,26,1,30,-5,33110.97
2023-04-03,14,PB,Nordeste,Premiere,24.9,3603,24,3,18,3,20719.33
2023-04-03,14,RN,Nordeste,Familia,49.9,8640,54,5,49,0,99569.52
2023-04-03,14,RN,Nordeste,HBO,34.9,5397,30,2,31,-3,43500.07
2023-04-03,14,RN,Nordeste,Telecine,29.9,4317,25,1,27,-3,29810.23
2023-04-03,14,RN,Nordeste,Premiere,24.9,3241,21,3,17,1,18637.62
2023-04-03,14,AL,Nordeste,Familia,49.9,7680,45,5,40,0,88506.24
2023-04-03,14,AL,Nordeste,HBO,34.9,4799,27,2,26,-1,38680.16
2023-04-03,14,AL,Nordeste,Telecine,29.9,3839,23,1,23,-1,26509.49
2023-04-03,14,AL,Nordeste,Premiere,24.9,2881,18,2,15,1,16567.41
2023-04-03,14,SE,Nordeste,Familia,49.9,5278,28,2,28,-2,60824.99
2023-04-03,14,SE,Nordeste,HBO,34.9,3298,17,1,18,-2,26582.03
2023-04-03,14,SE,Nordeste,Telecine,29.9,2636,13,1,16,-4,18202.4
2023-04-03,14,SE,Nordeste,Premiere,24.9,1980,12,1,11,0,11386.14
2023-04-03,14,PI,Nordeste,Familia,49.9,7677,43,4,42,-3,88471.66
2023-04-03,14,PI,Nordeste,HBO,34.9,4797,27,1,29,-3,38664.04
2023-04-03,14,PI,Nordeste,Telecine,29.9,3841,22,1,20,1,26523.3
2023-04-03,14,PI,Nordeste,Premiere,24.9,2880,17,2,15,0,16561.66
2023-04-03,14,GO,Centro-Oeste,Familia,49.9,15825,92,8,99,-15,182371.25
2023-04-03,14,GO,Centro-Oeste,HBO,34.9,9898,63,4,61,-2,79778.34
2023-04-03,14,GO,Centro-Oeste,Telecine,29.9,7919,46,2,45,-1,54683.16
2023-04-03,14,GO,Centro-Oeste,Premiere,24.9,5936,38,5,37,-4,34135.43
2023-04-03,14,MT,Centro-Oeste,Familia,49.9,8157,46,4,45,-3,94003.3
2023-04-03,14,MT,Centro-Oeste,HBO,34.9,5099,29,2,28,-1,41098.18
2023-04-03,14,MT,Centro-Oeste,Telecine,29.9,4079,21,1,21,-1,28166.77
2023-04-03,14,MT,Centro-Oeste,Premiere,24.9,3061,20,2,17,1,17602.52
2023-04-03,14,MS,Centro-Oeste,Familia,49.9,6240,37,4,33,0,71911.32
2023-04-03,14,MS,Centro-Oeste,HBO,34.9,3902,23,1,20,2,31450.3
2023-04-03,14,MS,Centro-Oeste,Telecine,29.9,3119,16,0,17,-1,21537.67
2023-04-03,14,MS,Centro-Oeste,Premiere,24.9,2337,13,2,14,-3,13439.1
2023-04-03,14,DF,Centro-Oeste,Familia,49.9,6717,37,3,37,-3,77408.38
2023-04-03,14,DF,Centro-Oeste,HBO,34.9,4200,24,2,22,0,33852.19
2023-04-03,14,DF,Centro-Oeste,Telecine,29.9,3359,18,1,18,-1,23194.94
2023-04-03,14,DF,Centro-Oeste,Premiere,24.9,2521,17,2,14,1,14497.21
2023-04-03,14,AM,Norte,Familia,49.9,9586,50,4,60,-14,110471.45
2023-04-03,14,AM,Norte,HBO,34.9,5996,36,3,37,-4,48328.04
2023-04-03,14,AM,Norte,Telecine,29.9,4803,30,1,26,3,33166.21
2023-04-03,14,AM,Norte,Premiere,24.9,3600,24,3,21,0,20702.08
2023-04-03,14,PA,Norte,Familia,49.9,20132,107,12,123,-28,232006.19
2023-04-03,14,PA,Norte,HBO,34.9,12598,70,5,67,-2,101540.46
2023-04-03,14,PA,Norte,Telecine,29.9,10073,55,3,59,-7,69557.21
2023-04-03,14,PA,Norte,Premiere,24.9,7556,47,6,45,-4,43451.36
2023-04-03,14,RO,Norte,Familia,49.9,3840,24,2,22,0,44253.12
2023-04-03,14,RO,Norte,HBO,34.9,2400,13,1,12,0,19344.11
2023-04-03,14,RO,Norte,Telecine,29.9,1921,12,0,11,1,13265.1
2023-04-03,14,RO,Norte,Premiere,24.9,1440,8,1,7,0,8280.83
2023-04-03,14,AC,Norte,Familia,49.9,1919,9,0,10,-1,22115.03
2023-04-03,14,AC,Norte,HBO,34.9,1201,7,0,6,1,9680.12
2023-04-03,14,AC,Norte,Telecine,29.9,960,5,0,5,0,6629.1
2023-04-03,14,AC,Norte,Premiere,24.9,721,4,0,3,1,4146.17
2023-04-03,14,RR,Norte,Familia,49.9,1440,8,0,8,0,16594.92
2023-04-03,14,RR,Norte,HBO,34.9,901,5,0,4,1,7262.1
2023-04-03,14,RR,Norte,Telecine,29.9,719,3,0,4,-1,4964.92
2023-04-03,14,RR,Norte,Premiere,24.9,540,3,0,3,0,3105.31
2023-04-03,14,AP,Norte,Familia,49.9,1920,11,1,10,0,22126.56
2023-04-03,14,AP,Norte,HBO,34.9,1201,7,0,6,1,9680.12
2023-04-03,14,AP,Norte,Telecine,29.9,960,5,0,5,0,6629.1
2023-04-03,14,AP,Norte,Premiere,24.9,720,4,0,4,0,4140.42
2023-04-03,14,TO,Norte,Familia,49.9,3356,16,1,19,-4,38675.38
2023-04-03,14,TO,Norte,HBO,34.9,2099,11,0,12,-1,16918.04
2023-04-03,14,TO,Norte,Telecine,29.9,1680,9,0,9,0,11600.92
2023-04-03,14,TO,Norte,Premiere,24.9,1259,7,1,7,-1,7239.98
2023-04-10,15,SP,Sudeste,Familia,49.9,104572,655,78,645,-68,1205113.81
2023-04-10,15,SP,Sudeste,HBO,34.9,65353,371,28,390,-47,526748.2
2023-04-10,15,SP,Sudeste,Telecine,29.9,52289,307,21,317,-31,361071.85
2023-04-10,15,SP,Sudeste,Premiere,24.9,39258,291,36,237,18,225756.17
2023-04-10,15,RJ,Sudeste,Familia,49.9,39332,208,23,213,-28,453271.78
2023-04-10,15,RJ,Sudeste,HBO,34.9,24612,157,12,133,12,198373.86
2023-04-10,15,RJ,Sudeste,Telecine,29.9,19663,109,8,118,-17,135779.15
2023-04-10,15,RJ,Sudeste,Premiere,24.9,14755,100,13,92,-5,84849.77
2023-04-10,15,MG,Sudeste,Familia,49.9,48935,302,33,294,-25,563939.15
2023-04-10,15,MG,Sudeste,HBO,34.9,30597,176,12,166,-2,246613.23
2023-04-10,15,MG,Sudeste,Telecine,29.9,24472,127,7,128,-8,168986.79
2023-04-10,15,MG,Sudeste,Premiere,24.9,18376,133,18,98,17,105672.61
2023-04-10,15,ES,Sudeste,Familia,49.9,9117,56,6,53,-3,105066.58
2023-04-10,15,ES,Sudeste,HBO,34.9,5700,36,3,33,0,45942.26
2023-04-10,15,ES,Sudeste,Telecine,29.9,4560,28,1,27,0,31488.22
2023-04-10,15,ES,Sudeste,Premiere,24.9,3419,22,3,20,-1,19661.22
2023-04-10,15,PR,Sul,Familia,49.9,26860,149,15,154,-20,309541.34
2023-04-10,15,PR,Sul,HBO,34.9,16799,96,8,89,-1,135400.72
2023-04-10,15,PR,Sul,Telecine,29.9,13437,85,6,82,-3,92786.67
2023-04-10,15,PR,Sul,Premiere,24.9,10079,67,8,60,-1,57960.07
2023-04-10,15,SC,Sul,Familia,49.9,17260,92,10,102,-20,198908.55
2023-04-10,15,SC,Sul,HBO,34.9,10797,61,4,60,-3,87024.32
2023-04-10,15,SC,Sul,Telecine,29.9,8632,48,3,53,-8,59606.65
2023-04-10,15,SC,Sul,Premiere,24.9,6477,42,6,39,-3,37246.49
2023-04-10,15,RS,Sul,Familia,49.9,26884,182,22,156,4,309817.92
2023-04-10,15,RS,Sul,HBO,34.9,16790,94,7,97,-10,135328.18
2023-04-10,15,RS,Sul,Telecine,29.9,13438,82,5,79,-2,92793.58
2023-04-10,15,RS,Sul,Premiere,24.9,10074,66,9,63,-6,57931.32
2023-04-10,15,BA,Nordeste,Familia,49.9,34510,187,21,216,-50,397701.85
2023-04-10,15,BA,Nordeste,HBO,34.9,21596,133,9,128,-4,174064.76
2023-04-10,15,BA,Nordeste,Telecine,29.9,17285,114,8,101,5,119358.31
2023-04-10,15,BA,Nordeste,Premiere,24.9,12978,107,14,75,18,74630.99
2023-04-10,15,CE,Nordeste,Familia,49.9,21573,116,11,132,-27,248612.63
2023-04-10,15,CE,Nordeste,HBO,34.9,13511,92,7,74,11,108899.28
2023-04-10,15,CE,Nordeste,Telecine,29.9,10796,60,4,60,-4,74549.75
2023-04-10,15,CE,Nordeste,Premiere,24.9,8098,47,7,42,-2,46568.18
2023-04-10,15,PE,Nordeste,Familia,49.9,23035,137,14,128,-5,265461.09
2023-04-10,15,PE,Nordeste,HBO,34.9,14413,96,7,76,13,116169.45
2023-04-10,15,PE,Nordeste,Telecine,29.9,11519,70,5,66,-1,79542.29
2023-04-10,15,PE,Nordeste,Premiere,24.9,8637,53,7,49,-3,49667.74
2023-04-10,15,MA,Nordeste,Familia,49.9,16326,101,9,86,6,188144.9
2023-04-10,15,MA,Nordeste,HBO,34.9,10196,58,4,58,-4,82180.23
2023-04-10,15,MA,Nordeste,Telecine,29.9,8165,50,3,42,5,56381.87
2023-04-10,15,MA,Nordeste,Premiere,24.9,6122,38,4,32,2,35205.03
2023-04-10,15,PB,Nordeste,Familia,49.9,9600,57,6,51,0,110632.79
2023-04-10,15,PB,Nordeste,HBO,34.9,6000,35,3,32,0,48360.28
2023-04-10,15,PB,Nordeste,Telecine,29.9,4801,27,1,25,1,33152.4
2023-04-10,15,PB,Nordeste,Premiere,24.9,3604,28,4,20,4,20725.08
2023-04-10,15,RN,Nordeste,Familia,49.9,8636,45,4,45,-4,99523.42
2023-04-10,15,RN,Nordeste,HBO,34.9,5394,30,2,34,-6,43475.89
2023-04-10,15,RN,Nordeste,Telecine,29.9,4318,25,1,26,-2,29817.14
2023-04-10,15,RN,Nordeste,Premiere,24.9,3242,24,3,19,2,18643.37
2023-04-10,15,AL,Nordeste,Familia,49.9,7679,48,5,44,-1,88494.71
2023-04-10,15,AL,Nordeste,HBO,34.9,4795,26,1,30,-5,38647.92
2023-04-10,15,AL,Nordeste,Telecine,29.9,3841,24,1,22,1,26523.3
2023-04-10,15,AL,Nordeste,Premiere,24.9,2882,19,2,15,2,16573.16
2023-04-10,15,SE,Nordeste,Familia,49.9,5278,33,3,32,-2,60824.99
2023-04-10,15,SE,Nordeste,HBO,34.9,3302,20,1,17,2,26614.27
2023-04-10,15,SE,Nordeste,Telecine,29.9,2644,19,1,14,4,18257.64
2023-04-10,15,SE,Nordeste,Premiere,24.9,1979,12,1,12,-1,11380.39
2023-04-10,15,PI,Nordeste,Familia,49.9,7680,46,5,41,0,88506.24
2023-04-10,15,PI,Nordeste,HBO,34.9,4800,31,2,29,0,38688.22
2023-04-10,15,PI,Nordeste,Telecine,29.9,3839,23,1,23,-1,26509.49
2023-04-10,15,PI,Nordeste,Premiere,24.9,2881,18,2,15,1,16567.41
2023-04-10,15,GO,Centro-Oeste,Familia,49.9,15829,96,11,96,-11,182417.34
2023-04-10,15,GO,Centro-Oeste,HBO,34.9,9890,53,3,60,-10,79713.86
2023-04-10,15,GO,Centro-Oeste,Telecine,29.9,7924,50,3,43,4,54717.69
2023-04-10,15,GO,Centro-Oeste,Premiere,24.9,5940,39,5,34,0,34158.43
2023-04-10,15,MT,Centro-Oeste,Familia,49.9,8153,48,4,51,-7,93957.21
2023-04-10,15,MT,Centro-Oeste,HBO,34.9,5096,29,2,31,-4,41074.0
2023-04-10,15,MT,Centro-Oeste,Telecine,29.9,4079,23,1,23,-1,28166.77
2023-04-10,15,MT,Centro-Oeste,Premiere,24.9,3063,22,3,16,3,17614.02
2023-04-10,15,MS,Centro-Oeste,Familia,49.9,6233,36,4,39,-7,71830.65
2023-04-10,15,MS,Centro-Oeste,HBO,34.9,3900,25,1,24,0,31434.18
2023-04-10,15,MS,Centro-Oeste,Telecine,29.9,3117,17,1,19,-3,21523.86
2023-04-10,15,MS,Centro-Oeste,Premiere,24.9,2340,14,2,12,0,13456.35
2023-04-10,15,DF,Centro-Oeste,Familia,49.9,6720,44,4,40,0,77442.96
2023-04-10,15,DF,Centro-Oeste,HBO,34.9,4202,26,2,22,2,33868.31
2023-04-10,15,DF,Centro-Oeste,Telecine,29.9,3360,19,1,18,0,23201.85
2023-04-10,15,DF,Centro-Oeste,Premiere,24.9,2522,18,2,14,2,14502.96
2023-04-10,15,AM,Norte,Familia,49.9,9599,60,7,54,-1,110621.27
2023-04-10,15,AM,Norte,HBO,34.9,6000,35,3,32,0,48360.28
2023-04-10,15,AM,Norte,Telecine,29.9,4798,28,1,29,-2,33131.69
2023-04-10,15,AM,Norte,Premiere,24.9,3603,27,3,21,3,20719.33
2023-04-10,15,PA,Norte,Familia,49.9,20149,105,10,106,-11,232202.1
2023-04-10,15,PA,Norte,HBO,34.9,12598,73,5,70,-2,101540.46
2023-04-10,15,PA,Norte,Telecine,29.9,10075,51,3,53,-5,69571.02
2023-04-10,15,PA,Norte,Premiere,24.9,7564,54,6,44,4,43497.37
2023-04-10,15,RO,Norte,Familia,49.9,3840,23,2,21,0,44253.12
2023-04-10,15,RO,Norte,HBO,34.9,2400,13,1,12,0,19344.11
2023-04-10,15,RO,Norte,Telecine,29.9,1921,12,0,11,1,13265.1
2023-04-10,15,RO,Norte,Premiere,24.9,1440,9,1,8,0,8280.83
2023-04-10,15,AC,Norte,Familia,49.9,1919,11,1,11,-1,22115.03
2023-04-10,15,AC,Norte,HBO,34.9,1200,7,0,7,0,9672.06
2023-04-10,15,AC,Norte,Telecine,29.9,961,6,0,5,1,6636.0
2023-04-10,15,AC,Norte,Premiere,24.9,722,5,0,3,2,4151.92
2023-04-10,15,RR,Norte,Familia,49.9,1440,8,0,8,0,16594.92
2023-04-10,15,RR,Norte,HBO,34.9,900,5,0,5,0,7254.04
2023-04-10,15,RR,Norte,Telecine,29.9,720,4,0,4,0,4971.82
2023-04-10,15,RR,Norte,Premiere,24.9,540,3,0,3,0,3105.31
2023-04-10,15,AP,Norte,Familia,49.9,1919,11,1,11,-1,22115.03
2023-04-10,15,AP,Norte,HBO,34.9,1200,6,0,6,0,9672.06
2023-04-10,15,AP,Norte,Telecine,29.9,961,6,0,5,1,6636.0
2023-04-10,15,AP,Norte,Premiere,24.9,720,4,0,4,0,4140.42
2023-04-10,15,TO,Norte,Familia,49.9,3359,19,2,18,-1,38709.95
2023-04-10,15,TO,Norte,HBO,34.9,2099,12,0,13,-1,16918.04
2023-04-10,15,TO,Norte,Telecine,29.9,1680,10,0,10,0,11600.92
2023-04-10,15,TO,Norte,Premiere,24.9,1261,8,1,6,1,7251.48
2023-04-17,16,SP,Sudeste,Familia,49.9,104536,574,62,616,-104,1204698.94
2023-04-17,16,SP,Sudeste,HBO,34.9,65413,384,30,341,13,527231.8
2023-04-17,16,SP,Sudeste,Telecine,29.9,52303,308,21,304,-17,361168.52
2023-04-17,16,SP,Sudeste,Premiere,24.9,39245,262,36,221,5,225681.41
2023-04-17,16,RJ,Sudeste,Familia,49.9,39326,244,30,248,-34,453202.63
2023-04-17,16,RJ,Sudeste,HBO,34.9,24573,122,9,140,-27,198059.52
2023-04-17,16,RJ,Sudeste,Telecine,29.9,19679,114,7,108,-1,135889.63
2023-04-17,16,RJ,Sudeste,Premiere,24.9,14744,89,12,93,-16,84786.51
2023-04-17,16,MG,Sudeste,Familia,49.9,48952,282,27,263,-8,564135.06
2023-04-17,16,MG,Sudeste,HBO,34.9,30575,166,13,177,-24,246435.91
2023-04-17,16,MG,Sudeste,Telecine,29.9,24468,130,7,135,-12,168959.17
2023-04-17,16,MG,Sudeste,Premiere,24.9,18338,111,17,115,-21,105454.09
2023-04-17,16,ES,Sudeste,Familia,49.9,9122,55,6,47,2,105124.2
2023-04-17,16,ES,Sudeste,HBO,34.9,5690,27,2,35,-10,45861.66
2023-04-17,16,ES,Sudeste,Telecine,29.9,4560,26,1,25,0,31488.22
2023-04-17,16,ES,Sudeste,Premiere,24.9,3420,23,3,20,0,19666.97
2023-04-17,16,PR,Sul,Familia,49.9,26868,157,17,152,-12,309633.53
2023-04-17,16,PR,Sul,HBO,34.9,16771,82,5,106,-29,135175.03
2023-04-17,16,PR,Sul,Telecine,29.9,13438,76,5,73,-2,92793.58
2023-04-17,16,PR,Sul,Premiere,24.9,10081,71,10,60,1,57971.57
2023-04-17,16,SC,Sul,Familia,49.9,17272,100,11,97,-8,199046.84
2023-04-17,16,SC,Sul,HBO,34.9,10798,61,5,58,-2,87032.38
2023-04-17,16,SC,Sul,Telecine,29.9,8629,43,2,52,-11,59585.94
2023-04-17,16,SC,Sul,Premiere,24.9,6475,39,5,39,-5,37234.99
2023-04-17,16,RS,Sul,Familia,49.9,26848,130,15,147,-32,309403.05
2023-04-17,16,RS,Sul,HBO,34.9,16798,102,7,97,-2,135392.66
2023-04-17,16,RS,Sul,Telecine,29.9,13428,77,5,84,-12,92724.53
2023-04-17,16,RS,Sul,Premiere,24.9,10084,76,10,62,4,57988.82
2023-04-17,16,BA,Nordeste,Familia,49.9,34534,200,24,202,-26,397978.43
2023-04-17,16,BA,Nordeste,HBO,34.9,21582,112,9,121,-18,173951.92
2023-04-17,16,BA,Nordeste,Telecine,29.9,17265,98,6,107,-15,119220.21
2023-04-17,16,BA,Nordeste,Premiere,24.9,12948,79,10,81,-12,74458.48
2023-04-17,16,CE,Nordeste,Familia,49.9,21592,131,16,123,-8,248831.59
2023-04-17,16,CE,Nordeste,HBO,34.9,13492,75,5,78,-8,108746.14
2023-04-17,16,CE,Nordeste,Telecine,29.9,10796,56,4,56,-4,74549.75
2023-04-17,16,CE,Nordeste,Premiere,24.9,8105,56,6,45,5,46608.43
2023-04-17,16,PE,Nordeste,Familia,49.9,23017,117,12,128,-23,265253.65
2023-04-17,16,PE,Nordeste,HBO,34.9,14391,75,5,79,-9,115992.12
2023-04-17,16,PE,Nordeste,Telecine,29.9,11514,65,4,67,-6,79507.76
2023-04-17,16,PE,Nordeste,Premiere,24.9,8642,58,9,47,2,49696.49
2023-04-17,16,MA,Nordeste,Familia,49.9,16325,102,11,86,5,188133.37
2023-04-17,16,MA,Nordeste,HBO,34.9,10204,62,5,53,4,82244.71
2023-04-17,16,MA,Nordeste,Telecine,29.9,8159,52,3,50,-1,56340.44
2023-04-17,16,MA,Nordeste,Premiere,24.9,6120,41,4,37,0,35193.53
2023-04-17,16,PB,Nordeste,Familia,49.9,9584,48,4,60,-16,110448.41
2023-04-17,16,PB,Nordeste,HBO,34.9,5999,33,2,32,-1,48352.22
2023-04-17,16,PB,Nordeste,Telecine,29.9,4803,30,2,25,3,33166.21
2023-04-17,16,PB,Nordeste,Premiere,24.9,3600,21,2,19,0,20702.08
2023-04-17,16,RN,Nordeste,Familia,49.9,8635,47,5,47,-5,99511.89
2023-04-17,16,RN,Nordeste,HBO,34.9,5395,27,2,30,-5,43483.95
2023-04-17,16,RN,Nordeste,Telecine,29.9,4318,23,1,24,-2,29817.14
2023-04-17,16,RN,Nordeste,Premiere,24.9,3242,22,2,18,2,18643.37
2023-04-17,16,AL,Nordeste,Familia,49.9,7677,45,5,43,-3,88471.66
2023-04-17,16,AL,Nordeste,HBO,34.9,4800,28,2,26,0,38688.22
2023-04-17,16,AL,Nordeste,Telecine,29.9,3840,22,1,21,0,26516.4
2023-04-17,16,AL,Nordeste,Premiere,24.9,2879,18,2,17,-1,16555.91
2023-04-17,16,SE,Nordeste,Familia,49.9,5276,28,3,29,-4,60801.94
2023-04-17,16,SE,Nordeste,HBO,34.9,3300,20,1,19,0,26598.15
2023-04-17,16,SE,Nordeste,Telecine,29.9,2638,15,1,16,-2,18216.21
2023-04-17,16,SE,Nordeste,Premiere,24.9,1978,11,1,12,-2,11374.64
2023-04-17,16,PI,Nordeste,Familia,49.9,7671,37,4,42,-9,88402.52
2023-04-17,16,PI,Nordeste,HBO,34.9,4797,28,2,29,-3,38664.04
2023-04-17,16,PI,Nordeste,Telecine,29.9,3844,25,1,20,4,26544.02
2023-04-17,16,PI,Nordeste,Premiere,24.9,2882,20,2,16,2,16573.16
2023-04-17,16,GO,Centro-Oeste,Familia,49.9,15826,83,9,88,-14,182382.77
2023-04-17,16,GO,Centro-Oeste,HBO,34.9,9894,54,4,56,-6,79746.1
2023-04-17,16,GO,Centro-Oeste,Telecine,29.9,7916,46,2,48,-4,54662.45
2023-04-17,16,GO,Centro-Oeste,Premiere,24.9,5939,41,6,36,-1,34152.68
2023-04-17,16,MT,Centro-Oeste,Familia,49.9,8155,47,5,47,-5,93980.25
2023-04-17,16,MT,Centro-Oeste,HBO,34.9,5096,27,2,29,-4,41074.0
2023-04-17,16,MT,Centro-Oeste,Telecine,29.9,4080,22,1,21,0,28173.67
2023-04-17,16,MT,Centro-Oeste,Premiere,24.9,3062,20,2,16,2,17608.27
2023-04-17,16,MS,Centro-Oeste,Familia,49.9,6231,32,3,38,-9,71807.6
2023-04-17,16,MS,Centro-Oeste,HBO,34.9,3901,22,1,20,1,31442.24
2023-04-17,16,MS,Centro-Oeste,Telecine,29.9,3116,14,0,18,-4,21516.95
2023-04-17,16,MS,Centro-Oeste,Premiere,24.9,2341,17,2,14,1,13462.1
2023-04-17,16,DF,Centro-Oeste,Familia,49.9,6718,36,3,35,-2,77419.91
2023-04-17,16,DF,Centro-Oeste,HBO,34.9,4201,24,1,22,1,33860.25
2023-04-17,16,DF,Centro-Oeste,Telecine,29.9,3358,18,1,19,-2,23188.04
2023-04-17,16,DF,Centro-Oeste,Premiere,24.9,2517,14,2,15,-3,14474.2
2023-04-17,16,AM,Norte,Familia,49.9,9595,56,5,56,-5,110575.17
2023-04-17,16,AM,Norte,HBO,34.9,5992,32,2,38,-8,48295.8
2023-04-17,16,AM,Norte,Telecine,29.9,4799,25,1,25,-1,33138.59
2023-04-17,16,AM,Norte,Premiere,24.9,3598,22,3,21,-2,20690.58
2023-04-17,16,PA,Norte,Familia,49.9,20159,119,13,107,-1,232317.34
2023-04-17,16,PA,Norte,HBO,34.9,12593,78,6,79,-7,101500.16
2023-04-17,16,PA,Norte,Telecine,29.9,10078,57,3,56,-2,69591.73
2023-04-17,16,PA,Norte,Premiere,24.9,7560,52,7,45,0,43474.36
2023-04-17,16,RO,Norte,Familia,49.9,3836,20,2,22,-4,44207.02
2023-04-17,16,RO,Norte,HBO,34.9,2398,13,1,14,-2,19327.99
2023-04-17,16,RO,Norte,Telecine,29.9,1919,11,0,12,-1,13251.29
2023-04-17,16,RO,Norte,Premiere,24.9,1439,8,1,8,-1,8275.08
2023-04-17,16,AC,Norte,Familia,49.9,1920,12,1,11,0,22126.56
2023-04-17,16,AC,Norte,HBO,34.9,1200,6,0,6,0,9672.06
2023-04-17,16,AC,Norte,Telecine,29.9,960,5,0,5,0,6629.1
2023-04-17,16,AC,Norte,Premiere,24.9,720,4,0,4,0,4140.42
2023-04-17,16,RR,Norte,Familia,49.9,1439,7,0,8,-1,16583.39
2023-04-17,16,RR,Norte,HBO,34.9,900,4,0,4,0,7254.04
2023-04-17,16,RR,Norte,Telecine,29.9,721,4,0,3,1,4978.73
2023-04-17,16,RR,Norte,Premiere,24.9,541,3,0,2,1,3111.06
2023-04-17,16,AP,Norte,Familia,49.9,1919,11,1,11,-1,22115.03
2023-04-17,16,AP,Norte,HBO,34.9,1201,7,0,6,1,9680.12
2023-04-17,16,AP,Norte,Telecine,29.9,960,5,0,5,0,6629.1
2023-04-17,16,AP,Norte,Premiere,24.9,721,4,0,3,1,4146.17
2023-04-17,16,TO,Norte,Familia,49.9,3362,20,1,17,2,38744.53
2023-04-17,16,TO,Norte,HBO,34.9,2100,12,0,12,0,16926.1
2023-04-17,16,TO,Norte,Telecine,29.9,1679,8,0,9,-1,11594.02
2023-04-17,16,TO,Norte,Premiere,24.9,1260,7,0,7,0,7245.73
2023-04-24,17,SP,Sudeste,Familia,49.9,104639,707,83,625,-1,1205885.94
2023-04-24,17,SP,Sudeste,HBO,34.9,65394,369,26,349,-6,527078.66
2023-04-24,17,SP,Sudeste,Telecine,29.9,52258,281,20,323,-62,360857.78
2023-04-24,17,SP,Sudeste,Premiere,24.9,39267,268,33,208,27,225807.92
2023-04-24,17,RJ,Sudeste,Familia,49.9,39341,239,28,230,-19,453375.5
2023-04-24,17,RJ,Sudeste,HBO,34.9,24596,160,13,151,-4,198244.9
2023-04-24,17,RJ,Sudeste,Telecine,29.9,19675,121,7,119,-5,135862.01
2023-04-24,17,RJ,Sudeste,Premiere,24.9,14761,97,14,82,1,84884.27
2023-04-24,17,MG,Sudeste,Familia,49.9,48972,306,38,256,12,564365.54
2023-04-24,17,MG,Sudeste,HBO,34.9,30584,163,13,165,-15,246508.45
2023-04-24,17,MG,Sudeste,Telecine,29.9,24477,147,9,141,-3,169021.32
2023-04-24,17,MG,Sudeste,Premiere,24.9,18356,128,17,114,-3,105557.6
2023-04-24,17,ES,Sudeste,Familia,49.9,9112,51,5,54,-8,105008.96
2023-04-24,17,ES,Sudeste,HBO,34.9,5697,32,2,33,-3,45918.08
2023-04-24,17,ES,Sudeste,Telecine,29.9,4559,25,1,25,-1,31481.32
2023-04-24,17,ES,Sudeste,Premiere,24.9,3418,19,3,18,-2,19655.47
2023-04-24,17,PR,Sul,Familia,49.9,26860,144,14,150,-20,309541.34
2023-04-24,17,PR,Sul,HBO,34.9,16788,87,7,92,-12,135312.06
2023-04-24,17,PR,Sul,Telecine,29.9,13445,82,6,71,5,92841.92
2023-04-24,17,PR,Sul,Premiere,24.9,10080,71,8,63,0,57965.82
2023-04-24,17,SC,Sul,Familia,49.9,17265,104,11,108,-15,198966.17
2023-04-24,17,SC,Sul,HBO,34.9,10794,57,4,59,-6,87000.14
2023-04-24,17,SC,Sul,Telecine,29.9,8646,55,3,46,6,59703.33
2023-04-24,17,SC,Sul,Premiere,24.9,6483,43,6,34,3,37280.99
2023-04-24,17,RS,Sul,Familia,49.9,26854,147,14,159,-26,309472.19
2023-04-24,17,RS,Sul,HBO,34.9,16791,95,7,97,-9,135336.24
2023-04-24,17,RS,Sul,Telecine,29.9,13440,86,6,80,0,92807.39
2023-04-24,17,RS,Sul,Premiere,24.9,10078,62,7,57,-2,57954.32
2023-04-24,17,BA,Nordeste,Familia,49.9,34548,216,26,202,-12,398139.77
2023-04-24,17,BA,Nordeste,HBO,34.9,21585,132,11,136,-15,173976.1
2023-04-24,17,BA,Nordeste,Telecine,29.9,17265,95,7,103,-15,119220.21
2023-04-24,17,BA,Nordeste,Premiere,24.9,12962,92,11,79,2,74538.98
2023-04-24,17,CE,Nordeste,Familia,49.9,21586,121,14,121,-14,248762.45
2023-04-24,17,CE,Nordeste,HBO,34.9,13494,73,5,74,-6,108762.26
2023-04-24,17,CE,Nordeste,Telecine,29.9,10801,73,5,67,1,74584.27
2023-04-24,17,CE,Nordeste,Premiere,24.9,8107,56,7,42,7,46619.93
2023-04-24,17,PE,Nordeste,Familia,49.9,23025,142,14,143,-15,265345.84
2023-04-24,17,PE,Nordeste,HBO,34.9,14402,94,6,86,2,116080.79
2023-04-24,17,PE,Nordeste,Telecine,29.9,11524,72,4,64,4,79576.81
2023-04-24,17,PE,Nordeste,Premiere,24.9,8639,54,8,47,-1,49679.24
2023-04-24,17,MA,Nordeste,Familia,49.9,16316,99,11,92,-4,188029.65
2023-04-24,17,MA,Nordeste,HBO,34.9,10190,56,3,63,-10,82131.87
2023-04-24,17,MA,Nordeste,Telecine,29.9,8156,49,3,50,-4,56319.72
2023-04-24,17,MA,Nordeste,Premiere,24.9,6119,44,7,38,-1,35187.78
2023-04-24,17,PB,Nordeste,Familia,49.9,9588,51,5,58,-12,110494.5
2023-04-24,17,PB,Nordeste,HBO,34.9,5995,33,2,36,-5,48319.98
2023-04-24,17,PB,Nordeste,Telecine,29.9,4801,27,1,25,1,33152.4
2023-04-24,17,PB,Nordeste,Premiere,24.9,3598,22,2,22,-2,20690.58
2023-04-24,17,RN,Nordeste,Familia,49.9,8645,58,6,47,5,99627.14
2023-04-24,17,RN,Nordeste,HBO,34.9,5399,32,2,31,-1,43516.19
2023-04-24,17,RN,Nordeste,Telecine,29.9,4318,23,1,24,-2,29817.14
2023-04-24,17,RN,Nordeste,Premiere,24.9,3243,23,2,18,3,18649.12
2023-04-24,17,AL,Nordeste,Familia,49.9,7683,48,5,40,3,88540.81
2023-04-24,17,AL,Nordeste,HBO,34.9,4800,29,2,27,0,38688.22
2023-04-24,17,AL,Nordeste,Telecine,29.9,3836,18,1,21,-4,26488.78
2023-04-24,17,AL,Nordeste,Premiere,24.9,2881,20,3,16,1,16567.41
2023-04-24,17,SE,Nordeste,Familia,49.9,5280,34,3,31,0,60848.04
2023-04-24,17,SE,Nordeste,HBO,34.9,3299,17,1,17,-1,26590.09
2023-04-24,17,SE,Nordeste,Telecine,29.9,2640,15,1,14,0,18230.02
2023-04-24,17,SE,Nordeste,Premiere,24.9,1982,14,1,11,2,11397.64
2023-04-24,17,PI,Nordeste,Familia,49.9,7670,42,4,48,-10,88390.99
2023-04-24,17,PI,Nordeste,HBO,34.9,4805,31,2,24,5,38728.52
2023-04-24,17,PI,Nordeste,Telecine,29.9,3838,21,1,22,-2,26502.59
2023-04-24,17,PI,Nordeste,Premiere,24.9,2883,21,2,16,3,16578.91
2023-04-24,17,GO,Centro-Oeste,Familia,49.9,15814,72,8,90,-26,182244.48
2023-04-24,17,GO,Centro-Oeste,HBO,34.9,9892,54,4,58,-8,79729.98
2023-04-24,17,GO,Centro-Oeste,Telecine,29.9,7923,49,3,43,3,54710.79
2023-04-24,17,GO,Centro-Oeste,Premiere,24.9,5946,43,5,32,6,34192.93
2023-04-24,17,MT,Centro-Oeste,Familia,49.9,8156,49,5,48,-4,93991.78
2023-04-24,17,MT,Centro-Oeste,HBO,34.9,5096,28,2,30,-4,41074.0
2023-04-24,17,MT,Centro-Oeste,Telecine,29.9,4072,18,1,25,-8,28118.43
2023-04-24,17,MT,Centro-Oeste,Premiere,24.9,3056,17,2,19,-4,17573.76
2023-04-24,17,MS,Centro-Oeste,Familia,49.9,6230,28,3,35,-10,71796.07
2023-04-24,17,MS,Centro-Oeste,HBO,34.9,3902,24,1,21,2,31450.3
2023-04-24,17,MS,Centro-Oeste,Telecine,29.9,3122,20,1,17,2,21558.38
2023-04-24,17,MS,Centro-Oeste,Premiere,24.9,2340,15,2,13,0,13456.35
2023-04-24,17,DF,Centro-Oeste,Familia,49.9,6718,41,4,39,-2,77419.91
2023-04-24,17,DF,Centro-Oeste,HBO,34.9,4199,24,1,24,-1,33844.13
2023-04-24,17,DF,Centro-Oeste,Telecine,29.9,3357,18,1,20,-3,23181.13
2023-04-24,17,DF,Centro-Oeste,Premiere,24.9,2519,16,2,15,-1,14485.7
2023-04-24,17,AM,Norte,Familia,49.9,9594,54,6,54,-6,110563.65
2023-04-24,17,AM,Norte,HBO,34.9,5995,33,3,35,-5,48319.98
2023-04-24,17,AM,Norte,Telecine,29.9,4799,28,1,28,-1,33138.59
2023-04-24,17,AM,Norte,Premiere,24.9,3601,25,3,21,1,20707.83
2023-04-24,17,PA,Norte,Familia,49.9,20137,109,12,120,-23,232063.81
2023-04-24,17,PA,Norte,HBO,34.9,12604,79,5,70,4,101588.82
2023-04-24,17,PA,Norte,Telecine,29.9,10074,60,3,63,-6,69564.11
2023-04-24,17,PA,Norte,Premiere,24.9,7567,56,8,41,7,43514.62
2023-04-24,17,RO,Norte,Familia,49.9,3838,21,2,21,-2,44230.07
2023-04-24,17,RO,Norte,HBO,34.9,2398,12,0,14,-2,19327.99
2023-04-24,17,RO,Norte,Telecine,29.9,1920,10,0,10,0,13258.2
2023-04-24,17,RO,Norte,Premiere,24.9,1442,10,1,7,2,8292.33
2023-04-24,17,AC,Norte,Familia,49.9,1919,11,1,11,-1,22115.03
2023-04-24,17,AC,Norte,HBO,34.9,1201,7,0,6,1,9680.12
2023-04-24,17,AC,Norte,Telecine,29.9,960,5,0,5,0,6629.1
2023-04-24,17,AC,Norte,Premiere,24.9,721,5,0,4,1,4146.17
2023-04-24,17,RR,Norte,Familia,49.9,1440,8,0,8,0,16594.92
2023-04-24,17,RR,Norte,HBO,34.9,900,5,0,5,0,7254.04
2023-04-24,17,RR,Norte,Telecine,29.9,720,4,0,4,0,4971.82
2023-04-24,17,RR,Norte,Premiere,24.9,542,4,0,2,2,3116.81
2023-04-24,17,AP,Norte,Familia,49.9,1921,12,1,10,1,22138.08
2023-04-24,17,AP,Norte,HBO,34.9,1200,7,0,7,0,9672.06
2023-04-24,17,AP,Norte,Telecine,29.9,960,5,0,5,0,6629.1
2023-04-24,17,AP,Norte,Premiere,24.9,720,4,0,4,0,4140.42
2023-04-24,17,TO,Norte,Familia,49.9,3353,14,1,20,-7,38640.81
2023-04-24,17,TO,Norte,HBO,34.9,2100,11,0,11,0,16926.1
2023-04-24,17,TO,Norte,Telecine,29.9,1680,9,0,9,0,11600.92
2023-04-24,17,TO,Norte,Premiere,24.9,1261,8,1,6,1,7251.48
2023-05-01,18,SP,Sudeste,Familia,49.9,104586,629,79,604,-54,1205275.15
2023-05-01,18,SP,Sudeste,HBO,34.9,65366,392,30,396,-34,526852.98
2023-05-01,18,SP,Sudeste,Telecine,29.9,52327,305,21,277,7,361334.25
2023-05-01,18,SP,Sudeste,Premiere,24.9,39207,241,32,242,-33,225462.89
2023-05-01,18,RJ,Sudeste,Familia,49.9,39346,223,27,210,-14,453433.12
2023-05-01,18,RJ,Sudeste,HBO,34.9,24596,137,11,130,-4,198244.9
2023-05-01,18,RJ,Sudeste,Telecine,29.9,19666,100,7,107,-14,135799.86
2023-05-01,18,RJ,Sudeste,Premiere,24.9,14771,106,15,80,11,84941.78
2023-05-01,18,MG,Sudeste,Familia,49.9,48926,298,29,303,-34,563835.43
2023-05-01,18,MG,Sudeste,HBO,34.9,30604,182,14,163,5,246669.65
2023-05-01,18,MG,Sudeste,Telecine,29.9,24451,128,9,148,-29,168841.78
2023-05-01,18,MG,Sudeste,Premiere,24.9,18358,119,14,106,-1,105569.1
2023-05-01,18,ES,Sudeste,Familia,49.9,9118,55,6,51,-2,105078.11
2023-05-01,18,ES,Sudeste,HBO,34.9,5698,32,2,32,-2,45926.14
2023-05-01,18,ES,Sudeste,Telecine,29.9,4555,24,1,28,-5,31453.7
2023-05-01,18,ES,Sudeste,Premiere,24.9,3416,17,2,19,-4,19643.97
2023-05-01,18,PR,Sul,Familia,49.9,26886,189,19,164,6,309840.97
2023-05-01,18,PR,Sul,HBO,34.9,16794,94,7,93,-6,135360.42
2023-05-01,18,PR,Sul,Telecine,29.9,13436,76,6,74,-4,92779.77
2023-05-01,18,PR,Sul,Premiere,24.9,10080,65,8,57,0,57965.82
2023-05-01,18,SC,Sul,Familia,49.9,17276,103,11,96,-4,199092.93
2023-05-01,18,SC,Sul,HBO,34.9,10780,52,4,68,-20,86887.3
2023-05-01,18,SC,Sul,Telecine,29.9,8633,44,2,49,-7,59613.56
2023-05-01,18,SC,Sul,Premiere,24.9,6479,40,6,35,-1,37257.99
2023-05-01,18,RS,Sul,Familia,49.9,26878,173,18,157,-2,309748.78
2023-05-01,18,RS,Sul,HBO,34.9,16786,93,6,101,-14,135295.94
2023-05-01,18,RS,Sul,Telecine,29.9,13433,79,5,81,-7,92759.05
2023-05-01,18,RS,Sul,Premiere,24.9,10075,65,8,62,-5,57937.07
2023-05-01,18,BA,Nordeste,Familia,49.9,34554,197,21,182,-6,398208.91
2023-05-01,18,BA,Nordeste,HBO,34.9,21579,122,8,135,-21,173927.74
2023-05-01,18,BA,Nordeste,Telecine,29.9,17272,99,7,100,-8,119268.55
2023-05-01,18,BA,Nordeste,Premiere,24.9,12959,87,11,77,-1,74521.73
2023-05-01,18,CE,Nordeste,Familia,49.9,21606,133,12,115,6,248992.93
2023-05-01,18,CE,Nordeste,HBO,34.9,13481,70,4,85,-19,108657.48
2023-05-01,18,CE,Nordeste,Telecine,29.9,10802,65,4,59,2,74591.18
2023-05-01,18,CE,Nordeste,Premiere,24.9,8105,56,7,44,5,46608.43
2023-05-01,18,PE,Nordeste,Familia,49.9,23050,147,16,121,10,265633.95
2023-05-01,18,PE,Nordeste,HBO,34.9,14397,78,5,76,-3,116040.48
2023-05-01,18,PE,Nordeste,Telecine,29.9,11515,70,5,70,-5,79514.67
2023-05-01,18,PE,Nordeste,Premiere,24.9,8641,56,7,48,1,49690.74
2023-05-01,18,MA,Nordeste,Familia,49.9,16308,90,9,93,-12,187937.46
2023-05-01,18,MA,Nordeste,HBO,34.9,10192,61,5,64,-8,82147.99
2023-05-01,18,MA,Nordeste,Telecine,29.9,8166,51,3,42,6,56388.78
2023-05-01,18,MA,Nordeste,Premiere,24.9,6130,47,5,32,10,35251.04
2023-05-01,18,PB,Nordeste,Familia,49.9,9595,59,5,59,-5,110575.17
2023-05-01,18,PB,Nordeste,HBO,34.9,6002,37,2,33,2,48376.4
2023-05-01,18,PB,Nordeste,Telecine,29.9,4798,26,1,27,-2,33131.69
2023-05-01,18,PB,Nordeste,Premiere,24.9,3597,21,2,22,-3,20684.83
2023-05-01,18,RN,Nordeste,Familia,49.9,8633,50,4,53,-7,99488.85
2023-05-01,18,RN,Nordeste,HBO,34.9,5396,29,2,31,-4,43492.01
2023-05-01,18,RN,Nordeste,Telecine,29.9,4317,22,1,24,-3,29810.23
2023-05-01,18,RN,Nordeste,Premiere,24.9,3241,21,3,17,1,18637.62
2023-05-01,18,AL,Nordeste,Familia,49.9,7676,41,4,41,-4,88460.14
2023-05-01,18,AL,Nordeste,HBO,34.9,4799,29,2,28,-1,38680.16
2023-05-01,18,AL,Nordeste,Telecine,29.9,3836,20,1,23,-4,26488.78
2023-05-01,18,AL,Nordeste,Premiere,24.9,2882,19,2,15,2,16573.16
2023-05-01,18,SE,Nordeste,Familia,49.9,5274,28,3,31,-6,60778.89
2023-05-01,18,SE,Nordeste,HBO,34.9,3300,21,1,20,0,26598.15
2023-05-01,18,SE,Nordeste,Telecine,29.9,2641,14,0,13,1,18236.93
2023-05-01,18,SE,Nordeste,Premiere,24.9,1981,12,1,10,1,11391.89
2023-05-01,18,PI,Nordeste,Familia,49.9,7667,38,4,47,-13,88356.42
2023-05-01,18,PI,Nordeste,HBO,34.9,4798,25,1,26,-2,38672.1
2023-05-01,18,PI,Nordeste,Telecine,29.9,3836,20,1,23,-4,26488.78
2023-05-01,18,PI,Nordeste,Premiere,24.9,2880,18,2,16,0,16561.66
2023-05-01,18,GO,Centro-Oeste,Familia,49.9,15824,93,9,100,-16,182359.72
2023-05-01,18,GO,Centro-Oeste,HBO,34.9,9894,53,4,55,-6,79746.1
2023-05-01,18,GO,Centro-Oeste,Telecine,29.9,7923,48,3,42,3,54710.79
2023-05-01,18,GO,Centro-Oeste,Premiere,24.9,5938,39,5,36,-2,34146.93
2023-05-01,18,MT,Centro-Oeste,Familia,49.9,8156,52,6,50,-4,93991.78
2023-05-01,18,MT,Centro-Oeste,HBO,34.9,5103,32,2,27,3,41130.42
2023-05-01,18,MT,Centro-Oeste,Telecine,29.9,4081,26,1,24,1,28180.58
2023-05-01,18,MT,Centro-Oeste,Premiere,24.9,3060,20,2,18,0,17596.77
2023-05-01,18,MS,Centro-Oeste,Familia,49.9,6238,34,3,33,-2,71888.27
2023-05-01,18,MS,Centro-Oeste,HBO,34.9,3901,22,1,20,1,31442.24
2023-05-01,18,MS,Centro-Oeste,Telecine,29.9,3120,19,1,18,0,21544.57
2023-05-01,18,MS,Centro-Oeste,Premiere,24.9,2339,13,2,12,-1,13450.6
2023-05-01,18,DF,Centro-Oeste,Familia,49.9,6719,38,4,35,-1,77431.43
2023-05-01,18,DF,Centro-Oeste,HBO,34.9,4201,26,1,24,1,33860.25
2023-05-01,18,DF,Centro-Oeste,Telecine,29.9,3360,20,1,19,0,23201.85
2023-05-01,18,DF,Centro-Oeste,Premiere,24.9,2520,16,2,14,0,14491.45
2023-05-01,18,AM,Norte,Familia,49.9,9594,52,6,52,-6,110563.65
2023-05-01,18,AM,Norte,HBO,34.9,5993,30,2,35,-7,48303.86
2023-05-01,18,AM,Norte,Telecine,29.9,4800,29,1,28,0,33145.5
2023-05-01,18,AM,Norte,Premiere,24.9,3602,25,3,20,2,20713.58
2023-05-01,18,PA,Norte,Familia,49.9,20151,115,11,113,-9,232225.15
2023-05-01,18,PA,Norte,HBO,34.9,12599,75,6,70,-1,101548.52
2023-05-01,18,PA,Norte,Telecine,29.9,10075,55,4,56,-5,69571.02
2023-05-01,18,PA,Norte,Premiere,24.9,7559,49,7,43,-1,43468.61
2023-05-01,18,RO,Norte,Familia,49.9,3841,24,2,21,1,44264.64
2023-05-01,18,RO,Norte,HBO,34.9,2399,13,1,13,-1,19336.05
2023-05-01,18,RO,Norte,Telecine,29.9,1921,12,0,11,1,13265.1
2023-05-01,18,RO,Norte,Premiere,24.9,1441,9,1,7,1,8286.58
2023-05-01,18,AC,Norte,Familia,49.9,1919,11,1,11,-1,22115.03
2023-05-01,18,AC,Norte,HBO,34.9,1200,6,0,6,0,9672.06
2023-05-01,18,AC,Norte,Telecine,29.9,960,5,0,5,0,6629.1
2023-05-01,18,AC,Norte,Premiere,24.9,722,5,0,3,2,4151.92
2023-05-01,18,RR,Norte,Familia,49.9,1441,8,0,7,1,16606.44
2023-05-01,18,RR,Norte,HBO,34.9,900,5,0,5,0,7254.04
2023-05-01,18,RR,Norte,Telecine,29.9,720,4,0,4,0,4971.82
2023-05-01,18,RR,Norte,Premiere,24.9,542,4,0,2,2,3116.81
2023-05-01,18,AP,Norte,Familia,49.9,1918,9,0,11,-2,22103.51
2023-05-01,18,AP,Norte,HBO,34.9,1199,6,0,7,-1,9664.0
2023-05-01,18,AP,Norte,Telecine,29.9,959,5,0,6,-1,6622.19
2023-05-01,18,AP,Norte,Premiere,24.9,720,4,0,4,0,4140.42
2023-05-01,18,TO,Norte,Familia,49.9,3359,19,1,19,-1,38709.95
2023-05-01,18,TO,Norte,HBO,34.9,2098,11,0,13,-2,16909.98
2023-05-01,18,TO,Norte,Telecine,29.9,1678,8,0,10,-2,11587.11
2023-05-01,18,TO,Norte,Premiere,24.9,1261,9,1,7,1,7251.48
2023-05-08,19,SP,Sudeste,Familia,49.9,104494,524,56,614,-146,1204214.92
2023-05-08,19,SP,Sudeste,HBO,34.9,65316,345,27,402,-84,526449.98
2023-05-08,19,SP,Sudeste,Telecine,29.9,52297,290,21,292,-23,361127.09
2023-05-08,19,SP,Sudeste,Premiere,24.9,39225,272,43,244,-15,225566.4
2023-05-08,19,RJ,Sudeste,Familia,49.9,39342,236,26,228,-18,453387.02
2023-05-08,19,RJ,Sudeste,HBO,34.9,24605,166,13,148,5,198317.44
2023-05-08,19,RJ,Sudeste,Telecine,29.9,19665,106,6,115,-15,135792.96
2023-05-08,19,RJ,Sudeste,Premiere,24.9,14754,96,14,88,-6,84844.02
2023-05-08,19,MG,Sudeste,Familia,49.9,48920,263,33,270,-40,563766.28
2023-05-08,19,MG,Sudeste,HBO,34.9,30545,146,11,189,-54,246194.11
2023-05-08,19,MG,Sudeste,Telecine,29.9,24458,140,10,152,-22,168890.12
2023-05-08,19,MG,Sudeste,Premiere,24.9,18354,124,15,114,-5,105546.1
2023-05-08,19,ES,Sudeste,Familia,49.9,9116,51,5,50,-4,105055.06
2023-05-08,19,ES,Sudeste,HBO,34.9,5701,34,2,31,1,45950.32
2023-05-08,19,ES,Sudeste,Telecine,29.9,4559,26,2,25,-1,31481.32
2023-05-08,19,ES,Sudeste,Premiere,24.9,3419,22,2,21,-1,19661.22
2023-05-08,19,PR,Sul,Familia,49.9,26846,137,16,155,-34,309380.0
2023-05-08,19,PR,Sul,HBO,34.9,16798,96,6,92,-2,135392.66
2023-05-08,19,PR,Sul,Telecine,29.9,13442,79,5,72,2,92821.2
2023-05-08,19,PR,Sul,Premiere,24.9,10076,69,10,63,-4,57942.82
2023-05-08,19,SC,Sul,Familia,49.9,17256,86,10,100,-24,198862.45
2023-05-08,19,SC,Sul,HBO,34.9,10801,63,5,57,1,87056.56
2023-05-08,19,SC,Sul,Telecine,29.9,8642,55,3,50,2,59675.7
2023-05-08,19,SC,Sul,Premiere,24.9,6481,45,7,37,1,37269.49
2023-05-08,19,RS,Sul,Familia,49.9,26890,183,17,156,10,309887.07
2023-05-08,19,RS,Sul,HBO,34.9,16784,82,7,91,-16,135279.82
2023-05-08,19,RS,Sul,Telecine,29.9,13431,72,5,76,-9,92745.24
2023-05-08,19,RS,Sul,Premiere,24.9,10078,66,8,60,-2,57954.32
2023-05-08,19,BA,Nordeste,Familia,49.9,34539,193,24,190,-21,398036.05
2023-05-08,19,BA,Nordeste,HBO,34.9,21575,116,10,131,-25,173895.5
2023-05-08,19,BA,Nordeste,Telecine,29.9,17266,99,7,106,-14,119227.11
2023-05-08,19,BA,Nordeste,Premiere,24.9,12954,87,12,81,-6,74492.98
2023-05-08,19,CE,Nordeste,Familia,49.9,21597,125,13,115,-3,248889.21
2023-05-08,19,CE,Nordeste,HBO,34.9,13488,70,5,77,-12,108713.9
2023-05-08,19,CE,Nordeste,Telecine,29.9,10802,62,4,56,2,74591.18
2023-05-08,19,CE,Nordeste,Premiere,24.9,8100,53,8,45,0,46579.68
2023-05-08,19,PE,Nordeste,Familia,49.9,23007,117,12,138,-33,265138.41
2023-05-08,19,PE,Nordeste,HBO,34.9,14389,72,5,78,-11,115976.0
2023-05-08,19,PE,Nordeste,Telecine,29.9,11524,70,5,61,4,79576.81
2023-05-08,19,PE,Nordeste,Premiere,24.9,8637,56,7,52,-3,49667.74
2023-05-08,19,MA,Nordeste,Familia,49.9,16318,93,9,86,-2,188052.7
2023-05-08,19,MA,Nordeste,HBO,34.9,10192,57,3,62,-8,82147.99
2023-05-08,19,MA,Nordeste,Telecine,29.9,8152,46,3,51,-8,56292.1
2023-05-08,19,MA,Nordeste,Premiere,24.9,6120,41,4,37,0,35193.53
2023-05-08,19,PB,Nordeste,Familia,49.9,9593,58,7,58,-7,110552.12
2023-05-08,19,PB,Nordeste,HBO,34.9,5992,30,2,36,-8,48295.8
2023-05-08,19,PB,Nordeste,Telecine,29.9,4800,27,2,25,0,33145.5
2023-05-08,19,PB,Nordeste,Premiere,24.9,3600,22,3,19,0,20702.08
2023-05-08,19,RN,Nordeste,Familia,49.9,8629,47,4,54,-11,99442.75
2023-05-08,19,RN,Nordeste,HBO,34.9,5398,33,2,33,-2,43508.13
2023-05-08,19,RN,Nordeste,Telecine,29.9,4321,24,1,22,1,29837.85
2023-05-08,19,RN,Nordeste,Premiere,24.9,3238,21,3,20,-2,18620.37
2023-05-08,19,AL,Nordeste,Familia,49.9,7674,43,4,45,-6,88437.09
2023-05-08,19,AL,Nordeste,HBO,34.9,4800,28,2,26,0,38688.22
2023-05-08,19,AL,Nordeste,Telecine,29.9,3840,21,1,20,0,26516.4
2023-05-08,19,AL,Nordeste,Premiere,24.9,2881,19,2,16,1,16567.41
2023-05-08,19,SE,Nordeste,Familia,49.9,5284,37,3,30,4,60894.13
2023-05-08,19,SE,Nordeste,HBO,34.9,3298,18,1,19,-2,26582.03
2023-05-08,19,SE,Nordeste,Telecine,29.9,2641,15,1,13,1,18236.93
2023-05-08,19,SE,Nordeste,Premiere,24.9,1980,12,1,11,0,11386.14
2023-05-08,19,PI,Nordeste,Familia,49.9,7674,40,3,43,-6,88437.09
2023-05-08,19,PI,Nordeste,HBO,34.9,4799,28,2,27,-1,38680.16
2023-05-08,19,PI,Nordeste,Telecine,29.9,3845,25,1,19,5,26550.92
2023-05-08,19,PI,Nordeste,Premiere,24.9,2882,19,2,15,2,16573.16
2023-05-08,19,GO,Centro-Oeste,Familia,49.9,15826,87,9,92,-14,182382.77
2023-05-08,19,GO,Centro-Oeste,HBO,34.9,9895,55,4,56,-5,79754.16
2023-05-08,19,GO,Centro-Oeste,Telecine,29.9,7922,46,3,41,2,54703.88
2023-05-08,19,GO,Centro-Oeste,Premiere,24.9,5943,40,5,32,3,34175.68
2023-05-08,19,MT,Centro-Oeste,Familia,49.9,8150,44,4,50,-10,93922.63
2023-05-08,19,MT,Centro-Oeste,HBO,34.9,5099,27,1,27,-1,41098.18
2023-05-08,19,MT,Centro-Oeste,Telecine,29.9,4081,25,1,23,1,28180.58
2023-05-08,19,MT,Centro-Oeste,Premiere,24.9,3062,23,3,18,2,17608.27
2023-05-08,19,MS,Centro-Oeste,Familia,49.9,6241,38,4,33,1,71922.84
2023-05-08,19,MS,Centro-Oeste,HBO,34.9,3900,22,1,21,0,31434.18
2023-05-08,19,MS,Centro-Oeste,Telecine,29.9,3117,16,1,18,-3,21523.86
2023-05-08,19,MS,Centro-Oeste,Premiere,24.9,2341,15,1,13,1,13462.1
2023-05-08,19,DF,Centro-Oeste,Familia,49.9,6713,37,4,40,-7,77362.29
2023-05-08,19,DF,Centro-Oeste,HBO,34.9,4198,23,1,24,-2,33836.07
2023-05-08,19,DF,Centro-Oeste,Telecine,29.9,3358,17,1,18,-2,23188.04
2023-05-08,19,DF,Centro-Oeste,Premiere,24.9,2520,17,2,15,0,14491.45
2023-05-08,19,AM,Norte,Familia,49.9,9602,59,6,51,2,110655.84
2023-05-08,19,AM,Norte,HBO,34.9,6000,35,2,33,0,48360.28
2023-05-08,19,AM,Norte,Telecine,29.9,4802,32,2,28,2,33159.31
2023-05-08,19,AM,Norte,Premiere,24.9,3598,23,3,22,-2,20690.58
2023-05-08,19,PA,Norte,Familia,49.9,20132,108,11,125,-28,232006.19
2023-05-08,19,PA,Norte,HBO,34.9,12584,68,6,78,-16,101427.62
2023-05-08,19,PA,Norte,Telecine,29.9,10065,50,3,62,-15,69501.96
2023-05-08,19,PA,Norte,Premiere,24.9,7559,46,5,42,-1,43468.61
2023-05-08,19,RO,Norte,Familia,49.9,3838,21,2,21,-2,44230.07
2023-05-08,19,RO,Norte,HBO,34.9,2399,13,1,13,-1,19336.05
2023-05-08,19,RO,Norte,Telecine,29.9,1919,10,0,11,-1,13251.29
2023-05-08,19,RO,Norte,Premiere,24.9,1440,9,1,8,0,8280.83
2023-05-08,19,AC,Norte,Familia,49.9,1920,11,1,10,0,22126.56
2023-05-08,19,AC,Norte,HBO,34.9,1201,7,0,6,1,9680.12
2023-05-08,19,AC,Norte,Telecine,29.9,960,5,0,5,0,6629.1
2023-05-08,19,AC,Norte,Premiere,24.9,720,4,0,4,0,4140.42
2023-05-08,19,RR,Norte,Familia,49.9,1441,8,0,7,1,16606.44
2023-05-08,19,RR,Norte,HBO,34.9,901,5,0,4,1,7262.1
2023-05-08,19,RR,Norte,Telecine,29.9,720,4,0,4,0,4971.82
2023-05-08,19,RR,Norte,Premiere,24.9,541,3,0,2,1,3111.06
2023-05-08,19,AP,Norte,Familia,49.9,1919,11,1,11,-1,22115.03
2023-05-08,19,AP,Norte,HBO,34.9,1201,7,0,6,1,9680.12
2023-05-08,19,AP,Norte,Telecine,29.9,960,5,0,5,0,6629.1
2023-05-08,19,AP,Norte,Premiere,24.9,722,5,0,3,2,4151.92
2023-05-08,19,TO,Norte,Familia,49.9,3358,20,2,20,-2,38698.43
2023-05-08,19,TO,Norte,HBO,34.9,2098,12,1,13,-2,16909.98
2023-05-08,19,TO,Norte,Telecine,29.9,1681,10,0,9,1,11607.83
2023-05-08,19,TO,Norte,Premiere,24.9,1260,8,1,7,0,7245.73
2023-05-15,20,SP,Sudeste,Familia,49.9,104605,604,61,578,-35,1205494.11
2023-05-15,20,SP,Sudeste,HBO,34.9,65381,356,30,345,-19,526973.88
2023-05-15,20,SP,Sudeste,Telecine,29.9,52320,298,21,277,0,361285.91
2023-05-15,20,SP,Sudeste,Premiere,24.9,39281,285,37,207,41,225888.43
2023-05-15,20,RJ,Sudeste,Familia,49.9,39317,202,25,220,-43,453098.91
2023-05-15,20,RJ,Sudeste,HBO,34.9,24588,141,10,143,-12,198180.42
2023-05-15,20,RJ,Sudeste,Telecine,29.9,19672,124,8,124,-8,135841.29
2023-05-15,20,RJ,Sudeste,Premiere,24.9,14769,100,14,77,9,84930.28
2023-05-15,20,MG,Sudeste,Familia,49.9,48967,296,30,259,7,564307.92
2023-05-15,20,MG,Sudeste,HBO,34.9,30568,153,10,174,-31,246379.49
2023-05-15,20,MG,Sudeste,Telecine,29.9,24479,145,11,135,-1,169035.13
2023-05-15,20,MG,Sudeste,Premiere,24.9,18377,133,17,98,18,105678.36
2023-05-15,20,ES,Sudeste,Familia,49.9,9109,51,6,56,-11,104974.39
2023-05-15,20,ES,Sudeste,HBO,34.9,5698,31,2,31,-2,45926.14
2023-05-15,20,ES,Sudeste,Telecine,29.9,4556,25,1,28,-4,31460.6
2023-05-15,20,ES,Sudeste,Premiere,24.9,3423,24,3,18,3,19684.23
2023-05-15,20,PR,Sul,Familia,49.9,26847,135,15,153,-33,309391.52
2023-05-15,20,PR,Sul,HBO,34.9,16797,93,8,88,-3,135384.6
2023-05-15,20,PR,Sul,Telecine,29.9,13437,76,5,74,-3,92786.67
2023-05-15,20,PR,Sul,Premiere,24.9,10067,57,8,62,-13,57891.06
2023-05-15,20,SC,Sul,Familia,49.9,17275,102,12,95,-5,199081.41
2023-05-15,20,SC,Sul,HBO,34.9,10803,68,5,60,3,87072.68
2023-05-15,20,SC,Sul,Telecine,29.9,8632,43,3,48,-8,59606.65
2023-05-15,20,SC,Sul,Premiere,24.9,6480,42,5,37,0,37263.74
2023-05-15,20,RS,Sul,Familia,49.9,26854,154,16,164,-26,309472.19
2023-05-15,20,RS,Sul,HBO,34.9,16784,86,7,95,-16,135279.82
2023-05-15,20,RS,Sul,Telecine,29.9,13435,70,5,70,-5,92772.86
2023-05-15,20,RS,Sul,Premiere,24.9,10074,62,7,61,-6,57931.32
2023-05-15,20,BA,Nordeste,Familia,49.9,34510,184,18,216,-50,397701.85
2023-05-15,20,BA,Nordeste,HBO,34.9,21585,125,11,129,-15,173976.1
2023-05-15,20,BA,Nordeste,Telecine,29.9,17283,121,9,109,3,119344.5
2023-05-15,20,BA,Nordeste,Premiere,24.9,12945,73,9,79,-15,74441.22
2023-05-15,20,CE,Nordeste,Familia,49.9,21585,120,13,122,-15,248750.92
2023-05-15,20,CE,Nordeste,HBO,34.9,13497,74,6,71,-3,108786.44
2023-05-15,20,CE,Nordeste,Telecine,29.9,10804,67,5,58,4,74604.99
2023-05-15,20,CE,Nordeste,Premiere,24.9,8100,54,7,47,0,46579.68
2023-05-15,20,PE,Nordeste,Familia,49.9,23026,120,13,121,-14,265357.37
2023-05-15,20,PE,Nordeste,HBO,34.9,14374,69,5,90,-26,115855.1
2023-05-15,20,PE,Nordeste,Telecine,29.9,11519,67,4,64,-1,79542.29
2023-05-15,20,PE,Nordeste,Premiere,24.9,8643,58,8,47,3,49702.24
2023-05-15,20,MA,Nordeste,Familia,49.9,16307,97,9,101,-13,187925.94
2023-05-15,20,MA,Nordeste,HBO,34.9,10204,62,5,53,4,82244.71
2023-05-15,20,MA,Nordeste,Telecine,29.9,8154,40,2,44,-6,56305.91
2023-05-15,20,MA,Nordeste,Premiere,24.9,6118,41,5,38,-2,35182.03
2023-05-15,20,PB,Nordeste,Familia,49.9,9594,52,5,53,-6,110563.65
2023-05-15,20,PB,Nordeste,HBO,34.9,5998,35,3,34,-2,48344.16
2023-05-15,20,PB,Nordeste,Telecine,29.9,4799,26,1,26,-1,33138.59
2023-05-15,20,PB,Nordeste,Premiere,24.9,3601,23,3,19,1,20707.83
2023-05-15,20,RN,Nordeste,Familia,49.9,8629,48,5,54,-11,99442.75
2023-05-15,20,RN,Nordeste,HBO,34.9,5395,26,1,30,-5,43483.95
2023-05-15,20,RN,Nordeste,Telecine,29.9,4318,25,1,26,-2,29817.14
2023-05-15,20,RN,Nordeste,Premiere,24.9,3238,19,3,18,-2,18620.37
2023-05-15,20,AL,Nordeste,Familia,49.9,7684,48,5,39,4,88552.33
2023-05-15,20,AL,Nordeste,HBO,34.9,4798,27,2,27,-2,38672.1
2023-05-15,20,AL,Nordeste,Telecine,29.9,3838,21,1,22,-2,26502.59
2023-05-15,20,AL,Nordeste,Premiere,24.9,2881,18,2,15,1,16567.41
2023-05-15,20,SE,Nordeste,Familia,49.9,5279,32,3,30,-1,60836.51
2023-05-15,20,SE,Nordeste,HBO,34.9,3297,18,1,20,-3,26573.97
2023-05-15,20,SE,Nordeste,Telecine,29.9,2640,14,0,14,0,18230.02
2023-05-15,20,SE,Nordeste,Premiere,24.9,1979,12,1,12,-1,11380.39
2023-05-15,20,PI,Nordeste,Familia,49.9,7676,40,4,40,-4,88460.14
2023-05-15,20,PI,Nordeste,HBO,34.9,4801,31,2,28,1,38696.28
2023-05-15,20,PI,Nordeste,Telecine,29.9,3838,21,1,22,-2,26502.59
2023-05-15,20,PI,Nordeste,Premiere,24.9,2880,19,2,17,0,16561.66
2023-05-15,20,GO,Centro-Oeste,Familia,49.9,15834,87,9,84,-6,182474.97
2023-05-15,20,GO,Centro-Oeste,HBO,34.9,9895,56,5,56,-5,79754.16
2023-05-15,20,GO,Centro-Oeste,Telecine,29.9,7924,50,3,43,4,54717.69
2023-05-15,20,GO,Centro-Oeste,Premiere,24.9,5936,37,5,36,-4,34135.43
2023-05-15,20,MT,Centro-Oeste,Familia,49.9,8152,46,5,49,-8,93945.68
2023-05-15,20,MT,Centro-Oeste,HBO,34.9,5101,30,2,27,1,41114.3
2023-05-15,20,MT,Centro-Oeste,Telecine,29.9,4081,23,1,21,1,28180.58
2023-05-15,20,MT,Centro-Oeste,Premiere,24.9,3062,22,3,17,2,17608.27
2023-05-15,20,MS,Centro-Oeste,Familia,49.9,6239,42,4,39,-1,71899.79
2023-05-15,20,MS,Centro-Oeste,HBO,34.9,3900,23,1,22,0,31434.18
2023-05-15,20,MS,Centro-Oeste,Telecine,29.9,3121,18,1,16,1,21551.48
2023-05-15,20,MS,Centro-Oeste,Premiere,24.9,2341,16,2,13,1,13462.1
2023-05-15,20,DF,Centro-Oeste,Familia,49.9,6716,38,3,39,-4,77396.86
2023-05-15,20,DF,Centro-Oeste,HBO,34.9,4204,28,1,23,4,33884.43
2023-05-15,20,DF,Centro-Oeste,Telecine,29.9,3355,16,1,20,-5,23167.32
2023-05-15,20,DF,Centro-Oeste,Premiere,24.9,2523,18,2,13,3,14508.71
2023-05-15,20,AM,Norte,Familia,49.9,9591,56,6,59,-9,110529.08
2023-05-15,20,AM,Norte,HBO,34.9,5996,31,2,33,-4,48328.04
2023-05-15,20,AM,Norte,Telecine,29.9,4799,25,1,25,-1,33138.59
2023-05-15,20,AM,Norte,Premiere,24.9,3597,19,3,19,-3,20684.83
2023-05-15,20,PA,Norte,Familia,49.9,20143,115,14,118,-17,232132.96
2023-05-15,20,PA,Norte,HBO,34.9,12588,72,6,78,-12,101459.86
2023-05-15,20,PA,Norte,Telecine,29.9,10087,64,3,54,7,69653.88
2023-05-15,20,PA,Norte,Premiere,24.9,7554,45,6,45,-6,43439.86
2023-05-15,20,RO,Norte,Familia,49.9,3839,20,2,19,-1,44241.59
2023-05-15,20,RO,Norte,HBO,34.9,2399,12,0,13,-1,19336.05
2023-05-15,20,RO,Norte,Telecine,29.9,1921,11,0,10,1,13265.1
2023-05-15,20,RO,Norte,Premiere,24.9,1440,9,1,8,0,8280.83
2023-05-15,20,AC,Norte,Familia,49.9,1919,11,1,11,-1,22115.03
2023-05-15,20,AC,Norte,HBO,34.9,1199,6,0,7,-1,9664.0
2023-05-15,20,AC,Norte,Telecine,29.9,959,5,0,6,-1,6622.19
2023-05-15,20,AC,Norte,Premiere,24.9,722,5,0,3,2,4151.92
2023-05-15,20,RR,Norte,Familia,49.9,1439,7,0,8,-1,16583.39
2023-05-15,20,RR,Norte,HBO,34.9,900,5,0,5,0,7254.04
2023-05-15,20,RR,Norte,Telecine,29.9,720,4,0,4,0,4971.82
2023-05-15,20,RR,Norte,Premiere,24.9,540,3,0,3,0,3105.31
2023-05-15,20,AP,Norte,Familia,49.9,1919,10,1,10,-1,22115.03
2023-05-15,20,AP,Norte,HBO,34.9,1201,7,0,6,1,9680.12
2023-05-15,20,AP,Norte,Telecine,29.9,960,5,0,5,0,6629.1
2023-05-15,20,AP,Norte,Premiere,24.9,720,4,0,4,0,4140.42
2023-05-15,20,TO,Norte,Familia,49.9,3357,17,2,18,-3,38686.91
2023-05-15,20,TO,Norte,HBO,34.9,2098,12,1,13,-2,16909.98
2023-05-15,20,TO,Norte,Telecine,29.9,1679,9,0,10,-1,11594.02
2023-05-15,20,TO,Norte,Premiere,24.9,1261,8,0,7,1,7251.48
2023-05-22,21,SP,Sudeste,Familia,49.9,104597,578,56,565,-43,1205401.92
2023-05-22,21,SP,Sudeste,HBO,34.9,65374,347,28,345,-26,526917.46
2023-05-22,21,SP,Sudeste,Telecine,29.9,52275,254,17,282,-45,360975.17
2023-05-22,21,SP,Sudeste,Premiere,24.9,39256,294,41,237,16,225744.67
2023-05-22,21,RJ,Sudeste,Familia,49.9,39341,245,25,239,-19,453375.5
2023-05-22,21,RJ,Sudeste,HBO,34.9,24595,134,11,128,-5,198236.84
2023-05-22,21,RJ,Sudeste,Telecine,29.9,19646,88,6,116,-34,135661.76
2023-05-22,21,RJ,Sudeste,Premiere,24.9,14751,94,11,92,-9,84826.77
2023-05-22,21,MG,Sudeste,Familia,49.9,48943,276,32,261,-17,564031.34
2023-05-22,21,MG,Sudeste,HBO,34.9,30615,192,16,160,16,246758.31
2023-05-22,21,MG,Sudeste,Telecine,29.9,24442,121,7,152,-38,168779.63
2023-05-22,21,MG,Sudeste,Premiere,24.9,18370,122,15,96,11,105638.11
2023-05-22,21,ES,Sudeste,Familia,49.9,9120,54,5,49,0,105101.15
2023-05-22,21,ES,Sudeste,HBO,34.9,5695,32,2,35,-5,45901.96
2023-05-22,21,ES,Sudeste,Telecine,29.9,4563,28,1,24,3,31508.94
2023-05-22,21,ES,Sudeste,Premiere,24.9,3423,24,3,18,3,19684.23
2023-05-22,21,PR,Sul,Familia,49.9,26860,155,18,157,-20,309541.34
2023-05-22,21,PR,Sul,HBO,34.9,16801,105,8,96,1,135416.84
2023-05-22,21,PR,Sul,Telecine,29.9,13440,78,4,74,0,92807.39
2023-05-22,21,PR,Sul,Premiere,24.9,10083,68,8,57,3,57983.07
2023-05-22,21,SC,Sul,Familia,49.9,17274,98,11,93,-6,199069.88
2023-05-22,21,SC,Sul,HBO,34.9,10801,70,6,63,1,87056.56
2023-05-22,21,SC,Sul,Telecine,29.9,8640,49,3,46,0,59661.89
2023-05-22,21,SC,Sul,Premiere,24.9,6475,40,6,39,-5,37234.99
2023-05-22,21,RS,Sul,Familia,49.9,26880,165,19,146,0,309771.82
2023-05-22,21,RS,Sul,HBO,34.9,16815,113,9,89,15,135529.68
2023-05-22,21,RS,Sul,Telecine,29.9,13423,71,5,83,-17,92690.0
2023-05-22,21,RS,Sul,Premiere,24.9,10084,70,9,57,4,57988.82
2023-05-22,21,BA,Nordeste,Familia,49.9,34529,190,19,202,-31,397920.81
2023-05-22,21,BA,Nordeste,HBO,34.9,21580,118,9,129,-20,173935.8
2023-05-22,21,BA,Nordeste,Telecine,29.9,17294,112,8,90,14,119420.46
2023-05-22,21,BA,Nordeste,Premiere,24.9,12964,85,11,70,4,74550.48
2023-05-22,21,CE,Nordeste,Familia,49.9,21587,135,14,134,-13,248773.97
2023-05-22,21,CE,Nordeste,HBO,34.9,13503,86,6,77,3,108834.8
2023-05-22,21,CE,Nordeste,Telecine,29.9,10790,59,4,65,-10,74508.31
2023-05-22,21,CE,Nordeste,Premiere,24.9,8102,53,6,45,2,46591.18
2023-05-22,21,PE,Nordeste,Familia,49.9,23004,117,13,140,-36,265103.83
2023-05-22,21,PE,Nordeste,HBO,34.9,14382,71,5,84,-18,115919.58
2023-05-22,21,PE,Nordeste,Telecine,29.9,11522,73,5,66,2,79563.0
2023-05-22,21,PE,Nordeste,Premiere,24.9,8635,52,7,50,-5,49656.24
2023-05-22,21,MA,Nordeste,Familia,49.9,16306,94,9,99,-14,187914.41
2023-05-22,21,MA,Nordeste,HBO,34.9,10196,54,4,54,-4,82180.23
2023-05-22,21,MA,Nordeste,Telecine,29.9,8158,45,3,44,-2,56333.53
2023-05-22,21,MA,Nordeste,Premiere,24.9,6117,39,5,37,-3,35176.28
2023-05-22,21,PB,Nordeste,Familia,49.9,9592,48,5,51,-8,110540.6
2023-05-22,21,PB,Nordeste,HBO,34.9,5997,34,2,35,-3,48336.1
2023-05-22,21,PB,Nordeste,Telecine,29.9,4794,23,1,28,-6,33104.06
2023-05-22,21,PB,Nordeste,Premiere,24.9,3598,23,3,22,-2,20690.58
2023-05-22,21,RN,Nordeste,Familia,49.9,8636,46,5,45,-4,99523.42
2023-05-22,21,RN,Nordeste,HBO,34.9,5398,30,2,30,-2,43508.13
2023-05-22,21,RN,Nordeste,Telecine,29.9,4320,26,1,25,0,29830.95
2023-05-22,21,RN,Nordeste,Premiere,24.9,3238,20,2,20,-2,18620.37
2023-05-22,21,AL,Nordeste,Familia,49.9,7669,36,4,43,-11,88379.47
2023-05-22,21,AL,Nordeste,HBO,34.9,4800,27,2,25,0,38688.22
2023-05-22,21,AL,Nordeste,Telecine,29.9,3836,20,1,23,-4,26488.78
2023-05-22,21,AL,Nordeste,Premiere,24.9,2879,19,2,18,-1,16555.91
2023-05-22,21,SE,Nordeste,Familia,49.9,5275,29,2,32,-5,60790.42
2023-05-22,21,SE,Nordeste,HBO,34.9,3301,19,1,17,1,26606.21
2023-05-22,21,SE,Nordeste,Telecine,29.9,2637,12,0,15,-3,18209.31
2023-05-22,21,SE,Nordeste,Premiere,24.9,1981,12,1,10,1,11391.89
2023-05-22,21,PI,Nordeste,Familia,49.9,7677,42,5,40,-3,88471.66
2023-05-22,21,PI,Nordeste,HBO,34.9,4798,26,2,26,-2,38672.1
2023-05-22,21,PI,Nordeste,Telecine,29.9,3835,20,1,24,-5,26481.87
2023-05-22,21,PI,Nordeste,Premiere,24.9,2879,18,2,17,-1,16555.91
2023-05-22,21,GO,Centro-Oeste,Familia,49.9,15838,91,9,84,-2,182521.06
2023-05-22,21,GO,Centro-Oeste,HBO,34.9,9903,59,4,52,3,79818.64
2023-05-22,21,GO,Centro-Oeste,Telecine,29.9,7921,50,3,46,1,54696.97
2023-05-22,21,GO,Centro-Oeste,Premiere,24.9,5942,39,5,32,2,34169.93
2023-05-22,21,MT,Centro-Oeste,Familia,49.9,8146,41,5,50,-14,93876.54
2023-05-22,21,MT,Centro-Oeste,HBO,34.9,5098,28,1,29,-2,41090.12
2023-05-22,21,MT,Centro-Oeste,Telecine,29.9,4077,23,1,25,-3,28152.96
2023-05-22,21,MT,Centro-Oeste,Premiere,24.9,3060,20,2,18,0,17596.77
2023-05-22,21,MS,Centro-Oeste,Familia,49.9,6234,32,3,35,-6,71842.17
2023-05-22,21,MS,Centro-Oeste,HBO,34.9,3898,23,1,24,-2,31418.06
2023-05-22,21,MS,Centro-Oeste,Telecine,29.9,3119,17,1,17,-1,21537.67
2023-05-22,21,MS,Centro-Oeste,Premiere,24.9,2341,15,1,13,1,13462.1
2023-05-22,21,DF,Centro-Oeste,Familia,49.9,6715,40,3,42,-5,77385.33
2023-05-22,21,DF,Centro-Oeste,HBO,34.9,4197,24,1,26,-3,33828.01
2023-05-22,21,DF,Centro-Oeste,Telecine,29.9,3358,18,1,19,-2,23188.04
2023-05-22,21,DF,Centro-Oeste,Premiere,24.9,2523,18,2,13,3,14508.71
2023-05-22,21,AM,Norte,Familia,49.9,9591,54,5,58,-9,110529.08
2023-05-22,21,AM,Norte,HBO,34.9,5996,35,2,37,-4,48328.04
2023-05-22,21,AM,Norte,Telecine,29.9,4796,24,1,27,-4,33117.88
2023-05-22,21,AM,Norte,Premiere,24.9,3600,21,2,19,0,20702.08
2023-05-22,21,PA,Norte,Familia,49.9,20141,110,12,117,-19,232109.91
2023-05-22,21,PA,Norte,HBO,34.9,12593,71,6,72,-7,101500.16
2023-05-22,21,PA,Norte,Telecine,29.9,10081,60,4,55,1,69612.45
2023-05-22,21,PA,Norte,Premiere,24.9,7551,44,6,47,-9,43422.61
2023-05-22,21,RO,Norte,Familia,49.9,3836,17,1,20,-4,44207.02
2023-05-22,21,RO,Norte,HBO,34.9,2402,17,1,14,2,19360.23
2023-05-22,21,RO,Norte,Telecine,29.9,1918,10,0,12,-2,13244.39
2023-05-22,21,RO,Norte,Premiere,24.9,1440,9,1,8,0,8280.83
2023-05-22,21,AC,Norte,Familia,49.9,1918,10,1,11,-2,22103.51
2023-05-22,21,AC,Norte,HBO,34.9,1198,5,0,7,-2,9655.94
2023-05-22,21,AC,Norte,Telecine,29.9,960,5,0,5,0,6629.1
2023-05-22,21,AC,Norte,Premiere,24.9,721,5,0,4,1,4146.17
2023-05-22,21,RR,Norte,Familia,49.9,1442,9,0,7,2,16617.97
2023-05-22,21,RR,Norte,HBO,34.9,900,4,0,4,0,7254.04
2023-05-22,21,RR,Norte,Telecine,29.9,721,4,0,3,1,4978.73
2023-05-22,21,RR,Norte,Premiere,24.9,540,3,0,3,0,3105.31
2023-05-22,21,AP,Norte,Familia,49.9,1918,11,1,12,-2,22103.51
2023-05-22,21,AP,Norte,HBO,34.9,1200,6,0,6,0,9672.06
2023-05-22,21,AP,Norte,Telecine,29.9,959,4,0,5,-1,6622.19
2023-05-22,21,AP,Norte,Premiere,24.9,720,4,0,4,0,4140.42
2023-05-22,21,TO,Norte,Familia,49.9,3359,19,2,18,-1,38709.95
2023-05-22,21,TO,Norte,HBO,34.9,2101,12,0,11,1,16934.16
2023-05-22,21,TO,Norte,Telecine,29.9,1680,9,0,9,0,11600.92
2023-05-22,21,TO,Norte,Premiere,24.9,1260,8,1,7,0,7245.73
2023-05-29,22,SP,Sudeste,Familia,49.9,104587,624,68,609,-53,1205286.67
2023-05-29,22,SP,Sudeste,HBO,34.9,65373,352,26,353,-27,526909.4
2023-05-29,22,SP,Sudeste,Telecine,29.9,52288,300,19,313,-32,361064.94
2023-05-29,22,SP,Sudeste,Premiere,24.9,39230,245,33,222,-10,225595.15
2023-05-29,22,RJ,Sudeste,Familia,49.9,39306,181,17,218,-54,452972.15
2023-05-29,22,RJ,Sudeste,HBO,34.9,24575,132,11,146,-25,198075.64
2023-05-29,22,RJ,Sudeste,Telecine,29.9,19674,107,6,107,-6,135855.1
2023-05-29,22,RJ,Sudeste,Premiere,24.9,14743,83,9,91,-17,84780.76
2023-05-29,22,MG,Sudeste,Familia,49.9,48934,261,26,261,-26,563927.62
2023-05-29,22,MG,Sudeste,HBO,34.9,30587,162,13,161,-12,246532.63
2023-05-29,22,MG,Sudeste,Telecine,29.9,24466,142,9,147,-14,168945.36
2023-05-29,22,MG,Sudeste,Premiere,24.9,18355,111,15,100,-4,105551.85
2023-05-29,22,ES,Sudeste,Familia,49.9,9111,47,5,51,-9,104997.44
2023-05-29,22,ES,Sudeste,HBO,34.9,5697,32,2,33,-3,45918.08
2023-05-29,22,ES,Sudeste,Telecine,29.9,4556,22,1,25,-4,31460.6
2023-05-29,22,ES,Sudeste,Premiere,24.9,3422,24,3,19,2,19678.48
2023-05-29,22,PR,Sul,Familia,49.9,26862,148,15,151,-18,309564.39
2023-05-29,22,PR,Sul,HBO,34.9,16793,100,8,99,-7,135352.36
2023-05-29,22,PR,Sul,Telecine,29.9,13431,65,4,70,-9,92745.24
2023-05-29,22,PR,Sul,Premiere,24.9,10082,70,10,58,2,57977.32
2023-05-29,22,SC,Sul,Familia,49.9,17275,96,11,90,-5,199081.41
2023-05-29,22,SC,Sul,HBO,34.9,10783,48,4,61,-17,86911.48
2023-05-29,22,SC,Sul,Telecine,29.9,8633,45,3,49,-7,59613.56
2023-05-29,22,SC,Sul,Premiere,24.9,6477,40,5,38,-3,37246.49
2023-05-29,22,RS,Sul,Familia,49.9,26856,157,17,164,-24,309495.24
2023-05-29,22,RS,Sul,HBO,34.9,16793,94,6,95,-7,135352.36
2023-05-29,22,RS,Sul,Telecine,29.9,13443,80,6,71,3,92828.11
2023-05-29,22,RS,Sul,Premiere,24.9,10068,56,6,62,-12,57896.81
2023-05-29,22,BA,Nordeste,Familia,49.9,34531,205,22,212,-29,397943.86
2023-05-29,22,BA,Nordeste,HBO,34.9,21588,110,7,115,-12,174000.28
2023-05-29,22,BA,Nordeste,Telecine,29.9,17280,102,6,96,0,119323.79
2023-05-29,22,BA,Nordeste,Premiere,24.9,12951,84,12,81,-9,74475.73
2023-05-29,22,CE,Nordeste,Familia,49.9,21602,133,13,118,2,248946.84
2023-05-29,22,CE,Nordeste,HBO,34.9,13501,78,6,71,1,108818.68
2023-05-29,22,CE,Nordeste,Telecine,29.9,10792,61,4,65,-8,74522.12
2023-05-29,22,CE,Nordeste,Premiere,24.9,8091,43,5,47,-9,46527.92
2023-05-29,22,PE,Nordeste,Familia,49.9,23041,143,16,126,1,265530.23
2023-05-29,22,PE,Nordeste,HBO,34.9,14413,95,6,76,13,116169.45
2023-05-29,22,PE,Nordeste,Telecine,29.9,11511,64,4,69,-9,79487.04
2023-05-29,22,PE,Nordeste,Premiere,24.9,8634,49,7,48,-6,49650.48
2023-05-29,22,MA,Nordeste,Familia,49.9,16307,79,7,85,-13,187925.94
2023-05-29,22,MA,Nordeste,HBO,34.9,10182,50,4,64,-18,82067.39
2023-05-29,22,MA,Nordeste,Telecine,29.9,8151,43,3,49,-9,56285.2
2023-05-29,22,MA,Nordeste,Premiere,24.9,6121,41,6,34,1,35199.28
2023-05-29,22,PB,Nordeste,Familia,49.9,9593,52,5,54,-7,110552.12
2023-05-29,22,PB,Nordeste,HBO,34.9,6003,39,2,34,3,48384.46
2023-05-29,22,PB,Nordeste,Telecine,29.9,4800,30,2,28,0,33145.5
2023-05-29,22,PB,Nordeste,Premiere,24.9,3600,23,2,21,0,20702.08
2023-05-29,22,RN,Nordeste,Familia,49.9,8641,52,6,45,1,99581.04
2023-05-29,22,RN,Nordeste,HBO,34.9,5400,30,2,28,0,43524.25
2023-05-29,22,RN,Nordeste,Telecine,29.9,4318,25,1,26,-2,29817.14
2023-05-29,22,RN,Nordeste,Premiere,24.9,3238,17,2,17,-2,18620.37
2023-05-29,22,AL,Nordeste,Familia,49.9,7677,49,6,46,-3,88471.66
2023-05-29,22,AL,Nordeste,HBO,34.9,4799,28,2,27,-1,38680.16
2023-05-29,22,AL,Nordeste,Telecine,29.9,3841,25,1,23,1,26523.3
2023-05-29,22,AL,Nordeste,Premiere,24.9,2882,19,2,15,2,16573.16
2023-05-29,22,SE,Nordeste,Familia,49.9,5275,30,3,32,-5,60790.42
2023-05-29,22,SE,Nordeste,HBO,34.9,3296,17,1,20,-4,26565.91
2023-05-29,22,SE,Nordeste,Telecine,29.9,2637,13,0,16,-3,18209.31
2023-05-29,22,SE,Nordeste,Premiere,24.9,1981,13,1,11,1,11391.89
2023-05-29,22,PI,Nordeste,Familia,49.9,7679,44,4,41,-1,88494.71
2023-05-29,22,PI,Nordeste,HBO,34.9,4798,24,1,25,-2,38672.1
2023-05-29,22,PI,Nordeste,Telecine,29.9,3839,21,1,21,-1,26509.49
2023-05-29,22,PI,Nordeste,Premiere,24.9,2880,19,2,17,0,16561.66
2023-05-29,22,GO,Centro-Oeste,Familia,49.9,15826,88,10,92,-14,182382.77
2023-05-29,22,GO,Centro-Oeste,HBO,34.9,9894,57,4,59,-6,79746.1
2023-05-29,22,GO,Centro-Oeste,Telecine,29.9,7923,52,4,45,3,54710.79
2023-05-29,22,GO,Centro-Oeste,Premiere,24.9,5937,39,6,36,-3,34141.18
2023-05-29,22,MT,Centro-Oeste,Familia,49.9,8159,55,5,51,-1,94026.35
2023-05-29,22,MT,Centro-Oeste,HBO,34.9,5100,28,2,26,0,41106.24
2023-05-29,22,MT,Centro-Oeste,Telecine,29.9,4083,25,1,21,3,28194.39
2023-05-29,22,MT,Centro-Oeste,Premiere,24.9,3058,17,2,17,-2,17585.27
2023-05-29,22,MS,Centro-Oeste,Familia,49.9,6231,30,2,37,-9,71807.6
2023-05-29,22,MS,Centro-Oeste,HBO,34.9,3899,21,1,21,-1,31426.12
2023-05-29,22,MS,Centro-Oeste,Telecine,29.9,3121,18,1,16,1,21551.48
2023-05-29,22,MS,Centro-Oeste,Premiere,24.9,2338,13,1,14,-2,13444.85
2023-05-29,22,DF,Centro-Oeste,Familia,49.9,6716,40,4,40,-4,77396.86
2023-05-29,22,DF,Centro-Oeste,HBO,34.9,4200,25,1,24,0,33852.19
2023-05-29,22,DF,Centro-Oeste,Telecine,29.9,3359,19,1,19,-1,23194.94
2023-05-29,22,DF,Centro-Oeste,Premiere,24.9,2520,15,2,13,0,14491.45
2023-05-29,22,AM,Norte,Familia,49.9,9600,60,7,53,0,110632.79
2023-05-29,22,AM,Norte,HBO,34.9,5998,36,3,35,-2,48344.16
2023-05-29,22,AM,Norte,Telecine,29.9,4798,27,1,28,-2,33131.69
2023-05-29,22,AM,Norte,Premiere,24.9,3600,25,3,22,0,20702.08
2023-05-29,22,PA,Norte,Familia,49.9,20147,114,12,115,-13,232179.05
2023-05-29,22,PA,Norte,HBO,34.9,12594,75,5,76,-6,101508.22
2023-05-29,22,PA,Norte,Telecine,29.9,10067,52,3,62,-13,69515.77
2023-05-29,22,PA,Norte,Premiere,24.9,7560,52,6,46,0,43474.36
2023-05-29,22,RO,Norte,Familia,49.9,3838,22,2,22,-2,44230.07
2023-05-29,22,RO,Norte,HBO,34.9,2397,11,0,14,-3,19319.93
2023-05-29,22,RO,Norte,Telecine,29.9,1918,9,0,11,-2,13244.39
2023-05-29,22,RO,Norte,Premiere,24.9,1439,8,1,8,-1,8275.08
2023-05-29,22,AC,Norte,Familia,49.9,1920,12,1,11,0,22126.56
2023-05-29,22,AC,Norte,HBO,34.9,1200,6,0,6,0,9672.06
2023-05-29,22,AC,Norte,Telecine,29.9,959,5,0,6,-1,6622.19
2023-05-29,22,AC,Norte,Premiere,24.9,720,4,0,4,0,4140.42
2023-05-29,22,RR,Norte,Familia,49.9,1439,8,0,9,-1,16583.39
2023-05-29,22,RR,Norte,HBO,34.9,900,5,0,5,0,7254.04
2023-05-29,22,RR,Norte,Telecine,29.9,720,4,0,4,0,4971.82
2023-05-29,22,RR,Norte,Premiere,24.9,541,3,0,2,1,3111.06
2023-05-29,22,AP,Norte,Familia,49.9,1920,11,1,10,0,22126.56
2023-05-29,22,AP,Norte,HBO,34.9,1200,6,0,6,0,9672.06
2023-05-29,22,AP,Norte,Telecine,29.9,959,4,0,5,-1,6622.19
2023-05-29,22,AP,Norte,Premiere,24.9,720,4,0,4,0,4140.42
2023-05-29,22,TO,Norte,Familia,49.9,3358,19,1,20,-2,38698.43
2023-05-29,22,TO,Norte,HBO,34.9,2099,11,0,12,-1,16918.04
2023-05-29,22,TO,Norte,Telecine,29.9,1679,9,0,10,-1,11594.02
2023-05-29,22,TO,Norte,Premiere,24.9,1260,7,0,7,0,7245.73
2023-06-05,23,SP,Sudeste,Familia,49.9,104659,646,73,554,19,1206116.42
2023-06-05,23,SP,Sudeste,HBO,34.9,65421,445,37,387,21,527296.28
2023-06-05,23,SP,Sudeste,Telecine,29.9,52307,300,19,294,-13,361196.14
2023-06-05,23,SP,Sudeste,Premiere,24.9,39246,281,39,236,6,225687.16
2023-06-05,23,RJ,Sudeste,Familia,49.9,39348,230,23,219,-12,453456.17
2023-06-05,23,RJ,Sudeste,HBO,34.9,24606,162,14,142,6,198325.5
2023-06-05,23,RJ,Sudeste,Telecine,29.9,19685,114,7,102,5,135931.06
2023-06-05,23,RJ,Sudeste,Premiere,24.9,14758,103,13,92,-2,84867.02
2023-06-05,23,MG,Sudeste,Familia,49.9,48958,314,29,287,-2,564204.2
2023-06-05,23,MG,Sudeste,HBO,34.9,30570,165,12,182,-29,246395.61
2023-06-05,23,MG,Sudeste,Telecine,29.9,24494,152,11,127,14,169138.71
2023-06-05,23,MG,Sudeste,Premiere,24.9,18369,122,14,98,10,105632.36
2023-06-05,23,ES,Sudeste,Familia,49.9,9116,52,6,50,-4,105055.06
2023-06-05,23,ES,Sudeste,HBO,34.9,5705,36,2,29,5,45982.56
2023-06-05,23,ES,Sudeste,Telecine,29.9,4564,28,1,23,4,31515.84
2023-06-05,23,ES,Sudeste,Premiere,24.9,3422,23,2,19,2,19678.48
2023-06-05,23,PR,Sul,Familia,49.9,26849,152,15,168,-31,309414.57
2023-06-05,23,PR,Sul,HBO,34.9,16802,103,7,94,2,135424.9
2023-06-05,23,PR,Sul,Telecine,29.9,13441,87,5,81,1,92814.3
2023-06-05,23,PR,Sul,Premiere,24.9,10088,76,12,56,8,58011.82
2023-06-05,23,SC,Sul,Familia,49.9,17282,104,11,91,2,199162.08
2023-06-05,23,SC,Sul,HBO,34.9,10793,64,4,67,-7,86992.08
2023-06-05,23,SC,Sul,Telecine,29.9,8636,47,2,49,-4,59634.27
2023-06-05,23,SC,Sul,Premiere,24.9,6484,50,6,40,4,37286.74
2023-06-05,23,RS,Sul,Familia,49.9,26883,175,19,153,3,309806.4
2023-06-05,23,RS,Sul,HBO,34.9,16795,102,8,99,-5,135368.48
2023-06-05,23,RS,Sul,Telecine,29.9,13435,77,5,77,-5,92772.86
2023-06-05,23,RS,Sul,Premiere,24.9,10089,75,11,55,9,58017.58
2023-06-05,23,BA,Nordeste,Familia,49.9,34536,193,21,196,-24,398001.48
2023-06-05,23,BA,Nordeste,HBO,34.9,21592,117,8,117,-8,174032.52
2023-06-05,23,BA,Nordeste,Telecine,29.9,17282,101,6,93,2,119337.6
2023-06-05,23,BA,Nordeste,Premiere,24.9,12969,87,11,67,9,74579.24
2023-06-05,23,CE,Nordeste,Familia,49.9,21593,120,14,113,-7,248843.12
2023-06-05,23,CE,Nordeste,HBO,34.9,13512,96,8,76,12,108907.34
2023-06-05,23,CE,Nordeste,Telecine,29.9,10814,75,5,56,14,74674.04
2023-06-05,23,CE,Nordeste,Premiere,24.9,8099,56,7,50,-1,46573.93
2023-06-05,23,PE,Nordeste,Familia,49.9,23020,133,12,141,-20,265288.22
2023-06-05,23,PE,Nordeste,HBO,34.9,14397,84,6,81,-3,116040.48
2023-06-05,23,PE,Nordeste,Telecine,29.9,11514,63,3,66,-6,79507.76
2023-06-05,23,PE,Nordeste,Premiere,24.9,8638,59,8,53,-2,49673.49
2023-06-05,23,MA,Nordeste,Familia,49.9,16323,109,12,94,3,188110.32
2023-06-05,23,MA,Nordeste,HBO,34.9,10204,64,5,55,4,82244.71
2023-06-05,23,MA,Nordeste,Telecine,29.9,8156,48,3,49,-4,56319.72
2023-06-05,23,MA,Nordeste,Premiere,24.9,6123,43,5,35,3,35210.79
2023-06-05,23,PB,Nordeste,Familia,49.9,9597,57,6,54,-3,110598.22
2023-06-05,23,PB,Nordeste,HBO,34.9,6000,34,2,32,0,48360.28
2023-06-05,23,PB,Nordeste,Telecine,29.9,4802,29,2,25,2,33159.31
2023-06-05,23,PB,Nordeste,Premiere,24.9,3600,24,3,21,0,20702.08
2023-06-05,23,RN,Nordeste,Familia,49.9,8640,49,4,45,0,99569.52
2023-06-05,23,RN,Nordeste,HBO,34.9,5397,31,2,32,-3,43500.07
2023-06-05,23,RN,Nordeste,Telecine,29.9,4322,27,1,24,2,29844.76
2023-06-05,23,RN,Nordeste,Premiere,24.9,3240,21,2,19,0,18631.87
2023-06-05,23,AL,Nordeste,Familia,49.9,7677,45,4,44,-3,88471.66
2023-06-05,23,AL,Nordeste,HBO,34.9,4805,32,2,25,5,38728.52
2023-06-05,23,AL,Nordeste,Telecine,29.9,3840,21,1,20,0,26516.4
2023-06-05,23,AL,Nordeste,Premiere,24.9,2884,22,3,15,4,16584.67
2023-06-05,23,SE,Nordeste,Familia,49.9,5283,34,4,27,3,60882.61
2023-06-05,23,SE,Nordeste,HBO,34.9,3299,19,1,19,-1,26590.09
2023-06-05,23,SE,Nordeste,Telecine,29.9,2639,16,1,16,-1,18223.12
2023-06-05,23,SE,Nordeste,Premiere,24.9,1981,13,1,11,1,11391.89
2023-06-05,23,PI,Nordeste,Familia,49.9,7684,49,5,40,4,88552.33
2023-06-05,23,PI,Nordeste,HBO,34.9,4801,31,2,28,1,38696.28
2023-06-05,23,PI,Nordeste,Telecine,29.9,3839,23,1,23,-1,26509.49
2023-06-05,23,PI,Nordeste,Premiere,24.9,2879,18,2,17,-1,16555.91
2023-06-05,23,GO,Centro-Oeste,Familia,49.9,15831,97,11,95,-9,182440.39
2023-06-05,23,GO,Centro-Oeste,HBO,34.9,9900,57,4,53,0,79794.46
2023-06-05,23,GO,Centro-Oeste,Telecine,29.9,7915,46,3,48,-5,54655.54
2023-06-05,23,GO,Centro-Oeste,Premiere,24.9,5939,41,6,36,-1,34152.68
2023-06-05,23,MT,Centro-Oeste,Familia,49.9,8165,55,6,44,5,94095.5
2023-06-05,23,MT,Centro-Oeste,HBO,34.9,5099,28,1,28,-1,41098.18
2023-06-05,23,MT,Centro-Oeste,Telecine,29.9,4078,22,1,23,-2,28159.86
2023-06-05,23,MT,Centro-Oeste,Premiere,24.9,3061,22,2,19,1,17602.52
2023-06-05,23,MS,Centro-Oeste,Familia,49.9,6242,41,4,35,2,71934.36
2023-06-05,23,MS,Centro-Oeste,HBO,34.9,3901,22,1,20,1,31442.24
2023-06-05,23,MS,Centro-Oeste,Telecine,29.9,3122,20,1,17,2,21558.38
2023-06-05,23,MS,Centro-Oeste,Premiere,24.9,2339,15,2,14,-1,13450.6
2023-06-05,23,DF,Centro-Oeste,Familia,49.9,6719,42,4,39,-1,77431.43
2023-06-05,23,DF,Centro-Oeste,HBO,34.9,4200,27,2,25,0,33852.19
2023-06-05,23,DF,Centro-Oeste,Telecine,29.9,3360,20,1,19,0,23201.85
2023-06-05,23,DF,Centro-Oeste,Premiere,24.9,2522,17,2,13,2,14502.96
2023-06-05,23,AM,Norte,Familia,49.9,9589,52,5,58,-11,110506.03
2023-06-05,23,AM,Norte,HBO,34.9,6007,40,2,31,7,48416.7
2023-06-05,23,AM,Norte,Telecine,29.9,4800,26,1,25,0,33145.5
2023-06-05,23,AM,Norte,Premiere,24.9,3601,26,3,22,1,20707.83
2023-06-05,23,PA,Norte,Familia,49.9,20153,118,14,111,-7,232248.2
2023-06-05,23,PA,Norte,HBO,34.9,12600,71,6,65,0,101556.58
2023-06-05,23,PA,Norte,Telecine,29.9,10084,61,4,53,4,69633.16
2023-06-05,23,PA,Norte,Premiere,24.9,7559,52,8,45,-1,43468.61
2023-06-05,23,RO,Norte,Familia,49.9,3840,23,2,21,0,44253.12
2023-06-05,23,RO,Norte,HBO,34.9,2398,13,1,14,-2,19327.99
2023-06-05,23,RO,Norte,Telecine,29.9,1921,11,0,10,1,13265.1
2023-06-05,23,RO,Norte,Premiere,24.9,1439,8,1,8,-1,8275.08
2023-06-05,23,AC,Norte,Familia,49.9,1920,11,1,10,0,22126.56
2023-06-05,23,AC,Norte,HBO,34.9,1201,7,0,6,1,9680.12
2023-06-05,23,AC,Norte,Telecine,29.9,961,6,0,5,1,6636.0
2023-06-05,23,AC,Norte,Premiere,24.9,721,4,0,3,1,4146.17
2023-06-05,23,RR,Norte,Familia,49.9,1440,7,0,7,0,16594.92
2023-06-05,23,RR,Norte,HBO,34.9,900,5,0,5,0,7254.04
2023-06-05,23,RR,Norte,Telecine,29.9,720,4,0,4,0,4971.82
2023-06-05,23,RR,Norte,Premiere,24.9,540,3,0,3,0,3105.31
2023-06-05,23,AP,Norte,Familia,49.9,1920,12,1,11,0,22126.56
2023-06-05,23,AP,Norte,HBO,34.9,1201,8,0,7,1,9680.12
2023-06-05,23,AP,Norte,Telecine,29.9,960,5,0,5,0,6629.1
2023-06-05,23,AP,Norte,Premiere,24.9,721,5,0,4,1,4146.17
2023-06-05,23,TO,Norte,Familia,49.9,3360,22,2,20,0,38721.48
2023-06-05,23,TO,Norte,HBO,34.9,2098,10,0,12,-2,16909.98
2023-06-05,23,TO,Norte,Telecine,29.9,1681,10,0,9,1,11607.83
2023-06-05,23,TO,Norte,Premiere,24.9,1260,8,1,7,0,7245.73
2023-06-12,24,SP,Sudeste,Familia,49.9,104643,692,67,622,3,1205932.03
2023-06-12,24,SP,Sudeste,HBO,34.9,65397,363,27,339,-3,527102.84
2023-06-12,24,SP,Sudeste,Telecine,29.9,52305,316,23,308,-15,361182.33
2023-06-12,24,SP,Sudeste,Premiere,24.9,39263,289,46,220,23,225784.92
2023-06-12,24,RJ,Sudeste,Familia,49.9,39323,236,25,248,-37,453168.06
2023-06-12,24,RJ,Sudeste,HBO,34.9,24606,154,12,136,6,198325.5
2023-06-12,24,RJ,Sudeste,Telecine,29.9,19686,125,9,110,6,135937.97
2023-06-12,24,RJ,Sudeste,Premiere,24.9,14768,100,15,77,8,84924.53
2023-06-12,24,MG,Sudeste,Familia,49.9,48975,315,32,268,15,564400.12
2023-06-12,24,MG,Sudeste,HBO,34.9,30582,186,15,188,-17,246492.33
2023-06-12,24,MG,Sudeste,Telecine,29.9,24477,145,10,138,-3,169021.32
2023-06-12,24,MG,Sudeste,Premiere,24.9,18364,135,18,112,5,105603.6
2023-06-12,24,ES,Sudeste,Familia,49.9,9118,54,5,51,-2,105078.11
2023-06-12,24,ES,Sudeste,HBO,34.9,5693,28,1,34,-7,45885.84
2023-06-12,24,ES,Sudeste,Telecine,29.9,4557,25,1,27,-3,31467.51
2023-06-12,24,ES,Sudeste,Premiere,24.9,3422,23,3,18,2,19678.48
2023-06-12,24,PR,Sul,Familia,49.9,26852,149,15,162,-28,309449.15
2023-06-12,24,PR,Sul,HBO,34.9,16815,111,7,89,15,135529.68
2023-06-12,24,PR,Sul,Telecine,29.9,13429,78,5,84,-11,92731.43
2023-06-12,24,PR,Sul,Premiere,24.9,10084,69,9,56,4,57988.82
2023-06-12,24,SC,Sul,Familia,49.9,17282,105,10,93,2,199162.08
2023-06-12,24,SC,Sul,HBO,34.9,10806,71,5,60,6,87096.86
2023-06-12,24,SC,Sul,Telecine,29.9,8640,48,3,45,0,59661.89
2023-06-12,24,SC,Sul,Premiere,24.9,6487,49,6,36,7,37304.0
2023-06-12,24,RS,Sul,Familia,49.9,26879,164,18,147,-1,309760.3
2023-06-12,24,RS,Sul,HBO,34.9,16814,109,7,88,14,135521.62
2023-06-12,24,RS,Sul,Telecine,29.9,13433,78,4,81,-7,92759.05
2023-06-12,24,RS,Sul,Premiere,24.9,10083,69,8,58,3,57983.07
2023-06-12,24,BA,Nordeste,Familia,49.9,34560,216,24,192,0,398278.06
2023-06-12,24,BA,Nordeste,HBO,34.9,21572,110,8,130,-28,173871.32
2023-06-12,24,BA,Nordeste,Telecine,29.9,17272,105,6,107,-8,119268.55
2023-06-12,24,BA,Nordeste,Premiere,24.9,12967,94,12,75,7,74567.74
2023-06-12,24,CE,Nordeste,Familia,49.9,21586,125,14,125,-14,248762.45
2023-06-12,24,CE,Nordeste,HBO,34.9,13499,81,5,77,-1,108802.56
2023-06-12,24,CE,Nordeste,Telecine,29.9,10803,69,4,62,3,74598.08
2023-06-12,24,CE,Nordeste,Premiere,24.9,8104,62,9,49,4,46602.68
2023-06-12,24,PE,Nordeste,Familia,49.9,23020,132,15,137,-20,265288.22
2023-06-12,24,PE,Nordeste,HBO,34.9,14405,92,6,81,5,116104.97
2023-06-12,24,PE,Nordeste,Telecine,29.9,11527,78,4,67,7,79597.53
2023-06-12,24,PE,Nordeste,Premiere,24.9,8636,56,8,52,-4,49661.99
2023-06-12,24,MA,Nordeste,Familia,49.9,16315,109,11,103,-5,188018.13
2023-06-12,24,MA,Nordeste,HBO,34.9,10195,62,5,62,-5,82172.17
2023-06-12,24,MA,Nordeste,Telecine,29.9,8155,46,3,48,-5,56312.82
2023-06-12,24,MA,Nordeste,Premiere,24.9,6129,47,6,32,9,35245.29
2023-06-12,24,PB,Nordeste,Familia,49.9,9596,60,6,58,-4,110586.7
2023-06-12,24,PB,Nordeste,HBO,34.9,5999,35,2,34,-1,48352.22
2023-06-12,24,PB,Nordeste,Telecine,29.9,4798,29,1,30,-2,33131.69
2023-06-12,24,PB,Nordeste,Premiere,24.9,3602,25,3,20,2,20713.58
2023-06-12,24,RN,Nordeste,Familia,49.9,8647,58,6,45,7,99650.18
2023-06-12,24,RN,Nordeste,HBO,34.9,5401,34,2,31,1,43532.31
2023-06-12,24,RN,Nordeste,Telecine,29.9,4321,27,1,25,1,29837.85
2023-06-12,24,RN,Nordeste,Premiere,24.9,3242,23,2,19,2,18643.37
2023-06-12,24,AL,Nordeste,Familia,49.9,7679,45,5,41,-1,88494.71
2023-06-12,24,AL,Nordeste,HBO,34.9,4803,31,2,26,3,38712.4
2023-06-12,24,AL,Nordeste,Telecine,29.9,3839,22,1,22,-1,26509.49
2023-06-12,24,AL,Nordeste,Premiere,24.9,2882,19,2,15,2,16573.16
2023-06-12,24,SE,Nordeste,Familia,49.9,5281,33,3,29,1,60859.56
2023-06-12,24,SE,Nordeste,HBO,34.9,3299,19,1,19,-1,26590.09
2023-06-12,24,SE,Nordeste,Telecine,29.9,2641,16,0,15,1,18236.93
2023-06-12,24,SE,Nordeste,Premiere,24.9,1983,15,1,11,3,11403.39
2023-06-12,24,PI,Nordeste,Familia,49.9,7677,47,5,45,-3,88471.66
2023-06-12,24,PI,Nordeste,HBO,34.9,4803,32,2,27,3,38712.4
2023-06-12,24,PI,Nordeste,Telecine,29.9,3840,23,1,22,0,26516.4
2023-06-12,24,PI,Nordeste,Premiere,24.9,2882,22,3,17,2,16573.16
2023-06-12,24,GO,Centro-Oeste,Familia,49.9,15841,100,9,90,1,182555.64
2023-06-12,24,GO,Centro-Oeste,HBO,34.9,9901,67,6,60,1,79802.52
2023-06-12,24,GO,Centro-Oeste,Telecine,29.9,7932,57,4,41,12,54772.93
2023-06-12,24,GO,Centro-Oeste,Premiere,24.9,5941,41,6,34,1,34164.18
2023-06-12,24,MT,Centro-Oeste,Familia,49.9,8157,48,4,47,-3,94003.3
2023-06-12,24,MT,Centro-Oeste,HBO,34.9,5100,29,2,27,0,41106.24
2023-06-12,24,MT,Centro-Oeste,Telecine,29.9,4080,24,1,23,0,28173.67
2023-06-12,24,MT,Centro-Oeste,Premiere,24.9,3061,22,3,18,1,17602.52
2023-06-12,24,MS,Centro-Oeste,Familia,49.9,6245,42,4,33,5,71968.94
2023-06-12,24,MS,Centro-Oeste,HBO,34.9,3900,23,1,22,0,31434.18
2023-06-12,24,MS,Centro-Oeste,Telecine,29.9,3123,21,1,17,3,21565.29
2023-06-12,24,MS,Centro-Oeste,Premiere,24.9,2342,16,2,12,2,13467.85
2023-06-12,24,DF,Centro-Oeste,Familia,49.9,6717,36,3,36,-3,77408.38
2023-06-12,24,DF,Centro-Oeste,HBO,34.9,4202,29,2,25,2,33868.31
2023-06-12,24,DF,Centro-Oeste,Telecine,29.9,3361,20,1,18,1,23208.75
2023-06-12,24,DF,Centro-Oeste,Premiere,24.9,2521,16,2,13,1,14497.21
2023-06-12,24,AM,Norte,Familia,49.9,9592,56,7,57,-8,110540.6
2023-06-12,24,AM,Norte,HBO,34.9,5998,37,3,36,-2,48344.16
2023-06-12,24,AM,Norte,Telecine,29.9,4795,27,2,30,-5,33110.97
2023-06-12,24,AM,Norte,Premiere,24.9,3603,29,4,22,3,20719.33
2023-06-12,24,PA,Norte,Familia,49.9,20172,135,14,109,12,232467.16
2023-06-12,24,PA,Norte,HBO,34.9,12618,92,6,68,18,101701.66
2023-06-12,24,PA,Norte,Telecine,29.9,10065,51,3,63,-15,69501.96
2023-06-12,24,PA,Norte,Premiere,24.9,7564,54,7,43,4,43497.37
2023-06-12,24,RO,Norte,Familia,49.9,3842,24,2,20,2,44276.17
2023-06-12,24,RO,Norte,HBO,34.9,2402,16,1,13,2,19360.23
2023-06-12,24,RO,Norte,Telecine,29.9,1919,11,0,12,-1,13251.29
2023-06-12,24,RO,Norte,Premiere,24.9,1441,9,1,7,1,8286.58
2023-06-12,24,AC,Norte,Familia,49.9,1920,12,1,11,0,22126.56
2023-06-12,24,AC,Norte,HBO,34.9,1200,6,0,6,0,9672.06
2023-06-12,24,AC,Norte,Telecine,29.9,960,5,0,5,0,6629.1
2023-06-12,24,AC,Norte,Premiere,24.9,722,5,0,3,2,4151.92
2023-06-12,24,RR,Norte,Familia,49.9,1440,8,0,8,0,16594.92
2023-06-12,24,RR,Norte,HBO,34.9,901,6,0,5,1,7262.1
2023-06-12,24,RR,Norte,Telecine,29.9,721,4,0,3,1,4978.73
2023-06-12,24,RR,Norte,Premiere,24.9,540,3,0,3,0,3105.31
2023-06-12,24,AP,Norte,Familia,49.9,1919,10,1,10,-1,22115.03
2023-06-12,24,AP,Norte,HBO,34.9,1201,8,0,7,1,9680.12
2023-06-12,24,AP,Norte,Telecine,29.9,961,6,0,5,1,6636.0
2023-06-12,24,AP,Norte,Premiere,24.9,720,4,0,4,0,4140.42
2023-06-12,24,TO,Norte,Familia,49.9,3359,19,2,18,-1,38709.95
2023-06-12,24,TO,Norte,HBO,34.9,2099,12,1,12,-1,16918.04
2023-06-12,24,TO,Norte,Telecine,29.9,1680,10,0,10,0,11600.92
2023-06-12,24,TO,Norte,Premiere,24.9,1262,8,0,6,2,7257.23
2023-06-19,25,SP,Sudeste,Familia,49.9,104658,689,66,605,18,1206104.9
2023-06-19,25,SP,Sudeste,HBO,34.9,65404,387,33,350,4,527159.26
2023-06-19,25,SP,Sudeste,Telecine,29.9,52283,312,21,328,-37,361030.42
2023-06-19,25,SP,Sudeste,Premiere,24.9,39268,281,35,218,28,225813.67
2023-06-19,25,RJ,Sudeste,Familia,49.9,39363,247,26,218,3,453629.03
2023-06-19,25,RJ,Sudeste,HBO,34.9,24604,158,10,144,4,198309.38
2023-06-19,25,RJ,Sudeste,Telecine,29.9,19679,116,9,108,-1,135889.63
2023-06-19,25,RJ,Sudeste,Premiere,24.9,14765,109,16,88,5,84907.27
2023-06-19,25,MG,Sudeste,Familia,49.9,48943,280,29,268,-17,564031.34
2023-06-19,25,MG,Sudeste,HBO,34.9,30616,207,16,174,17,246766.37
2023-06-19,25,MG,Sudeste,Telecine,29.9,24482,150,9,139,2,169055.84
2023-06-19,25,MG,Sudeste,Premiere,24.9,18358,127,17,111,-1,105569.1
2023-06-19,25,ES,Sudeste,Familia,49.9,9116,56,6,54,-4,105055.06
2023-06-19,25,ES,Sudeste,HBO,34.9,5705,39,3,31,5,45982.56
2023-06-19,25,ES,Sudeste,Telecine,29.9,4560,29,1,28,0,31488.22
2023-06-19,25,ES,Sudeste,Premiere,24.9,3423,26,3,20,3,19684.23
2023-06-19,25,PR,Sul,Familia,49.9,26867,166,19,160,-13,309622.01
2023-06-19,25,PR,Sul,HBO,34.9,16804,107,9,94,4,135441.02
2023-06-19,25,PR,Sul,Telecine,29.9,13433,68,4,71,-7,92759.05
2023-06-19,25,PR,Sul,Premiere,24.9,10078,67,9,60,-2,57954.32
2023-06-19,25,SC,Sul,Familia,49.9,17289,121,11,101,9,199242.75
2023-06-19,25,SC,Sul,HBO,34.9,10798,70,5,67,-2,87032.38
2023-06-19,25,SC,Sul,Telecine,29.9,8638,55,4,53,-2,59648.08
2023-06-19,25,SC,Sul,Premiere,24.9,6487,55,8,40,7,37304.0
2023-06-19,25,RS,Sul,Familia,49.9,26870,154,16,148,-10,309656.58
2023-06-19,25,RS,Sul,HBO,34.9,16794,92,6,92,-6,135360.42
2023-06-19,25,RS,Sul,Telecine,29.9,13439,74,5,70,-1,92800.48
2023-06-19,25,RS,Sul,Premiere,24.9,10086,67,8,53,6,58000.32
2023-06-19,25,BA,Nordeste,Familia,49.9,34551,223,22,210,-9,398174.34
2023-06-19,25,BA,Nordeste,HBO,34.9,21598,131,10,123,-2,174080.88
2023-06-19,25,BA,Nordeste,Telecine,29.9,17277,110,8,105,-3,119303.07
2023-06-19,25,BA,Nordeste,Premiere,24.9,12982,105,16,67,22,74654.0
2023-06-19,25,CE,Nordeste,Familia,49.9,21588,136,14,134,-12,248785.5
2023-06-19,25,CE,Nordeste,HBO,34.9,13504,85,6,75,4,108842.86
2023-06-19,25,CE,Nordeste,Telecine,29.9,10806,75,5,64,6,74618.8
2023-06-19,25,CE,Nordeste,Premiere,24.9,8112,64,9,43,12,46648.68
2023-06-19,25,PE,Nordeste,Familia,49.9,23032,136,14,130,-8,265426.51
2023-06-19,25,PE,Nordeste,HBO,34.9,14387,82,6,89,-13,115959.88
2023-06-19,25,PE,Nordeste,Telecine,29.9,11520,76,5,71,0,79549.19
2023-06-19,25,PE,Nordeste,Premiere,24.9,8649,66,7,50,9,49736.74
2023-06-19,25,MA,Nordeste,Familia,49.9,16310,101,10,101,-10,187960.51
2023-06-19,25,MA,Nordeste,HBO,34.9,10208,68,5,55,8,82276.95
2023-06-19,25,MA,Nordeste,Telecine,29.9,8158,46,2,46,-2,56333.53
2023-06-19,25,MA,Nordeste,Premiere,24.9,6124,46,7,35,4,35216.54
2023-06-19,25,PB,Nordeste,Familia,49.9,9595,57,6,56,-5,110575.17
2023-06-19,25,PB,Nordeste,HBO,34.9,6001,36,2,33,1,48368.34
2023-06-19,25,PB,Nordeste,Telecine,29.9,4803,32,2,27,3,33166.21
2023-06-19,25,PB,Nordeste,Premiere,24.9,3602,24,3,19,2,20713.58
2023-06-19,25,RN,Nordeste,Familia,49.9,8639,53,5,49,-1,99557.99
2023-06-19,25,RN,Nordeste,HBO,34.9,5402,34,2,30,2,43540.37
2023-06-19,25,RN,Nordeste,Telecine,29.9,4320,24,1,23,0,29830.95
2023-06-19,25,RN,Nordeste,Premiere,24.9,3240,20,2,18,0,18631.87
2023-06-19,25,AL,Nordeste,Familia,49.9,7674,42,4,44,-6,88437.09
2023-06-19,25,AL,Nordeste,HBO,34.9,4797,27,1,29,-3,38664.04
2023-06-19,25,AL,Nordeste,Telecine,29.9,3843,24,1,20,3,26537.11
2023-06-19,25,AL,Nordeste,Premiere,24.9,2880,18,2,16,0,16561.66
2023-06-19,25,SE,Nordeste,Familia,49.9,5278,32,3,31,-2,60824.99
2023-06-19,25,SE,Nordeste,HBO,34.9,3297,18,1,20,-3,26573.97
2023-06-19,25,SE,Nordeste,Telecine,29.9,2640,16,1,15,0,18230.02
2023-06-19,25,SE,Nordeste,Premiere,24.9,1984,15,1,10,4,11409.15
2023-06-19,25,PI,Nordeste,Familia,49.9,7676,41,4,41,-4,88460.14
2023-06-19,25,PI,Nordeste,HBO,34.9,4807,34,2,25,7,38744.64
2023-06-19,25,PI,Nordeste,Telecine,29.9,3839,22,1,22,-1,26509.49
2023-06-19,25,PI,Nordeste,Premiere,24.9,2882,20,2,16,2,16573.16
2023-06-19,25,GO,Centro-Oeste,Familia,49.9,15833,102,12,97,-7,182463.44
2023-06-19,25,GO,Centro-Oeste,HBO,34.9,9895,56,4,57,-5,79754.16
2023-06-19,25,GO,Centro-Oeste,Telecine,29.9,7918,46,3,45,-2,54676.26
2023-06-19,25,GO,Centro-Oeste,Premiere,24.9,5944,42,6,32,4,34181.43
2023-06-19,25,MT,Centro-Oeste,Familia,49.9,8158,49,5,46,-2,94014.83
2023-06-19,25,MT,Centro-Oeste,HBO,34.9,5104,36,3,29,4,41138.48
2023-06-19,25,MT,Centro-Oeste,Telecine,29.9,4080,25,1,24,0,28173.67
2023-06-19,25,MT,Centro-Oeste,Premiere,24.9,3060,21,3,18,0,17596.77
2023-06-19,25,MS,Centro-Oeste,Familia,49.9,6239,35,3,33,-1,71899.79
2023-06-19,25,MS,Centro-Oeste,HBO,34.9,3897,21,1,23,-3,31410.0
2023-06-19,25,MS,Centro-Oeste,Telecine,29.9,3120,18,1,17,0,21544.57
2023-06-19,25,MS,Centro-Oeste,Premiere,24.9,2342,16,2,12,2,13467.85
2023-06-19,25,DF,Centro-Oeste,Familia,49.9,6719,41,3,39,-1,77431.43
2023-06-19,25,DF,Centro-Oeste,HBO,34.9,4200,23,1,22,0,33852.19
2023-06-19,25,DF,Centro-Oeste,Telecine,29.9,3363,23,1,19,3,23222.56
2023-06-19,25,DF,Centro-Oeste,Premiere,24.9,2521,16,2,13,1,14497.21
2023-06-19,25,AM,Norte,Familia,49.9,9595,61,7,59,-5,110575.17
2023-06-19,25,AM,Norte,HBO,34.9,5999,35,2,34,-1,48352.22
2023-06-19,25,AM,Norte,Telecine,29.9,4798,27,1,28,-2,33131.69
2023-06-19,25,AM,Norte,Premiere,24.9,3602,27,3,22,2,20713.58
2023-06-19,25,PA,Norte,Familia,49.9,20164,126,15,107,4,232374.97
2023-06-19,25,PA,Norte,HBO,34.9,12597,71,5,69,-3,101532.4
2023-06-19,25,PA,Norte,Telecine,29.9,10080,61,4,57,0,69605.54
2023-06-19,25,PA,Norte,Premiere,24.9,7559,51,6,46,-1,43468.61
2023-06-19,25,RO,Norte,Familia,49.9,3841,25,2,22,1,44264.64
2023-06-19,25,RO,Norte,HBO,34.9,2398,13,1,14,-2,19327.99
2023-06-19,25,RO,Norte,Telecine,29.9,1923,14,0,11,3,13278.91
2023-06-19,25,RO,Norte,Premiere,24.9,1441,10,1,8,1,8286.58
2023-06-19,25,AC,Norte,Familia,49.9,1919,11,1,11,-1,22115.03
2023-06-19,25,AC,Norte,HBO,34.9,1201,7,0,6,1,9680.12
2023-06-19,25,AC,Norte,Telecine,29.9,959,5,0,6,-1,6622.19
2023-06-19,25,AC,Norte,Premiere,24.9,721,5,0,4,1,4146.17
2023-06-19,25,RR,Norte,Familia,49.9,1442,9,0,7,2,16617.97
2023-06-19,25,RR,Norte,HBO,34.9,900,5,0,5,0,7254.04
2023-06-19,25,RR,Norte,Telecine,29.9,720,4,0,4,0,4971.82
2023-06-19,25,RR,Norte,Premiere,24.9,540,3,0,3,0,3105.31
2023-06-19,25,AP,Norte,Familia,49.9,1919,12,1,12,-1,22115.03
2023-06-19,25,AP,Norte,HBO,34.9,1201,7,0,6,1,9680.12
2023-06-19,25,AP,Norte,Telecine,29.9,961,6,0,5,1,6636.0
2023-06-19,25,AP,Norte,Premiere,24.9,720,4,0,4,0,4140.42
2023-06-19,25,TO,Norte,Familia,49.9,3359,18,2,17,-1,38709.95
2023-06-19,25,TO,Norte,HBO,34.9,2103,15,1,11,3,16950.28
2023-06-19,25,TO,Norte,Telecine,29.9,1680,10,0,10,0,11600.92
2023-06-19,25,TO,Norte,Premiere,24.9,1261,9,1,7,1,7251.48
2023-06-26,26,SP,Sudeste,Familia,49.9,104667,645,69,549,27,1206208.61
2023-06-26,26,SP,Sudeste,HBO,34.9,65401,413,37,375,1,527135.08
2023-06-26,26,SP,Sudeste,Telecine,29.9,52319,292,18,275,-1,361279.01
2023-06-26,26,SP,Sudeste,Premiere,24.9,39242,273,39,232,2,225664.16
2023-06-26,26,RJ,Sudeste,Familia,49.9,39359,263,32,232,-1,453582.93
2023-06-26,26,RJ,Sudeste,HBO,34.9,24592,149,10,147,-8,198212.66
2023-06-26,26,RJ,Sudeste,Telecine,29.9,19694,133,9,110,14,135993.21
2023-06-26,26,RJ,Sudeste,Premiere,24.9,14757,89,14,78,-3,84861.27
2023-06-26,26,MG,Sudeste,Familia,49.9,48955,291,30,266,-5,564169.63
2023-06-26,26,MG,Sudeste,HBO,34.9,30587,176,14,174,-12,246532.63
2023-06-26,26,MG,Sudeste,Telecine,29.9,24471,148,11,146,-9,168979.88
2023-06-26,26,MG,Sudeste,Premiere,24.9,18358,127,18,110,-1,105569.1
2023-06-26,26,ES,Sudeste,Familia,49.9,9111,52,5,56,-9,104997.44
2023-06-26,26,ES,Sudeste,HBO,34.9,5698,33,3,32,-2,45926.14
2023-06-26,26,ES,Sudeste,Telecine,29.9,4560,29,1,28,0,31488.22
2023-06-26,26,ES,Sudeste,Premiere,24.9,3418,21,2,21,-2,19655.47
2023-06-26,26,PR,Sul,Familia,49.9,26874,172,19,159,-6,309702.68
2023-06-26,26,PR,Sul,HBO,34.9,16801,108,8,99,1,135416.84
2023-06-26,26,PR,Sul,Telecine,29.9,13436,83,6,81,-4,92779.77
2023-06-26,26,PR,Sul,Premiere,24.9,10086,70,10,54,6,58000.32
2023-06-26,26,SC,Sul,Familia,49.9,17267,104,11,106,-13,198989.21
2023-06-26,26,SC,Sul,HBO,34.9,10794,61,4,63,-6,87000.14
2023-06-26,26,SC,Sul,Telecine,29.9,8634,50,3,53,-6,59620.46
2023-06-26,26,SC,Sul,Premiere,24.9,6482,45,5,38,2,37275.24
2023-06-26,26,RS,Sul,Familia,49.9,26845,149,14,170,-35,309368.48
2023-06-26,26,RS,Sul,HBO,34.9,16805,104,8,91,5,135449.08
2023-06-26,26,RS,Sul,Telecine,29.9,13439,84,6,79,-1,92800.48
2023-06-26,26,RS,Sul,Premiere,24.9,10076,65,7,62,-4,57942.82
2023-06-26,26,BA,Nordeste,Familia,49.9,34530,185,20,195,-30,397932.33
2023-06-26,26,BA,Nordeste,HBO,34.9,21577,122,10,135,-23,173911.62
2023-06-26,26,BA,Nordeste,Telecine,29.9,17275,111,8,108,-5,119289.26
2023-06-26,26,BA,Nordeste,Premiere,24.9,12962,88,11,75,2,74538.98
2023-06-26,26,CE,Nordeste,Familia,49.9,21600,139,13,126,0,248923.79
2023-06-26,26,CE,Nordeste,HBO,34.9,13498,78,5,75,-2,108794.5
2023-06-26,26,CE,Nordeste,Telecine,29.9,10799,70,5,66,-1,74570.46
2023-06-26,26,CE,Nordeste,Premiere,24.9,8105,58,7,46,5,46608.43
2023-06-26,26,PE,Nordeste,Familia,49.9,23025,137,15,137,-15,265345.84
2023-06-26,26,PE,Nordeste,HBO,34.9,14393,87,7,87,-7,116008.24
2023-06-26,26,PE,Nordeste,Telecine,29.9,11515,66,4,67,-5,79514.67
2023-06-26,26,PE,Nordeste,Premiere,24.9,8648,60,7,45,8,49730.99
2023-06-26,26,MA,Nordeste,Familia,49.9,16322,111,11,98,2,188098.8
2023-06-26,26,MA,Nordeste,HBO,34.9,10192,52,4,56,-8,82147.99
2023-06-26,26,MA,Nordeste,Telecine,29.9,8162,52,3,47,2,56361.15
2023-06-26,26,MA,Nordeste,Premiere,24.9,6125,46,5,36,5,35222.29
2023-06-26,26,PB,Nordeste,Familia,49.9,9597,60,7,56,-3,110598.22
2023-06-26,26,PB,Nordeste,HBO,34.9,6002,36,2,32,2,48376.4
2023-06-26,26,PB,Nordeste,Telecine,29.9,4800,28,1,27,0,33145.5
2023-06-26,26,PB,Nordeste,Premiere,24.9,3597,21,2,22,-3,20684.83
2023-06-26,26,RN,Nordeste,Familia,49.9,8637,52,6,49,-3,99534.94
2023-06-26,26,RN,Nordeste,HBO,34.9,5402,34,2,30,2,43540.37
2023-06-26,26,RN,Nordeste,Telecine,29.9,4321,27,1,25,1,29837.85
2023-06-26,26,RN,Nordeste,Premiere,24.9,3240,20,2,18,0,18631.87
2023-06-26,26,AL,Nordeste,Familia,49.9,7674,45,4,47,-6,88437.09
2023-06-26,26,AL,Nordeste,HBO,34.9,4799,28,1,28,-1,38680.16
2023-06-26,26,AL,Nordeste,Telecine,29.9,3842,24,1,21,2,26530.21
2023-06-26,26,AL,Nordeste,Premiere,24.9,2881,19,2,16,1,16567.41
2023-06-26,26,SE,Nordeste,Familia,49.9,5276,29,3,30,-4,60801.94
2023-06-26,26,SE,Nordeste,HBO,34.9,3300,20,1,19,0,26598.15
2023-06-26,26,SE,Nordeste,Telecine,29.9,2641,17,1,15,1,18236.93
2023-06-26,26,SE,Nordeste,Premiere,24.9,1980,13,1,12,0,11386.14
2023-06-26,26,PI,Nordeste,Familia,49.9,7677,43,4,42,-3,88471.66
2023-06-26,26,PI,Nordeste,HBO,34.9,4802,30,2,26,2,38704.34
2023-06-26,26,PI,Nordeste,Telecine,29.9,3839,22,1,22,-1,26509.49
2023-06-26,26,PI,Nordeste,Premiere,24.9,2881,20,3,16,1,16567.41
2023-06-26,26,GO,Centro-Oeste,Familia,49.9,15840,97,9,88,0,182544.11
2023-06-26,26,GO,Centro-Oeste,HBO,34.9,9899,66,5,62,-1,79786.4
2023-06-26,26,GO,Centro-Oeste,Telecine,29.9,7922,46,2,42,2,54703.88
2023-06-26,26,GO,Centro-Oeste,Premiere,24.9,5940,42,6,36,0,34158.43
2023-06-26,26,MT,Centro-Oeste,Familia,49.9,8156,47,5,46,-4,93991.78
2023-06-26,26,MT,Centro-Oeste,HBO,34.9,5103,34,2,29,3,41130.42
2023-06-26,26,MT,Centro-Oeste,Telecine,29.9,4081,25,1,23,1,28180.58
2023-06-26,26,MT,Centro-Oeste,Premiere,24.9,3062,22,2,18,2,17608.27
2023-06-26,26,MS,Centro-Oeste,Familia,49.9,6242,39,4,33,2,71934.36
2023-06-26,26,MS,Centro-Oeste,HBO,34.9,3902,25,1,22,2,31450.3
2023-06-26,26,MS,Centro-Oeste,Telecine,29.9,3123,20,1,16,3,21565.29
2023-06-26,26,MS,Centro-Oeste,Premiere,24.9,2339,15,2,14,-1,13450.6
2023-06-26,26,DF,Centro-Oeste,Familia,49.9,6723,42,4,35,3,77477.53
2023-06-26,26,DF,Centro-Oeste,HBO,34.9,4196,22,1,25,-4,33819.95
2023-06-26,26,DF,Centro-Oeste,Telecine,29.9,3364,22,1,17,4,23229.47
2023-06-26,26,DF,Centro-Oeste,Premiere,24.9,2521,17,2,14,1,14497.21
2023-06-26,26,AM,Norte,Familia,49.9,9601,64,6,57,1,110644.32
2023-06-26,26,AM,Norte,HBO,34.9,6002,37,2,33,2,48376.4
2023-06-26,26,AM,Norte,Telecine,29.9,4800,29,1,28,0,33145.5
2023-06-26,26,AM,Norte,Premiere,24.9,3601,24,3,20,1,20707.83
2023-06-26,26,PA,Norte,Familia,49.9,20138,103,10,115,-22,232075.33
2023-06-26,26,PA,Norte,HBO,34.9,12602,88,7,79,2,101572.7
2023-06-26,26,PA,Norte,Telecine,29.9,10074,60,4,62,-6,69564.11
2023-06-26,26,PA,Norte,Premiere,24.9,7562,56,7,47,2,43485.87
2023-06-26,26,RO,Norte,Familia,49.9,3839,26,3,24,-1,44241.59
2023-06-26,26,RO,Norte,HBO,34.9,2398,12,0,14,-2,19327.99
2023-06-26,26,RO,Norte,Telecine,29.9,1919,10,0,11,-1,13251.29
2023-06-26,26,RO,Norte,Premiere,24.9,1441,10,1,8,1,8286.58
2023-06-26,26,AC,Norte,Familia,49.9,1922,13,1,10,2,22149.61
2023-06-26,26,AC,Norte,HBO,34.9,1201,7,0,6,1,9680.12
2023-06-26,26,AC,Norte,Telecine,29.9,960,5,0,5,0,6629.1
2023-06-26,26,AC,Norte,Premiere,24.9,721,5,0,4,1,4146.17
2023-06-26,26,RR,Norte,Familia,49.9,1440,8,0,8,0,16594.92
2023-06-26,26,RR,Norte,HBO,34.9,902,6,0,4,2,7270.16
2023-06-26,26,RR,Norte,Telecine,29.9,720,4,0,4,0,4971.82
2023-06-26,26,RR,Norte,Premiere,24.9,540,3,0,3,0,3105.31
2023-06-26,26,AP,Norte,Familia,49.9,1919,11,1,11,-1,22115.03
2023-06-26,26,AP,Norte,HBO,34.9,1202,8,0,6,2,9688.18
2023-06-26,26,AP,Norte,Telecine,29.9,960,5,0,5,0,6629.1
2023-06-26,26,AP,Norte,Premiere,24.9,721,4,0,3,1,4146.17
2023-06-26,26,TO,Norte,Familia,49.9,3358,19,1,20,-2,38698.43
2023-06-26,26,TO,Norte,HBO,34.9,2102,12,0,10,2,16942.22
2023-06-26,26,TO,Norte,Telecine,29.9,1678,8,0,10,-2,11587.11
2023-06-26,26,TO,Norte,Premiere,24.9,1259,7,1,7,-1,7239.98
2023-07-03,27,SP,Sudeste,Familia,49.9,104689,737,91,597,49,1206462.15
2023-07-03,27,SP,Sudeste,HBO,34.9,65408,388,35,345,8,527191.5
2023-07-03,27,SP,Sudeste,Telecine,29.9,52364,383,26,313,44,361589.75
2023-07-03,27,SP,Sudeste,Premiere,24.9,39236,286,44,246,-4,225629.65
2023-07-03,27,RJ,Sudeste,Familia,49.9,39381,268,25,222,21,453836.47
2023-07-03,27,RJ,Sudeste,HBO,34.9,24617,162,14,131,17,198414.16
2023-07-03,27,RJ,Sudeste,Telecine,29.9,19680,122,7,115,0,135896.54
2023-07-03,27,RJ,Sudeste,Premiere,24.9,14747,93,14,92,-13,84803.76
2023-07-03,27,MG,Sudeste,Familia,49.9,48933,309,32,304,-27,563916.1
2023-07-03,27,MG,Sudeste,HBO,34.9,30630,210,16,163,31,246879.21
2023-07-03,27,MG,Sudeste,Telecine,29.9,24472,143,11,140,-8,168986.79
2023-07-03,27,MG,Sudeste,Premiere,24.9,18372,124,14,97,13,105649.61
2023-07-03,27,ES,Sudeste,Familia,49.9,9122,62,6,54,2,105124.2
2023-07-03,27,ES,Sudeste,HBO,34.9,5701,38,3,34,1,45950.32
2023-07-03,27,ES,Sudeste,Telecine,29.9,4557,26,1,28,-3,31467.51
2023-07-03,27,ES,Sudeste,Premiere,24.9,3419,19,2,18,-1,19661.22
2023-07-03,27,PR,Sul,Familia,49.9,26865,158,14,159,-15,309598.96
2023-07-03,27,PR,Sul,HBO,34.9,16796,97,8,93,-4,135376.54
2023-07-03,27,PR,Sul,Telecine,29.9,13440,76,4,72,0,92807.39
2023-07-03,27,PR,Sul,Premiere,24.9,10082,69,9,58,2,57977.32
2023-07-03,27,SC,Sul,Familia,49.9,17275,109,12,102,-5,199081.41
2023-07-03,27,SC,Sul,HBO,34.9,10798,61,4,59,-2,87032.38
2023-07-03,27,SC,Sul,Telecine,29.9,8636,49,3,50,-4,59634.27
2023-07-03,27,SC,Sul,Premiere,24.9,6480,42,6,36,0,37263.74
2023-07-03,27,RS,Sul,Familia,49.9,26890,185,19,156,10,309887.07
2023-07-03,27,RS,Sul,HBO,34.9,16811,109,9,89,11,135497.44
2023-07-03,27,RS,Sul,Telecine,29.9,13435,82,6,81,-5,92772.86
2023-07-03,27,RS,Sul,Premiere,24.9,10093,77,10,54,13,58040.58
2023-07-03,27,BA,Nordeste,Familia,49.9,34555,220,24,201,-5,398220.44
2023-07-03,27,BA,Nordeste,HBO,34.9,21609,157,14,134,9,174169.54
2023-07-03,27,BA,Nordeste,Telecine,29.9,17284,118,9,105,4,119351.41
2023-07-03,27,BA,Nordeste,Premiere,24.9,12964,92,14,74,4,74550.48
2023-07-03,27,CE,Nordeste,Familia,49.9,21588,116,13,115,-12,248785.5
2023-07-03,27,CE,Nordeste,HBO,34.9,13508,89,6,75,8,108875.1
2023-07-03,27,CE,Nordeste,Telecine,29.9,10798,62,4,60,-2,74563.56
2023-07-03,27,CE,Nordeste,Premiere,24.9,8104,54,7,43,4,46602.68
2023-07-03,27,PE,Nordeste,Familia,49.9,23051,158,18,129,11,265645.47
2023-07-03,27,PE,Nordeste,HBO,34.9,14402,98,7,89,2,116080.79
2023-07-03,27,PE,Nordeste,Telecine,29.9,11526,76,5,65,6,79590.62
2023-07-03,27,PE,Nordeste,Premiere,24.9,8639,58,7,52,-1,49679.24
2023-07-03,27,MA,Nordeste,Familia,49.9,16315,106,12,99,-5,188018.13
2023-07-03,27,MA,Nordeste,HBO,34.9,10211,71,5,55,11,82301.13
2023-07-03,27,MA,Nordeste,Telecine,29.9,8154,48,3,51,-6,56305.91
2023-07-03,27,MA,Nordeste,Premiere,24.9,6121,42,6,35,1,35199.28
2023-07-03,27,PB,Nordeste,Familia,49.9,9587,51,6,58,-13,110482.98
2023-07-03,27,PB,Nordeste,HBO,34.9,5998,38,3,37,-2,48344.16
2023-07-03,27,PB,Nordeste,Telecine,29.9,4803,30,1,26,3,33166.21
2023-07-03,27,PB,Nordeste,Premiere,24.9,3601,25,3,21,1,20707.83
2023-07-03,27,RN,Nordeste,Familia,49.9,8642,54,6,46,2,99592.56
2023-07-03,27,RN,Nordeste,HBO,34.9,5399,34,2,33,-1,43516.19
2023-07-03,27,RN,Nordeste,Telecine,29.9,4324,28,1,23,4,29858.57
2023-07-03,27,RN,Nordeste,Premiere,24.9,3241,23,3,19,1,18637.62
2023-07-03,27,AL,Nordeste,Familia,49.9,7672,41,4,45,-8,88414.04
2023-07-03,27,AL,Nordeste,HBO,34.9,4798,28,1,29,-2,38672.1
2023-07-03,27,AL,Nordeste,Telecine,29.9,3842,24,1,21,2,26530.21
2023-07-03,27,AL,Nordeste,Premiere,24.9,2882,19,2,15,2,16573.16
2023-07-03,27,SE,Nordeste,Familia,49.9,5284,36,3,29,4,60894.13
2023-07-03,27,SE,Nordeste,HBO,34.9,3296,17,1,20,-4,26565.91
2023-07-03,27,SE,Nordeste,Telecine,29.9,2642,17,1,14,2,18243.83
2023-07-03,27,SE,Nordeste,Premiere,24.9,1982,16,2,12,2,11397.64
2023-07-03,27,PI,Nordeste,Familia,49.9,7671,41,4,46,-9,88402.52
2023-07-03,27,PI,Nordeste,HBO,34.9,4802,29,2,25,2,38704.34
2023-07-03,27,PI,Nordeste,Telecine,29.9,3841,23,1,21,1,26523.3
2023-07-03,27,PI,Nordeste,Premiere,24.9,2880,18,2,16,0,16561.66
2023-07-03,27,GO,Centro-Oeste,Familia,49.9,15840,102,10,92,0,182544.11
2023-07-03,27,GO,Centro-Oeste,HBO,34.9,9898,61,4,59,-2,79778.34
2023-07-03,27,GO,Centro-Oeste,Telecine,29.9,7918,43,3,42,-2,54676.26
2023-07-03,27,GO,Centro-Oeste,Premiere,24.9,5943,40,5,32,3,34175.68
2023-07-03,27,MT,Centro-Oeste,Familia,49.9,8158,50,5,47,-2,94014.83
2023-07-03,27,MT,Centro-Oeste,HBO,34.9,5101,31,2,28,1,41114.3
2023-07-03,27,MT,Centro-Oeste,Telecine,29.9,4080,26,2,24,0,28173.67
2023-07-03,27,MT,Centro-Oeste,Premiere,24.9,3061,22,3,18,1,17602.52
2023-07-03,27,MS,Centro-Oeste,Familia,49.9,6240,37,4,33,0,71911.32
2023-07-03,27,MS,Centro-Oeste,HBO,34.9,3900,22,1,21,0,31434.18
2023-07-03,27,MS,Centro-Oeste,Telecine,29.9,3122,20,1,17,2,21558.38
2023-07-03,27,MS,Centro-Oeste,Premiere,24.9,2342,16,2,12,2,13467.85
2023-07-03,27,DF,Centro-Oeste,Familia,49.9,6713,37,4,40,-7,77362.29
2023-07-03,27,DF,Centro-Oeste,HBO,34.9,4198,23,1,24,-2,33836.07
2023-07-03,27,DF,Centro-Oeste,Telecine,29.9,3360,19,1,18,0,23201.85
2023-07-03,27,DF,Centro-Oeste,Premiere,24.9,2520,17,2,15,0,14491.45
2023-07-03,27,AM,Norte,Familia,49.9,9602,62,7,53,2,110655.84
2023-07-03,27,AM,Norte,HBO,34.9,5996,36,3,37,-4,48328.04
2023-07-03,27,AM,Norte,Telecine,29.9,4802,33,2,29,2,33159.31
2023-07-03,27,AM,Norte,Premiere,24.9,3598,21,2,21,-2,20690.58
2023-07-03,27,PA,Norte,Familia,49.9,20162,126,15,109,2,232351.92
2023-07-03,27,PA,Norte,HBO,34.9,12600,74,5,69,0,101556.58
2023-07-03,27,PA,Norte,Telecine,29.9,10076,61,4,61,-4,69577.92
2023-07-03,27,PA,Norte,Premiere,24.9,7568,54,6,40,8,43520.37
2023-07-03,27,RO,Norte,Familia,49.9,3842,25,2,21,2,44276.17
2023-07-03,27,RO,Norte,HBO,34.9,2401,14,1,12,1,19352.17
2023-07-03,27,RO,Norte,Telecine,29.9,1920,11,0,11,0,13258.2
2023-07-03,27,RO,Norte,Premiere,24.9,1440,8,1,7,0,8280.83
2023-07-03,27,AC,Norte,Familia,49.9,1919,11,1,11,-1,22115.03
2023-07-03,27,AC,Norte,HBO,34.9,1201,7,0,6,1,9680.12
2023-07-03,27,AC,Norte,Telecine,29.9,960,5,0,5,0,6629.1
2023-07-03,27,AC,Norte,Premiere,24.9,720,4,0,4,0,4140.42
2023-07-03,27,RR,Norte,Familia,49.9,1440,8,0,8,0,16594.92
2023-07-03,27,RR,Norte,HBO,34.9,900,5,0,5,0,7254.04
2023-07-03,27,RR,Norte,Telecine,29.9,720,4,0,4,0,4971.82
2023-07-03,27,RR,Norte,Premiere,24.9,541,4,0,3,1,3111.06
2023-07-03,27,AP,Norte,Familia,49.9,1920,10,0,10,0,22126.56
2023-07-03,27,AP,Norte,HBO,34.9,1202,8,0,6,2,9688.18
2023-07-03,27,AP,Norte,Telecine,29.9,960,5,0,5,0,6629.1
2023-07-03,27,AP,Norte,Premiere,24.9,721,5,0,4,1,4146.17
2023-07-03,27,TO,Norte,Familia,49.9,3359,20,2,19,-1,38709.95
2023-07-03,27,TO,Norte,HBO,34.9,2102,12,0,10,2,16942.22
2023-07-03,27,TO,Norte,Telecine,29.9,1680,10,0,10,0,11600.92
2023-07-03,27,TO,Norte,Premiere,24.9,1261,9,1,7,1,7251.48
2023-07-10,28,SP,Sudeste,Familia,49.9,104607,657,76,614,-33,1205517.16
2023-07-10,28,SP,Sudeste,HBO,34.9,65402,380,33,345,2,527143.14
2023-07-10,28,SP,Sudeste,Telecine,29.9,52342,336,22,292,22,361437.83
2023-07-10,28,SP,Sudeste,Premiere,24.9,39268,317,45,244,28,225813.67
2023-07-10,28,RJ,Sudeste,Familia,49.9,39393,270,28,209,33,453974.76
2023-07-10,28,RJ,Sudeste,HBO,34.9,24615,154,10,129,15,198398.04
2023-07-10,28,RJ,Sudeste,Telecine,29.9,19662,109,8,119,-18,135772.24
2023-07-10,28,RJ,Sudeste,Premiere,24.9,14767,98,11,80,7,84918.78
2023-07-10,28,MG,Sudeste,Familia,49.9,48984,315,30,261,24,564503.83
2023-07-10,28,MG,Sudeste,HBO,34.9,30564,167,15,187,-35,246347.25
2023-07-10,28,MG,Sudeste,Telecine,29.9,24471,149,9,149,-9,168979.88
2023-07-10,28,MG,Sudeste,Premiere,24.9,18366,122,17,98,7,105615.1
2023-07-10,28,ES,Sudeste,Familia,49.9,9118,54,5,51,-2,105078.11
2023-07-10,28,ES,Sudeste,HBO,34.9,5705,39,3,31,5,45982.56
2023-07-10,28,ES,Sudeste,Telecine,29.9,4559,27,1,27,-1,31481.32
2023-07-10,28,ES,Sudeste,Premiere,24.9,3423,22,2,17,3,19684.23
2023-07-10,28,PR,Sul,Familia,49.9,26887,183,22,154,7,309852.49
2023-07-10,28,PR,Sul,HBO,34.9,16801,110,8,101,1,135416.84
2023-07-10,28,PR,Sul,Telecine,29.9,13440,77,6,71,0,92807.39
2023-07-10,28,PR,Sul,Premiere,24.9,10082,76,12,62,2,57977.32
2023-07-10,28,SC,Sul,Familia,49.9,17285,111,13,93,5,199196.65
2023-07-10,28,SC,Sul,HBO,34.9,10806,68,5,57,6,87096.86
2023-07-10,28,SC,Sul,Telecine,29.9,8648,59,3,48,8,59717.14
2023-07-10,28,SC,Sul,Premiere,24.9,6478,44,6,40,-2,37252.24
2023-07-10,28,RS,Sul,Familia,49.9,26870,167,16,161,-10,309656.58
2023-07-10,28,RS,Sul,HBO,34.9,16794,101,7,100,-6,135360.42
2023-07-10,28,RS,Sul,Telecine,29.9,13442,78,6,70,2,92821.2
2023-07-10,28,RS,Sul,Premiere,24.9,10088,69,9,52,8,58011.82
2023-07-10,28,BA,Nordeste,Familia,49.9,34574,220,22,184,14,398439.4
2023-07-10,28,BA,Nordeste,HBO,34.9,21562,98,7,129,-38,173790.72
2023-07-10,28,BA,Nordeste,Telecine,29.9,17289,109,7,93,9,119385.94
2023-07-10,28,BA,Nordeste,Premiere,24.9,12980,102,13,69,20,74642.49
2023-07-10,28,CE,Nordeste,Familia,49.9,21587,127,14,126,-13,248773.97
2023-07-10,28,CE,Nordeste,HBO,34.9,13500,80,7,73,0,108810.62
2023-07-10,28,CE,Nordeste,Telecine,29.9,10809,73,5,59,9,74639.52
2023-07-10,28,CE,Nordeste,Premiere,24.9,8111,60,7,42,11,46642.93
2023-07-10,28,PE,Nordeste,Familia,49.9,23057,156,14,125,17,265714.62
2023-07-10,28,PE,Nordeste,HBO,34.9,14390,84,7,87,-10,115984.06
2023-07-10,28,PE,Nordeste,Telecine,29.9,11536,82,5,61,16,79659.68
2023-07-10,28,PE,Nordeste,Premiere,24.9,8642,60,8,50,2,49696.49
2023-07-10,28,MA,Nordeste,Familia,49.9,16312,86,9,85,-8,187983.56
2023-07-10,28,MA,Nordeste,HBO,34.9,10198,64,4,62,-2,82196.35
2023-07-10,28,MA,Nordeste,Telecine,29.9,8157,44,2,45,-3,56326.63
2023-07-10,28,MA,Nordeste,Premiere,24.9,6126,49,6,37,6,35228.04
2023-07-10,28,PB,Nordeste,Familia,49.9,9594,59,6,59,-6,110563.65
2023-07-10,28,PB,Nordeste,HBO,34.9,6001,38,2,35,1,48368.34
2023-07-10,28,PB,Nordeste,Telecine,29.9,4800,31,2,29,0,33145.5
2023-07-10,28,PB,Nordeste,Premiere,24.9,3602,24,3,19,2,20713.58
2023-07-10,28,RN,Nordeste,Familia,49.9,8646,57,5,46,6,99638.66
2023-07-10,28,RN,Nordeste,HBO,34.9,5403,35,2,30,3,43548.43
2023-07-10,28,RN,Nordeste,Telecine,29.9,4321,28,1,26,1,29837.85
2023-07-10,28,RN,Nordeste,Premiere,24.9,3241,20,2,17,1,18637.62
2023-07-10,28,AL,Nordeste,Familia,49.9,7681,47,4,42,1,88517.76
2023-07-10,28,AL,Nordeste,HBO,34.9,4793,22,1,28,-7,38631.8
2023-07-10,28,AL,Nordeste,Telecine,29.9,3839,23,1,23,-1,26509.49
2023-07-10,28,AL,Nordeste,Premiere,24.9,2882,22,2,18,2,16573.16
2023-07-10,28,SE,Nordeste,Familia,49.9,5280,31,3,28,0,60848.04
2023-07-10,28,SE,Nordeste,HBO,34.9,3301,21,1,19,1,26606.21
2023-07-10,28,SE,Nordeste,Telecine,29.9,2642,18,1,15,2,18243.83
2023-07-10,28,SE,Nordeste,Premiere,24.9,1982,14,2,10,2,11397.64
2023-07-10,28,PI,Nordeste,Familia,49.9,7687,51,4,40,7,88586.91
2023-07-10,28,PI,Nordeste,HBO,34.9,4797,27,2,28,-3,38664.04
2023-07-10,28,PI,Nordeste,Telecine,29.9,3843,25,1,21,3,26537.11
2023-07-10,28,PI,Nordeste,Premiere,24.9,2879,19,2,18,-1,16555.91
2023-07-10,28,GO,Centro-Oeste,Familia,49.9,15827,93,10,96,-13,182394.3
2023-07-10,28,GO,Centro-Oeste,HBO,34.9,9902,60,4,54,2,79810.58
2023-07-10,28,GO,Centro-Oeste,Telecine,29.9,7925,50,3,42,5,54724.6
2023-07-10,28,GO,Centro-Oeste,Premiere,24.9,5936,39,6,37,-4,34135.43
2023-07-10,28,MT,Centro-Oeste,Familia,49.9,8156,50,5,49,-4,93991.78
2023-07-10,28,MT,Centro-Oeste,HBO,34.9,5103,32,2,27,3,41130.42
2023-07-10,28,MT,Centro-Oeste,Telecine,29.9,4080,24,1,23,0,28173.67
2023-07-10,28,MT,Centro-Oeste,Premiere,24.9,3063,23,3,17,3,17614.02
2023-07-10,28,MS,Centro-Oeste,Familia,49.9,6239,39,4,36,-1,71899.79
2023-07-10,28,MS,Centro-Oeste,HBO,34.9,3901,24,1,22,1,31442.24
2023-07-10,28,MS,Centro-Oeste,Telecine,29.9,3121,20,1,18,1,21551.48
2023-07-10,28,MS,Centro-Oeste,Premiere,24.9,2343,17,2,12,3,13473.6
2023-07-10,28,DF,Centro-Oeste,Familia,49.9,6718,40,4,38,-2,77419.91
2023-07-10,28,DF,Centro-Oeste,HBO,34.9,4202,26,1,23,2,33868.31
2023-07-10,28,DF,Centro-Oeste,Telecine,29.9,3365,25,1,19,5,23236.37
2023-07-10,28,DF,Centro-Oeste,Premiere,24.9,2521,18,2,15,1,14497.21
2023-07-10,28,AM,Norte,Familia,49.9,9595,57,5,57,-5,110575.17
2023-07-10,28,AM,Norte,HBO,34.9,6000,39,3,36,0,48360.28
2023-07-10,28,AM,Norte,Telecine,29.9,4802,31,2,27,2,33159.31
2023-07-10,28,AM,Norte,Premiere,24.9,3603,28,3,22,3,20719.33
2023-07-10,28,PA,Norte,Familia,49.9,20158,134,16,120,-2,232305.82
2023-07-10,28,PA,Norte,HBO,34.9,12596,74,6,72,-4,101524.34
2023-07-10,28,PA,Norte,Telecine,29.9,10071,56,4,61,-9,69543.39
2023-07-10,28,PA,Norte,Premiere,24.9,7562,50,7,41,2,43485.87
2023-07-10,28,RO,Norte,Familia,49.9,3842,26,2,22,2,44276.17
2023-07-10,28,RO,Norte,HBO,34.9,2400,15,1,14,0,19344.11
2023-07-10,28,RO,Norte,Telecine,29.9,1920,12,0,12,0,13258.2
2023-07-10,28,RO,Norte,Premiere,24.9,1442,10,1,7,2,8292.33
2023-07-10,28,AC,Norte,Familia,49.9,1919,11,1,11,-1,22115.03
2023-07-10,28,AC,Norte,HBO,34.9,1200,7,0,7,0,9672.06
2023-07-10,28,AC,Norte,Telecine,29.9,961,6,0,5,1,6636.0
2023-07-10,28,AC,Norte,Premiere,24.9,720,4,0,4,0,4140.42
2023-07-10,28,RR,Norte,Familia,49.9,1439,9,1,9,-1,16583.39
2023-07-10,28,RR,Norte,HBO,34.9,901,6,0,5,1,7262.1
2023-07-10,28,RR,Norte,Telecine,29.9,720,4,0,4,0,4971.82
2023-07-10,28,RR,Norte,Premiere,24.9,542,4,0,2,2,3116.81
2023-07-10,28,AP,Norte,Familia,49.9,1920,12,1,11,0,22126.56
2023-07-10,28,AP,Norte,HBO,34.9,1202,8,0,6,2,9688.18
2023-07-10,28,AP,Norte,Telecine,29.9,960,5,0,5,0,6629.1
2023-07-10,28,AP,Norte,Premiere,24.9,721,5,0,4,1,4146.17
2023-07-10,28,TO,Norte,Familia,49.9,3360,19,2,17,0,38721.48
2023-07-10,28,TO,Norte,HBO,34.9,2101,12,0,11,1,16934.16
2023-07-10,28,TO,Norte,Telecine,29.9,1681,10,0,9,1,11607.83
2023-07-10,28,TO,Norte,Premiere,24.9,1262,10,1,7,2,7257.23
2023-07-17,29,SP,Sudeste,Familia,49.9,104547,623,76,640,-93,1204825.7
2023-07-17,29,SP,Sudeste,HBO,34.9,65405,383,32,346,5,527167.32
2023-07-17,29,SP,Sudeste,Telecine,29.9,52282,299,22,315,-38,361023.51
2023-07-17,29,SP,Sudeste,Premiere,24.9,39235,268,39,234,-5,225623.9
2023-07-17,29,RJ,Sudeste,Familia,49.9,39371,246,29,206,11,453721.22
2023-07-17,29,RJ,Sudeste,HBO,34.9,24597,150,10,143,-3,198252.96
2023-07-17,29,RJ,Sudeste,Telecine,29.9,19678,118,9,111,-2,135882.73
2023-07-17,29,RJ,Sudeste,Premiere,24.9,14768,108,13,87,8,84924.53
2023-07-17,29,MG,Sudeste,Familia,49.9,48916,294,31,307,-44,563720.18
2023-07-17,29,MG,Sudeste,HBO,34.9,30596,183,12,174,-3,246605.17
2023-07-17,29,MG,Sudeste,Telecine,29.9,24466,146,9,151,-14,168945.36
2023-07-17,29,MG,Sudeste,Premiere,24.9,18385,143,20,97,26,105724.36
2023-07-17,29,ES,Sudeste,Familia,49.9,9119,62,6,57,-1,105089.63
2023-07-17,29,ES,Sudeste,HBO,34.9,5697,33,2,34,-3,45918.08
2023-07-17,29,ES,Sudeste,Telecine,29.9,4558,27,2,27,-2,31474.41
2023-07-17,29,ES,Sudeste,Premiere,24.9,3422,22,2,18,2,19678.48
2023-07-17,29,PR,Sul,Familia,49.9,26865,154,16,153,-15,309598.96
2023-07-17,29,PR,Sul,HBO,34.9,16818,119,9,92,18,135553.86
2023-07-17,29,PR,Sul,Telecine,29.9,13443,83,5,75,3,92828.11
2023-07-17,29,PR,Sul,Premiere,24.9,10089,75,11,55,9,58017.58
2023-07-17,29,SC,Sul,Familia,49.9,17279,112,12,101,-1,199127.51
2023-07-17,29,SC,Sul,HBO,34.9,10811,80,6,63,11,87137.16
2023-07-17,29,SC,Sul,Telecine,29.9,8641,49,3,45,1,59668.8
2023-07-17,29,SC,Sul,Premiere,24.9,6478,43,5,40,-2,37252.24
2023-07-17,29,RS,Sul,Familia,49.9,26887,169,21,141,7,309852.49
2023-07-17,29,RS,Sul,HBO,34.9,16782,92,7,103,-18,135263.7
2023-07-17,29,RS,Sul,Telecine,29.9,13436,81,6,79,-4,92779.77
2023-07-17,29,RS,Sul,Premiere,24.9,10084,76,10,62,4,57988.82
2023-07-17,29,BA,Nordeste,Familia,49.9,34522,185,22,201,-38,397840.14
2023-07-17,29,BA,Nordeste,HBO,34.9,21580,120,8,132,-20,173935.8
2023-07-17,29,BA,Nordeste,Telecine,29.9,17275,97,6,96,-5,119289.26
2023-07-17,29,BA,Nordeste,Premiere,24.9,12967,99,12,80,7,74567.74
2023-07-17,29,CE,Nordeste,Familia,49.9,21580,131,16,135,-20,248693.3
2023-07-17,29,CE,Nordeste,HBO,34.9,13494,74,5,75,-6,108762.26
2023-07-17,29,CE,Nordeste,Telecine,29.9,10797,63,3,63,-3,74556.65
2023-07-17,29,CE,Nordeste,Premiere,24.9,8106,61,7,48,6,46614.18
2023-07-17,29,PE,Nordeste,Familia,49.9,23025,140,16,139,-15,265345.84
2023-07-17,29,PE,Nordeste,HBO,34.9,14402,90,8,80,2,116080.79
2023-07-17,29,PE,Nordeste,Telecine,29.9,11528,73,5,60,8,79604.43
2023-07-17,29,PE,Nordeste,Premiere,24.9,8647,59,7,45,7,49725.24
2023-07-17,29,MA,Nordeste,Familia,49.9,16321,96,11,84,1,188087.27
2023-07-17,29,MA,Nordeste,HBO,34.9,10191,59,5,63,-9,82139.93
2023-07-17,29,MA,Nordeste,Telecine,29.9,8160,51,3,48,0,56347.34
2023-07-17,29,MA,Nordeste,Premiere,24.9,6120,39,6,33,0,35193.53
2023-07-17,29,PB,Nordeste,Familia,49.9,9607,64,7,50,7,110713.46
2023-07-17,29,PB,Nordeste,HBO,34.9,5999,37,3,35,-1,48352.22
2023-07-17,29,PB,Nordeste,Telecine,29.9,4801,26,1,24,1,33152.4
2023-07-17,29,PB,Nordeste,Premiere,24.9,3602,25,3,20,2,20713.58
2023-07-17,29,RN,Nordeste,Familia,49.9,8643,58,6,49,3,99604.09
2023-07-17,29,RN,Nordeste,HBO,34.9,5404,36,2,30,4,43556.49
2023-07-17,29,RN,Nordeste,Telecine,29.9,4322,25,1,22,2,29844.76
2023-07-17,29,RN,Nordeste,Premiere,24.9,3239,20,2,19,-1,18626.12
2023-07-17,29,AL,Nordeste,Familia,49.9,7677,48,5,46,-3,88471.66
2023-07-17,29,AL,Nordeste,HBO,34.9,4800,31,2,29,0,38688.22
2023-07-17,29,AL,Nordeste,Telecine,29.9,3841,23,1,21,1,26523.3
2023-07-17,29,AL,Nordeste,Premiere,24.9,2879,19,2,18,-1,16555.91
2023-07-17,29,SE,Nordeste,Familia,49.9,5276,29,3,30,-4,60801.94
2023-07-17,29,SE,Nordeste,HBO,34.9,3300,20,1,19,0,26598.15
2023-07-17,29,SE,Nordeste,Telecine,29.9,2643,18,1,14,3,18250.74
2023-07-17,29,SE,Nordeste,Premiere,24.9,1982,13,1,10,2,11397.64
2023-07-17,29,PI,Nordeste,Familia,49.9,7677,49,5,47,-3,88471.66
2023-07-17,29,PI,Nordeste,HBO,34.9,4798,28,2,28,-2,38672.1
2023-07-17,29,PI,Nordeste,Telecine,29.9,3844,25,1,20,4,26544.02
2023-07-17,29,PI,Nordeste,Premiere,24.9,2881,20,3,16,1,16567.41
2023-07-17,29,GO,Centro-Oeste,Familia,49.9,15842,99,11,86,2,182567.16
2023-07-17,29,GO,Centro-Oeste,HBO,34.9,9904,61,4,53,4,79826.7
2023-07-17,29,GO,Centro-Oeste,Telecine,29.9,7919,42,2,41,-1,54683.16
2023-07-17,29,GO,Centro-Oeste,Premiere,24.9,5944,41,5,32,4,34181.43
2023-07-17,29,MT,Centro-Oeste,Familia,49.9,8164,57,5,48,4,94083.97
2023-07-17,29,MT,Centro-Oeste,HBO,34.9,5102,31,2,27,2,41122.36
2023-07-17,29,MT,Centro-Oeste,Telecine,29.9,4079,24,1,24,-1,28166.77
2023-07-17,29,MT,Centro-Oeste,Premiere,24.9,3062,23,3,18,2,17608.27
2023-07-17,29,MS,Centro-Oeste,Familia,49.9,6240,38,4,34,0,71911.32
2023-07-17,29,MS,Centro-Oeste,HBO,34.9,3901,22,1,20,1,31442.24
2023-07-17,29,MS,Centro-Oeste,Telecine,29.9,3123,22,1,18,3,21565.29
2023-07-17,29,MS,Centro-Oeste,Premiere,24.9,2343,18,2,13,3,13473.6
2023-07-17,29,DF,Centro-Oeste,Familia,49.9,6724,47,5,38,4,77489.05
2023-07-17,29,DF,Centro-Oeste,HBO,34.9,4202,28,2,24,2,33868.31
2023-07-17,29,DF,Centro-Oeste,Telecine,29.9,3362,21,1,18,2,23215.66
2023-07-17,29,DF,Centro-Oeste,Premiere,24.9,2522,17,2,13,2,14502.96
2023-07-17,29,AM,Norte,Familia,49.9,9599,60,7,54,-1,110621.27
2023-07-17,29,AM,Norte,HBO,34.9,5995,34,3,36,-5,48319.98
2023-07-17,29,AM,Norte,Telecine,29.9,4798,27,1,28,-2,33131.69
2023-07-17,29,AM,Norte,Premiere,24.9,3599,21,3,19,-1,20696.33
2023-07-17,29,PA,Norte,Familia,49.9,20154,118,12,112,-6,232259.72
2023-07-17,29,PA,Norte,HBO,34.9,12588,59,4,67,-12,101459.86
2023-07-17,29,PA,Norte,Telecine,29.9,10082,61,4,55,2,69619.35
2023-07-17,29,PA,Norte,Premiere,24.9,7559,51,7,45,-1,43468.61
2023-07-17,29,RO,Norte,Familia,49.9,3841,26,3,22,1,44264.64
2023-07-17,29,RO,Norte,HBO,34.9,2399,13,1,13,-1,19336.05
2023-07-17,29,RO,Norte,Telecine,29.9,1919,10,0,11,-1,13251.29
2023-07-17,29,RO,Norte,Premiere,24.9,1442,10,1,7,2,8292.33
2023-07-17,29,AC,Norte,Familia,49.9,1919,11,1,11,-1,22115.03
2023-07-17,29,AC,Norte,HBO,34.9,1201,7,0,6,1,9680.12
2023-07-17,29,AC,Norte,Telecine,29.9,961,6,0,5,1,6636.0
2023-07-17,29,AC,Norte,Premiere,24.9,721,4,0,3,1,4146.17
2023-07-17,29,RR,Norte,Familia,49.9,1441,8,0,7,1,16606.44
2023-07-17,29,RR,Norte,HBO,34.9,900,5,0,5,0,7254.04
2023-07-17,29,RR,Norte,Telecine,29.9,720,4,0,4,0,4971.82
2023-07-17,29,RR,Norte,Premiere,24.9,540,3,0,3,0,3105.31
2023-07-17,29,AP,Norte,Familia,49.9,1920,11,1,10,0,22126.56
2023-07-17,29,AP,Norte,HBO,34.9,1202,8,0,6,2,9688.18
2023-07-17,29,AP,Norte,Telecine,29.9,961,6,0,5,1,6636.0
2023-07-17,29,AP,Norte,Premiere,24.9,722,5,0,3,2,4151.92
2023-07-17,29,TO,Norte,Familia,49.9,3361,21,2,18,1,38733.0
2023-07-17,29,TO,Norte,HBO,34.9,2099,12,1,12,-1,16918.04
2023-07-17,29,TO,Norte,Telecine,29.9,1682,11,0,9,2,11614.73
2023-07-17,29,TO,Norte,Premiere,24.9,1261,8,1,6,1,7251.48
2023-07-24,30,SP,Sudeste,Familia,49.9,104477,553,56,660,-163,1204019.01
2023-07-24,30,SP,Sudeste,HBO,34.9,65371,398,28,399,-29,526893.28
2023-07-24,30,SP,Sudeste,Telecine,29.9,52305,299,18,296,-15,361182.33
2023-07-24,30,SP,Sudeste,Premiere,24.9,39285,295,46,204,45,225911.43
2023-07-24,30,RJ,Sudeste,Familia,49.9,39368,245,29,208,8,453686.65
2023-07-24,30,RJ,Sudeste,HBO,34.9,24620,182,15,147,20,198438.34
2023-07-24,30,RJ,Sudeste,Telecine,29.9,19694,126,9,103,14,135993.21
2023-07-24,30,RJ,Sudeste,Premiere,24.9,14769,106,14,83,9,84930.28
2023-07-24,30,MG,Sudeste,Familia,49.9,48944,293,31,278,-16,564042.86
2023-07-24,30,MG,Sudeste,HBO,34.9,30586,163,14,162,-13,246524.57
2023-07-24,30,MG,Sudeste,Telecine,29.9,24471,151,10,150,-9,168979.88
2023-07-24,30,MG,Sudeste,Premiere,24.9,18375,138,18,104,16,105666.86
2023-07-24,30,ES,Sudeste,Familia,49.9,9107,49,6,56,-13,104951.34
2023-07-24,30,ES,Sudeste,HBO,34.9,5700,32,2,30,0,45942.26
2023-07-24,30,ES,Sudeste,Telecine,29.9,4561,26,1,24,1,31495.13
2023-07-24,30,ES,Sudeste,Premiere,24.9,3424,24,3,17,4,19689.98
2023-07-24,30,PR,Sul,Familia,49.9,26872,181,19,170,-8,309679.63
2023-07-24,30,PR,Sul,HBO,34.9,16793,95,8,94,-7,135352.36
2023-07-24,30,PR,Sul,Telecine,29.9,13449,88,6,73,9,92869.54
2023-07-24,30,PR,Sul,Premiere,24.9,10082,67,10,55,2,57977.32
2023-07-24,30,SC,Sul,Familia,49.9,17284,109,11,94,4,199185.13
2023-07-24,30,SC,Sul,HBO,34.9,10812,76,6,58,12,87145.22
2023-07-24,30,SC,Sul,Telecine,29.9,8639,47,3,45,-1,59654.99
2023-07-24,30,SC,Sul,Premiere,24.9,6487,47,5,35,7,37304.0
2023-07-24,30,RS,Sul,Familia,49.9,26846,148,16,166,-34,309380.0
2023-07-24,30,RS,Sul,HBO,34.9,16794,100,8,98,-6,135360.42
2023-07-24,30,RS,Sul,Telecine,29.9,13438,85,5,82,-2,92793.58
2023-07-24,30,RS,Sul,Premiere,24.9,10084,69,8,57,4,57988.82
2023-07-24,30,BA,Nordeste,Familia,49.9,34565,229,22,202,5,398335.68
2023-07-24,30,BA,Nordeste,HBO,34.9,21592,130,9,129,-8,174032.52
2023-07-24,30,BA,Nordeste,Telecine,29.9,17271,106,7,108,-9,119261.64
2023-07-24,30,BA,Nordeste,Premiere,24.9,12970,97,13,74,10,74584.99
2023-07-24,30,CE,Nordeste,Familia,49.9,21605,151,14,132,5,248981.41
2023-07-24,30,CE,Nordeste,HBO,34.9,13511,88,6,71,11,108899.28
2023-07-24,30,CE,Nordeste,Telecine,29.9,10797,64,3,64,-3,74556.65
2023-07-24,30,CE,Nordeste,Premiere,24.9,8103,62,9,50,3,46596.93
2023-07-24,30,PE,Nordeste,Familia,49.9,23028,138,15,135,-12,265380.42
2023-07-24,30,PE,Nordeste,HBO,34.9,14400,96,7,89,0,116064.67
2023-07-24,30,PE,Nordeste,Telecine,29.9,11504,54,4,66,-16,79438.71
2023-07-24,30,PE,Nordeste,Premiere,24.9,8645,62,7,50,5,49713.74
2023-07-24,30,MA,Nordeste,Familia,49.9,16315,105,12,98,-5,188018.13
2023-07-24,30,MA,Nordeste,HBO,34.9,10199,66,4,63,-1,82204.41
2023-07-24,30,MA,Nordeste,Telecine,29.9,8156,50,3,51,-4,56319.72
2023-07-24,30,MA,Nordeste,Premiere,24.9,6119,43,6,38,-1,35187.78
2023-07-24,30,PB,Nordeste,Familia,49.9,9599,60,6,55,-1,110621.27
2023-07-24,30,PB,Nordeste,HBO,34.9,6002,40,2,36,2,48376.4
2023-07-24,30,PB,Nordeste,Telecine,29.9,4805,34,2,27,5,33180.02
2023-07-24,30,PB,Nordeste,Premiere,24.9,3603,25,3,19,3,20719.33
2023-07-24,30,RN,Nordeste,Familia,49.9,8640,52,6,46,0,99569.52
2023-07-24,30,RN,Nordeste,HBO,34.9,5399,32,2,31,-1,43516.19
2023-07-24,30,RN,Nordeste,Telecine,29.9,4317,24,1,26,-3,29810.23
2023-07-24,30,RN,Nordeste,Premiere,24.9,3244,23,2,17,4,18654.87
2023-07-24,30,AL,Nordeste,Familia,49.9,7677,45,4,44,-3,88471.66
2023-07-24,30,AL,Nordeste,HBO,34.9,4801,30,2,27,1,38696.28
2023-07-24,30,AL,Nordeste,Telecine,29.9,3836,20,1,23,-4,26488.78
2023-07-24,30,AL,Nordeste,Premiere,24.9,2882,21,2,17,2,16573.16
2023-07-24,30,SE,Nordeste,Familia,49.9,5279,31,3,29,-1,60836.51
2023-07-24,30,SE,Nordeste,HBO,34.9,3303,23,1,19,3,26622.33
2023-07-24,30,SE,Nordeste,Telecine,29.9,2637,13,0,16,-3,18209.31
2023-07-24,30,SE,Nordeste,Premiere,24.9,1979,13,2,12,-1,11380.39
2023-07-24,30,PI,Nordeste,Familia,49.9,7680,50,5,45,0,88506.24
2023-07-24,30,PI,Nordeste,HBO,34.9,4795,27,2,30,-5,38647.92
2023-07-24,30,PI,Nordeste,Telecine,29.9,3841,23,1,21,1,26523.3
2023-07-24,30,PI,Nordeste,Premiere,24.9,2884,22,2,16,4,16584.67
2023-07-24,30,GO,Centro-Oeste,Familia,49.9,15850,123,15,98,10,182659.35
2023-07-24,30,GO,Centro-Oeste,HBO,34.9,9905,64,4,55,5,79834.76
2023-07-24,30,GO,Centro-Oeste,Telecine,29.9,7914,42,3,45,-6,54648.64
2023-07-24,30,GO,Centro-Oeste,Premiere,24.9,5938,39,5,36,-2,34146.93
2023-07-24,30,MT,Centro-Oeste,Familia,49.9,8158,49,5,46,-2,94014.83
2023-07-24,30,MT,Centro-Oeste,HBO,34.9,5104,32,2,26,4,41138.48
2023-07-24,30,MT,Centro-Oeste,Telecine,29.9,4076,21,1,24,-4,28146.05
2023-07-24,30,MT,Centro-Oeste,Premiere,24.9,3062,21,3,16,2,17608.27
2023-07-24,30,MS,Centro-Oeste,Familia,49.9,6239,34,3,32,-1,71899.79
2023-07-24,30,MS,Centro-Oeste,HBO,34.9,3905,26,1,20,5,31474.48
2023-07-24,30,MS,Centro-Oeste,Telecine,29.9,3118,17,1,18,-2,21530.76
2023-07-24,30,MS,Centro-Oeste,Premiere,24.9,2343,17,2,12,3,13473.6
2023-07-24,30,DF,Centro-Oeste,Familia,49.9,6717,39,4,38,-3,77408.38
2023-07-24,30,DF,Centro-Oeste,HBO,34.9,4202,28,2,24,2,33868.31
2023-07-24,30,DF,Centro-Oeste,Telecine,29.9,3359,19,1,19,-1,23194.94
2023-07-24,30,DF,Centro-Oeste,Premiere,24.9,2523,19,2,14,3,14508.71
2023-07-24,30,AM,Norte,Familia,49.9,9598,59,6,55,-2,110609.75
2023-07-24,30,AM,Norte,HBO,34.9,6004,43,3,36,4,48392.52
2023-07-24,30,AM,Norte,Telecine,29.9,4805,34,2,27,5,33180.02
2023-07-24,30,AM,Norte,Premiere,24.9,3602,26,3,21,2,20713.58
2023-07-24,30,PA,Norte,Familia,49.9,20159,118,14,105,-1,232317.34
2023-07-24,30,PA,Norte,HBO,34.9,12597,79,6,76,-3,101532.4
2023-07-24,30,PA,Norte,Telecine,29.9,10079,55,3,53,-1,69598.64
2023-07-24,30,PA,Norte,Premiere,24.9,7569,60,8,43,9,43526.12
2023-07-24,30,RO,Norte,Familia,49.9,3839,24,2,23,-1,44241.59
2023-07-24,30,RO,Norte,HBO,34.9,2399,13,1,13,-1,19336.05
2023-07-24,30,RO,Norte,Telecine,29.9,1921,11,0,10,1,13265.1
2023-07-24,30,RO,Norte,Premiere,24.9,1440,9,1,8,0,8280.83
2023-07-24,30,AC,Norte,Familia,49.9,1919,11,1,11,-1,22115.03
2023-07-24,30,AC,Norte,HBO,34.9,1201,8,0,7,1,9680.12
2023-07-24,30,AC,Norte,Telecine,29.9,960,5,0,5,0,6629.1
2023-07-24,30,AC,Norte,Premiere,24.9,721,5,0,4,1,4146.17
2023-07-24,30,RR,Norte,Familia,49.9,1440,9,1,8,0,16594.92
2023-07-24,30,RR,Norte,HBO,34.9,900,5,0,5,0,7254.04
2023-07-24,30,RR,Norte,Telecine,29.9,720,4,0,4,0,4971.82
2023-07-24,30,RR,Norte,Premiere,24.9,540,3,0,3,0,3105.31
2023-07-24,30,AP,Norte,Familia,49.9,1919,10,0,11,-1,22115.03
2023-07-24,30,AP,Norte,HBO,34.9,1201,7,0,6,1,9680.12
2023-07-24,30,AP,Norte,Telecine,29.9,961,6,0,5,1,6636.0
2023-07-24,30,AP,Norte,Premiere,24.9,721,5,0,4,1,4146.17
2023-07-24,30,TO,Norte,Familia,49.9,3363,24,2,19,3,38756.05
2023-07-24,30,TO,Norte,HBO,34.9,2102,13,0,11,2,16942.22
2023-07-24,30,TO,Norte,Telecine,29.9,1681,10,0,9,1,11607.83
2023-07-24,30,TO,Norte,Premiere,24.9,1261,9,1,7,1,7251.48
2023-07-31,31,SP,Sudeste,Familia,49.9,104598,665,73,634,-42,1205413.44
2023-07-31,31,SP,Sudeste,HBO,34.9,65384,392,30,378,-16,526998.06
2023-07-31,31,SP,Sudeste,Telecine,29.9,52274,301,23,324,-46,360968.27
2023-07-31,31,SP,Sudeste,Premiere,24.9,39262,275,36,217,22,225779.17
2023-07-31,31,RJ,Sudeste,Familia,49.9,39327,239,27,245,-33,453214.16
2023-07-31,31,RJ,Sudeste,HBO,34.9,24598,153,13,142,-2,198261.02
2023-07-31,31,RJ,Sudeste,Telecine,29.9,19683,124,7,114,3,135917.25
2023-07-31,31,RJ,Sudeste,Premiere,24.9,14780,116,14,82,20,84993.53
2023-07-31,31,MG,Sudeste,Familia,49.9,48931,311,32,308,-29,563893.05
2023-07-31,31,MG,Sudeste,HBO,34.9,30624,211,18,168,25,246830.85
2023-07-31,31,MG,Sudeste,Telecine,29.9,24465,147,10,152,-15,168938.45
2023-07-31,31,MG,Sudeste,Premiere,24.9,18382,136,17,96,23,105707.11
2023-07-31,31,ES,Sudeste,Familia,49.9,9114,56,6,56,-6,105032.01
2023-07-31,31,ES,Sudeste,HBO,34.9,5698,35,2,35,-2,45926.14
2023-07-31,31,ES,Sudeste,Telecine,29.9,4562,30,2,26,2,31502.03
2023-07-31,31,ES,Sudeste,Premiere,24.9,3427,27,3,17,7,19707.23
2023-07-31,31,PR,Sul,Familia,49.9,26855,145,17,153,-25,309483.72
2023-07-31,31,PR,Sul,HBO,34.9,16797,95,6,92,-3,135384.6
2023-07-31,31,PR,Sul,Telecine,29.9,13447,84,6,71,7,92855.73
2023-07-31,31,PR,Sul,Premiere,24.9,10088,71,9,54,8,58011.82
2023-07-31,31,SC,Sul,Familia,49.9,17272,107,10,105,-8,199046.84
2023-07-31,31,SC,Sul,HBO,34.9,10805,68,4,59,5,87088.8
2023-07-31,31,SC,Sul,Telecine,29.9,8640,57,3,54,0,59661.89
2023-07-31,31,SC,Sul,Premiere,24.9,6487,48,6,35,7,37304.0
2023-07-31,31,RS,Sul,Familia,49.9,26878,155,16,141,-2,309748.78
2023-07-31,31,RS,Sul,HBO,34.9,16802,98,8,88,2,135424.9
2023-07-31,31,RS,Sul,Telecine,29.9,13449,87,6,72,9,92869.54
2023-07-31,31,RS,Sul,Premiere,24.9,10084,72,11,57,4,57988.82
2023-07-31,31,BA,Nordeste,Familia,49.9,34557,216,25,194,-3,398243.49
2023-07-31,31,BA,Nordeste,HBO,34.9,21586,131,9,136,-14,173984.16
2023-07-31,31,BA,Nordeste,Telecine,29.9,17270,96,5,101,-10,119254.73
2023-07-31,31,BA,Nordeste,Premiere,24.9,12973,96,14,69,13,74602.24
2023-07-31,31,CE,Nordeste,Familia,49.9,21619,155,17,119,19,249142.75
2023-07-31,31,CE,Nordeste,HBO,34.9,13499,77,5,73,-1,108802.56
2023-07-31,31,CE,Nordeste,Telecine,29.9,10800,63,4,59,0,74577.37
2023-07-31,31,CE,Nordeste,Premiere,24.9,8107,61,9,45,7,46619.93
2023-07-31,31,PE,Nordeste,Familia,49.9,23036,142,15,131,-4,265472.61
2023-07-31,31,PE,Nordeste,HBO,34.9,14396,92,7,89,-4,116032.42
2023-07-31,31,PE,Nordeste,Telecine,29.9,11514,65,4,67,-6,79507.76
2023-07-31,31,PE,Nordeste,Premiere,24.9,8639,56,8,49,-1,49679.24
2023-07-31,31,MA,Nordeste,Familia,49.9,16319,96,9,88,-1,188064.23
2023-07-31,31,MA,Nordeste,HBO,34.9,10202,65,4,59,2,82228.59
2023-07-31,31,MA,Nordeste,Telecine,29.9,8158,48,3,47,-2,56333.53
2023-07-31,31,MA,Nordeste,Premiere,24.9,6121,42,5,36,1,35199.28
2023-07-31,31,PB,Nordeste,Familia,49.9,9596,59,6,57,-4,110586.7
2023-07-31,31,PB,Nordeste,HBO,34.9,6000,38,2,36,0,48360.28
2023-07-31,31,PB,Nordeste,Telecine,29.9,4798,27,1,28,-2,33131.69
2023-07-31,31,PB,Nordeste,Premiere,24.9,3603,25,3,19,3,20719.33
2023-07-31,31,RN,Nordeste,Familia,49.9,8634,51,6,51,-6,99500.37
2023-07-31,31,RN,Nordeste,HBO,34.9,5395,28,2,31,-5,43483.95
2023-07-31,31,RN,Nordeste,Telecine,29.9,4322,28,1,25,2,29844.76
2023-07-31,31,RN,Nordeste,Premiere,24.9,3242,20,2,16,2,18643.37
2023-07-31,31,AL,Nordeste,Familia,49.9,7676,46,4,46,-4,88460.14
2023-07-31,31,AL,Nordeste,HBO,34.9,4799,28,2,27,-1,38680.16
2023-07-31,31,AL,Nordeste,Telecine,29.9,3840,24,1,23,0,26516.4
2023-07-31,31,AL,Nordeste,Premiere,24.9,2883,19,2,14,3,16578.91
2023-07-31,31,SE,Nordeste,Familia,49.9,5281,33,3,29,1,60859.56
2023-07-31,31,SE,Nordeste,HBO,34.9,3301,19,1,17,1,26606.21
2023-07-31,31,SE,Nordeste,Telecine,29.9,2642,17,1,14,2,18243.83
2023-07-31,31,SE,Nordeste,Premiere,24.9,1981,12,1,10,1,11391.89
2023-07-31,31,PI,Nordeste,Familia,49.9,7672,43,4,47,-8,88414.04
2023-07-31,31,PI,Nordeste,HBO,34.9,4797,27,2,28,-3,38664.04
2023-07-31,31,PI,Nordeste,Telecine,29.9,3837,21,1,23,-3,26495.68
2023-07-31,31,PI,Nordeste,Premiere,24.9,2881,21,3,17,1,16567.41
2023-07-31,31,GO,Centro-Oeste,Familia,49.9,15849,110,11,90,9,182647.83
2023-07-31,31,GO,Centro-Oeste,HBO,34.9,9901,58,5,52,1,79802.52
2023-07-31,31,GO,Centro-Oeste,Telecine,29.9,7920,48,3,45,0,54690.07
2023-07-31,31,GO,Centro-Oeste,Premiere,24.9,5946,42,5,31,6,34192.93
2023-07-31,31,MT,Centro-Oeste,Familia,49.9,8165,54,5,44,5,94095.5
2023-07-31,31,MT,Centro-Oeste,HBO,34.9,5099,32,2,31,-1,41098.18
2023-07-31,31,MT,Centro-Oeste,Telecine,29.9,4081,25,1,23,1,28180.58
2023-07-31,31,MT,Centro-Oeste,Premiere,24.9,3062,21,3,16,2,17608.27
2023-07-31,31,MS,Centro-Oeste,Familia,49.9,6239,41,4,38,-1,71899.79
2023-07-31,31,MS,Centro-Oeste,HBO,34.9,3903,25,2,20,3,31458.36
2023-07-31,31,MS,Centro-Oeste,Telecine,29.9,3121,19,1,17,1,21551.48
2023-07-31,31,MS,Centro-Oeste,Premiere,24.9,2342,17,2,13,2,13467.85
2023-07-31,31,DF,Centro-Oeste,Familia,49.9,6723,43,5,35,3,77477.53
2023-07-31,31,DF,Centro-Oeste,HBO,34.9,4201,26,2,23,1,33860.25
2023-07-31,31,DF,Centro-Oeste,Telecine,29.9,3362,22,1,19,2,23215.66
2023-07-31,31,DF,Centro-Oeste,Premiere,24.9,2520,15,1,14,0,14491.45
2023-07-31,31,AM,Norte,Familia,49.9,9603,61,6,52,3,110667.37
2023-07-31,31,AM,Norte,HBO,34.9,6000,36,2,34,0,48360.28
2023-07-31,31,AM,Norte,Telecine,29.9,4799,30,1,30,-1,33138.59
2023-07-31,31,AM,Norte,Premiere,24.9,3600,24,3,21,0,20702.08
2023-07-31,31,PA,Norte,Familia,49.9,20149,122,13,120,-11,232202.1
2023-07-31,31,PA,Norte,HBO,34.9,12605,77,6,66,5,101596.88
2023-07-31,31,PA,Norte,Telecine,29.9,10084,61,4,53,4,69633.16
2023-07-31,31,PA,Norte,Premiere,24.9,7565,52,7,40,5,43503.12
2023-07-31,31,RO,Norte,Familia,49.9,3843,25,2,20,3,44287.69
2023-07-31,31,RO,Norte,HBO,34.9,2399,14,1,14,-1,19336.05
2023-07-31,31,RO,Norte,Telecine,29.9,1920,11,0,11,0,13258.2
2023-07-31,31,RO,Norte,Premiere,24.9,1440,9,1,8,0,8280.83
2023-07-31,31,AC,Norte,Familia,49.9,1922,13,1,10,2,22149.61
2023-07-31,31,AC,Norte,HBO,34.9,1201,7,0,6,1,9680.12
2023-07-31,31,AC,Norte,Telecine,29.9,960,5,0,5,0,6629.1
2023-07-31,31,AC,Norte,Premiere,24.9,720,4,0,4,0,4140.42
2023-07-31,31,RR,Norte,Familia,49.9,1442,9,0,7,2,16617.97
2023-07-31,31,RR,Norte,HBO,34.9,900,5,0,5,0,7254.04
2023-07-31,31,RR,Norte,Telecine,29.9,720,4,0,4,0,4971.82
2023-07-31,31,RR,Norte,Premiere,24.9,540,3,0,3,0,3105.31
2023-07-31,31,AP,Norte,Familia,49.9,1921,12,1,10,1,22138.08
2023-07-31,31,AP,Norte,HBO,34.9,1202,8,0,6,2,9688.18
2023-07-31,31,AP,Norte,Telecine,29.9,961,6,0,5,1,6636.0
2023-07-31,31,AP,Norte,Premiere,24.9,722,5,0,3,2,4151.92
2023-07-31,31,TO,Norte,Familia,49.9,3357,19,2,20,-3,38686.91
2023-07-31,31,TO,Norte,HBO,34.9,2101,14,1,12,1,16934.16
2023-07-31,31,TO,Norte,Telecine,29.9,1680,9,0,9,0,11600.92
2023-07-31,31,TO,Norte,Premiere,24.9,1260,7,1,6,0,7245.73
2023-08-07,32,SP,Sudeste,Familia,49.9,104616,613,70,567,-24,1205620.88
2023-08-07,32,SP,Sudeste,HBO,34.9,65304,341,26,411,-96,526353.26
2023-08-07,32,SP,Sudeste,Telecine,29.9,52318,319,23,298,-2,361272.1
2023-08-07,32,SP,Sudeste,Premiere,24.9,39204,238,37,237,-36,225445.64
2023-08-07,32,RJ,Sudeste,Familia,49.9,39366,268,31,231,6,453663.6
2023-08-07,32,RJ,Sudeste,HBO,34.9,24577,125,11,137,-23,198091.76
2023-08-07,32,RJ,Sudeste,Telecine,29.9,19675,104,6,103,-5,135862.01
2023-08-07,32,RJ,Sudeste,Premiere,24.9,14750,92,14,88,-10,84821.02
2023-08-07,32,MG,Sudeste,Familia,49.9,48948,306,37,281,-12,564088.96
2023-08-07,32,MG,Sudeste,HBO,34.9,30609,198,17,171,10,246709.95
2023-08-07,32,MG,Sudeste,Telecine,29.9,24471,143,9,143,-9,168979.88
2023-08-07,32,MG,Sudeste,Premiere,24.9,18369,125,17,98,10,105632.36
2023-08-07,32,ES,Sudeste,Familia,49.9,9104,45,4,57,-16,104916.77
2023-08-07,32,ES,Sudeste,HBO,34.9,5697,34,2,35,-3,45918.08
2023-08-07,32,ES,Sudeste,Telecine,29.9,4555,23,1,27,-5,31453.7
2023-08-07,32,ES,Sudeste,Premiere,24.9,3423,24,3,18,3,19684.23
2023-08-07,32,PR,Sul,Familia,49.9,26854,160,17,169,-26,309472.19
2023-08-07,32,PR,Sul,HBO,34.9,16802,98,8,88,2,135424.9
2023-08-07,32,PR,Sul,Telecine,29.9,13434,77,5,78,-6,92765.96
2023-08-07,32,PR,Sul,Premiere,24.9,10085,70,8,57,5,57994.57
2023-08-07,32,SC,Sul,Familia,49.9,17271,112,13,108,-9,199035.31
2023-08-07,32,SC,Sul,HBO,34.9,10796,59,4,59,-4,87016.26
2023-08-07,32,SC,Sul,Telecine,29.9,8640,56,4,52,0,59661.89
2023-08-07,32,SC,Sul,Premiere,24.9,6480,44,5,39,0,37263.74
2023-08-07,32,RS,Sul,Familia,49.9,26873,153,16,144,-7,309691.15
2023-08-07,32,RS,Sul,HBO,34.9,16798,93,6,89,-2,135392.66
2023-08-07,32,RS,Sul,Telecine,29.9,13443,84,6,75,3,92828.11
2023-08-07,32,RS,Sul,Premiere,24.9,10077,69,9,63,-3,57948.57
2023-08-07,32,BA,Nordeste,Familia,49.9,34560,207,24,183,0,398278.06
2023-08-07,32,BA,Nordeste,HBO,34.9,21574,116,10,132,-26,173887.44
2023-08-07,32,BA,Nordeste,Telecine,29.9,17272,98,6,100,-8,119268.55
2023-08-07,32,BA,Nordeste,Premiere,24.9,12953,83,10,80,-7,74487.23
2023-08-07,32,CE,Nordeste,Familia,49.9,21582,119,12,125,-18,248716.35
2023-08-07,32,CE,Nordeste,HBO,34.9,13497,76,5,74,-3,108786.44
2023-08-07,32,CE,Nordeste,Telecine,29.9,10798,63,5,60,-2,74563.56
2023-08-07,32,CE,Nordeste,Premiere,24.9,8098,52,7,47,-2,46568.18
2023-08-07,32,PE,Nordeste,Familia,49.9,23015,124,15,134,-25,265230.6
2023-08-07,32,PE,Nordeste,HBO,34.9,14400,92,7,85,0,116064.67
2023-08-07,32,PE,Nordeste,Telecine,29.9,11517,65,4,64,-3,79528.48
2023-08-07,32,PE,Nordeste,Premiere,24.9,8635,56,8,53,-5,49656.24
2023-08-07,32,MA,Nordeste,Familia,49.9,16316,98,11,91,-4,188029.65
2023-08-07,32,MA,Nordeste,HBO,34.9,10198,56,4,54,-2,82196.35
2023-08-07,32,MA,Nordeste,Telecine,29.9,8156,47,3,48,-4,56319.72
2023-08-07,32,MA,Nordeste,Premiere,24.9,6125,44,6,33,5,35222.29
2023-08-07,32,PB,Nordeste,Familia,49.9,9589,54,6,59,-11,110506.03
2023-08-07,32,PB,Nordeste,HBO,34.9,5997,33,2,34,-3,48336.1
2023-08-07,32,PB,Nordeste,Telecine,29.9,4799,26,1,26,-1,33138.59
2023-08-07,32,PB,Nordeste,Premiere,24.9,3602,26,3,21,2,20713.58
2023-08-07,32,RN,Nordeste,Familia,49.9,8630,48,5,53,-10,99454.27
2023-08-07,32,RN,Nordeste,HBO,34.9,5402,33,2,29,2,43540.37
2023-08-07,32,RN,Nordeste,Telecine,29.9,4323,27,1,23,3,29851.66
2023-08-07,32,RN,Nordeste,Premiere,24.9,3237,19,2,20,-3,18614.62
2023-08-07,32,AL,Nordeste,Familia,49.9,7677,46,4,45,-3,88471.66
2023-08-07,32,AL,Nordeste,HBO,34.9,4798,26,2,26,-2,38672.1
2023-08-07,32,AL,Nordeste,Telecine,29.9,3840,22,1,21,0,26516.4
2023-08-07,32,AL,Nordeste,Premiere,24.9,2881,18,2,15,1,16567.41
2023-08-07,32,SE,Nordeste,Familia,49.9,5281,33,3,29,1,60859.56
2023-08-07,32,SE,Nordeste,HBO,34.9,3299,20,1,20,-1,26590.09
2023-08-07,32,SE,Nordeste,Telecine,29.9,2641,15,0,14,1,18236.93
2023-08-07,32,SE,Nordeste,Premiere,24.9,1980,11,1,10,0,11386.14
2023-08-07,32,PI,Nordeste,Familia,49.9,7674,45,5,46,-6,88437.09
2023-08-07,32,PI,Nordeste,HBO,34.9,4799,29,2,28,-1,38680.16
2023-08-07,32,PI,Nordeste,Telecine,29.9,3841,22,1,20,1,26523.3
2023-08-07,32,PI,Nordeste,Premiere,24.9,2880,19,2,17,0,16561.66
2023-08-07,32,GO,Centro-Oeste,Familia,49.9,15823,93,10,100,-17,182348.2
2023-08-07,32,GO,Centro-Oeste,HBO,34.9,9900,63,4,59,0,79794.46
2023-08-07,32,GO,Centro-Oeste,Telecine,29.9,7923,48,3,42,3,54710.79
2023-08-07,32,GO,Centro-Oeste,Premiere,24.9,5936,35,4,35,-4,34135.43
2023-08-07,32,MT,Centro-Oeste,Familia,49.9,8155,45,5,45,-5,93980.25
2023-08-07,32,MT,Centro-Oeste,HBO,34.9,5093,27,2,32,-7,41049.82
2023-08-07,32,MT,Centro-Oeste,Telecine,29.9,4077,22,1,24,-3,28152.96
2023-08-07,32,MT,Centro-Oeste,Premiere,24.9,3057,18,2,19,-3,17579.52
2023-08-07,32,MS,Centro-Oeste,Familia,49.9,6235,33,3,35,-5,71853.7
2023-08-07,32,MS,Centro-Oeste,HBO,34.9,3899,23,1,23,-1,31426.12
2023-08-07,32,MS,Centro-Oeste,Telecine,29.9,3119,17,1,17,-1,21537.67
2023-08-07,32,MS,Centro-Oeste,Premiere,24.9,2340,15,2,13,0,13456.35
2023-08-07,32,DF,Centro-Oeste,Familia,49.9,6712,33,3,38,-8,77350.76
2023-08-07,32,DF,Centro-Oeste,HBO,34.9,4193,20,1,26,-7,33795.77
2023-08-07,32,DF,Centro-Oeste,Telecine,29.9,3354,16,1,21,-6,23160.42
2023-08-07,32,DF,Centro-Oeste,Premiere,24.9,2519,14,1,14,-1,14485.7
2023-08-07,32,AM,Norte,Familia,49.9,9596,57,5,56,-4,110586.7
2023-08-07,32,AM,Norte,HBO,34.9,6002,38,2,34,2,48376.4
2023-08-07,32,AM,Norte,Telecine,29.9,4801,29,2,26,1,33152.4
2023-08-07,32,AM,Norte,Premiere,24.9,3599,23,2,22,-1,20696.33
2023-08-07,32,PA,Norte,Familia,49.9,20140,113,11,122,-20,232098.38
2023-08-07,32,PA,Norte,HBO,34.9,12590,65,5,70,-10,101475.98
2023-08-07,32,PA,Norte,Telecine,29.9,10078,62,4,60,-2,69591.73
2023-08-07,32,PA,Norte,Premiere,24.9,7554,48,7,47,-6,43439.86
2023-08-07,32,RO,Norte,Familia,49.9,3839,22,2,21,-1,44241.59
2023-08-07,32,RO,Norte,HBO,34.9,2399,13,1,13,-1,19336.05
2023-08-07,32,RO,Norte,Telecine,29.9,1920,10,0,10,0,13258.2
2023-08-07,32,RO,Norte,Premiere,24.9,1439,8,1,8,-1,8275.08
2023-08-07,32,AC,Norte,Familia,49.9,1919,10,1,10,-1,22115.03
2023-08-07,32,AC,Norte,HBO,34.9,1201,7,0,6,1,9680.12
2023-08-07,32,AC,Norte,Telecine,29.9,960,5,0,5,0,6629.1
2023-08-07,32,AC,Norte,Premiere,24.9,720,4,0,4,0,4140.42
2023-08-07,32,RR,Norte,Familia,49.9,1441,8,0,7,1,16606.44
2023-08-07,32,RR,Norte,HBO,34.9,901,5,0,4,1,7262.1
2023-08-07,32,RR,Norte,Telecine,29.9,720,4,0,4,0,4971.82
2023-08-07,32,RR,Norte,Premiere,24.9,540,3,0,3,0,3105.31
2023-08-07,32,AP,Norte,Familia,49.9,1917,9,1,11,-3,22091.99
2023-08-07,32,AP,Norte,HBO,34.9,1201,7,0,6,1,9680.12
2023-08-07,32,AP,Norte,Telecine,29.9,960,5,0,5,0,6629.1
2023-08-07,32,AP,Norte,Premiere,24.9,721,4,0,3,1,4146.17
2023-08-07,32,TO,Norte,Familia,49.9,3359,17,1,17,-1,38709.95
2023-08-07,32,TO,Norte,HBO,34.9,2100,12,1,11,0,16926.1
2023-08-07,32,TO,Norte,Telecine,29.9,1680,9,0,9,0,11600.92
2023-08-07,32,TO,Norte,Premiere,24.9,1260,8,1,7,0,7245.73
2023-08-14,33,SP,Sudeste,Familia,49.9,104609,700,73,658,-31,1205540.21
2023-08-14,33,SP,Sudeste,HBO,34.9,65439,412,30,343,39,527441.36
2023-08-14,33,SP,Sudeste,Telecine,29.9,52344,340,26,290,24,361451.64
2023-08-14,33,SP,Sudeste,Premiere,24.9,39236,237,36,205,-4,225629.65
2023-08-14,33,RJ,Sudeste,Familia,49.9,39344,220,26,210,-16,453410.07
2023-08-14,33,RJ,Sudeste,HBO,34.9,24590,143,10,143,-10,198196.54
2023-08-14,33,RJ,Sudeste,Telecine,29.9,19683,116,7,106,3,135917.25
2023-08-14,33,RJ,Sudeste,Premiere,24.9,14763,94,12,79,3,84895.77
2023-08-14,33,MG,Sudeste,Familia,49.9,48926,300,31,303,-34,563835.43
2023-08-14,33,MG,Sudeste,HBO,34.9,30598,179,16,164,-1,246621.29
2023-08-14,33,MG,Sudeste,Telecine,29.9,24457,136,8,151,-23,168883.21
2023-08-14,33,MG,Sudeste,Premiere,24.9,18367,125,19,98,8,105620.85
2023-08-14,33,ES,Sudeste,Familia,49.9,9104,45,4,57,-16,104916.77
2023-08-14,33,ES,Sudeste,HBO,34.9,5699,33,2,32,-1,45934.2
2023-08-14,33,ES,Sudeste,Telecine,29.9,4561,28,2,25,1,31495.13
2023-08-14,33,ES,Sudeste,Premiere,24.9,3419,23,3,21,-1,19661.22
2023-08-14,33,PR,Sul,Familia,49.9,26838,140,14,168,-42,309287.81
2023-08-14,33,PR,Sul,HBO,34.9,16788,92,8,96,-12,135312.06
2023-08-14,33,PR,Sul,Telecine,29.9,13441,84,6,77,1,92814.3
2023-08-14,33,PR,Sul,Premiere,24.9,10073,62,8,61,-7,57925.57
2023-08-14,33,SC,Sul,Familia,49.9,17259,92,10,103,-21,198897.02
2023-08-14,33,SC,Sul,HBO,34.9,10790,60,4,66,-10,86967.9
2023-08-14,33,SC,Sul,Telecine,29.9,8630,41,3,48,-10,59592.84
2023-08-14,33,SC,Sul,Premiere,24.9,6484,45,6,35,4,37286.74
2023-08-14,33,RS,Sul,Familia,49.9,26870,171,20,161,-10,309656.58
2023-08-14,33,RS,Sul,HBO,34.9,16795,98,7,96,-5,135368.48
2023-08-14,33,RS,Sul,Telecine,29.9,13424,64,4,76,-16,92696.91
2023-08-14,33,RS,Sul,Premiere,24.9,10080,67,8,59,0,57965.82
2023-08-14,33,BA,Nordeste,Familia,49.9,34555,213,23,195,-5,398220.44
2023-08-14,33,BA,Nordeste,HBO,34.9,21598,120,8,114,-2,174080.88
2023-08-14,33,BA,Nordeste,Telecine,29.9,17268,89,6,95,-12,119240.92
2023-08-14,33,BA,Nordeste,Premiere,24.9,12956,83,12,75,-4,74504.48
2023-08-14,33,CE,Nordeste,Familia,49.9,21596,128,14,118,-4,248877.69
2023-08-14,33,CE,Nordeste,HBO,34.9,13495,76,6,75,-5,108770.32
2023-08-14,33,CE,Nordeste,Telecine,29.9,10797,64,3,64,-3,74556.65
2023-08-14,33,CE,Nordeste,Premiere,24.9,8099,52,6,47,-1,46573.93
2023-08-14,33,PE,Nordeste,Familia,49.9,23020,127,15,132,-20,265288.22
2023-08-14,33,PE,Nordeste,HBO,34.9,14385,81,6,90,-15,115943.76
2023-08-14,33,PE,Nordeste,Telecine,29.9,11517,72,5,70,-3,79528.48
2023-08-14,33,PE,Nordeste,Premiere,24.9,8641,57,7,49,1,49690.74
2023-08-14,33,MA,Nordeste,Familia,49.9,16290,78,8,100,-30,187730.02
2023-08-14,33,MA,Nordeste,HBO,34.9,10190,56,3,63,-10,82131.87
2023-08-14,33,MA,Nordeste,Telecine,29.9,8158,49,3,48,-2,56333.53
2023-08-14,33,MA,Nordeste,Premiere,24.9,6121,39,6,32,1,35199.28
2023-08-14,33,PB,Nordeste,Familia,49.9,9594,52,5,53,-6,110563.65
2023-08-14,33,PB,Nordeste,HBO,34.9,5998,33,2,33,-2,48344.16
2023-08-14,33,PB,Nordeste,Telecine,29.9,4800,26,1,25,0,33145.5
2023-08-14,33,PB,Nordeste,Premiere,24.9,3599,24,3,22,-1,20696.33
2023-08-14,33,RN,Nordeste,Familia,49.9,8634,45,4,47,-6,99500.37
2023-08-14,33,RN,Nordeste,HBO,34.9,5394,28,2,32,-6,43475.89
2023-08-14,33,RN,Nordeste,Telecine,29.9,4318,25,1,26,-2,29817.14
2023-08-14,33,RN,Nordeste,Premiere,24.9,3238,18,2,18,-2,18620.37
2023-08-14,33,AL,Nordeste,Familia,49.9,7681,48,4,43,1,88517.76
2023-08-14,33,AL,Nordeste,HBO,34.9,4795,24,2,27,-5,38647.92
2023-08-14,33,AL,Nordeste,Telecine,29.9,3836,18,1,21,-4,26488.78
2023-08-14,33,AL,Nordeste,Premiere,24.9,2882,20,2,16,2,16573.16
2023-08-14,33,SE,Nordeste,Familia,49.9,5277,28,2,29,-3,60813.46
2023-08-14,33,SE,Nordeste,HBO,34.9,3300,19,1,18,0,26598.15
2023-08-14,33,SE,Nordeste,Telecine,29.9,2638,14,0,16,-2,18216.21
2023-08-14,33,SE,Nordeste,Premiere,24.9,1979,11,1,11,-1,11380.39
2023-08-14,33,PI,Nordeste,Familia,49.9,7672,39,4,43,-8,88414.04
2023-08-14,33,PI,Nordeste,HBO,34.9,4801,28,2,25,1,38696.28
2023-08-14,33,PI,Nordeste,Telecine,29.9,3840,24,1,23,0,26516.4
2023-08-14,33,PI,Nordeste,Premiere,24.9,2881,20,2,17,1,16567.41
2023-08-14,33,GO,Centro-Oeste,Familia,49.9,15828,92,10,94,-12,182405.82
2023-08-14,33,GO,Centro-Oeste,HBO,34.9,9898,60,5,57,-2,79778.34
2023-08-14,33,GO,Centro-Oeste,Telecine,29.9,7913,43,3,47,-7,54641.73
2023-08-14,33,GO,Centro-Oeste,Premiere,24.9,5940,38,5,33,0,34158.43
2023-08-14,33,MT,Centro-Oeste,Familia,49.9,8155,51,5,51,-5,93980.25
2023-08-14,33,MT,Centro-Oeste,HBO,34.9,5098,30,2,30,-2,41090.12
2023-08-14,33,MT,Centro-Oeste,Telecine,29.9,4078,23,1,24,-2,28159.86
2023-08-14,33,MT,Centro-Oeste,Premiere,24.9,3060,21,3,18,0,17596.77
2023-08-14,33,MS,Centro-Oeste,Familia,49.9,6240,41,3,38,0,71911.32
2023-08-14,33,MS,Centro-Oeste,HBO,34.9,3896,19,1,22,-4,31401.94
2023-08-14,33,MS,Centro-Oeste,Telecine,29.9,3118,16,1,17,-2,21530.76
2023-08-14,33,MS,Centro-Oeste,Premiere,24.9,2340,15,1,14,0,13456.35
2023-08-14,33,DF,Centro-Oeste,Familia,49.9,6716,37,3,38,-4,77396.86
2023-08-14,33,DF,Centro-Oeste,HBO,34.9,4200,23,1,22,0,33852.19
2023-08-14,33,DF,Centro-Oeste,Telecine,29.9,3356,18,1,21,-4,23174.23
2023-08-14,33,DF,Centro-Oeste,Premiere,24.9,2522,17,2,13,2,14502.96
2023-08-14,33,AM,Norte,Familia,49.9,9593,56,6,57,-7,110552.12
2023-08-14,33,AM,Norte,HBO,34.9,6004,37,2,31,4,48392.52
2023-08-14,33,AM,Norte,Telecine,29.9,4799,29,2,28,-1,33138.59
2023-08-14,33,AM,Norte,Premiere,24.9,3602,24,3,19,2,20713.58
2023-08-14,33,PA,Norte,Familia,49.9,20137,113,13,123,-23,232063.81
2023-08-14,33,PA,Norte,HBO,34.9,12585,64,4,75,-15,101435.68
2023-08-14,33,PA,Norte,Telecine,29.9,10072,57,3,62,-8,69550.3
2023-08-14,33,PA,Norte,Premiere,24.9,7566,53,7,40,6,43508.87
2023-08-14,33,RO,Norte,Familia,49.9,3838,20,1,21,-2,44230.07
2023-08-14,33,RO,Norte,HBO,34.9,2398,13,0,15,-2,19327.99
2023-08-14,33,RO,Norte,Telecine,29.9,1920,11,0,11,0,13258.2
2023-08-14,33,RO,Norte,Premiere,24.9,1441,9,1,7,1,8286.58
2023-08-14,33,AC,Norte,Familia,49.9,1919,10,1,10,-1,22115.03
2023-08-14,33,AC,Norte,HBO,34.9,1200,6,0,6,0,9672.06
2023-08-14,33,AC,Norte,Telecine,29.9,961,6,0,5,1,6636.0
2023-08-14,33,AC,Norte,Premiere,24.9,720,4,0,4,0,4140.42
2023-08-14,33,RR,Norte,Familia,49.9,1440,8,0,8,0,16594.92
2023-08-14,33,RR,Norte,HBO,34.9,899,4,0,5,-1,7245.98
2023-08-14,33,RR,Norte,Telecine,29.9,719,3,0,4,-1,4964.92
2023-08-14,33,RR,Norte,Premiere,24.9,540,3,0,3,0,3105.31
2023-08-14,33,AP,Norte,Familia,49.9,1919,10,0,11,-1,22115.03
2023-08-14,33,AP,Norte,HBO,34.9,1201,7,0,6,1,9680.12
2023-08-14,33,AP,Norte,Telecine,29.9,959,4,0,5,-1,6622.19
2023-08-14,33,AP,Norte,Premiere,24.9,720,4,0,4,0,4140.42
2023-08-14,33,TO,Norte,Familia,49.9,3356,17,1,20,-4,38675.38
2023-08-14,33,TO,Norte,HBO,34.9,2099,11,0,12,-1,16918.04
2023-08-14,33,TO,Norte,Telecine,29.9,1682,10,0,8,2,11614.73
2023-08-14,33,TO,Norte,Premiere,24.9,1260,7,0,7,0,7245.73
2023-08-21,34,SP,Sudeste,Familia,49.9,104643,644,71,570,3,1205932.03
2023-08-21,34,SP,Sudeste,HBO,34.9,65348,328,23,357,-52,526707.9
2023-08-21,34,SP,Sudeste,Telecine,29.9,52257,256,20,299,-63,360850.88
2023-08-21,34,SP,Sudeste,Premiere,24.9,39231,258,31,236,-9,225600.9
2023-08-21,34,RJ,Sudeste,Familia,49.9,39351,246,25,230,-9,453490.74
2023-08-21,34,RJ,Sudeste,HBO,34.9,24561,125,10,154,-39,197962.79
2023-08-21,34,RJ,Sudeste,Telecine,29.9,19655,105,7,123,-25,135723.9
2023-08-21,34,RJ,Sudeste,Premiere,24.9,14757,88,13,78,-3,84861.27
2023-08-21,34,MG,Sudeste,Familia,49.9,48940,280,27,273,-20,563996.77
2023-08-21,34,MG,Sudeste,HBO,34.9,30566,159,11,181,-33,246363.37
2023-08-21,34,MG,Sudeste,Telecine,29.9,24493,155,12,130,13,169131.8
2023-08-21,34,MG,Sudeste,Premiere,24.9,18346,106,15,104,-13,105500.09
2023-08-21,34,ES,Sudeste,Familia,49.9,9112,50,4,54,-8,105008.96
2023-08-21,34,ES,Sudeste,HBO,34.9,5696,29,2,31,-4,45910.02
2023-08-21,34,ES,Sudeste,Telecine,29.9,4564,31,2,25,4,31515.84
2023-08-21,34,ES,Sudeste,Premiere,24.9,3420,22,2,20,0,19666.97
2023-08-21,34,PR,Sul,Familia,49.9,26854,142,14,154,-26,309472.19
2023-08-21,34,PR,Sul,HBO,34.9,16793,101,7,101,-7,135352.36
2023-08-21,34,PR,Sul,Telecine,29.9,13446,86,6,74,6,92848.82
2023-08-21,34,PR,Sul,Premiere,24.9,10086,72,9,57,6,58000.32
2023-08-21,34,SC,Sul,Familia,49.9,17277,95,8,90,-3,199104.46
2023-08-21,34,SC,Sul,HBO,34.9,10802,63,4,57,2,87064.62
2023-08-21,34,SC,Sul,Telecine,29.9,8643,54,4,47,3,59682.61
2023-08-21,34,SC,Sul,Premiere,24.9,6480,42,5,37,0,37263.74
2023-08-21,34,RS,Sul,Familia,49.9,26865,159,19,155,-15,309598.96
2023-08-21,34,RS,Sul,HBO,34.9,16802,99,8,89,2,135424.9
2023-08-21,34,RS,Sul,Telecine,29.9,13424,67,4,79,-16,92696.91
2023-08-21,34,RS,Sul,Premiere,24.9,10088,68,8,52,8,58011.82
2023-08-21,34,BA,Nordeste,Familia,49.9,34531,185,23,191,-29,397943.86
2023-08-21,34,BA,Nordeste,HBO,34.9,21583,116,8,125,-17,173959.98
2023-08-21,34,BA,Nordeste,Telecine,29.9,17276,102,6,100,-4,119296.17
2023-08-21,34,BA,Nordeste,Premiere,24.9,12959,90,13,78,-1,74521.73
2023-08-21,34,CE,Nordeste,Familia,49.9,21589,131,16,126,-11,248797.02
2023-08-21,34,CE,Nordeste,HBO,34.9,13493,79,6,80,-7,108754.2
2023-08-21,34,CE,Nordeste,Telecine,29.9,10801,67,4,62,1,74584.27
2023-08-21,34,CE,Nordeste,Premiere,24.9,8102,53,6,45,2,46591.18
2023-08-21,34,PE,Nordeste,Familia,49.9,23007,126,13,146,-33,265138.41
2023-08-21,34,PE,Nordeste,HBO,34.9,14393,75,6,76,-7,116008.24
2023-08-21,34,PE,Nordeste,Telecine,29.9,11513,63,4,66,-7,79500.85
2023-08-21,34,PE,Nordeste,Premiere,24.9,8641,55,7,47,1,49690.74
2023-08-21,34,MA,Nordeste,Familia,49.9,16300,87,10,97,-20,187845.27
2023-08-21,34,MA,Nordeste,HBO,34.9,10197,63,4,62,-3,82188.29
2023-08-21,34,MA,Nordeste,Telecine,29.9,8151,44,2,51,-9,56285.2
2023-08-21,34,MA,Nordeste,Premiere,24.9,6125,42,5,32,5,35222.29
2023-08-21,34,PB,Nordeste,Familia,49.9,9594,61,7,60,-6,110563.65
2023-08-21,34,PB,Nordeste,HBO,34.9,6000,33,2,31,0,48360.28
2023-08-21,34,PB,Nordeste,Telecine,29.9,4804,30,1,25,4,33173.12
2023-08-21,34,PB,Nordeste,Premiere,24.9,3601,24,2,21,1,20707.83
2023-08-21,34,RN,Nordeste,Familia,49.9,8639,50,6,45,-1,99557.99
2023-08-21,34,RN,Nordeste,HBO,34.9,5397,32,2,33,-3,43500.07
2023-08-21,34,RN,Nordeste,Telecine,29.9,4318,25,1,26,-2,29817.14
2023-08-21,34,RN,Nordeste,Premiere,24.9,3241,20,2,17,1,18637.62
2023-08-21,34,AL,Nordeste,Familia,49.9,7666,36,4,46,-14,88344.9
2023-08-21,34,AL,Nordeste,HBO,34.9,4801,28,2,25,1,38696.28
2023-08-21,34,AL,Nordeste,Telecine,29.9,3840,21,1,20,0,26516.4
2023-08-21,34,AL,Nordeste,Premiere,24.9,2880,19,2,17,0,16561.66
2023-08-21,34,SE,Nordeste,Familia,49.9,5276,30,3,31,-4,60801.94
2023-08-21,34,SE,Nordeste,HBO,34.9,3298,19,1,20,-2,26582.03
2023-08-21,34,SE,Nordeste,Telecine,29.9,2637,14,1,16,-3,18209.31
2023-08-21,34,SE,Nordeste,Premiere,24.9,1983,14,1,10,3,11403.39
2023-08-21,34,PI,Nordeste,Familia,49.9,7675,41,4,42,-5,88448.61
2023-08-21,34,PI,Nordeste,HBO,34.9,4799,28,2,27,-1,38680.16
2023-08-21,34,PI,Nordeste,Telecine,29.9,3838,21,1,22,-2,26502.59
2023-08-21,34,PI,Nordeste,Premiere,24.9,2882,19,2,15,2,16573.16
2023-08-21,34,GO,Centro-Oeste,Familia,49.9,15817,85,8,100,-23,182279.05
2023-08-21,34,GO,Centro-Oeste,HBO,34.9,9898,58,4,56,-2,79778.34
2023-08-21,34,GO,Centro-Oeste,Telecine,29.9,7921,49,3,45,1,54696.97
2023-08-21,34,GO,Centro-Oeste,Premiere,24.9,5946,41,5,30,6,34192.93
2023-08-21,34,MT,Centro-Oeste,Familia,49.9,8152,47,4,51,-8,93945.68
2023-08-21,34,MT,Centro-Oeste,HBO,34.9,5096,30,2,32,-4,41074.0
2023-08-21,34,MT,Centro-Oeste,Telecine,29.9,4081,24,1,22,1,28180.58
2023-08-21,34,MT,Centro-Oeste,Premiere,24.9,3058,19,2,19,-2,17585.27
2023-08-21,34,MS,Centro-Oeste,Familia,49.9,6242,37,3,32,2,71934.36
2023-08-21,34,MS,Centro-Oeste,HBO,34.9,3899,21,1,21,-1,31426.12
2023-08-21,34,MS,Centro-Oeste,Telecine,29.9,3121,18,1,16,1,21551.48
2023-08-21,34,MS,Centro-Oeste,Premiere,24.9,2343,17,2,12,3,13473.6
2023-08-21,34,DF,Centro-Oeste,Familia,49.9,6716,37,3,38,-4,77396.86
2023-08-21,34,DF,Centro-Oeste,HBO,34.9,4203,26,1,22,3,33876.37
2023-08-21,34,DF,Centro-Oeste,Telecine,29.9,3359,20,1,20,-1,23194.94
2023-08-21,34,DF,Centro-Oeste,Premiere,24.9,2521,16,2,13,1,14497.21
2023-08-21,34,AM,Norte,Familia,49.9,9604,62,7,51,4,110678.89
2023-08-21,34,AM,Norte,HBO,34.9,5998,35,2,35,-2,48344.16
2023-08-21,34,AM,Norte,Telecine,29.9,4796,28,2,30,-4,33117.88
2023-08-21,34,AM,Norte,Premiere,24.9,3599,24,3,22,-1,20696.33
2023-08-21,34,PA,Norte,Familia,49.9,20140,106,11,115,-20,232098.38
2023-08-21,34,PA,Norte,HBO,34.9,12596,68,6,66,-4,101524.34
2023-08-21,34,PA,Norte,Telecine,29.9,10082,61,3,56,2,69619.35
2023-08-21,34,PA,Norte,Premiere,24.9,7556,46,6,44,-4,43451.36
2023-08-21,34,RO,Norte,Familia,49.9,3836,22,2,24,-4,44207.02
2023-08-21,34,RO,Norte,HBO,34.9,2399,13,1,13,-1,19336.05
2023-08-21,34,RO,Norte,Telecine,29.9,1919,10,0,11,-1,13251.29
2023-08-21,34,RO,Norte,Premiere,24.9,1441,9,1,7,1,8286.58
2023-08-21,34,AC,Norte,Familia,49.9,1919,10,1,10,-1,22115.03
2023-08-21,34,AC,Norte,HBO,34.9,1201,7,0,6,1,9680.12
2023-08-21,34,AC,Norte,Telecine,29.9,959,5,0,6,-1,6622.19
2023-08-21,34,AC,Norte,Premiere,24.9,720,4,0,4,0,4140.42
2023-08-21,34,RR,Norte,Familia,49.9,1439,8,1,8,-1,16583.39
2023-08-21,34,RR,Norte,HBO,34.9,900,5,0,5,0,7254.04
2023-08-21,34,RR,Norte,Telecine,29.9,720,4,0,4,0,4971.82
2023-08-21,34,RR,Norte,Premiere,24.9,541,3,0,2,1,3111.06
2023-08-21,34,AP,Norte,Familia,49.9,1919,12,1,12,-1,22115.03
2023-08-21,34,AP,Norte,HBO,34.9,1199,5,0,6,-1,9664.0
2023-08-21,34,AP,Norte,Telecine,29.9,960,5,0,5,0,6629.1
2023-08-21,34,AP,Norte,Premiere,24.9,721,5,0,4,1,4146.17
2023-08-21,34,TO,Norte,Familia,49.9,3358,19,2,19,-2,38698.43
2023-08-21,34,TO,Norte,HBO,34.9,2101,13,0,12,1,16934.16
2023-08-21,34,TO,Norte,Telecine,29.9,1679,8,0,9,-1,11594.02
2023-08-21,34,TO,Norte,Premiere,24.9,1260,8,1,7,0,7245.73
2023-08-28,35,SP,Sudeste,Familia,49.9,104524,611,65,662,-116,1204560.65
2023-08-28,35,SP,Sudeste,HBO,34.9,65370,360,26,364,-30,526885.22
2023-08-28,35,SP,Sudeste,Telecine,29.9,52289,308,22,317,-31,361071.85
2023-08-28,35,SP,Sudeste,Premiere,24.9,39237,259,39,223,-3,225635.4
2023-08-28,35,RJ,Sudeste,Familia,49.9,39361,255,24,230,1,453605.98
2023-08-28,35,RJ,Sudeste,HBO,34.9,24608,161,14,139,8,198341.62
2023-08-28,35,RJ,Sudeste,Telecine,29.9,19669,121,8,124,-11,135820.58
2023-08-28,35,RJ,Sudeste,Premiere,24.9,14758,94,13,83,-2,84867.02
2023-08-28,35,MG,Sudeste,Familia,49.9,48921,298,29,308,-39,563777.81
2023-08-28,35,MG,Sudeste,HBO,34.9,30596,188,13,178,-3,246605.17
2023-08-28,35,MG,Sudeste,Telecine,29.9,24461,137,8,148,-19,168910.83
2023-08-28,35,MG,Sudeste,Premiere,24.9,18380,136,16,99,21,105695.61
2023-08-28,35,ES,Sudeste,Familia,49.9,9122,57,5,50,2,105124.2
2023-08-28,35,ES,Sudeste,HBO,34.9,5700,35,2,33,0,45942.26
2023-08-28,35,ES,Sudeste,Telecine,29.9,4565,30,1,24,5,31522.75
2023-08-28,35,ES,Sudeste,Premiere,24.9,3417,20,2,21,-3,19649.72
2023-08-28,35,PR,Sul,Familia,49.9,26861,159,18,160,-19,309552.86
2023-08-28,35,PR,Sul,HBO,34.9,16775,84,7,102,-25,135207.27
2023-08-28,35,PR,Sul,Telecine,29.9,13427,73,4,82,-13,92717.62
2023-08-28,35,PR,Sul,Premiere,24.9,10080,62,8,54,0,57965.82
2023-08-28,35,SC,Sul,Familia,49.9,17272,106,10,104,-8,199046.84
2023-08-28,35,SC,Sul,HBO,34.9,10803,65,5,57,3,87072.68
2023-08-28,35,SC,Sul,Telecine,29.9,8632,47,3,52,-8,59606.65
2023-08-28,35,SC,Sul,Premiere,24.9,6482,44,5,37,2,37275.24
2023-08-28,35,RS,Sul,Familia,49.9,26855,162,18,169,-25,309483.72
2023-08-28,35,RS,Sul,HBO,34.9,16787,100,7,106,-13,135304.0
2023-08-28,35,RS,Sul,Telecine,29.9,13433,75,5,77,-7,92759.05
2023-08-28,35,RS,Sul,Premiere,24.9,10079,59,7,53,-1,57960.07
2023-08-28,35,BA,Nordeste,Familia,49.9,34556,209,20,193,-4,398231.96
2023-08-28,35,BA,Nordeste,HBO,34.9,21587,129,9,133,-13,173992.22
2023-08-28,35,BA,Nordeste,Telecine,29.9,17274,109,7,108,-6,119282.36
2023-08-28,35,BA,Nordeste,Premiere,24.9,12952,79,10,77,-8,74481.48
2023-08-28,35,CE,Nordeste,Familia,49.9,21604,128,12,112,4,248969.88
2023-08-28,35,CE,Nordeste,HBO,34.9,13492,74,5,77,-8,108746.14
2023-08-28,35,CE,Nordeste,Telecine,29.9,10791,58,3,64,-9,74515.22
2023-08-28,35,CE,Nordeste,Premiere,24.9,8100,47,5,42,0,46579.68
2023-08-28,35,PE,Nordeste,Familia,49.9,23042,139,14,123,2,265541.76
2023-08-28,35,PE,Nordeste,HBO,34.9,14407,92,7,78,7,116121.09
2023-08-28,35,PE,Nordeste,Telecine,29.9,11507,58,3,68,-13,79459.42
2023-08-28,35,PE,Nordeste,Premiere,24.9,8642,58,8,48,2,49696.49
2023-08-28,35,MA,Nordeste,Familia,49.9,16306,97,10,101,-14,187914.41
2023-08-28,35,MA,Nordeste,HBO,34.9,10200,64,4,60,0,82212.47
2023-08-28,35,MA,Nordeste,Telecine,29.9,8164,50,3,43,4,56374.97
2023-08-28,35,MA,Nordeste,Premiere,24.9,6122,41,5,34,2,35205.03
2023-08-28,35,PB,Nordeste,Familia,49.9,9591,53,5,57,-9,110529.08
2023-08-28,35,PB,Nordeste,HBO,34.9,6000,36,2,34,0,48360.28
2023-08-28,35,PB,Nordeste,Telecine,29.9,4802,30,2,26,2,33159.31
2023-08-28,35,PB,Nordeste,Premiere,24.9,3600,23,3,20,0,20702.08
2023-08-28,35,RN,Nordeste,Familia,49.9,8639,51,6,46,-1,99557.99
2023-08-28,35,RN,Nordeste,HBO,34.9,5398,33,2,33,-2,43508.13
2023-08-28,35,RN,Nordeste,Telecine,29.9,4315,22,1,26,-5,29796.42
2023-08-28,35,RN,Nordeste,Premiere,24.9,3242,21,2,17,2,18643.37
2023-08-28,35,AL,Nordeste,Familia,49.9,7678,47,5,44,-2,88483.19
2023-08-28,35,AL,Nordeste,HBO,34.9,4796,25,1,28,-4,38655.98
2023-08-28,35,AL,Nordeste,Telecine,29.9,3843,25,1,21,3,26537.11
2023-08-28,35,AL,Nordeste,Premiere,24.9,2880,18,2,16,0,16561.66
2023-08-28,35,SE,Nordeste,Familia,49.9,5277,26,2,27,-3,60813.46
2023-08-28,35,SE,Nordeste,HBO,34.9,3295,16,1,20,-5,26557.85
2023-08-28,35,SE,Nordeste,Telecine,29.9,2641,15,0,14,1,18236.93
2023-08-28,35,SE,Nordeste,Premiere,24.9,1980,13,1,12,0,11386.14
2023-08-28,35,PI,Nordeste,Familia,49.9,7671,43,4,48,-9,88402.52
2023-08-28,35,PI,Nordeste,HBO,34.9,4800,29,2,27,0,38688.22
2023-08-28,35,PI,Nordeste,Telecine,29.9,3840,23,1,22,0,26516.4
2023-08-28,35,PI,Nordeste,Premiere,24.9,2880,19,2,17,0,16561.66
2023-08-28,35,GO,Centro-Oeste,Familia,49.9,15819,77,9,89,-21,182302.1
2023-08-28,35,GO,Centro-Oeste,HBO,34.9,9896,55,4,55,-4,79762.22
2023-08-28,35,GO,Centro-Oeste,Telecine,29.9,7920,46,2,44,0,54690.07
2023-08-28,35,GO,Centro-Oeste,Premiere,24.9,5940,36,5,31,0,34158.43
2023-08-28,35,MT,Centro-Oeste,Familia,49.9,8153,47,5,49,-7,93957.21
2023-08-28,35,MT,Centro-Oeste,HBO,34.9,5094,26,2,30,-6,41057.88
2023-08-28,35,MT,Centro-Oeste,Telecine,29.9,4076,20,1,23,-4,28146.05
2023-08-28,35,MT,Centro-Oeste,Premiere,24.9,3061,20,2,17,1,17602.52
2023-08-28,35,MS,Centro-Oeste,Familia,49.9,6235,35,3,37,-5,71853.7
2023-08-28,35,MS,Centro-Oeste,HBO,34.9,3899,20,1,20,-1,31426.12
2023-08-28,35,MS,Centro-Oeste,Telecine,29.9,3121,19,1,17,1,21551.48
2023-08-28,35,MS,Centro-Oeste,Premiere,24.9,2340,15,1,14,0,13456.35
2023-08-28,35,DF,Centro-Oeste,Familia,49.9,6716,39,4,39,-4,77396.86
2023-08-28,35,DF,Centro-Oeste,HBO,34.9,4197,23,2,24,-3,33828.01
2023-08-28,35,DF,Centro-Oeste,Telecine,29.9,3357,17,1,19,-3,23181.13
2023-08-28,35,DF,Centro-Oeste,Premiere,24.9,2519,16,2,15,-1,14485.7
2023-08-28,35,AM,Norte,Familia,49.9,9594,56,5,57,-6,110563.65
2023-08-28,35,AM,Norte,HBO,34.9,6003,38,2,33,3,48384.46
2023-08-28,35,AM,Norte,Telecine,29.9,4801,29,2,26,1,33152.4
2023-08-28,35,AM,Norte,Premiere,24.9,3597,21,2,22,-3,20684.83
2023-08-28,35,PA,Norte,Familia,49.9,20133,112,12,127,-27,232017.71
2023-08-28,35,PA,Norte,HBO,34.9,12592,73,5,76,-8,101492.1
2023-08-28,35,PA,Norte,Telecine,29.9,10076,52,3,53,-4,69577.92
2023-08-28,35,PA,Norte,Premiere,24.9,7556,50,7,47,-4,43451.36
2023-08-28,35,RO,Norte,Familia,49.9,3840,22,2,20,0,44253.12
2023-08-28,35,RO,Norte,HBO,34.9,2400,13,1,12,0,19344.11
2023-08-28,35,RO,Norte,Telecine,29.9,1919,9,0,10,-1,13251.29
2023-08-28,35,RO,Norte,Premiere,24.9,1441,10,1,8,1,8286.58
2023-08-28,35,AC,Norte,Familia,49.9,1918,9,0,11,-2,22103.51
2023-08-28,35,AC,Norte,HBO,34.9,1201,7,0,6,1,9680.12
2023-08-28,35,AC,Norte,Telecine,29.9,960,5,0,5,0,6629.1
2023-08-28,35,AC,Norte,Premiere,24.9,720,4,0,4,0,4140.42
2023-08-28,35,RR,Norte,Familia,49.9,1440,8,0,8,0,16594.92
2023-08-28,35,RR,Norte,HBO,34.9,900,4,0,4,0,7254.04
2023-08-28,35,RR,Norte,Telecine,29.9,720,4,0,4,0,4971.82
2023-08-28,35,RR,Norte,Premiere,24.9,540,3,0,3,0,3105.31
2023-08-28,35,AP,Norte,Familia,49.9,1919,10,1,10,-1,22115.03
2023-08-28,35,AP,Norte,HBO,34.9,1199,6,0,7,-1,9664.0
2023-08-28,35,AP,Norte,Telecine,29.9,960,5,0,5,0,6629.1
2023-08-28,35,AP,Norte,Premiere,24.9,720,4,0,4,0,4140.42
2023-08-28,35,TO,Norte,Familia,49.9,3357,16,1,18,-3,38686.91
2023-08-28,35,TO,Norte,HBO,34.9,2099,11,1,11,-1,16918.04
2023-08-28,35,TO,Norte,Telecine,29.9,1680,10,0,10,0,11600.92
2023-08-28,35,TO,Norte,Premiere,24.9,1260,8,1,7,0,7245.73
2023-09-04,36,SP,Sudeste,Familia,49.9,104562,554,61,571,-78,1204998.57
2023-09-04,36,SP,Sudeste,HBO,34.9,65378,390,33,379,-22,526949.7
2023-09-04,36,SP,Sudeste,Telecine,29.9,52289,266,21,276,-31,361071.85
2023-09-04,36,SP,Sudeste,Premiere,24.9,39248,251,30,213,8,225698.66
2023-09-04,36,RJ,Sudeste,Familia,49.9,39331,243,24,248,-29,453260.25
2023-09-04,36,RJ,Sudeste,HBO,34.9,24606,146,10,130,6,198325.5
2023-09-04,36,RJ,Sudeste,Telecine,29.9,19678,116,8,110,-2,135882.73
2023-09-04,36,RJ,Sudeste,Premiere,24.9,14754,92,14,84,-6,84844.02
2023-09-04,36,MG,Sudeste,Familia,49.9,48909,282,32,301,-51,563639.52
2023-09-04,36,MG,Sudeste,HBO,34.9,30569,161,12,179,-30,246387.55
2023-09-04,36,MG,Sudeste,Telecine,29.9,24491,151,12,128,11,169117.99
2023-09-04,36,MG,Sudeste,Premiere,24.9,18346,111,17,107,-13,105500.09
2023-09-04,36,ES,Sudeste,Familia,49.9,9111,44,4,49,-9,104997.44
2023-09-04,36,ES,Sudeste,HBO,34.9,5697,32,2,33,-3,45918.08
2023-09-04,36,ES,Sudeste,Telecine,29.9,4562,26,1,23,2,31502.03
2023-09-04,36,ES,Sudeste,Premiere,24.9,3419,23,3,21,-1,19661.22
2023-09-04,36,PR,Sul,Familia,49.9,26842,142,17,163,-38,309333.9
2023-09-04,36,PR,Sul,HBO,34.9,16796,106,7,103,-4,135376.54
2023-09-04,36,PR,Sul,Telecine,29.9,13432,73,4,77,-8,92752.15
2023-09-04,36,PR,Sul,Premiere,24.9,10082,65,8,55,2,57977.32
2023-09-04,36,SC,Sul,Familia,49.9,17266,104,13,105,-14,198977.69
2023-09-04,36,SC,Sul,HBO,34.9,10796,59,4,59,-4,87016.26
2023-09-04,36,SC,Sul,Telecine,29.9,8635,48,3,50,-5,59627.37
2023-09-04,36,SC,Sul,Premiere,24.9,6478,42,6,38,-2,37252.24
2023-09-04,36,RS,Sul,Familia,49.9,26857,143,16,150,-23,309506.77
2023-09-04,36,RS,Sul,HBO,34.9,16788,88,6,94,-12,135312.06
2023-09-04,36,RS,Sul,Telecine,29.9,13427,75,5,83,-13,92717.62
2023-09-04,36,RS,Sul,Premiere,24.9,10085,66,8,53,5,57994.57
2023-09-04,36,BA,Nordeste,Familia,49.9,34546,187,19,182,-14,398116.72
2023-09-04,36,BA,Nordeste,HBO,34.9,21591,132,9,132,-9,174024.46
2023-09-04,36,BA,Nordeste,Telecine,29.9,17277,95,6,92,-3,119303.07
2023-09-04,36,BA,Nordeste,Premiere,24.9,12958,90,10,82,-2,74515.98
2023-09-04,36,CE,Nordeste,Familia,49.9,21583,131,15,133,-17,248727.88
2023-09-04,36,CE,Nordeste,HBO,34.9,13514,91,7,70,14,108923.46
2023-09-04,36,CE,Nordeste,Telecine,29.9,10793,65,4,68,-7,74529.03
2023-09-04,36,CE,Nordeste,Premiere,24.9,8092,50,7,51,-8,46533.67
2023-09-04,36,PE,Nordeste,Familia,49.9,23018,138,14,146,-22,265265.17
2023-09-04,36,PE,Nordeste,HBO,34.9,14393,81,5,83,-7,116008.24
2023-09-04,36,PE,Nordeste,Telecine,29.9,11509,65,4,72,-11,79473.23
2023-09-04,36,PE,Nordeste,Premiere,24.9,8645,63,8,50,5,49713.74
2023-09-04,36,MA,Nordeste,Familia,49.9,16303,86,8,95,-17,187879.84
2023-09-04,36,MA,Nordeste,HBO,34.9,10210,67,4,53,10,82293.07
2023-09-04,36,MA,Nordeste,Telecine,29.9,8152,42,2,48,-8,56292.1
2023-09-04,36,MA,Nordeste,Premiere,24.9,6123,42,5,34,3,35210.79
2023-09-04,36,PB,Nordeste,Familia,49.9,9593,56,6,57,-7,110552.12
2023-09-04,36,PB,Nordeste,HBO,34.9,5998,31,2,31,-2,48344.16
2023-09-04,36,PB,Nordeste,Telecine,29.9,4799,27,2,26,-1,33138.59
2023-09-04,36,PB,Nordeste,Premiere,24.9,3601,22,2,19,1,20707.83
2023-09-04,36,RN,Nordeste,Familia,49.9,8637,56,6,53,-3,99534.94
2023-09-04,36,RN,Nordeste,HBO,34.9,5403,33,2,28,3,43548.43
2023-09-04,36,RN,Nordeste,Telecine,29.9,4321,27,1,25,1,29837.85
2023-09-04,36,RN,Nordeste,Premiere,24.9,3238,19,2,19,-2,18620.37
2023-09-04,36,AL,Nordeste,Familia,49.9,7678,45,5,42,-2,88483.19
2023-09-04,36,AL,Nordeste,HBO,34.9,4799,30,2,29,-1,38680.16
2023-09-04,36,AL,Nordeste,Telecine,29.9,3843,24,1,20,3,26537.11
2023-09-04,36,AL,Nordeste,Premiere,24.9,2881,18,2,15,1,16567.41
2023-09-04,36,SE,Nordeste,Familia,49.9,5274,26,2,30,-6,60778.89
2023-09-04,36,SE,Nordeste,HBO,34.9,3302,20,1,17,2,26614.27
2023-09-04,36,SE,Nordeste,Telecine,29.9,2641,16,1,14,1,18236.93
2023-09-04,36,SE,Nordeste,Premiere,24.9,1980,13,1,12,0,11386.14
2023-09-04,36,PI,Nordeste,Familia,49.9,7674,44,5,45,-6,88437.09
2023-09-04,36,PI,Nordeste,HBO,34.9,4799,28,2,27,-1,38680.16
2023-09-04,36,PI,Nordeste,Telecine,29.9,3838,21,1,22,-2,26502.59
2023-09-04,36,PI,Nordeste,Premiere,24.9,2883,21,2,16,3,16578.91
2023-09-04,36,GO,Centro-Oeste,Familia,49.9,15816,74,8,90,-24,182267.53
2023-09-04,36,GO,Centro-Oeste,HBO,34.9,9889,54,4,61,-11,79705.8
2023-09-04,36,GO,Centro-Oeste,Telecine,29.9,7912,42,3,47,-8,54634.83
2023-09-04,36,GO,Centro-Oeste,Premiere,24.9,5942,37,4,31,2,34169.93
2023-09-04,36,MT,Centro-Oeste,Familia,49.9,8153,48,5,50,-7,93957.21
2023-09-04,36,MT,Centro-Oeste,HBO,34.9,5098,27,2,27,-2,41090.12
2023-09-04,36,MT,Centro-Oeste,Telecine,29.9,4075,21,1,25,-5,28139.15
2023-09-04,36,MT,Centro-Oeste,Premiere,24.9,3059,19,2,18,-1,17591.02
2023-09-04,36,MS,Centro-Oeste,Familia,49.9,6235,34,3,36,-5,71853.7
2023-09-04,36,MS,Centro-Oeste,HBO,34.9,3900,22,1,21,0,31434.18
2023-09-04,36,MS,Centro-Oeste,Telecine,29.9,3120,19,1,18,0,21544.57
2023-09-04,36,MS,Centro-Oeste,Premiere,24.9,2341,16,2,13,1,13462.1
2023-09-04,36,DF,Centro-Oeste,Familia,49.9,6716,35,3,36,-4,77396.86
2023-09-04,36,DF,Centro-Oeste,HBO,34.9,4194,21,1,26,-6,33803.83
2023-09-04,36,DF,Centro-Oeste,Telecine,29.9,3357,17,1,19,-3,23181.13
2023-09-04,36,DF,Centro-Oeste,Premiere,24.9,2521,16,2,13,1,14497.21
2023-09-04,36,AM,Norte,Familia,49.9,9600,62,6,56,0,110632.79
2023-09-04,36,AM,Norte,HBO,34.9,5998,35,2,35,-2,48344.16
2023-09-04,36,AM,Norte,Telecine,29.9,4793,23,1,29,-7,33097.16
2023-09-04,36,AM,Norte,Premiere,24.9,3601,22,2,19,1,20707.83
2023-09-04,36,PA,Norte,Familia,49.9,20138,111,11,122,-22,232075.33
2023-09-04,36,PA,Norte,HBO,34.9,12592,73,5,76,-8,101492.1
2023-09-04,36,PA,Norte,Telecine,29.9,10069,54,4,61,-11,69529.58
2023-09-04,36,PA,Norte,Premiere,24.9,7565,53,7,41,5,43503.12
2023-09-04,36,RO,Norte,Familia,49.9,3841,23,2,20,1,44264.64
2023-09-04,36,RO,Norte,HBO,34.9,2400,14,1,13,0,19344.11
2023-09-04,36,RO,Norte,Telecine,29.9,1921,12,0,11,1,13265.1
2023-09-04,36,RO,Norte,Premiere,24.9,1441,10,1,8,1,8286.58
2023-09-04,36,AC,Norte,Familia,49.9,1920,11,1,10,0,22126.56
2023-09-04,36,AC,Norte,HBO,34.9,1200,6,0,6,0,9672.06
2023-09-04,36,AC,Norte,Telecine,29.9,960,5,0,5,0,6629.1
2023-09-04,36,AC,Norte,Premiere,24.9,721,5,0,4,1,4146.17
2023-09-04,36,RR,Norte,Familia,49.9,1440,7,0,7,0,16594.92
2023-09-04,36,RR,Norte,HBO,34.9,900,5,0,5,0,7254.04
2023-09-04,36,RR,Norte,Telecine,29.9,721,4,0,3,1,4978.73
2023-09-04,36,RR,Norte,Premiere,24.9,541,3,0,2,1,3111.06
2023-09-04,36,AP,Norte,Familia,49.9,1919,11,1,11,-1,22115.03
2023-09-04,36,AP,Norte,HBO,34.9,1201,7,0,6,1,9680.12
2023-09-04,36,AP,Norte,Telecine,29.9,960,5,0,5,0,6629.1
2023-09-04,36,AP,Norte,Premiere,24.9,720,4,0,4,0,4140.42
2023-09-04,36,TO,Norte,Familia,49.9,3358,20,2,20,-2,38698.43
2023-09-04,36,TO,Norte,HBO,34.9,2098,10,0,12,-2,16909.98
2023-09-04,36,TO,Norte,Telecine,29.9,1679,8,0,9,-1,11594.02
2023-09-04,36,TO,Norte,Premiere,24.9,1261,8,0,7,1,7251.48
2023-09-11,37,SP,Sudeste,Familia,49.9,104573,544,51,560,-67,1205125.33
2023-09-11,37,SP,Sudeste,HBO,34.9,65368,404,31,405,-32,526869.1
2023-09-11,37,SP,Sudeste,Telecine,29.9,52320,310,19,291,0,361285.91
2023-09-11,37,SP,Sudeste,Premiere,24.9,39237,264,36,231,-3,225635.4
2023-09-11,37,RJ,Sudeste,Familia,49.9,39313,206,24,229,-47,453052.82
2023-09-11,37,RJ,Sudeste,HBO,34.9,24598,147,11,138,-2,198261.02
2023-09-11,37,RJ,Sudeste,Telecine,29.9,19670,114,8,116,-10,135827.48
2023-09-11,37,RJ,Sudeste,Premiere,24.9,14758,94,13,83,-2,84867.02
2023-09-11,37,MG,Sudeste,Familia,49.9,48883,254,25,306,-77,563339.88
2023-09-11,37,MG,Sudeste,HBO,34.9,30568,173,14,190,-31,246379.49
2023-09-11,37,MG,Sudeste,Telecine,29.9,24495,158,9,134,15,169145.61
2023-09-11,37,MG,Sudeste,Premiere,24.9,18360,132,15,116,1,105580.6
2023-09-11,37,ES,Sudeste,Familia,49.9,9117,53,5,51,-3,105066.58
2023-09-11,37,ES,Sudeste,HBO,34.9,5693,30,2,35,-7,45885.84
2023-09-11,37,ES,Sudeste,Telecine,29.9,4555,24,1,28,-5,31453.7
2023-09-11,37,ES,Sudeste,Premiere,24.9,3420,22,3,19,0,19666.97
2023-09-11,37,PR,Sul,Familia,49.9,26890,170,19,141,10,309887.07
2023-09-11,37,PR,Sul,HBO,34.9,16782,93,8,103,-18,135263.7
2023-09-11,37,PR,Sul,Telecine,29.9,13439,77,4,74,-1,92800.48
2023-09-11,37,PR,Sul,Premiere,24.9,10088,77,10,59,8,58011.82
2023-09-11,37,SC,Sul,Familia,49.9,17276,95,9,90,-4,199092.93
2023-09-11,37,SC,Sul,HBO,34.9,10798,64,4,62,-2,87032.38
2023-09-11,37,SC,Sul,Telecine,29.9,8626,38,2,50,-14,59565.22
2023-09-11,37,SC,Sul,Premiere,24.9,6481,40,5,34,1,37269.49
2023-09-11,37,RS,Sul,Familia,49.9,26863,150,15,152,-17,309575.91
2023-09-11,37,RS,Sul,HBO,34.9,16800,104,9,95,0,135408.78
2023-09-11,37,RS,Sul,Telecine,29.9,13430,68,4,74,-10,92738.34
2023-09-11,37,RS,Sul,Premiere,24.9,10084,67,9,54,4,57988.82
2023-09-11,37,BA,Nordeste,Familia,49.9,34562,215,23,190,2,398301.11
2023-09-11,37,BA,Nordeste,HBO,34.9,21592,123,9,122,-8,174032.52
2023-09-11,37,BA,Nordeste,Telecine,29.9,17265,92,7,100,-15,119220.21
2023-09-11,37,BA,Nordeste,Premiere,24.9,12951,78,11,76,-9,74475.73
2023-09-11,37,CE,Nordeste,Familia,49.9,21588,117,12,117,-12,248785.5
2023-09-11,37,CE,Nordeste,HBO,34.9,13497,79,6,76,-3,108786.44
2023-09-11,37,CE,Nordeste,Telecine,29.9,10792,61,4,65,-8,74522.12
2023-09-11,37,CE,Nordeste,Premiere,24.9,8094,49,7,48,-6,46545.17
2023-09-11,37,PE,Nordeste,Familia,49.9,23009,126,14,143,-31,265161.45
2023-09-11,37,PE,Nordeste,HBO,34.9,14389,78,7,82,-11,115976.0
2023-09-11,37,PE,Nordeste,Telecine,29.9,11512,64,4,68,-8,79493.95
2023-09-11,37,PE,Nordeste,Premiere,24.9,8632,51,7,52,-8,49638.98
2023-09-11,37,MA,Nordeste,Familia,49.9,16311,95,10,94,-9,187972.03
2023-09-11,37,MA,Nordeste,HBO,34.9,10186,52,4,62,-14,82099.63
2023-09-11,37,MA,Nordeste,Telecine,29.9,8152,42,3,47,-8,56292.1
2023-09-11,37,MA,Nordeste,Premiere,24.9,6115,37,5,37,-5,35164.78
2023-09-11,37,PB,Nordeste,Familia,49.9,9597,53,6,50,-3,110598.22
2023-09-11,37,PB,Nordeste,HBO,34.9,5994,33,2,37,-6,48311.92
2023-09-11,37,PB,Nordeste,Telecine,29.9,4798,28,2,28,-2,33131.69
2023-09-11,37,PB,Nordeste,Premiere,24.9,3600,25,3,22,0,20702.08
2023-09-11,37,RN,Nordeste,Familia,49.9,8631,50,5,54,-9,99465.8
2023-09-11,37,RN,Nordeste,HBO,34.9,5397,30,2,31,-3,43500.07
2023-09-11,37,RN,Nordeste,Telecine,29.9,4322,27,1,24,2,29844.76
2023-09-11,37,RN,Nordeste,Premiere,24.9,3238,20,2,20,-2,18620.37
2023-09-11,37,AL,Nordeste,Familia,49.9,7678,45,4,43,-2,88483.19
2023-09-11,37,AL,Nordeste,HBO,34.9,4798,29,2,29,-2,38672.1
2023-09-11,37,AL,Nordeste,Telecine,29.9,3833,17,1,23,-7,26468.06
2023-09-11,37,AL,Nordeste,Premiere,24.9,2877,16,2,17,-3,16544.41
2023-09-11,37,SE,Nordeste,Familia,49.9,5281,31,3,27,1,60859.56
2023-09-11,37,SE,Nordeste,HBO,34.9,3298,18,1,19,-2,26582.03
2023-09-11,37,SE,Nordeste,Telecine,29.9,2638,14,0,16,-2,18216.21
2023-09-11,37,SE,Nordeste,Premiere,24.9,1981,12,1,10,1,11391.89
2023-09-11,37,PI,Nordeste,Familia,49.9,7676,40,4,40,-4,88460.14
2023-09-11,37,PI,Nordeste,HBO,34.9,4802,30,2,26,2,38704.34
2023-09-11,37,PI,Nordeste,Telecine,29.9,3837,21,1,23,-3,26495.68
2023-09-11,37,PI,Nordeste,Premiere,24.9,2881,18,2,15,1,16567.41
2023-09-11,37,GO,Centro-Oeste,Familia,49.9,15829,94,10,95,-11,182417.34
2023-09-11,37,GO,Centro-Oeste,HBO,34.9,9884,50,4,62,-16,79665.5
2023-09-11,37,GO,Centro-Oeste,Telecine,29.9,7920,47,3,44,0,54690.07
2023-09-11,37,GO,Centro-Oeste,Premiere,24.9,5941,40,5,34,1,34164.18
2023-09-11,37,MT,Centro-Oeste,Familia,49.9,8148,43,4,51,-12,93899.58
2023-09-11,37,MT,Centro-Oeste,HBO,34.9,5102,30,2,26,2,41122.36
2023-09-11,37,MT,Centro-Oeste,Telecine,29.9,4080,22,1,21,0,28173.67
2023-09-11,37,MT,Centro-Oeste,Premiere,24.9,3062,20,2,16,2,17608.27
2023-09-11,37,MS,Centro-Oeste,Familia,49.9,6235,38,4,39,-5,71853.7
2023-09-11,37,MS,Centro-Oeste,HBO,34.9,3902,23,1,20,2,31450.3
2023-09-11,37,MS,Centro-Oeste,Telecine,29.9,3121,18,1,16,1,21551.48
2023-09-11,37,MS,Centro-Oeste,Premiere,24.9,2340,15,1,14,0,13456.35
2023-09-11,37,DF,Centro-Oeste,Familia,49.9,6713,40,5,42,-7,77362.29
2023-09-11,37,DF,Centro-Oeste,HBO,34.9,4198,23,1,24,-2,33836.07
2023-09-11,37,DF,Centro-Oeste,Telecine,29.9,3359,18,1,18,-1,23194.94
2023-09-11,37,DF,Centro-Oeste,Premiere,24.9,2520,16,2,14,0,14491.45
2023-09-11,37,AM,Norte,Familia,49.9,9590,56,6,60,-10,110517.55
2023-09-11,37,AM,Norte,HBO,34.9,5999,37,3,35,-1,48352.22
2023-09-11,37,AM,Norte,Telecine,29.9,4802,27,1,24,2,33159.31
2023-09-11,37,AM,Norte,Premiere,24.9,3600,22,2,20,0,20702.08
2023-09-11,37,PA,Norte,Familia,49.9,20150,108,11,107,-10,232213.63
2023-09-11,37,PA,Norte,HBO,34.9,12596,72,5,71,-4,101524.34
2023-09-11,37,PA,Norte,Telecine,29.9,10070,56,4,62,-10,69536.49
2023-09-11,37,PA,Norte,Premiere,24.9,7562,56,8,46,2,43485.87
2023-09-11,37,RO,Norte,Familia,49.9,3836,20,2,22,-4,44207.02
2023-09-11,37,RO,Norte,HBO,34.9,2399,13,1,13,-1,19336.05
2023-09-11,37,RO,Norte,Telecine,29.9,1919,9,0,10,-1,13251.29
2023-09-11,37,RO,Norte,Premiere,24.9,1441,9,1,7,1,8286.58
2023-09-11,37,AC,Norte,Familia,49.9,1919,10,1,10,-1,22115.03
2023-09-11,37,AC,Norte,HBO,34.9,1199,6,0,7,-1,9664.0
2023-09-11,37,AC,Norte,Telecine,29.9,960,5,0,5,0,6629.1
2023-09-11,37,AC,Norte,Premiere,24.9,721,5,0,4,1,4146.17
2023-09-11,37,RR,Norte,Familia,49.9,1441,9,0,8,1,16606.44
2023-09-11,37,RR,Norte,HBO,34.9,900,5,0,5,0,7254.04
2023-09-11,37,RR,Norte,Telecine,29.9,719,3,0,4,-1,4964.92
2023-09-11,37,RR,Norte,Premiere,24.9,540,3,0,3,0,3105.31
2023-09-11,37,AP,Norte,Familia,49.9,1920,10,1,9,0,22126.56
2023-09-11,37,AP,Norte,HBO,34.9,1200,6,0,6,0,9672.06
2023-09-11,37,AP,Norte,Telecine,29.9,960,5,0,5,0,6629.1
2023-09-11,37,AP,Norte,Premiere,24.9,721,4,0,3,1,4146.17
2023-09-11,37,TO,Norte,Familia,49.9,3355,16,1,20,-5,38663.86
2023-09-11,37,TO,Norte,HBO,34.9,2099,12,0,13,-1,16918.04
2023-09-11,37,TO,Norte,Telecine,29.9,1681,10,0,9,1,11607.83
2023-09-11,37,TO,Norte,Premiere,24.9,1261,8,0,7,1,7251.48
2023-09-18,38,SP,Sudeste,Familia,49.9,104586,619,64,609,-54,1205275.15
2023-09-18,38,SP,Sudeste,HBO,34.9,65448,443,40,355,48,527513.9
2023-09-18,38,SP,Sudeste,Telecine,29.9,52282,284,17,305,-38,361023.51
2023-09-18,38,SP,Sudeste,Premiere,24.9,39259,254,31,204,19,225761.92
2023-09-18,38,RJ,Sudeste,Familia,49.9,39345,224,26,213,-15,453421.59
2023-09-18,38,RJ,Sudeste,HBO,34.9,24580,123,10,133,-20,198115.94
2023-09-18,38,RJ,Sudeste,Telecine,29.9,19646,97,7,124,-34,135661.76
2023-09-18,38,RJ,Sudeste,Premiere,24.9,14775,107,16,76,15,84964.78
2023-09-18,38,MG,Sudeste,Familia,49.9,48897,256,24,295,-63,563501.22
2023-09-18,38,MG,Sudeste,HBO,34.9,30572,168,15,180,-27,246411.73
2023-09-18,38,MG,Sudeste,Telecine,29.9,24490,147,9,128,10,169111.09
2023-09-18,38,MG,Sudeste,Premiere,24.9,18367,124,14,102,8,105620.85
2023-09-18,38,ES,Sudeste,Familia,49.9,9116,50,6,48,-4,105055.06
2023-09-18,38,ES,Sudeste,HBO,34.9,5696,31,2,33,-4,45910.02
2023-09-18,38,ES,Sudeste,Telecine,29.9,4559,23,1,23,-1,31481.32
2023-09-18,38,ES,Sudeste,Premiere,24.9,3422,22,2,18,2,19678.48
2023-09-18,38,PR,Sul,Familia,49.9,26880,172,19,153,0,309771.82
2023-09-18,38,PR,Sul,HBO,34.9,16788,98,7,103,-12,135312.06
2023-09-18,38,PR,Sul,Telecine,29.9,13438,79,5,76,-2,92793.58
2023-09-18,38,PR,Sul,Premiere,24.9,10076,60,7,57,-4,57942.82
2023-09-18,38,SC,Sul,Familia,49.9,17260,96,10,106,-20,198908.55
2023-09-18,38,SC,Sul,HBO,34.9,10789,60,4,67,-11,86959.84
2023-09-18,38,SC,Sul,Telecine,29.9,8634,46,2,50,-6,59620.46
2023-09-18,38,SC,Sul,Premiere,24.9,6478,44,6,40,-2,37252.24
2023-09-18,38,RS,Sul,Familia,49.9,26870,150,15,145,-10,309656.58
2023-09-18,38,RS,Sul,HBO,34.9,16792,95,6,97,-8,135344.3
2023-09-18,38,RS,Sul,Telecine,29.9,13434,83,5,84,-6,92765.96
2023-09-18,38,RS,Sul,Premiere,24.9,10074,65,9,62,-6,57931.32
2023-09-18,38,BA,Nordeste,Familia,49.9,34545,193,22,186,-15,398105.2
2023-09-18,38,BA,Nordeste,HBO,34.9,21577,120,8,135,-23,173911.62
2023-09-18,38,BA,Nordeste,Telecine,29.9,17267,96,6,103,-13,119234.02
2023-09-18,38,BA,Nordeste,Premiere,24.9,12956,80,12,72,-4,74504.48
2023-09-18,38,CE,Nordeste,Familia,49.9,21576,124,14,134,-24,248647.21
2023-09-18,38,CE,Nordeste,HBO,34.9,13497,75,5,73,-3,108786.44
2023-09-18,38,CE,Nordeste,Telecine,29.9,10805,68,4,59,5,74611.89
2023-09-18,38,CE,Nordeste,Premiere,24.9,8098,49,5,46,-2,46568.18
2023-09-18,38,PE,Nordeste,Familia,49.9,23023,134,13,138,-17,265322.79
2023-09-18,38,PE,Nordeste,HBO,34.9,14384,81,7,90,-16,115935.7
2023-09-18,38,PE,Nordeste,Telecine,29.9,11510,62,3,69,-10,79480.14
2023-09-18,38,PE,Nordeste,Premiere,24.9,8635,54,8,51,-5,49656.24
2023-09-18,38,MA,Nordeste,Familia,49.9,16301,83,9,93,-19,187856.79
2023-09-18,38,MA,Nordeste,HBO,34.9,10192,54,4,58,-8,82147.99
2023-09-18,38,MA,Nordeste,Telecine,29.9,8154,40,2,44,-6,56305.91
2023-09-18,38,MA,Nordeste,Premiere,24.9,6118,36,4,34,-2,35182.03
2023-09-18,38,PB,Nordeste,Familia,49.9,9588,50,5,57,-12,110494.5
2023-09-18,38,PB,Nordeste,HBO,34.9,5997,36,2,37,-3,48336.1
2023-09-18,38,PB,Nordeste,Telecine,29.9,4796,25,1,28,-4,33117.88
2023-09-18,38,PB,Nordeste,Premiere,24.9,3598,21,3,20,-2,20690.58
2023-09-18,38,RN,Nordeste,Familia,49.9,8637,55,5,53,-3,99534.94
2023-09-18,38,RN,Nordeste,HBO,34.9,5401,31,2,28,1,43532.31
2023-09-18,38,RN,Nordeste,Telecine,29.9,4313,21,1,27,-7,29782.61
2023-09-18,38,RN,Nordeste,Premiere,24.9,3240,21,3,18,0,18631.87
2023-09-18,38,AL,Nordeste,Familia,49.9,7675,39,4,40,-5,88448.61
2023-09-18,38,AL,Nordeste,HBO,34.9,4799,25,2,24,-1,38680.16
2023-09-18,38,AL,Nordeste,Telecine,29.9,3835,19,1,23,-5,26481.87
2023-09-18,38,AL,Nordeste,Premiere,24.9,2880,17,2,15,0,16561.66
2023-09-18,38,SE,Nordeste,Familia,49.9,5271,25,2,32,-9,60744.32
2023-09-18,38,SE,Nordeste,HBO,34.9,3298,18,1,19,-2,26582.03
2023-09-18,38,SE,Nordeste,Telecine,29.9,2639,15,1,15,-1,18223.12
2023-09-18,38,SE,Nordeste,Premiere,24.9,1980,12,1,11,0,11386.14
2023-09-18,38,PI,Nordeste,Familia,49.9,7680,44,4,40,0,88506.24
2023-09-18,38,PI,Nordeste,HBO,34.9,4796,24,1,27,-4,38655.98
2023-09-18,38,PI,Nordeste,Telecine,29.9,3839,21,1,21,-1,26509.49
2023-09-18,38,PI,Nordeste,Premiere,24.9,2881,19,2,16,1,16567.41
2023-09-18,38,GO,Centro-Oeste,Familia,49.9,15829,85,9,87,-11,182417.34
2023-09-18,38,GO,Centro-Oeste,HBO,34.9,9890,56,4,62,-10,79713.86
2023-09-18,38,GO,Centro-Oeste,Telecine,29.9,7911,42,2,49,-9,54627.92
2023-09-18,38,GO,Centro-Oeste,Premiere,24.9,5936,35,4,35,-4,34135.43
2023-09-18,38,MT,Centro-Oeste,Familia,49.9,8155,44,4,45,-5,93980.25
2023-09-18,38,MT,Centro-Oeste,HBO,34.9,5102,30,2,26,2,41122.36
2023-09-18,38,MT,Centro-Oeste,Telecine,29.9,4080,24,1,23,0,28173.67
2023-09-18,38,MT,Centro-Oeste,Premiere,24.9,3060,18,2,16,0,17596.77
2023-09-18,38,MS,Centro-Oeste,Familia,49.9,6237,35,4,34,-3,71876.74
2023-09-18,38,MS,Centro-Oeste,HBO,34.9,3892,16,1,23,-8,31369.7
2023-09-18,38,MS,Centro-Oeste,Telecine,29.9,3118,16,1,17,-2,21530.76
2023-09-18,38,MS,Centro-Oeste,Premiere,24.9,2340,15,2,13,0,13456.35
2023-09-18,38,DF,Centro-Oeste,Familia,49.9,6716,40,3,41,-4,77396.86
2023-09-18,38,DF,Centro-Oeste,HBO,34.9,4195,20,1,24,-5,33811.89
2023-09-18,38,DF,Centro-Oeste,Telecine,29.9,3358,18,1,19,-2,23188.04
2023-09-18,38,DF,Centro-Oeste,Premiere,24.9,2520,16,2,14,0,14491.45
2023-09-18,38,AM,Norte,Familia,49.9,9603,59,5,51,3,110667.37
2023-09-18,38,AM,Norte,HBO,34.9,5999,35,2,34,-1,48352.22
2023-09-18,38,AM,Norte,Telecine,29.9,4796,22,1,25,-4,33117.88
2023-09-18,38,AM,Norte,Premiere,24.9,3600,22,3,19,0,20702.08
2023-09-18,38,PA,Norte,Familia,49.9,20135,111,11,125,-25,232040.76
2023-09-18,38,PA,Norte,HBO,34.9,12595,67,4,68,-5,101516.28
2023-09-18,38,PA,Norte,Telecine,29.9,10076,51,3,52,-4,69577.92
2023-09-18,38,PA,Norte,Premiere,24.9,7564,58,9,45,4,43497.37
2023-09-18,38,RO,Norte,Familia,49.9,3837,20,2,21,-3,44218.55
2023-09-18,38,RO,Norte,HBO,34.9,2396,10,0,14,-4,19311.87
2023-09-18,38,RO,Norte,Telecine,29.9,1921,11,0,10,1,13265.1
2023-09-18,38,RO,Norte,Premiere,24.9,1441,9,1,7,1,8286.58
2023-09-18,38,AC,Norte,Familia,49.9,1918,10,0,12,-2,22103.51
2023-09-18,38,AC,Norte,HBO,34.9,1200,7,0,7,0,9672.06
2023-09-18,38,AC,Norte,Telecine,29.9,960,5,0,5,0,6629.1
2023-09-18,38,AC,Norte,Premiere,24.9,720,4,0,4,0,4140.42
2023-09-18,38,RR,Norte,Familia,49.9,1438,7,0,9,-2,16571.87
2023-09-18,38,RR,Norte,HBO,34.9,899,4,0,5,-1,7245.98
2023-09-18,38,RR,Norte,Telecine,29.9,720,4,0,4,0,4971.82
2023-09-18,38,RR,Norte,Premiere,24.9,540,3,0,3,0,3105.31
2023-09-18,38,AP,Norte,Familia,49.9,1919,11,1,11,-1,22115.03
2023-09-18,38,AP,Norte,HBO,34.9,1199,6,0,7,-1,9664.0
2023-09-18,38,AP,Norte,Telecine,29.9,960,5,0,5,0,6629.1
2023-09-18,38,AP,Norte,Premiere,24.9,720,4,0,4,0,4140.42
2023-09-18,38,TO,Norte,Familia,49.9,3362,20,1,17,2,38744.53
2023-09-18,38,TO,Norte,HBO,34.9,2099,11,1,11,-1,16918.04
2023-09-18,38,TO,Norte,Telecine,29.9,1681,10,0,9,1,11607.83
2023-09-18,38,TO,Norte,Premiere,24.9,1260,7,0,7,0,7245.73
2023-09-25,39,SP,Sudeste,Familia,49.9,104500,526,51,615,-140,1204284.06
2023-09-25,39,SP,Sudeste,HBO,34.9,65383,351,27,341,-17,526990.0
2023-09-25,39,SP,Sudeste,Telecine,29.9,52262,271,16,313,-58,360885.4
2023-09-25,39,SP,Sudeste,Premiere,24.9,39273,278,41,204,33,225842.42
2023-09-25,39,RJ,Sudeste,Familia,49.9,39348,221,25,208,-12,453456.17
2023-09-25,39,RJ,Sudeste,HBO,34.9,24611,163,12,140,11,198365.8
2023-09-25,39,RJ,Sudeste,Telecine,29.9,19681,115,8,106,1,135903.44
2023-09-25,39,RJ,Sudeste,Premiere,24.9,14758,94,13,83,-2,84867.02
2023-09-25,39,MG,Sudeste,Familia,49.9,48914,243,30,259,-46,563697.14
2023-09-25,39,MG,Sudeste,HBO,34.9,30598,195,14,182,-1,246621.29
2023-09-25,39,MG,Sudeste,Telecine,29.9,24474,130,8,128,-6,169000.6
2023-09-25,39,MG,Sudeste,Premiere,24.9,18368,133,17,107,9,105626.61
2023-09-25,39,ES,Sudeste,Familia,49.9,9111,53,5,57,-9,104997.44
2023-09-25,39,ES,Sudeste,HBO,34.9,5699,34,2,33,-1,45934.2
2023-09-25,39,ES,Sudeste,Telecine,29.9,4559,28,1,28,-1,31481.32
2023-09-25,39,ES,Sudeste,Premiere,24.9,3421,21,2,18,1,19672.73
2023-09-25,39,PR,Sul,Familia,49.9,26843,142,13,166,-37,309345.43
2023-09-25,39,PR,Sul,HBO,34.9,16803,104,9,92,3,135432.96
2023-09-25,39,PR,Sul,Telecine,29.9,13442,78,5,71,2,92821.2
2023-09-25,39,PR,Sul,Premiere,24.9,10082,65,8,55,2,57977.32
2023-09-25,39,SC,Sul,Familia,49.9,17280,105,11,94,0,199139.03
2023-09-25,39,SC,Sul,HBO,34.9,10803,67,5,59,3,87072.68
2023-09-25,39,SC,Sul,Telecine,29.9,8631,47,3,53,-9,59599.75
2023-09-25,39,SC,Sul,Premiere,24.9,6481,44,6,37,1,37269.49
2023-09-25,39,RS,Sul,Familia,49.9,26861,140,17,142,-19,309552.86
2023-09-25,39,RS,Sul,HBO,34.9,16801,100,8,91,1,135416.84
2023-09-25,39,RS,Sul,Telecine,29.9,13424,64,4,76,-16,92696.91
2023-09-25,39,RS,Sul,Premiere,24.9,10083,69,8,58,3,57983.07
2023-09-25,39,BA,Nordeste,Familia,49.9,34536,186,17,193,-24,398001.48
2023-09-25,39,BA,Nordeste,HBO,34.9,21603,135,10,122,3,174121.18
2023-09-25,39,BA,Nordeste,Telecine,29.9,17290,115,7,98,10,119392.84
2023-09-25,39,BA,Nordeste,Premiere,24.9,12954,85,12,79,-6,74492.98
2023-09-25,39,CE,Nordeste,Familia,49.9,21594,131,13,124,-6,248854.64
2023-09-25,39,CE,Nordeste,HBO,34.9,13500,77,5,72,0,108810.62
2023-09-25,39,CE,Nordeste,Telecine,29.9,10794,62,3,65,-6,74535.94
2023-09-25,39,CE,Nordeste,Premiere,24.9,8093,51,8,50,-7,46539.42
2023-09-25,39,PE,Nordeste,Familia,49.9,23014,116,12,130,-26,265219.08
2023-09-25,39,PE,Nordeste,HBO,34.9,14378,72,4,90,-22,115887.34
2023-09-25,39,PE,Nordeste,Telecine,29.9,11521,67,4,62,1,79556.1
2023-09-25,39,PE,Nordeste,Premiere,24.9,8641,53,6,46,1,49690.74
2023-09-25,39,MA,Nordeste,Familia,49.9,16285,69,7,97,-35,187672.4
2023-09-25,39,MA,Nordeste,HBO,34.9,10189,56,4,63,-11,82123.81
2023-09-25,39,MA,Nordeste,Telecine,29.9,8156,41,2,43,-4,56319.72
2023-09-25,39,MA,Nordeste,Premiere,24.9,6126,45,5,34,6,35228.04
2023-09-25,39,PB,Nordeste,Familia,49.9,9599,54,5,50,-1,110621.27
2023-09-25,39,PB,Nordeste,HBO,34.9,5992,29,2,35,-8,48295.8
2023-09-25,39,PB,Nordeste,Telecine,29.9,4799,27,1,27,-1,33138.59
2023-09-25,39,PB,Nordeste,Premiere,24.9,3597,22,3,22,-3,20684.83
2023-09-25,39,RN,Nordeste,Familia,49.9,8639,49,4,46,-1,99557.99
2023-09-25,39,RN,Nordeste,HBO,34.9,5396,31,2,33,-4,43492.01
2023-09-25,39,RN,Nordeste,Telecine,29.9,4317,22,1,24,-3,29810.23
2023-09-25,39,RN,Nordeste,Premiere,24.9,3242,23,3,18,2,18643.37
2023-09-25,39,AL,Nordeste,Familia,49.9,7678,47,5,44,-2,88483.19
2023-09-25,39,AL,Nordeste,HBO,34.9,4800,30,2,28,0,38688.22
2023-09-25,39,AL,Nordeste,Telecine,29.9,3841,24,1,22,1,26523.3
2023-09-25,39,AL,Nordeste,Premiere,24.9,2879,16,1,16,-1,16555.91
2023-09-25,39,SE,Nordeste,Familia,49.9,5273,29,3,33,-7,60767.37
2023-09-25,39,SE,Nordeste,HBO,34.9,3299,17,1,17,-1,26590.09
2023-09-25,39,SE,Nordeste,Telecine,29.9,2639,13,0,14,-1,18223.12
2023-09-25,39,SE,Nordeste,Premiere,24.9,1981,14,1,12,1,11391.89
2023-09-25,39,PI,Nordeste,Familia,49.9,7680,47,5,42,0,88506.24
2023-09-25,39,PI,Nordeste,HBO,34.9,4796,26,2,28,-4,38655.98
2023-09-25,39,PI,Nordeste,Telecine,29.9,3837,21,1,23,-3,26495.68
2023-09-25,39,PI,Nordeste,Premiere,24.9,2877,16,2,17,-3,16544.41
2023-09-25,39,GO,Centro-Oeste,Familia,49.9,15826,87,10,91,-14,182382.77
2023-09-25,39,GO,Centro-Oeste,HBO,34.9,9888,54,4,62,-12,79697.74
2023-09-25,39,GO,Centro-Oeste,Telecine,29.9,7916,47,3,48,-4,54662.45
2023-09-25,39,GO,Centro-Oeste,Premiere,24.9,5940,37,5,32,0,34158.43
2023-09-25,39,MT,Centro-Oeste,Familia,49.9,8158,46,5,43,-2,94014.83
2023-09-25,39,MT,Centro-Oeste,HBO,34.9,5100,29,2,27,0,41106.24
2023-09-25,39,MT,Centro-Oeste,Telecine,29.9,4078,23,1,24,-2,28159.86
2023-09-25,39,MT,Centro-Oeste,Premiere,24.9,3062,20,2,16,2,17608.27
2023-09-25,39,MS,Centro-Oeste,Familia,49.9,6242,40,4,34,2,71934.36
2023-09-25,39,MS,Centro-Oeste,HBO,34.9,3899,20,1,20,-1,31426.12
2023-09-25,39,MS,Centro-Oeste,Telecine,29.9,3120,17,1,16,0,21544.57
2023-09-25,39,MS,Centro-Oeste,Premiere,24.9,2342,16,2,12,2,13467.85
2023-09-25,39,DF,Centro-Oeste,Familia,49.9,6715,39,4,40,-5,77385.33
2023-09-25,39,DF,Centro-Oeste,HBO,34.9,4195,22,1,26,-5,33811.89
2023-09-25,39,DF,Centro-Oeste,Telecine,29.9,3357,18,1,20,-3,23181.13
2023-09-25,39,DF,Centro-Oeste,Premiere,24.9,2520,15,1,14,0,14491.45
2023-09-25,39,AM,Norte,Familia,49.9,9588,52,6,58,-12,110494.5
2023-09-25,39,AM,Norte,HBO,34.9,5994,32,2,36,-6,48311.92
2023-09-25,39,AM,Norte,Telecine,29.9,4798,28,1,29,-2,33131.69
2023-09-25,39,AM,Norte,Premiere,24.9,3599,23,3,21,-1,20696.33
2023-09-25,39,PA,Norte,Familia,49.9,20151,113,10,112,-9,232225.15
2023-09-25,39,PA,Norte,HBO,34.9,12594,67,4,69,-6,101508.22
2023-09-25,39,PA,Norte,Telecine,29.9,10083,61,3,55,3,69626.26
2023-09-25,39,PA,Norte,Premiere,24.9,7558,50,6,46,-2,43462.86
2023-09-25,39,RO,Norte,Familia,49.9,3836,19,1,22,-4,44207.02
2023-09-25,39,RO,Norte,HBO,34.9,2398,13,0,15,-2,19327.99
2023-09-25,39,RO,Norte,Telecine,29.9,1919,10,0,11,-1,13251.29
2023-09-25,39,RO,Norte,Premiere,24.9,1441,9,1,7,1,8286.58
2023-09-25,39,AC,Norte,Familia,49.9,1918,10,1,11,-2,22103.51
2023-09-25,39,AC,Norte,HBO,34.9,1200,7,0,7,0,9672.06
2023-09-25,39,AC,Norte,Telecine,29.9,960,5,0,5,0,6629.1
2023-09-25,39,AC,Norte,Premiere,24.9,721,4,0,3,1,4146.17
2023-09-25,39,RR,Norte,Familia,49.9,1441,8,0,7,1,16606.44
2023-09-25,39,RR,Norte,HBO,34.9,900,4,0,4,0,7254.04
2023-09-25,39,RR,Norte,Telecine,29.9,719,3,0,4,-1,4964.92
2023-09-25,39,RR,Norte,Premiere,24.9,540,3,0,3,0,3105.31
2023-09-25,39,AP,Norte,Familia,49.9,1918,10,1,11,-2,22103.51
2023-09-25,39,AP,Norte,HBO,34.9,1199,6,0,7,-1,9664.0
2023-09-25,39,AP,Norte,Telecine,29.9,960,5,0,5,0,6629.1
2023-09-25,39,AP,Norte,Premiere,24.9,721,4,0,3,1,4146.17
2023-09-25,39,TO,Norte,Familia,49.9,3360,20,2,18,0,38721.48
2023-09-25,39,TO,Norte,HBO,34.9,2101,11,0,10,1,16934.16
2023-09-25,39,TO,Norte,Telecine,29.9,1680,9,0,9,0,11600.92
2023-09-25,39,TO,Norte,Premiere,24.9,1260,7,0,7,0,7245.73
2023-10-02,40,SP,Sudeste,Familia,49.9,104581,570,56,573,-59,1205217.53
2023-10-02,40,SP,Sudeste,HBO,34.9,65387,391,35,369,-13,527022.24
2023-10-02,40,SP,Sudeste,Telecine,29.9,52296,270,18,276,-24,361120.18
2023-10-02,40,SP,Sudeste,Premiere,24.9,39256,273,32,225,16,225744.67
2023-10-02,40,RJ,Sudeste,Familia,49.9,39298,211,24,249,-62,452879.95
2023-10-02,40,RJ,Sudeste,HBO,34.9,24585,140,10,145,-15,198156.24
2023-10-02,40,RJ,Sudeste,Telecine,29.9,19689,130,8,113,9,135958.68
2023-10-02,40,RJ,Sudeste,Premiere,24.9,14766,97,12,79,6,84913.03
2023-10-02,40,MG,Sudeste,Familia,49.9,48912,262,30,280,-48,563674.09
2023-10-02,40,MG,Sudeste,HBO,34.9,30596,175,14,164,-3,246605.17
2023-10-02,40,MG,Sudeste,Telecine,29.9,24485,145,11,129,5,169076.56
2023-10-02,40,MG,Sudeste,Premiere,24.9,18346,114,14,113,-13,105500.09
2023-10-02,40,ES,Sudeste,Familia,49.9,9108,42,4,50,-12,104962.86
2023-10-02,40,ES,Sudeste,HBO,34.9,5698,35,2,35,-2,45926.14
2023-10-02,40,ES,Sudeste,Telecine,29.9,4561,28,2,25,1,31495.13
2023-10-02,40,ES,Sudeste,Premiere,24.9,3422,24,3,19,2,19678.48
2023-10-02,40,PR,Sul,Familia,49.9,26845,148,16,167,-35,309368.48
2023-10-02,40,PR,Sul,HBO,34.9,16810,106,8,88,10,135489.38
2023-10-02,40,PR,Sul,Telecine,29.9,13417,65,4,84,-23,92648.57
2023-10-02,40,PR,Sul,Premiere,24.9,10082,68,9,57,2,57977.32
2023-10-02,40,SC,Sul,Familia,49.9,17257,94,9,108,-23,198873.97
2023-10-02,40,SC,Sul,HBO,34.9,10803,64,5,56,3,87072.68
2023-10-02,40,SC,Sul,Telecine,29.9,8636,52,3,53,-4,59634.27
2023-10-02,40,SC,Sul,Premiere,24.9,6475,40,5,40,-5,37234.99
2023-10-02,40,RS,Sul,Familia,49.9,26896,179,20,143,16,309956.21
2023-10-02,40,RS,Sul,HBO,34.9,16803,101,9,89,3,135432.96
2023-10-02,40,RS,Sul,Telecine,29.9,13435,83,6,82,-5,92772.86
2023-10-02,40,RS,Sul,Premiere,24.9,10079,64,9,56,-1,57960.07
2023-10-02,40,BA,Nordeste,Familia,49.9,34547,195,23,185,-13,398128.24
2023-10-02,40,BA,Nordeste,HBO,34.9,21587,131,10,134,-13,173992.22
2023-10-02,40,BA,Nordeste,Telecine,29.9,17282,114,8,104,2,119337.6
2023-10-02,40,BA,Nordeste,Premiere,24.9,12958,85,13,74,-2,74515.98
2023-10-02,40,CE,Nordeste,Familia,49.9,21591,120,13,116,-9,248820.07
2023-10-02,40,CE,Nordeste,HBO,34.9,13501,76,5,70,1,108818.68
2023-10-02,40,CE,Nordeste,Telecine,29.9,10793,64,4,67,-7,74529.03
2023-10-02,40,CE,Nordeste,Premiere,24.9,8100,58,7,51,0,46579.68
2023-10-02,40,PE,Nordeste,Familia,49.9,23007,121,14,140,-33,265138.41
2023-10-02,40,PE,Nordeste,HBO,34.9,14391,86,6,89,-9,115992.12
2023-10-02,40,PE,Nordeste,Telecine,29.9,11519,64,3,62,-1,79542.29
2023-10-02,40,PE,Nordeste,Premiere,24.9,8634,55,7,54,-6,49650.48
2023-10-02,40,MA,Nordeste,Familia,49.9,16303,94,10,101,-17,187879.84
2023-10-02,40,MA,Nordeste,HBO,34.9,10189,55,5,61,-11,82123.81
2023-10-02,40,MA,Nordeste,Telecine,29.9,8158,46,3,45,-2,56333.53
2023-10-02,40,MA,Nordeste,Premiere,24.9,6119,38,4,35,-1,35187.78
2023-10-02,40,PB,Nordeste,Familia,49.9,9592,59,7,60,-8,110540.6
2023-10-02,40,PB,Nordeste,HBO,34.9,6000,37,3,34,0,48360.28
2023-10-02,40,PB,Nordeste,Telecine,29.9,4797,28,2,29,-3,33124.78
2023-10-02,40,PB,Nordeste,Premiere,24.9,3599,21,3,19,-1,20696.33
2023-10-02,40,RN,Nordeste,Familia,49.9,8633,43,4,46,-7,99488.85
2023-10-02,40,RN,Nordeste,HBO,34.9,5398,33,2,33,-2,43508.13
2023-10-02,40,RN,Nordeste,Telecine,29.9,4318,23,1,24,-2,29817.14
2023-10-02,40,RN,Nordeste,Premiere,24.9,3241,20,2,17,1,18637.62
2023-10-02,40,AL,Nordeste,Familia,49.9,7678,45,4,43,-2,88483.19
2023-10-02,40,AL,Nordeste,HBO,34.9,4797,26,2,27,-3,38664.04
2023-10-02,40,AL,Nordeste,Telecine,29.9,3838,22,1,23,-2,26502.59
2023-10-02,40,AL,Nordeste,Premiere,24.9,2883,20,2,15,3,16578.91
2023-10-02,40,SE,Nordeste,Familia,49.9,5274,30,3,33,-6,60778.89
2023-10-02,40,SE,Nordeste,HBO,34.9,3302,22,1,19,2,26614.27
2023-10-02,40,SE,Nordeste,Telecine,29.9,2638,15,1,16,-2,18216.21
2023-10-02,40,SE,Nordeste,Premiere,24.9,1980,13,1,12,0,11386.14
2023-10-02,40,PI,Nordeste,Familia,49.9,7676,41,5,40,-4,88460.14
2023-10-02,40,PI,Nordeste,HBO,34.9,4799,26,2,25,-1,38680.16
2023-10-02,40,PI,Nordeste,Telecine,29.9,3840,21,1,20,0,26516.4
2023-10-02,40,PI,Nordeste,Premiere,24.9,2882,20,2,16,2,16573.16
2023-10-02,40,GO,Centro-Oeste,Familia,49.9,15843,101,12,86,3,182578.68
2023-10-02,40,GO,Centro-Oeste,HBO,34.9,9892,56,4,60,-8,79729.98
2023-10-02,40,GO,Centro-Oeste,Telecine,29.9,7918,43,3,42,-2,54676.26
2023-10-02,40,GO,Centro-Oeste,Premiere,24.9,5940,35,4,31,0,34158.43
2023-10-02,40,MT,Centro-Oeste,Familia,49.9,8156,45,4,45,-4,93991.78
2023-10-02,40,MT,Centro-Oeste,HBO,34.9,5101,30,2,27,1,41114.3
2023-10-02,40,MT,Centro-Oeste,Telecine,29.9,4077,21,1,23,-3,28152.96
2023-10-02,40,MT,Centro-Oeste,Premiere,24.9,3062,22,2,18,2,17608.27
2023-10-02,40,MS,Centro-Oeste,Familia,49.9,6237,40,4,39,-3,71876.74
2023-10-02,40,MS,Centro-Oeste,HBO,34.9,3897,22,1,24,-3,31410.0
2023-10-02,40,MS,Centro-Oeste,Telecine,29.9,3114,13,0,19,-6,21503.14
2023-10-02,40,MS,Centro-Oeste,Premiere,24.9,2342,17,2,13,2,13467.85
2023-10-02,40,DF,Centro-Oeste,Familia,49.9,6717,37,4,36,-3,77408.38
2023-10-02,40,DF,Centro-Oeste,HBO,34.9,4198,25,1,26,-2,33836.07
2023-10-02,40,DF,Centro-Oeste,Telecine,29.9,3362,20,1,17,2,23215.66
2023-10-02,40,DF,Centro-Oeste,Premiere,24.9,2520,15,1,14,0,14491.45
2023-10-02,40,AM,Norte,Familia,49.9,9599,58,7,52,-1,110621.27
2023-10-02,40,AM,Norte,HBO,34.9,5997,33,2,34,-3,48336.1
2023-10-02,40,AM,Norte,Telecine,29.9,4798,26,1,27,-2,33131.69
2023-10-02,40,AM,Norte,Premiere,24.9,3602,25,3,20,2,20713.58
2023-10-02,40,PA,Norte,Familia,49.9,20146,121,14,121,-14,232167.53
2023-10-02,40,PA,Norte,HBO,34.9,12589,73,5,79,-11,101467.92
2023-10-02,40,PA,Norte,Telecine,29.9,10077,61,4,60,-3,69584.83
2023-10-02,40,PA,Norte,Premiere,24.9,7564,51,6,41,4,43497.37
2023-10-02,40,RO,Norte,Familia,49.9,3838,21,2,21,-2,44230.07
2023-10-02,40,RO,Norte,HBO,34.9,2402,15,1,12,2,19360.23
2023-10-02,40,RO,Norte,Telecine,29.9,1920,11,0,11,0,13258.2
2023-10-02,40,RO,Norte,Premiere,24.9,1441,10,1,8,1,8286.58
2023-10-02,40,AC,Norte,Familia,49.9,1919,10,1,10,-1,22115.03
2023-10-02,40,AC,Norte,HBO,34.9,1200,6,0,6,0,9672.06
2023-10-02,40,AC,Norte,Telecine,29.9,960,5,0,5,0,6629.1
2023-10-02,40,AC,Norte,Premiere,24.9,722,5,0,3,2,4151.92
2023-10-02,40,RR,Norte,Familia,49.9,1439,7,0,8,-1,16583.39
2023-10-02,40,RR,Norte,HBO,34.9,900,5,0,5,0,7254.04
2023-10-02,40,RR,Norte,Telecine,29.9,720,3,0,3,0,4971.82
2023-10-02,40,RR,Norte,Premiere,24.9,540,3,0,3,0,3105.31
2023-10-02,40,AP,Norte,Familia,49.9,1920,12,1,11,0,22126.56
2023-10-02,40,AP,Norte,HBO,34.9,1199,6,0,7,-1,9664.0
2023-10-02,40,AP,Norte,Telecine,29.9,960,5,0,5,0,6629.1
2023-10-02,40,AP,Norte,Premiere,24.9,721,5,0,4,1,4146.17
2023-10-02,40,TO,Norte,Familia,49.9,3355,17,2,20,-5,38663.86
2023-10-02,40,TO,Norte,HBO,34.9,2099,11,0,12,-1,16918.04
2023-10-02,40,TO,Norte,Telecine,29.9,1680,9,0,9,0,11600.92
2023-10-02,40,TO,Norte,Premiere,24.9,1260,8,1,7,0,7245.73
2023-10-09,41,SP,Sudeste,Familia,49.9,104576,548,65,547,-64,1205159.91
2023-10-09,41,SP,Sudeste,HBO,34.9,65362,404,36,406,-38,526820.74
2023-10-09,41,SP,Sudeste,Telecine,29.9,52305,312,20,307,-15,361182.33
2023-10-09,41,SP,Sudeste,Premiere,24.9,39246,255,31,218,6,225687.16
2023-10-09,41,RJ,Sudeste,Familia,49.9,39334,220,26,220,-26,453294.83
2023-10-09,41,RJ,Sudeste,HBO,34.9,24554,118,9,155,-46,197906.37
2023-10-09,41,RJ,Sudeste,Telecine,29.9,19684,128,8,116,4,135924.16
2023-10-09,41,RJ,Sudeste,Premiere,24.9,14750,92,12,90,-10,84821.02
2023-10-09,41,MG,Sudeste,Familia,49.9,48953,277,26,258,-7,564146.58
2023-10-09,41,MG,Sudeste,HBO,34.9,30587,181,15,178,-12,246532.63
2023-10-09,41,MG,Sudeste,Telecine,29.9,24452,133,9,152,-28,168848.68
2023-10-09,41,MG,Sudeste,Premiere,24.9,18357,126,19,109,-2,105563.35
2023-10-09,41,ES,Sudeste,Familia,49.9,9113,54,5,56,-7,105020.48
2023-10-09,41,ES,Sudeste,HBO,34.9,5702,34,2,30,2,45958.38
2023-10-09,41,ES,Sudeste,Telecine,29.9,4560,25,1,24,0,31488.22
2023-10-09,41,ES,Sudeste,Premiere,24.9,3418,22,3,21,-2,19655.47
2023-10-09,41,PR,Sul,Familia,49.9,26844,133,14,155,-36,309356.95
2023-10-09,41,PR,Sul,HBO,34.9,16821,117,9,87,21,135578.04
2023-10-09,41,PR,Sul,Telecine,29.9,13450,86,5,71,10,92876.44
2023-10-09,41,PR,Sul,Premiere,24.9,10077,67,8,62,-3,57948.57
2023-10-09,41,SC,Sul,Familia,49.9,17254,94,11,109,-26,198839.4
2023-10-09,41,SC,Sul,HBO,34.9,10799,61,4,58,-1,87040.44
2023-10-09,41,SC,Sul,Telecine,29.9,8634,50,3,53,-6,59620.46
2023-10-09,41,SC,Sul,Premiere,24.9,6481,41,6,34,1,37269.49
2023-10-09,41,RS,Sul,Familia,49.9,26869,167,15,163,-11,309645.06
2023-10-09,41,RS,Sul,HBO,34.9,16792,106,9,105,-8,135344.3
2023-10-09,41,RS,Sul,Telecine,29.9,13428,76,4,84,-12,92724.53
2023-10-09,41,RS,Sul,Premiere,24.9,10081,72,9,62,1,57971.57
2023-10-09,41,BA,Nordeste,Familia,49.9,34544,193,22,187,-16,398093.67
2023-10-09,41,BA,Nordeste,HBO,34.9,21589,120,9,122,-11,174008.34
2023-10-09,41,BA,Nordeste,Telecine,29.9,17281,103,6,96,1,119330.69
2023-10-09,41,BA,Nordeste,Premiere,24.9,12957,81,10,74,-3,74510.23
2023-10-09,41,CE,Nordeste,Familia,49.9,21577,117,14,126,-23,248658.73
2023-10-09,41,CE,Nordeste,HBO,34.9,13492,78,6,80,-8,108746.14
2023-10-09,41,CE,Nordeste,Telecine,29.9,10797,65,4,64,-3,74556.65
2023-10-09,41,CE,Nordeste,Premiere,24.9,8101,50,7,42,1,46585.43
2023-10-09,41,PE,Nordeste,Familia,49.9,23045,140,14,121,5,265576.33
2023-10-09,41,PE,Nordeste,HBO,34.9,14406,87,7,74,6,116113.03
2023-10-09,41,PE,Nordeste,Telecine,29.9,11517,70,4,69,-3,79528.48
2023-10-09,41,PE,Nordeste,Premiere,24.9,8645,58,7,46,5,49713.74
2023-10-09,41,MA,Nordeste,Familia,49.9,16299,85,9,97,-21,187833.74
2023-10-09,41,MA,Nordeste,HBO,34.9,10197,56,4,55,-3,82188.29
2023-10-09,41,MA,Nordeste,Telecine,29.9,8157,45,2,46,-3,56326.63
2023-10-09,41,MA,Nordeste,Premiere,24.9,6117,38,5,36,-3,35176.28
2023-10-09,41,PB,Nordeste,Familia,49.9,9607,63,6,50,7,110713.46
2023-10-09,41,PB,Nordeste,HBO,34.9,5997,37,3,37,-3,48336.1
2023-10-09,41,PB,Nordeste,Telecine,29.9,4802,31,2,27,2,33159.31
2023-10-09,41,PB,Nordeste,Premiere,24.9,3601,22,2,19,1,20707.83
2023-10-09,41,RN,Nordeste,Familia,49.9,8636,47,4,47,-4,99523.42
2023-10-09,41,RN,Nordeste,HBO,34.9,5399,31,2,30,-1,43516.19
2023-10-09,41,RN,Nordeste,Telecine,29.9,4320,24,1,23,0,29830.95
2023-10-09,41,RN,Nordeste,Premiere,24.9,3240,20,2,18,0,18631.87
2023-10-09,41,AL,Nordeste,Familia,49.9,7673,39,3,43,-7,88425.57
2023-10-09,41,AL,Nordeste,HBO,34.9,4797,25,1,27,-3,38664.04
2023-10-09,41,AL,Nordeste,Telecine,29.9,3837,19,1,21,-3,26495.68
2023-10-09,41,AL,Nordeste,Premiere,24.9,2882,20,2,16,2,16573.16
2023-10-09,41,SE,Nordeste,Familia,49.9,5276,31,3,32,-4,60801.94
2023-10-09,41,SE,Nordeste,HBO,34.9,3299,19,1,19,-1,26590.09
2023-10-09,41,SE,Nordeste,Telecine,29.9,2638,15,1,16,-2,18216.21
2023-10-09,41,SE,Nordeste,Premiere,24.9,1982,13,1,10,2,11397.64
2023-10-09,41,PI,Nordeste,Familia,49.9,7677,47,5,45,-3,88471.66
2023-10-09,41,PI,Nordeste,HBO,34.9,4794,25,2,29,-6,38639.86
2023-10-09,41,PI,Nordeste,Telecine,29.9,3838,21,1,22,-2,26502.59
2023-10-09,41,PI,Nordeste,Premiere,24.9,2878,17,2,17,-2,16550.16
2023-10-09,41,GO,Centro-Oeste,Familia,49.9,15823,83,7,93,-17,182348.2
2023-10-09,41,GO,Centro-Oeste,HBO,34.9,9915,72,6,51,15,79915.36
2023-10-09,41,GO,Centro-Oeste,Telecine,29.9,7923,47,3,41,3,54710.79
2023-10-09,41,GO,Centro-Oeste,Premiere,24.9,5938,38,4,36,-2,34146.93
2023-10-09,41,MT,Centro-Oeste,Familia,49.9,8158,44,4,42,-2,94014.83
2023-10-09,41,MT,Centro-Oeste,HBO,34.9,5098,29,2,29,-2,41090.12
2023-10-09,41,MT,Centro-Oeste,Telecine,29.9,4077,22,1,24,-3,28152.96
2023-10-09,41,MT,Centro-Oeste,Premiere,24.9,3058,18,2,18,-2,17585.27
2023-10-09,41,MS,Centro-Oeste,Familia,49.9,6237,37,4,36,-3,71876.74
2023-10-09,41,MS,Centro-Oeste,HBO,34.9,3901,22,1,20,1,31442.24
2023-10-09,41,MS,Centro-Oeste,Telecine,29.9,3119,18,1,18,-1,21537.67
2023-10-09,41,MS,Centro-Oeste,Premiere,24.9,2338,14,2,14,-2,13444.85
2023-10-09,41,DF,Centro-Oeste,Familia,49.9,6714,38,3,41,-6,77373.81
2023-10-09,41,DF,Centro-Oeste,HBO,34.9,4199,23,1,23,-1,33844.13
2023-10-09,41,DF,Centro-Oeste,Telecine,29.9,3361,20,1,18,1,23208.75
2023-10-09,41,DF,Centro-Oeste,Premiere,24.9,2519,15,1,15,-1,14485.7
2023-10-09,41,AM,Norte,Familia,49.9,9588,46,4,54,-12,110494.5
2023-10-09,41,AM,Norte,HBO,34.9,5995,34,2,37,-5,48319.98
2023-10-09,41,AM,Norte,Telecine,29.9,4802,29,2,25,2,33159.31
2023-10-09,41,AM,Norte,Premiere,24.9,3601,24,3,20,1,20707.83
2023-10-09,41,PA,Norte,Familia,49.9,20157,115,11,107,-3,232294.3
2023-10-09,41,PA,Norte,HBO,34.9,12594,77,7,76,-6,101508.22
2023-10-09,41,PA,Norte,Telecine,29.9,10086,61,3,52,6,69646.97
2023-10-09,41,PA,Norte,Premiere,24.9,7563,51,7,41,3,43491.62
2023-10-09,41,RO,Norte,Familia,49.9,3835,21,2,24,-5,44195.5
2023-10-09,41,RO,Norte,HBO,34.9,2398,14,1,15,-2,19327.99
2023-10-09,41,RO,Norte,Telecine,29.9,1918,8,0,10,-2,13244.39
2023-10-09,41,RO,Norte,Premiere,24.9,1440,9,1,8,0,8280.83
2023-10-09,41,AC,Norte,Familia,49.9,1920,10,0,10,0,22126.56
2023-10-09,41,AC,Norte,HBO,34.9,1199,6,0,7,-1,9664.0
2023-10-09,41,AC,Norte,Telecine,29.9,960,5,0,5,0,6629.1
2023-10-09,41,AC,Norte,Premiere,24.9,720,4,0,4,0,4140.42
2023-10-09,41,RR,Norte,Familia,49.9,1441,9,0,8,1,16606.44
2023-10-09,41,RR,Norte,HBO,34.9,900,5,0,5,0,7254.04
2023-10-09,41,RR,Norte,Telecine,29.9,720,4,0,4,0,4971.82
2023-10-09,41,RR,Norte,Premiere,24.9,540,3,0,3,0,3105.31
2023-10-09,41,AP,Norte,Familia,49.9,1919,11,1,11,-1,22115.03
2023-10-09,41,AP,Norte,HBO,34.9,1200,6,0,6,0,9672.06
2023-10-09,41,AP,Norte,Telecine,29.9,960,5,0,5,0,6629.1
2023-10-09,41,AP,Norte,Premiere,24.9,720,4,0,4,0,4140.42
2023-10-09,41,TO,Norte,Familia,49.9,3360,20,2,18,0,38721.48
2023-10-09,41,TO,Norte,HBO,34.9,2098,9,0,11,-2,16909.98
2023-10-09,41,TO,Norte,Telecine,29.9,1680,9,0,9,0,11600.92
2023-10-09,41,TO,Norte,Premiere,24.9,1261,8,0,7,1,7251.48
2023-10-16,42,SP,Sudeste,Familia,49.9,104581,578,65,572,-59,1205217.53
2023-10-16,42,SP,Sudeste,HBO,34.9,65392,390,34,364,-8,527062.54
2023-10-16,42,SP,Sudeste,Telecine,29.9,52336,325,20,289,16,361396.4
2023-10-16,42,SP,Sudeste,Premiere,24.9,39220,230,31,219,-20,225537.64
2023-10-16,42,RJ,Sudeste,Familia,49.9,39367,271,30,234,7,453675.13
2023-10-16,42,RJ,Sudeste,HBO,34.9,24607,149,11,131,7,198333.56
2023-10-16,42,RJ,Sudeste,Telecine,29.9,19681,119,7,111,1,135903.44
2023-10-16,42,RJ,Sudeste,Premiere,24.9,14762,101,14,85,2,84890.02
2023-10-16,42,MG,Sudeste,Familia,49.9,48946,275,32,257,-14,564065.91
2023-10-16,42,MG,Sudeste,HBO,34.9,30575,178,14,188,-24,246435.91
2023-10-16,42,MG,Sudeste,Telecine,29.9,24446,128,10,152,-34,168807.25
2023-10-16,42,MG,Sudeste,Premiere,24.9,18357,120,18,104,-2,105563.35
2023-10-16,42,ES,Sudeste,Familia,49.9,9122,57,5,50,2,105124.2
2023-10-16,42,ES,Sudeste,HBO,34.9,5697,33,3,33,-3,45918.08
2023-10-16,42,ES,Sudeste,Telecine,29.9,4561,25,1,23,1,31495.13
2023-10-16,42,ES,Sudeste,Premiere,24.9,3420,21,2,19,0,19666.97
2023-10-16,42,PR,Sul,Familia,49.9,26864,147,18,145,-16,309587.44
2023-10-16,42,PR,Sul,HBO,34.9,16809,106,8,89,9,135481.32
2023-10-16,42,PR,Sul,Telecine,29.9,13432,79,5,82,-8,92752.15
2023-10-16,42,PR,Sul,Premiere,24.9,10078,72,11,63,-2,57954.32
2023-10-16,42,SC,Sul,Familia,49.9,17272,96,9,95,-8,199046.84
2023-10-16,42,SC,Sul,HBO,34.9,10788,59,5,66,-12,86951.78
2023-10-16,42,SC,Sul,Telecine,29.9,8638,52,3,51,-2,59648.08
2023-10-16,42,SC,Sul,Premiere,24.9,6481,46,6,39,1,37269.49
2023-10-16,42,RS,Sul,Familia,49.9,26864,169,18,167,-16,309587.44
2023-10-16,42,RS,Sul,HBO,34.9,16804,105,7,94,4,135441.02
2023-10-16,42,RS,Sul,Telecine,29.9,13436,77,6,75,-4,92779.77
2023-10-16,42,RS,Sul,Premiere,24.9,10083,74,9,62,3,57983.07
2023-10-16,42,BA,Nordeste,Familia,49.9,34568,220,22,190,8,398370.25
2023-10-16,42,BA,Nordeste,HBO,34.9,21573,95,7,115,-27,173879.38
2023-10-16,42,BA,Nordeste,Telecine,29.9,17273,102,6,103,-7,119275.45
2023-10-16,42,BA,Nordeste,Premiere,24.9,12966,88,12,70,6,74561.99
2023-10-16,42,CE,Nordeste,Familia,49.9,21577,118,13,128,-23,248658.73
2023-10-16,42,CE,Nordeste,HBO,34.9,13481,68,5,82,-19,108657.48
2023-10-16,42,CE,Nordeste,Telecine,29.9,10801,65,4,60,1,74584.27
2023-10-16,42,CE,Nordeste,Premiere,24.9,8102,58,9,47,2,46591.18
2023-10-16,42,PE,Nordeste,Familia,49.9,23028,135,13,134,-12,265380.42
2023-10-16,42,PE,Nordeste,HBO,34.9,14399,91,6,86,-1,116056.61
2023-10-16,42,PE,Nordeste,Telecine,29.9,11520,73,5,68,0,79549.19
2023-10-16,42,PE,Nordeste,Premiere,24.9,8636,57,7,54,-4,49661.99
2023-10-16,42,MA,Nordeste,Familia,49.9,16313,97,10,94,-7,187995.08
2023-10-16,42,MA,Nordeste,HBO,34.9,10198,61,4,59,-2,82196.35
2023-10-16,42,MA,Nordeste,Telecine,29.9,8158,47,3,46,-2,56333.53
2023-10-16,42,MA,Nordeste,Premiere,24.9,6115,37,5,37,-5,35164.78
2023-10-16,42,PB,Nordeste,Familia,49.9,9601,56,5,50,1,110644.32
2023-10-16,42,PB,Nordeste,HBO,34.9,5995,33,2,36,-5,48319.98
2023-10-16,42,PB,Nordeste,Telecine,29.9,4802,29,2,25,2,33159.31
2023-10-16,42,PB,Nordeste,Premiere,24.9,3601,23,3,19,1,20707.83
2023-10-16,42,RN,Nordeste,Familia,49.9,8631,47,4,52,-9,99465.8
2023-10-16,42,RN,Nordeste,HBO,34.9,5400,32,2,30,0,43524.25
2023-10-16,42,RN,Nordeste,Telecine,29.9,4318,24,1,25,-2,29817.14
2023-10-16,42,RN,Nordeste,Premiere,24.9,3243,22,2,17,3,18649.12
2023-10-16,42,AL,Nordeste,Familia,49.9,7674,43,4,45,-6,88437.09
2023-10-16,42,AL,Nordeste,HBO,34.9,4798,25,2,25,-2,38672.1
2023-10-16,42,AL,Nordeste,Telecine,29.9,3842,26,2,22,2,26530.21
2023-10-16,42,AL,Nordeste,Premiere,24.9,2882,20,2,16,2,16573.16
2023-10-16,42,SE,Nordeste,Familia,49.9,5277,29,3,29,-3,60813.46
2023-10-16,42,SE,Nordeste,HBO,34.9,3300,18,1,17,0,26598.15
2023-10-16,42,SE,Nordeste,Telecine,29.9,2639,14,1,14,-1,18223.12
2023-10-16,42,SE,Nordeste,Premiere,24.9,1981,12,1,10,1,11391.89
2023-10-16,42,PI,Nordeste,Familia,49.9,7673,46,5,48,-7,88425.57
2023-10-16,42,PI,Nordeste,HBO,34.9,4805,33,3,25,5,38728.52
2023-10-16,42,PI,Nordeste,Telecine,29.9,3842,23,1,20,2,26530.21
2023-10-16,42,PI,Nordeste,Premiere,24.9,2878,17,2,17,-2,16550.16
2023-10-16,42,GO,Centro-Oeste,Familia,49.9,15825,88,10,93,-15,182371.25
2023-10-16,42,GO,Centro-Oeste,HBO,34.9,9900,61,5,56,0,79794.46
2023-10-16,42,GO,Centro-Oeste,Telecine,29.9,7916,45,3,46,-4,54662.45
2023-10-16,42,GO,Centro-Oeste,Premiere,24.9,5935,36,4,37,-5,34129.68
2023-10-16,42,MT,Centro-Oeste,Familia,49.9,8153,44,4,47,-7,93957.21
2023-10-16,42,MT,Centro-Oeste,HBO,34.9,5094,27,2,31,-6,41057.88
2023-10-16,42,MT,Centro-Oeste,Telecine,29.9,4085,28,2,21,5,28208.2
2023-10-16,42,MT,Centro-Oeste,Premiere,24.9,3059,20,2,19,-1,17591.02
2023-10-16,42,MS,Centro-Oeste,Familia,49.9,6237,35,4,34,-3,71876.74
2023-10-16,42,MS,Centro-Oeste,HBO,34.9,3897,22,1,24,-3,31410.0
2023-10-16,42,MS,Centro-Oeste,Telecine,29.9,3121,20,1,18,1,21551.48
2023-10-16,42,MS,Centro-Oeste,Premiere,24.9,2339,12,1,12,-1,13450.6
2023-10-16,42,DF,Centro-Oeste,Familia,49.9,6715,42,5,42,-5,77385.33
2023-10-16,42,DF,Centro-Oeste,HBO,34.9,4198,24,2,24,-2,33836.07
2023-10-16,42,DF,Centro-Oeste,Telecine,29.9,3361,21,1,19,1,23208.75
2023-10-16,42,DF,Centro-Oeste,Premiere,24.9,2520,16,1,15,0,14491.45
2023-10-16,42,AM,Norte,Familia,49.9,9584,46,5,57,-16,110448.41
2023-10-16,42,AM,Norte,HBO,34.9,5994,32,2,36,-6,48311.92
2023-10-16,42,AM,Norte,Telecine,29.9,4796,25,1,28,-4,33117.88
2023-10-16,42,AM,Norte,Premiere,24.9,3597,22,3,22,-3,20684.83
2023-10-16,42,PA,Norte,Familia,49.9,20141,117,12,124,-19,232109.91
2023-10-16,42,PA,Norte,HBO,34.9,12584,68,5,79,-16,101427.62
2023-10-16,42,PA,Norte,Telecine,29.9,10079,57,3,55,-1,69598.64
2023-10-16,42,PA,Norte,Premiere,24.9,7555,44,6,43,-5,43445.61
2023-10-16,42,RO,Norte,Familia,49.9,3835,18,1,22,-5,44195.5
2023-10-16,42,RO,Norte,HBO,34.9,2400,12,0,12,0,19344.11
2023-10-16,42,RO,Norte,Telecine,29.9,1920,10,0,10,0,13258.2
2023-10-16,42,RO,Norte,Premiere,24.9,1439,8,1,8,-1,8275.08
2023-10-16,42,AC,Norte,Familia,49.9,1920,12,1,11,0,22126.56
2023-10-16,42,AC,Norte,HBO,34.9,1201,7,0,6,1,9680.12
2023-10-16,42,AC,Norte,Telecine,29.9,960,5,0,5,0,6629.1
2023-10-16,42,AC,Norte,Premiere,24.9,721,5,0,4,1,4146.17
2023-10-16,42,RR,Norte,Familia,49.9,1439,7,0,8,-1,16583.39
2023-10-16,42,RR,Norte,HBO,34.9,899,4,0,5,-1,7245.98
2023-10-16,42,RR,Norte,Telecine,29.9,719,3,0,4,-1,4964.92
2023-10-16,42,RR,Norte,Premiere,24.9,541,3,0,2,1,3111.06
2023-10-16,42,AP,Norte,Familia,49.9,1920,12,1,11,0,22126.56
2023-10-16,42,AP,Norte,HBO,34.9,1199,6,0,7,-1,9664.0
2023-10-16,42,AP,Norte,Telecine,29.9,960,5,0,5,0,6629.1
2023-10-16,42,AP,Norte,Premiere,24.9,721,4,0,3,1,4146.17
2023-10-16,42,TO,Norte,Familia,49.9,3358,18,1,19,-2,38698.43
2023-10-16,42,TO,Norte,HBO,34.9,2102,13,0,11,2,16942.22
2023-10-16,42,TO,Norte,Telecine,29.9,1681,10,0,9,1,11607.83
2023-10-16,42,TO,Norte,Premiere,24.9,1260,7,0,7,0,7245.73
2023-10-23,43,SP,Sudeste,Familia,49.9,104593,623,70,600,-47,1205355.82
2023-10-23,43,SP,Sudeste,HBO,34.9,65426,402,31,345,26,527336.58
2023-10-23,43,SP,Sudeste,Telecine,29.9,52264,294,23,327,-56,360899.21
2023-10-23,43,SP,Sudeste,Premiere,24.9,39222,251,30,239,-18,225549.15
2023-10-23,43,RJ,Sudeste,Familia,49.9,39389,260,24,207,29,453928.66
2023-10-23,43,RJ,Sudeste,HBO,34.9,24579,126,8,139,-21,198107.88
2023-10-23,43,RJ,Sudeste,Telecine,29.9,19681,113,7,105,1,135903.44
2023-10-23,43,RJ,Sudeste,Premiere,24.9,14763,102,14,85,3,84895.77
2023-10-23,43,MG,Sudeste,Familia,49.9,48968,293,27,258,8,564319.45
2023-10-23,43,MG,Sudeste,HBO,34.9,30583,179,15,180,-16,246500.39
2023-10-23,43,MG,Sudeste,Telecine,29.9,24463,121,8,130,-17,168924.64
2023-10-23,43,MG,Sudeste,Premiere,24.9,18351,115,17,106,-8,105528.85
2023-10-23,43,ES,Sudeste,Familia,49.9,9115,57,6,56,-5,105043.53
2023-10-23,43,ES,Sudeste,HBO,34.9,5699,32,2,31,-1,45934.2
2023-10-23,43,ES,Sudeste,Telecine,29.9,4559,27,2,26,-1,31481.32
2023-10-23,43,ES,Sudeste,Premiere,24.9,3421,22,2,19,1,19672.73
2023-10-23,43,PR,Sul,Familia,49.9,26855,140,15,150,-25,309483.72
2023-10-23,43,PR,Sul,HBO,34.9,16791,100,7,102,-9,135336.24
2023-10-23,43,PR,Sul,Telecine,29.9,13442,79,5,72,2,92821.2
2023-10-23,43,PR,Sul,Premiere,24.9,10074,64,7,63,-6,57931.32
2023-10-23,43,SC,Sul,Familia,49.9,17266,92,8,98,-14,198977.69
2023-10-23,43,SC,Sul,HBO,34.9,10791,52,4,57,-9,86975.96
2023-10-23,43,SC,Sul,Telecine,29.9,8636,47,3,48,-4,59634.27
2023-10-23,43,SC,Sul,Premiere,24.9,6481,47,7,39,1,37269.49
2023-10-23,43,RS,Sul,Familia,49.9,26873,162,18,151,-7,309691.15
2023-10-23,43,RS,Sul,HBO,34.9,16810,108,9,89,10,135489.38
2023-10-23,43,RS,Sul,Telecine,29.9,13430,76,5,81,-10,92738.34
2023-10-23,43,RS,Sul,Premiere,24.9,10071,57,7,59,-9,57914.06
2023-10-23,43,BA,Nordeste,Familia,49.9,34523,185,23,199,-37,397851.66
2023-10-23,43,BA,Nordeste,HBO,34.9,21584,118,8,126,-16,173968.04
2023-10-23,43,BA,Nordeste,Telecine,29.9,17276,95,6,93,-4,119296.17
2023-10-23,43,BA,Nordeste,Premiere,24.9,12968,91,11,72,8,74573.49
2023-10-23,43,CE,Nordeste,Familia,49.9,21595,132,16,121,-5,248866.17
2023-10-23,43,CE,Nordeste,HBO,34.9,13487,75,6,82,-13,108705.84
2023-10-23,43,CE,Nordeste,Telecine,29.9,10798,69,5,66,-2,74563.56
2023-10-23,43,CE,Nordeste,Premiere,24.9,8102,53,6,45,2,46591.18
2023-10-23,43,PE,Nordeste,Familia,49.9,23025,138,16,137,-15,265345.84
2023-10-23,43,PE,Nordeste,HBO,34.9,14382,74,5,87,-18,115919.58
2023-10-23,43,PE,Nordeste,Telecine,29.9,11526,70,4,60,6,79590.62
2023-10-23,43,PE,Nordeste,Premiere,24.9,8637,54,7,50,-3,49667.74
2023-10-23,43,MA,Nordeste,Familia,49.9,16311,88,9,88,-9,187972.03
2023-10-23,43,MA,Nordeste,HBO,34.9,10191,58,5,62,-9,82139.93
2023-10-23,43,MA,Nordeste,Telecine,29.9,8155,47,3,49,-5,56312.82
2023-10-23,43,MA,Nordeste,Premiere,24.9,6119,41,5,37,-1,35187.78
2023-10-23,43,PB,Nordeste,Familia,49.9,9588,50,4,58,-12,110494.5
2023-10-23,43,PB,Nordeste,HBO,34.9,6002,37,2,33,2,48376.4
2023-10-23,43,PB,Nordeste,Telecine,29.9,4793,24,1,30,-7,33097.16
2023-10-23,43,PB,Nordeste,Premiere,24.9,3602,25,3,20,2,20713.58
2023-10-23,43,RN,Nordeste,Familia,49.9,8636,51,6,49,-4,99523.42
2023-10-23,43,RN,Nordeste,HBO,34.9,5395,29,2,32,-5,43483.95
2023-10-23,43,RN,Nordeste,Telecine,29.9,4318,24,1,25,-2,29817.14
2023-10-23,43,RN,Nordeste,Premiere,24.9,3241,21,2,18,1,18637.62
2023-10-23,43,AL,Nordeste,Familia,49.9,7669,39,4,46,-11,88379.47
2023-10-23,43,AL,Nordeste,HBO,34.9,4801,31,2,28,1,38696.28
2023-10-23,43,AL,Nordeste,Telecine,29.9,3839,21,1,21,-1,26509.49
2023-10-23,43,AL,Nordeste,Premiere,24.9,2879,18,2,17,-1,16555.91
2023-10-23,43,SE,Nordeste,Familia,49.9,5276,29,2,31,-4,60801.94
2023-10-23,43,SE,Nordeste,HBO,34.9,3298,18,1,19,-2,26582.03
2023-10-23,43,SE,Nordeste,Telecine,29.9,2641,15,0,14,1,18236.93
2023-10-23,43,SE,Nordeste,Premiere,24.9,1980,12,1,11,0,11386.14
2023-10-23,43,PI,Nordeste,Familia,49.9,7677,41,4,40,-3,88471.66
2023-10-23,43,PI,Nordeste,HBO,34.9,4799,26,2,25,-1,38680.16
2023-10-23,43,PI,Nordeste,Telecine,29.9,3839,21,1,21,-1,26509.49
2023-10-23,43,PI,Nordeste,Premiere,24.9,2881,19,2,16,1,16567.41
2023-10-23,43,GO,Centro-Oeste,Familia,49.9,15821,81,9,91,-19,182325.15
2023-10-23,43,GO,Centro-Oeste,HBO,34.9,9904,59,4,51,4,79826.7
2023-10-23,43,GO,Centro-Oeste,Telecine,29.9,7915,38,2,41,-5,54655.54
2023-10-23,43,GO,Centro-Oeste,Premiere,24.9,5937,39,6,36,-3,34141.18
2023-10-23,43,MT,Centro-Oeste,Familia,49.9,8152,41,3,46,-8,93945.68
2023-10-23,43,MT,Centro-Oeste,HBO,34.9,5094,26,2,30,-6,41057.88
2023-10-23,43,MT,Centro-Oeste,Telecine,29.9,4081,23,1,21,1,28180.58
2023-10-23,43,MT,Centro-Oeste,Premiere,24.9,3059,20,2,19,-1,17591.02
2023-10-23,43,MS,Centro-Oeste,Familia,49.9,6235,34,3,36,-5,71853.7
2023-10-23,43,MS,Centro-Oeste,HBO,34.9,3897,21,1,23,-3,31410.0
2023-10-23,43,MS,Centro-Oeste,Telecine,29.9,3119,17,1,17,-1,21537.67
2023-10-23,43,MS,Centro-Oeste,Premiere,24.9,2339,14,2,13,-1,13450.6
2023-10-23,43,DF,Centro-Oeste,Familia,49.9,6719,45,4,42,-1,77431.43
2023-10-23,43,DF,Centro-Oeste,HBO,34.9,4199,23,1,23,-1,33844.13
2023-10-23,43,DF,Centro-Oeste,Telecine,29.9,3358,19,1,20,-2,23188.04
2023-10-23,43,DF,Centro-Oeste,Premiere,24.9,2517,15,2,16,-3,14474.2
2023-10-23,43,AM,Norte,Familia,49.9,9597,62,7,58,-3,110598.22
2023-10-23,43,AM,Norte,HBO,34.9,6001,36,3,32,1,48368.34
2023-10-23,43,AM,Norte,Telecine,29.9,4799,28,1,28,-1,33138.59
2023-10-23,43,AM,Norte,Premiere,24.9,3601,24,3,20,1,20707.83
2023-10-23,43,PA,Norte,Familia,49.9,20134,101,10,117,-26,232029.24
2023-10-23,43,PA,Norte,HBO,34.9,12597,69,5,67,-3,101532.4
2023-10-23,43,PA,Norte,Telecine,29.9,10067,43,2,54,-13,69515.77
2023-10-23,43,PA,Norte,Premiere,24.9,7568,54,6,40,8,43520.37
2023-10-23,43,RO,Norte,Familia,49.9,3839,22,2,21,-1,44241.59
2023-10-23,43,RO,Norte,HBO,34.9,2400,13,0,13,0,19344.11
2023-10-23,43,RO,Norte,Telecine,29.9,1921,11,0,10,1,13265.1
2023-10-23,43,RO,Norte,Premiere,24.9,1440,9,1,8,0,8280.83
2023-10-23,43,AC,Norte,Familia,49.9,1920,12,1,11,0,22126.56
2023-10-23,43,AC,Norte,HBO,34.9,1201,7,0,6,1,9680.12
2023-10-23,43,AC,Norte,Telecine,29.9,959,4,0,5,-1,6622.19
2023-10-23,43,AC,Norte,Premiere,24.9,720,4,0,4,0,4140.42
2023-10-23,43,RR,Norte,Familia,49.9,1439,7,0,8,-1,16583.39
2023-10-23,43,RR,Norte,HBO,34.9,901,5,0,4,1,7262.1
2023-10-23,43,RR,Norte,Telecine,29.9,720,4,0,4,0,4971.82
2023-10-23,43,RR,Norte,Premiere,24.9,541,3,0,2,1,3111.06
2023-10-23,43,AP,Norte,Familia,49.9,1919,11,1,11,-1,22115.03
2023-10-23,43,AP,Norte,HBO,34.9,1202,8,0,6,2,9688.18
2023-10-23,43,AP,Norte,Telecine,29.9,961,6,0,5,1,6636.0
2023-10-23,43,AP,Norte,Premiere,24.9,720,4,0,4,0,4140.42
2023-10-23,43,TO,Norte,Familia,49.9,3357,17,1,19,-3,38686.91
2023-10-23,43,TO,Norte,HBO,34.9,2099,11,0,12,-1,16918.04
2023-10-23,43,TO,Norte,Telecine,29.9,1681,10,0,9,1,11607.83
2023-10-23,43,TO,Norte,Premiere,24.9,1260,8,1,7,0,7245.73
2023-10-30,44,SP,Sudeste,Familia,49.9,104645,633,62,566,5,1205955.08
2023-10-30,44,SP,Sudeste,HBO,34.9,65385,376,32,359,-15,527006.12
2023-10-30,44,SP,Sudeste,Telecine,29.9,52286,286,17,303,-34,361051.13
2023-10-30,44,SP,Sudeste,Premiere,24.9,39243,275,34,238,3,225669.91
2023-10-30,44,RJ,Sudeste,Familia,49.9,39358,238,28,212,-2,453571.41
2023-10-30,44,RJ,Sudeste,HBO,34.9,24586,144,12,146,-14,198164.3
2023-10-30,44,RJ,Sudeste,Telecine,29.9,19682,122,8,112,2,135910.35
2023-10-30,44,RJ,Sudeste,Premiere,24.9,14766,101,14,81,6,84913.03
2023-10-30,44,MG,Sudeste,Familia,49.9,48965,292,29,258,5,564284.87
2023-10-30,44,MG,Sudeste,HBO,34.9,30568,159,10,180,-31,246379.49
2023-10-30,44,MG,Sudeste,Telecine,29.9,24485,155,10,140,5,169076.56
2023-10-30,44,MG,Sudeste,Premiere,24.9,18350,115,15,109,-9,105523.09
2023-10-30,44,ES,Sudeste,Familia,49.9,9111,53,6,56,-9,104997.44
2023-10-30,44,ES,Sudeste,HBO,34.9,5698,32,2,32,-2,45926.14
2023-10-30,44,ES,Sudeste,Telecine,29.9,4559,29,2,28,-1,31481.32
2023-10-30,44,ES,Sudeste,Premiere,24.9,3419,23,3,21,-1,19661.22
2023-10-30,44,PR,Sul,Familia,49.9,26867,167,19,161,-13,309622.01
2023-10-30,44,PR,Sul,HBO,34.9,16784,93,7,102,-16,135279.82
2023-10-30,44,PR,Sul,Telecine,29.9,13436,76,5,75,-4,92779.77
2023-10-30,44,PR,Sul,Premiere,24.9,10080,67,10,57,0,57965.82
2023-10-30,44,SC,Sul,Familia,49.9,17274,95,10,91,-6,199069.88
2023-10-30,44,SC,Sul,HBO,34.9,10784,55,4,67,-16,86919.54
2023-10-30,44,SC,Sul,Telecine,29.9,8641,51,3,47,1,59668.8
2023-10-30,44,SC,Sul,Premiere,24.9,6477,41,6,38,-3,37246.49
2023-10-30,44,RS,Sul,Familia,49.9,26861,163,15,167,-19,309552.86
2023-10-30,44,RS,Sul,HBO,34.9,16798,103,7,98,-2,135392.66
2023-10-30,44,RS,Sul,Telecine,29.9,13429,71,5,77,-11,92731.43
2023-10-30,44,RS,Sul,Premiere,24.9,10077,68,8,63,-3,57948.57
2023-10-30,44,BA,Nordeste,Familia,49.9,34549,226,25,212,-11,398151.29
2023-10-30,44,BA,Nordeste,HBO,34.9,21604,131,9,118,4,174129.24
2023-10-30,44,BA,Nordeste,Telecine,29.9,17270,93,6,97,-10,119254.73
2023-10-30,44,BA,Nordeste,Premiere,24.9,12967,85,11,67,7,74567.74
2023-10-30,44,CE,Nordeste,Familia,49.9,21592,132,14,126,-8,248831.59
2023-10-30,44,CE,Nordeste,HBO,34.9,13497,81,5,79,-3,108786.44
2023-10-30,44,CE,Nordeste,Telecine,29.9,10791,62,4,67,-9,74515.22
2023-10-30,44,CE,Nordeste,Premiere,24.9,8096,52,7,49,-4,46556.67
2023-10-30,44,PE,Nordeste,Familia,49.9,23038,140,14,128,-2,265495.66
2023-10-30,44,PE,Nordeste,HBO,34.9,14402,84,7,75,2,116080.79
2023-10-30,44,PE,Nordeste,Telecine,29.9,11517,65,3,65,-3,79528.48
2023-10-30,44,PE,Nordeste,Premiere,24.9,8643,61,7,51,3,49702.24
2023-10-30,44,MA,Nordeste,Familia,49.9,16308,93,8,97,-12,187937.46
2023-10-30,44,MA,Nordeste,HBO,34.9,10202,68,5,61,2,82228.59
2023-10-30,44,MA,Nordeste,Telecine,29.9,8157,45,3,45,-3,56326.63
2023-10-30,44,MA,Nordeste,Premiere,24.9,6120,42,5,37,0,35193.53
2023-10-30,44,PB,Nordeste,Familia,49.9,9599,56,5,52,-1,110621.27
2023-10-30,44,PB,Nordeste,HBO,34.9,5996,35,2,37,-4,48328.04
2023-10-30,44,PB,Nordeste,Telecine,29.9,4798,28,1,29,-2,33131.69
2023-10-30,44,PB,Nordeste,Premiere,24.9,3600,23,3,20,0,20702.08
2023-10-30,44,RN,Nordeste,Familia,49.9,8638,54,5,51,-2,99546.47
2023-10-30,44,RN,Nordeste,HBO,34.9,5398,29,2,29,-2,43508.13
2023-10-30,44,RN,Nordeste,Telecine,29.9,4320,24,1,23,0,29830.95
2023-10-30,44,RN,Nordeste,Premiere,24.9,3242,22,3,17,2,18643.37
2023-10-30,44,AL,Nordeste,Familia,49.9,7672,40,4,44,-8,88414.04
2023-10-30,44,AL,Nordeste,HBO,34.9,4797,25,2,26,-3,38664.04
2023-10-30,44,AL,Nordeste,Telecine,29.9,3842,24,1,21,2,26530.21
2023-10-30,44,AL,Nordeste,Premiere,24.9,2882,20,2,16,2,16573.16
2023-10-30,44,SE,Nordeste,Familia,49.9,5279,33,3,31,-1,60836.51
2023-10-30,44,SE,Nordeste,HBO,34.9,3297,17,1,19,-3,26573.97
2023-10-30,44,SE,Nordeste,Telecine,29.9,2639,14,1,14,-1,18223.12
2023-10-30,44,SE,Nordeste,Premiere,24.9,1980,13,1,12,0,11386.14
2023-10-30,44,PI,Nordeste,Familia,49.9,7684,49,5,40,4,88552.33
2023-10-30,44,PI,Nordeste,HBO,34.9,4802,29,2,25,2,38704.34
2023-10-30,44,PI,Nordeste,Telecine,29.9,3839,22,1,22,-1,26509.49
2023-10-30,44,PI,Nordeste,Premiere,24.9,2881,19,2,16,1,16567.41
2023-10-30,44,GO,Centro-Oeste,Familia,49.9,15821,77,8,88,-19,182325.15
2023-10-30,44,GO,Centro-Oeste,HBO,34.9,9897,55,4,54,-3,79770.28
2023-10-30,44,GO,Centro-Oeste,Telecine,29.9,7918,45,2,45,-2,54676.26
2023-10-30,44,GO,Centro-Oeste,Premiere,24.9,5943,40,6,31,3,34175.68
2023-10-30,44,MT,Centro-Oeste,Familia,49.9,8155,49,4,50,-5,93980.25
2023-10-30,44,MT,Centro-Oeste,HBO,34.9,5103,33,2,28,3,41130.42
2023-10-30,44,MT,Centro-Oeste,Telecine,29.9,4079,24,1,24,-1,28166.77
2023-10-30,44,MT,Centro-Oeste,Premiere,24.9,3060,21,3,18,0,17596.77
2023-10-30,44,MS,Centro-Oeste,Familia,49.9,6238,34,3,33,-2,71888.27
2023-10-30,44,MS,Centro-Oeste,HBO,34.9,3899,22,1,22,-1,31426.12
2023-10-30,44,MS,Centro-Oeste,Telecine,29.9,3117,16,1,18,-3,21523.86
2023-10-30,44,MS,Centro-Oeste,Premiere,24.9,2340,16,2,14,0,13456.35
2023-10-30,44,DF,Centro-Oeste,Familia,49.9,6722,42,4,36,2,77466.0
2023-10-30,44,DF,Centro-Oeste,HBO,34.9,4198,22,1,23,-2,33836.07
2023-10-30,44,DF,Centro-Oeste,Telecine,29.9,3363,21,1,17,3,23222.56
2023-10-30,44,DF,Centro-Oeste,Premiere,24.9,2520,16,1,15,0,14491.45
2023-10-30,44,AM,Norte,Familia,49.9,9590,55,5,60,-10,110517.55
2023-10-30,44,AM,Norte,HBO,34.9,5995,34,2,37,-5,48319.98
2023-10-30,44,AM,Norte,Telecine,29.9,4800,26,1,25,0,33145.5
2023-10-30,44,AM,Norte,Premiere,24.9,3602,26,3,21,2,20713.58
2023-10-30,44,PA,Norte,Familia,49.9,20161,119,12,106,1,232340.39
2023-10-30,44,PA,Norte,HBO,34.9,12600,75,5,70,0,101556.58
2023-10-30,44,PA,Norte,Telecine,29.9,10081,68,4,63,1,69612.45
2023-10-30,44,PA,Norte,Premiere,24.9,7555,47,6,46,-5,43445.61
2023-10-30,44,RO,Norte,Familia,49.9,3835,20,2,23,-5,44195.5
2023-10-30,44,RO,Norte,HBO,34.9,2399,13,1,13,-1,19336.05
2023-10-30,44,RO,Norte,Telecine,29.9,1921,11,0,10,1,13265.1
2023-10-30,44,RO,Norte,Premiere,24.9,1440,9,1,8,0,8280.83
2023-10-30,44,AC,Norte,Familia,49.9,1919,11,1,11,-1,22115.03
2023-10-30,44,AC,Norte,HBO,34.9,1200,6,0,6,0,9672.06
2023-10-30,44,AC,Norte,Telecine,29.9,960,5,0,5,0,6629.1
2023-10-30,44,AC,Norte,Premiere,24.9,721,5,0,4,1,4146.17
2023-10-30,44,RR,Norte,Familia,49.9,1440,7,0,7,0,16594.92
2023-10-30,44,RR,Norte,HBO,34.9,900,5,0,5,0,7254.04
2023-10-30,44,RR,Norte,Telecine,29.9,720,3,0,3,0,4971.82
2023-10-30,44,RR,Norte,Premiere,24.9,541,3,0,2,1,3111.06
2023-10-30,44,AP,Norte,Familia,49.9,1919,9,0,10,-1,22115.03
2023-10-30,44,AP,Norte,HBO,34.9,1200,7,0,7,0,9672.06
2023-10-30,44,AP,Norte,Telecine,29.9,960,5,0,5,0,6629.1
2023-10-30,44,AP,Norte,Premiere,24.9,720,4,0,4,0,4140.42
2023-10-30,44,TO,Norte,Familia,49.9,3359,20,2,19,-1,38709.95
2023-10-30,44,TO,Norte,HBO,34.9,2100,12,0,12,0,16926.1
2023-10-30,44,TO,Norte,Telecine,29.9,1680,9,0,9,0,11600.92
2023-10-30,44,TO,Norte,Premiere,24.9,1262,8,0,6,2,7257.23
2023-11-06,45,SP,Sudeste,Familia,49.9,104695,767,89,623,55,1206531.29
2023-11-06,45,SP,Sudeste,HBO,34.9,65389,421,29,403,-11,527038.36
2023-11-06,45,SP,Sudeste,Telecine,29.9,52341,329,24,284,21,361430.92
2023-11-06,45,SP,Sudeste,Premiere,24.9,39258,301,43,240,18,225756.17
2023-11-06,45,RJ,Sudeste,Familia,49.9,39378,258,26,214,18,453801.89
2023-11-06,45,RJ,Sudeste,HBO,34.9,24613,170,14,143,13,198381.92
2023-11-06,45,RJ,Sudeste,Telecine,29.9,19692,139,9,118,12,135979.4
2023-11-06,45,RJ,Sudeste,Premiere,24.9,14769,106,16,81,9,84930.28
2023-11-06,45,MG,Sudeste,Familia,49.9,48927,293,32,294,-33,563846.95
2023-11-06,45,MG,Sudeste,HBO,34.9,30614,218,19,184,15,246750.25
2023-11-06,45,MG,Sudeste,Telecine,29.9,24492,158,10,136,12,169124.9
2023-11-06,45,MG,Sudeste,Premiere,24.9,18387,147,22,97,28,105735.87
2023-11-06,45,ES,Sudeste,Familia,49.9,9123,61,6,52,3,105135.73
2023-11-06,45,ES,Sudeste,HBO,34.9,5704,36,2,30,4,45974.5
2023-11-06,45,ES,Sudeste,Telecine,29.9,4560,29,2,27,0,31488.22
2023-11-06,45,ES,Sudeste,Premiere,24.9,3421,22,3,18,1,19672.73
2023-11-06,45,PR,Sul,Familia,49.9,26856,160,16,168,-24,309495.24
2023-11-06,45,PR,Sul,HBO,34.9,16816,114,8,90,16,135537.74
2023-11-06,45,PR,Sul,Telecine,29.9,13453,91,5,73,13,92897.16
2023-11-06,45,PR,Sul,Premiere,24.9,10088,73,10,55,8,58011.82
2023-11-06,45,SC,Sul,Familia,49.9,17279,120,12,109,-1,199127.51
2023-11-06,45,SC,Sul,HBO,34.9,10805,67,5,57,5,87088.8
2023-11-06,45,SC,Sul,Telecine,29.9,8640,51,3,48,0,59661.89
2023-11-06,45,SC,Sul,Premiere,24.9,6491,51,7,33,11,37327.0
2023-11-06,45,RS,Sul,Familia,49.9,26903,184,20,141,23,310036.88
2023-11-06,45,RS,Sul,HBO,34.9,16811,122,8,103,11,135497.44
2023-11-06,45,RS,Sul,Telecine,29.9,13445,94,7,82,5,92841.92
2023-11-06,45,RS,Sul,Premiere,24.9,10091,79,12,56,11,58029.08
2023-11-06,45,BA,Nordeste,Familia,49.9,34558,201,24,179,-2,398255.01
2023-11-06,45,BA,Nordeste,HBO,34.9,21621,149,13,115,21,174266.26
2023-11-06,45,BA,Nordeste,Telecine,29.9,17285,119,7,107,5,119358.31
2023-11-06,45,BA,Nordeste,Premiere,24.9,12979,101,14,68,19,74636.74
2023-11-06,45,CE,Nordeste,Familia,49.9,21594,132,13,125,-6,248854.64
2023-11-06,45,CE,Nordeste,HBO,34.9,13507,91,7,77,7,108867.04
2023-11-06,45,CE,Nordeste,Telecine,29.9,10814,75,4,57,14,74674.04
2023-11-06,45,CE,Nordeste,Premiere,24.9,8106,59,7,46,6,46614.18
2023-11-06,45,PE,Nordeste,Familia,49.9,23055,151,16,120,15,265691.57
2023-11-06,45,PE,Nordeste,HBO,34.9,14406,103,7,90,6,116113.03
2023-11-06,45,PE,Nordeste,Telecine,29.9,11531,87,5,71,11,79625.15
2023-11-06,45,PE,Nordeste,Premiere,24.9,8656,70,9,45,16,49777.0
2023-11-06,45,MA,Nordeste,Familia,49.9,16323,101,12,86,3,188110.32
2023-11-06,45,MA,Nordeste,HBO,34.9,10215,75,5,55,15,82333.37
2023-11-06,45,MA,Nordeste,Telecine,29.9,8161,53,3,49,1,56354.25
2023-11-06,45,MA,Nordeste,Premiere,24.9,6125,45,6,34,5,35222.29
2023-11-06,45,PB,Nordeste,Familia,49.9,9602,66,6,58,2,110655.84
2023-11-06,45,PB,Nordeste,HBO,34.9,5999,37,2,36,-1,48352.22
2023-11-06,45,PB,Nordeste,Telecine,29.9,4797,27,2,28,-3,33124.78
2023-11-06,45,PB,Nordeste,Premiere,24.9,3607,29,4,18,7,20742.33
2023-11-06,45,RN,Nordeste,Familia,49.9,8646,56,5,45,6,99638.66
2023-11-06,45,RN,Nordeste,HBO,34.9,5406,38,2,30,6,43572.61
2023-11-06,45,RN,Nordeste,Telecine,29.9,4320,28,2,26,0,29830.95
2023-11-06,45,RN,Nordeste,Premiere,24.9,3244,22,2,16,4,18654.87
2023-11-06,45,AL,Nordeste,Familia,49.9,7686,53,5,42,6,88575.38
2023-11-06,45,AL,Nordeste,HBO,34.9,4803,30,2,25,3,38712.4
2023-11-06,45,AL,Nordeste,Telecine,29.9,3842,25,1,22,2,26530.21
2023-11-06,45,AL,Nordeste,Premiere,24.9,2882,19,2,15,2,16573.16
2023-11-06,45,SE,Nordeste,Familia,49.9,5280,35,3,32,0,60848.04
2023-11-06,45,SE,Nordeste,HBO,34.9,3301,22,1,20,1,26606.21
2023-11-06,45,SE,Nordeste,Telecine,29.9,2642,18,1,15,2,18243.83
2023-11-06,45,SE,Nordeste,Premiere,24.9,1981,14,2,11,1,11391.89
2023-11-06,45,PI,Nordeste,Familia,49.9,7679,45,4,42,-1,88494.71
2023-11-06,45,PI,Nordeste,HBO,34.9,4803,32,2,27,3,38712.4
2023-11-06,45,PI,Nordeste,Telecine,29.9,3841,25,1,23,1,26523.3
2023-11-06,45,PI,Nordeste,Premiere,24.9,2882,21,2,17,2,16573.16
2023-11-06,45,GO,Centro-Oeste,Familia,49.9,15847,100,9,84,7,182624.78
2023-11-06,45,GO,Centro-Oeste,HBO,34.9,9897,57,4,56,-3,79770.28
2023-11-06,45,GO,Centro-Oeste,Telecine,29.9,7927,52,3,42,7,54738.41
2023-11-06,45,GO,Centro-Oeste,Premiere,24.9,5946,45,7,32,6,34192.93
2023-11-06,45,MT,Centro-Oeste,Familia,49.9,8165,52,5,42,5,94095.5
2023-11-06,45,MT,Centro-Oeste,HBO,34.9,5105,37,2,30,5,41146.54
2023-11-06,45,MT,Centro-Oeste,Telecine,29.9,4081,28,2,25,1,28180.58
2023-11-06,45,MT,Centro-Oeste,Premiere,24.9,3065,23,2,16,5,17625.52
2023-11-06,45,MS,Centro-Oeste,Familia,49.9,6245,45,4,36,5,71968.94
2023-11-06,45,MS,Centro-Oeste,HBO,34.9,3902,25,2,21,2,31450.3
2023-11-06,45,MS,Centro-Oeste,Telecine,29.9,3123,20,1,16,3,21565.29
2023-11-06,45,MS,Centro-Oeste,Premiere,24.9,2343,18,2,13,3,13473.6
2023-11-06,45,DF,Centro-Oeste,Familia,49.9,6722,48,5,41,2,77466.0
2023-11-06,45,DF,Centro-Oeste,HBO,34.9,4204,29,2,23,4,33884.43
2023-11-06,45,DF,Centro-Oeste,Telecine,29.9,3362,22,1,19,2,23215.66
2023-11-06,45,DF,Centro-Oeste,Premiere,24.9,2524,20,2,14,4,14514.46
2023-11-06,45,AM,Norte,Familia,49.9,9603,66,6,57,3,110667.37
2023-11-06,45,AM,Norte,HBO,34.9,6000,37,3,34,0,48360.28
2023-11-06,45,AM,Norte,Telecine,29.9,4801,29,1,27,1,33152.4
2023-11-06,45,AM,Norte,Premiere,24.9,3602,24,3,19,2,20713.58
2023-11-06,45,PA,Norte,Familia,49.9,20156,138,16,126,-4,232282.77
2023-11-06,45,PA,Norte,HBO,34.9,12610,81,6,65,10,101637.18
2023-11-06,45,PA,Norte,Telecine,29.9,10087,70,5,58,7,69653.88
2023-11-06,45,PA,Norte,Premiere,24.9,7574,60,7,39,14,43554.87
2023-11-06,45,RO,Norte,Familia,49.9,3843,25,2,20,3,44287.69
2023-11-06,45,RO,Norte,HBO,34.9,2402,15,1,12,2,19360.23
2023-11-06,45,RO,Norte,Telecine,29.9,1922,12,0,10,2,13272.01
2023-11-06,45,RO,Norte,Premiere,24.9,1440,10,1,9,0,8280.83
2023-11-06,45,AC,Norte,Familia,49.9,1921,13,1,11,1,22138.08
2023-11-06,45,AC,Norte,HBO,34.9,1202,8,0,6,2,9688.18
2023-11-06,45,AC,Norte,Telecine,29.9,961,6,0,5,1,6636.0
2023-11-06,45,AC,Norte,Premiere,24.9,722,5,0,3,2,4151.92
2023-11-06,45,RR,Norte,Familia,49.9,1442,9,0,7,2,16617.97
2023-11-06,45,RR,Norte,HBO,34.9,900,5,0,5,0,7254.04
2023-11-06,45,RR,Norte,Telecine,29.9,721,4,0,3,1,4978.73
2023-11-06,45,RR,Norte,Premiere,24.9,541,4,0,3,1,3111.06
2023-11-06,45,AP,Norte,Familia,49.9,1921,13,1,11,1,22138.08
2023-11-06,45,AP,Norte,HBO,34.9,1200,7,0,7,0,9672.06
2023-11-06,45,AP,Norte,Telecine,29.9,960,5,0,5,0,6629.1
2023-11-06,45,AP,Norte,Premiere,24.9,721,5,0,4,1,4146.17
2023-11-06,45,TO,Norte,Familia,49.9,3360,19,2,17,0,38721.48
2023-11-06,45,TO,Norte,HBO,34.9,2102,13,0,11,2,16942.22
2023-11-06,45,TO,Norte,Telecine,29.9,1681,11,0,10,1,11607.83
2023-11-06,45,TO,Norte,Premiere,24.9,1261,8,1,6,1,7251.48
2023-11-13,46,SP,Sudeste,Familia,49.9,104632,686,69,625,-8,1205805.27
2023-11-13,46,SP,Sudeste,HBO,34.9,65342,369,29,398,-58,526659.54
2023-11-13,46,SP,Sudeste,Telecine,29.9,52286,305,19,320,-34,361051.13
2023-11-13,46,SP,Sudeste,Premiere,24.9,39243,268,40,225,3,225669.91
2023-11-13,46,RJ,Sudeste,Familia,49.9,39333,239,26,240,-27,453283.3
2023-11-13,46,RJ,Sudeste,HBO,34.9,24611,158,12,135,11,198365.8
2023-11-13,46,RJ,Sudeste,Telecine,29.9,19674,115,8,113,-6,135855.1
2023-11-13,46,RJ,Sudeste,Premiere,24.9,14775,118,15,88,15,84964.78
2023-11-13,46,MG,Sudeste,Familia,49.9,48936,314,36,302,-24,563950.67
2023-11-13,46,MG,Sudeste,HBO,34.9,30601,206,16,188,2,246645.47
2023-11-13,46,MG,Sudeste,Telecine,29.9,24470,152,11,151,-10,168972.98
2023-11-13,46,MG,Sudeste,Premiere,24.9,18362,132,20,109,3,105592.1
2023-11-13,46,ES,Sudeste,Familia,49.9,9113,49,6,50,-7,105020.48
2023-11-13,46,ES,Sudeste,HBO,34.9,5701,37,3,33,1,45950.32
2023-11-13,46,ES,Sudeste,Telecine,29.9,4558,26,2,26,-2,31474.41
2023-11-13,46,ES,Sudeste,Premiere,24.9,3426,27,4,17,6,19701.48
2023-11-13,46,PR,Sul,Familia,49.9,26884,193,22,167,4,309817.92
2023-11-13,46,PR,Sul,HBO,34.9,16818,112,7,87,18,135553.86
2023-11-13,46,PR,Sul,Telecine,29.9,13444,83,6,73,4,92835.01
2023-11-13,46,PR,Sul,Premiere,24.9,10091,74,10,53,11,58029.08
2023-11-13,46,SC,Sul,Familia,49.9,17268,92,8,96,-12,199000.74
2023-11-13,46,SC,Sul,HBO,34.9,10798,71,5,68,-2,87032.38
2023-11-13,46,SC,Sul,Telecine,29.9,8640,56,4,52,0,59661.89
2023-11-13,46,SC,Sul,Premiere,24.9,6477,43,6,40,-3,37246.49
2023-11-13,46,RS,Sul,Familia,49.9,26904,196,19,153,24,310048.41
2023-11-13,46,RS,Sul,HBO,34.9,16800,106,9,97,0,135408.78
2023-11-13,46,RS,Sul,Telecine,29.9,13444,92,5,83,4,92835.01
2023-11-13,46,RS,Sul,Premiere,24.9,10094,78,10,54,14,58046.33
2023-11-13,46,BA,Nordeste,Familia,49.9,34551,217,25,201,-9,398174.34
2023-11-13,46,BA,Nordeste,HBO,34.9,21605,148,11,132,5,174137.3
2023-11-13,46,BA,Nordeste,Telecine,29.9,17264,96,5,107,-16,119213.3
2023-11-13,46,BA,Nordeste,Premiere,24.9,12971,103,12,80,11,74590.74
2023-11-13,46,CE,Nordeste,Familia,49.9,21618,152,18,116,18,249131.22
2023-11-13,46,CE,Nordeste,HBO,34.9,13490,78,6,82,-10,108730.02
2023-11-13,46,CE,Nordeste,Telecine,29.9,10800,70,5,65,0,74577.37
2023-11-13,46,CE,Nordeste,Premiere,24.9,8106,65,10,49,6,46614.18
2023-11-13,46,PE,Nordeste,Familia,49.9,23045,143,15,123,5,265576.33
2023-11-13,46,PE,Nordeste,HBO,34.9,14406,91,6,79,6,116113.03
2023-11-13,46,PE,Nordeste,Telecine,29.9,11528,74,4,62,8,79604.43
2023-11-13,46,PE,Nordeste,Premiere,24.9,8650,62,7,45,10,49742.49
2023-11-13,46,MA,Nordeste,Familia,49.9,16314,108,13,101,-6,188006.61
2023-11-13,46,MA,Nordeste,HBO,34.9,10197,57,5,55,-3,82188.29
2023-11-13,46,MA,Nordeste,Telecine,29.9,8165,51,3,43,5,56381.87
2023-11-13,46,MA,Nordeste,Premiere,24.9,6125,44,6,33,5,35222.29
2023-11-13,46,PB,Nordeste,Familia,49.9,9598,64,7,59,-2,110609.75
2023-11-13,46,PB,Nordeste,HBO,34.9,5999,39,3,37,-1,48352.22
2023-11-13,46,PB,Nordeste,Telecine,29.9,4803,32,2,27,3,33166.21
2023-11-13,46,PB,Nordeste,Premiere,24.9,3598,23,3,22,-2,20690.58
2023-11-13,46,RN,Nordeste,Familia,49.9,8628,45,4,53,-12,99431.22
2023-11-13,46,RN,Nordeste,HBO,34.9,5404,34,2,28,4,43556.49
2023-11-13,46,RN,Nordeste,Telecine,29.9,4321,26,1,24,1,29837.85
2023-11-13,46,RN,Nordeste,Premiere,24.9,3241,23,3,19,1,18637.62
2023-11-13,46,AL,Nordeste,Familia,49.9,7672,44,4,48,-8,88414.04
2023-11-13,46,AL,Nordeste,HBO,34.9,4798,29,2,29,-2,38672.1
2023-11-13,46,AL,Nordeste,Telecine,29.9,3843,24,1,20,3,26537.11
2023-11-13,46,AL,Nordeste,Premiere,24.9,2881,21,3,17,1,16567.41
2023-11-13,46,SE,Nordeste,Familia,49.9,5279,32,3,30,-1,60836.51
2023-11-13,46,SE,Nordeste,HBO,34.9,3300,19,1,18,0,26598.15
2023-11-13,46,SE,Nordeste,Telecine,29.9,2639,16,1,16,-1,18223.12
2023-11-13,46,SE,Nordeste,Premiere,24.9,1983,15,2,10,3,11403.39
2023-11-13,46,PI,Nordeste,Familia,49.9,7678,48,5,45,-2,88483.19
2023-11-13,46,PI,Nordeste,HBO,34.9,4800,27,2,25,0,38688.22
2023-11-13,46,PI,Nordeste,Telecine,29.9,3837,22,1,24,-3,26495.68
2023-11-13,46,PI,Nordeste,Premiere,24.9,2883,20,2,15,3,16578.91
2023-11-13,46,GO,Centro-Oeste,Familia,49.9,15837,106,11,98,-3,182509.54
2023-11-13,46,GO,Centro-Oeste,HBO,34.9,9905,68,6,57,5,79834.76
2023-11-13,46,GO,Centro-Oeste,Telecine,29.9,7916,44,3,45,-4,54662.45
2023-11-13,46,GO,Centro-Oeste,Premiere,24.9,5949,45,5,31,9,34210.18
2023-11-13,46,MT,Centro-Oeste,Familia,49.9,8156,49,5,48,-4,93991.78
2023-11-13,46,MT,Centro-Oeste,HBO,34.9,5101,31,2,28,1,41114.3
2023-11-13,46,MT,Centro-Oeste,Telecine,29.9,4082,28,1,25,2,28187.48
2023-11-13,46,MT,Centro-Oeste,Premiere,24.9,3061,22,3,18,1,17602.52
2023-11-13,46,MS,Centro-Oeste,Familia,49.9,6237,40,4,39,-3,71876.74
2023-11-13,46,MS,Centro-Oeste,HBO,34.9,3901,24,2,21,1,31442.24
2023-11-13,46,MS,Centro-Oeste,Telecine,29.9,3120,17,1,16,0,21544.57
2023-11-13,46,MS,Centro-Oeste,Premiere,24.9,2343,19,2,14,3,13473.6
2023-11-13,46,DF,Centro-Oeste,Familia,49.9,6714,37,3,40,-6,77373.81
2023-11-13,46,DF,Centro-Oeste,HBO,34.9,4199,26,1,26,-1,33844.13
2023-11-13,46,DF,Centro-Oeste,Telecine,29.9,3365,23,1,17,5,23236.37
2023-11-13,46,DF,Centro-Oeste,Premiere,24.9,2523,20,3,14,3,14508.71
2023-11-13,46,AM,Norte,Familia,49.9,9604,61,7,50,4,110678.89
2023-11-13,46,AM,Norte,HBO,34.9,5999,38,3,36,-1,48352.22
2023-11-13,46,AM,Norte,Telecine,29.9,4800,32,2,30,0,33145.5
2023-11-13,46,AM,Norte,Premiere,24.9,3604,27,4,19,4,20725.08
2023-11-13,46,PA,Norte,Familia,49.9,20161,127,14,112,1,232340.39
2023-11-13,46,PA,Norte,HBO,34.9,12609,82,7,66,9,101629.12
2023-11-13,46,PA,Norte,Telecine,29.9,10069,51,3,59,-11,69529.58
2023-11-13,46,PA,Norte,Premiere,24.9,7564,55,6,45,4,43497.37
2023-11-13,46,RO,Norte,Familia,49.9,3839,23,2,22,-1,44241.59
2023-11-13,46,RO,Norte,HBO,34.9,2400,16,1,15,0,19344.11
2023-11-13,46,RO,Norte,Telecine,29.9,1920,11,0,11,0,13258.2
2023-11-13,46,RO,Norte,Premiere,24.9,1441,11,1,9,1,8286.58
2023-11-13,46,AC,Norte,Familia,49.9,1921,13,1,11,1,22138.08
2023-11-13,46,AC,Norte,HBO,34.9,1201,7,0,6,1,9680.12
2023-11-13,46,AC,Norte,Telecine,29.9,960,5,0,5,0,6629.1
2023-11-13,46,AC,Norte,Premiere,24.9,722,5,0,3,2,4151.92
2023-11-13,46,RR,Norte,Familia,49.9,1441,8,0,7,1,16606.44
2023-11-13,46,RR,Norte,HBO,34.9,900,5,0,5,0,7254.04
2023-11-13,46,RR,Norte,Telecine,29.9,720,4,0,4,0,4971.82
2023-11-13,46,RR,Norte,Premiere,24.9,541,4,0,3,1,3111.06
2023-11-13,46,AP,Norte,Familia,49.9,1920,12,1,11,0,22126.56
2023-11-13,46,AP,Norte,HBO,34.9,1201,8,0,7,1,9680.12
2023-11-13,46,AP,Norte,Telecine,29.9,960,5,0,5,0,6629.1
2023-11-13,46,AP,Norte,Premiere,24.9,721,5,0,4,1,4146.17
2023-11-13,46,TO,Norte,Familia,49.9,3359,20,2,19,-1,38709.95
2023-11-13,46,TO,Norte,HBO,34.9,2101,13,0,12,1,16934.16
2023-11-13,46,TO,Norte,Telecine,29.9,1682,11,0,9,2,11614.73
2023-11-13,46,TO,Norte,Premiere,24.9,1260,8,1,7,0,7245.73
2023-11-20,47,SP,Sudeste,Familia,49.9,104554,635,76,645,-86,1204906.37
2023-11-20,47,SP,Sudeste,HBO,34.9,65353,389,28,408,-47,526748.2
2023-11-20,47,SP,Sudeste,Telecine,29.9,52291,303,21,311,-29,361085.66
2023-11-20,47,SP,Sudeste,Premiere,24.9,39297,319,43,219,57,225980.44
2023-11-20,47,RJ,Sudeste,Familia,49.9,39331,228,26,231,-29,453260.25
2023-11-20,47,RJ,Sudeste,HBO,34.9,24597,147,11,139,-3,198252.96
2023-11-20,47,RJ,Sudeste,Telecine,29.9,19669,120,8,123,-11,135820.58
2023-11-20,47,RJ,Sudeste,Premiere,24.9,14764,107,14,89,4,84901.52
2023-11-20,47,MG,Sudeste,Familia,49.9,48923,279,28,288,-37,563800.85
2023-11-20,47,MG,Sudeste,HBO,34.9,30618,191,13,159,19,246782.49
2023-11-20,47,MG,Sudeste,Telecine,29.9,24474,158,11,153,-6,169000.6
2023-11-20,47,MG,Sudeste,Premiere,24.9,18362,138,20,115,3,105592.1
2023-11-20,47,ES,Sudeste,Familia,49.9,9110,53,6,57,-10,104985.91
2023-11-20,47,ES,Sudeste,HBO,34.9,5698,32,2,32,-2,45926.14
2023-11-20,47,ES,Sudeste,Telecine,29.9,4558,26,1,27,-2,31474.41
2023-11-20,47,ES,Sudeste,Premiere,24.9,3424,26,3,19,4,19689.98
2023-11-20,47,PR,Sul,Familia,49.9,26902,181,19,140,22,310025.36
2023-11-20,47,PR,Sul,HBO,34.9,16791,98,6,101,-9,135336.24
2023-11-20,47,PR,Sul,Telecine,29.9,13437,86,5,84,-3,92786.67
2023-11-20,47,PR,Sul,Premiere,24.9,10087,75,9,59,7,58006.07
2023-11-20,47,SC,Sul,Familia,49.9,17272,109,11,106,-8,199046.84
2023-11-20,47,SC,Sul,HBO,34.9,10796,61,5,60,-4,87016.26
2023-11-20,47,SC,Sul,Telecine,29.9,8640,51,3,48,0,59661.89
2023-11-20,47,SC,Sul,Premiere,24.9,6484,43,5,34,4,37286.74
2023-11-20,47,RS,Sul,Familia,49.9,26877,180,20,163,-3,309737.25
2023-11-20,47,RS,Sul,HBO,34.9,16797,94,6,91,-3,135384.6
2023-11-20,47,RS,Sul,Telecine,29.9,13433,74,4,77,-7,92759.05
2023-11-20,47,RS,Sul,Premiere,24.9,10088,76,9,59,8,58011.82
2023-11-20,47,BA,Nordeste,Familia,49.9,34556,220,24,200,-4,398231.96
2023-11-20,47,BA,Nordeste,HBO,34.9,21596,134,9,129,-4,174064.76
2023-11-20,47,BA,Nordeste,Telecine,29.9,17295,112,7,90,15,119427.37
2023-11-20,47,BA,Nordeste,Premiere,24.9,12968,89,12,69,8,74573.49
2023-11-20,47,CE,Nordeste,Familia,49.9,21589,126,13,124,-11,248797.02
2023-11-20,47,CE,Nordeste,HBO,34.9,13498,88,6,84,-2,108794.5
2023-11-20,47,CE,Nordeste,Telecine,29.9,10798,68,4,66,-2,74563.56
2023-11-20,47,CE,Nordeste,Premiere,24.9,8095,53,8,50,-5,46550.92
2023-11-20,47,PE,Nordeste,Familia,49.9,23025,122,12,125,-15,265345.84
2023-11-20,47,PE,Nordeste,HBO,34.9,14405,97,7,85,5,116104.97
2023-11-20,47,PE,Nordeste,Telecine,29.9,11518,73,5,70,-2,79535.38
2023-11-20,47,PE,Nordeste,Premiere,24.9,8637,55,8,50,-3,49667.74
2023-11-20,47,MA,Nordeste,Familia,49.9,16329,113,13,91,9,188179.47
2023-11-20,47,MA,Nordeste,HBO,34.9,10194,59,4,61,-6,82164.11
2023-11-20,47,MA,Nordeste,Telecine,29.9,8163,54,3,48,3,56368.06
2023-11-20,47,MA,Nordeste,Premiere,24.9,6124,46,6,36,4,35216.54
2023-11-20,47,PB,Nordeste,Familia,49.9,9592,54,5,57,-8,110540.6
2023-11-20,47,PB,Nordeste,HBO,34.9,5999,36,2,35,-1,48352.22
2023-11-20,47,PB,Nordeste,Telecine,29.9,4802,32,2,28,2,33159.31
2023-11-20,47,PB,Nordeste,Premiere,24.9,3602,24,3,19,2,20713.58
2023-11-20,47,RN,Nordeste,Familia,49.9,8644,61,6,51,4,99615.61
2023-11-20,47,RN,Nordeste,HBO,34.9,5401,34,3,30,1,43532.31
2023-11-20,47,RN,Nordeste,Telecine,29.9,4322,27,2,23,2,29844.76
2023-11-20,47,RN,Nordeste,Premiere,24.9,3243,25,3,19,3,18649.12
2023-11-20,47,AL,Nordeste,Familia,49.9,7680,51,4,47,0,88506.24
2023-11-20,47,AL,Nordeste,HBO,34.9,4804,31,2,25,4,38720.46
2023-11-20,47,AL,Nordeste,Telecine,29.9,3841,22,1,20,1,26523.3
2023-11-20,47,AL,Nordeste,Premiere,24.9,2881,19,2,16,1,16567.41
2023-11-20,47,SE,Nordeste,Familia,49.9,5283,35,3,29,3,60882.61
2023-11-20,47,SE,Nordeste,HBO,34.9,3301,20,1,18,1,26606.21
2023-11-20,47,SE,Nordeste,Telecine,29.9,2641,17,1,15,1,18236.93
2023-11-20,47,SE,Nordeste,Premiere,24.9,1983,15,1,11,3,11403.39
2023-11-20,47,PI,Nordeste,Familia,49.9,7677,46,4,45,-3,88471.66
2023-11-20,47,PI,Nordeste,HBO,34.9,4802,30,2,26,2,38704.34
2023-11-20,47,PI,Nordeste,Telecine,29.9,3844,25,1,20,4,26544.02
2023-11-20,47,PI,Nordeste,Premiere,24.9,2880,18,2,16,0,16561.66
2023-11-20,47,GO,Centro-Oeste,Familia,49.9,15840,93,9,84,0,182544.11
2023-11-20,47,GO,Centro-Oeste,HBO,34.9,9902,65,4,59,2,79810.58
2023-11-20,47,GO,Centro-Oeste,Telecine,29.9,7921,49,3,45,1,54696.97
2023-11-20,47,GO,Centro-Oeste,Premiere,24.9,5943,41,5,33,3,34175.68
2023-11-20,47,MT,Centro-Oeste,Familia,49.9,8159,46,4,43,-1,94026.35
2023-11-20,47,MT,Centro-Oeste,HBO,34.9,5101,32,2,29,1,41114.3
2023-11-20,47,MT,Centro-Oeste,Telecine,29.9,4082,27,2,23,2,28187.48
2023-11-20,47,MT,Centro-Oeste,Premiere,24.9,3064,23,3,16,4,17619.77
2023-11-20,47,MS,Centro-Oeste,Familia,49.9,6238,39,3,38,-2,71888.27
2023-11-20,47,MS,Centro-Oeste,HBO,34.9,3900,25,2,23,0,31434.18
2023-11-20,47,MS,Centro-Oeste,Telecine,29.9,3122,21,1,18,2,21558.38
2023-11-20,47,MS,Centro-Oeste,Premiere,24.9,2343,17,2,12,3,13473.6
2023-11-20,47,DF,Centro-Oeste,Familia,49.9,6722,46,4,40,2,77466.0
2023-11-20,47,DF,Centro-Oeste,HBO,34.9,4198,24,1,25,-2,33836.07
2023-11-20,47,DF,Centro-Oeste,Telecine,29.9,3363,23,1,19,3,23222.56
2023-11-20,47,DF,Centro-Oeste,Premiere,24.9,2522,18,2,14,2,14502.96
2023-11-20,47,AM,Norte,Familia,49.9,9609,67,8,50,9,110736.51
2023-11-20,47,AM,Norte,HBO,34.9,6000,35,2,33,0,48360.28
2023-11-20,47,AM,Norte,Telecine,29.9,4799,30,1,30,-1,33138.59
2023-11-20,47,AM,Norte,Premiere,24.9,3603,26,3,20,3,20719.33
2023-11-20,47,PA,Norte,Familia,49.9,20157,131,15,119,-3,232294.3
2023-11-20,47,PA,Norte,HBO,34.9,12595,80,7,78,-5,101516.28
2023-11-20,47,PA,Norte,Telecine,29.9,10087,71,5,59,7,69653.88
2023-11-20,47,PA,Norte,Premiere,24.9,7559,51,7,45,-1,43468.61
2023-11-20,47,RO,Norte,Familia,49.9,3837,23,2,24,-3,44218.55
2023-11-20,47,RO,Norte,HBO,34.9,2402,16,1,13,2,19360.23
2023-11-20,47,RO,Norte,Telecine,29.9,1921,12,0,11,1,13265.1
2023-11-20,47,RO,Norte,Premiere,24.9,1442,11,1,8,2,8292.33
2023-11-20,47,AC,Norte,Familia,49.9,1921,12,1,10,1,22138.08
2023-11-20,47,AC,Norte,HBO,34.9,1200,7,0,7,0,9672.06
2023-11-20,47,AC,Norte,Telecine,29.9,960,5,0,5,0,6629.1
2023-11-20,47,AC,Norte,Premiere,24.9,721,5,0,4,1,4146.17
2023-11-20,47,RR,Norte,Familia,49.9,1440,9,1,8,0,16594.92
2023-11-20,47,RR,Norte,HBO,34.9,901,6,0,5,1,7262.1
2023-11-20,47,RR,Norte,Telecine,29.9,720,4,0,4,0,4971.82
2023-11-20,47,RR,Norte,Premiere,24.9,540,3,0,3,0,3105.31
2023-11-20,47,AP,Norte,Familia,49.9,1919,10,1,10,-1,22115.03
2023-11-20,47,AP,Norte,HBO,34.9,1200,6,0,6,0,9672.06
2023-11-20,47,AP,Norte,Telecine,29.9,960,6,0,6,0,6629.1
2023-11-20,47,AP,Norte,Premiere,24.9,721,5,0,4,1,4146.17
2023-11-20,47,TO,Norte,Familia,49.9,3360,21,2,19,0,38721.48
2023-11-20,47,TO,Norte,HBO,34.9,2103,15,1,11,3,16950.28
2023-11-20,47,TO,Norte,Telecine,29.9,1681,10,0,9,1,11607.83
2023-11-20,47,TO,Norte,Premiere,24.9,1260,8,1,7,0,7245.73
2023-11-27,48,SP,Sudeste,Familia,49.9,104706,727,83,578,66,1206658.06
2023-11-27,48,SP,Sudeste,HBO,34.9,65395,407,35,377,-5,527086.72
2023-11-27,48,SP,Sudeste,Telecine,29.9,52348,348,27,293,28,361479.26
2023-11-27,48,SP,Sudeste,Premiere,24.9,39277,291,36,218,37,225865.43
2023-11-27,48,RJ,Sudeste,Familia,49.9,39366,265,32,227,6,453663.6
2023-11-27,48,RJ,Sudeste,HBO,34.9,24618,157,12,127,18,198422.22
2023-11-27,48,RJ,Sudeste,Telecine,29.9,19676,121,9,116,-4,135868.91
2023-11-27,48,RJ,Sudeste,Premiere,24.9,14779,112,14,79,19,84987.78
2023-11-27,48,MG,Sudeste,Familia,49.9,48981,334,39,274,21,564469.26
2023-11-27,48,MG,Sudeste,HBO,34.9,30615,201,16,169,16,246758.31
2023-11-27,48,MG,Sudeste,Telecine,29.9,24477,143,10,136,-3,169021.32
2023-11-27,48,MG,Sudeste,Premiere,24.9,18390,152,18,103,31,105753.12
2023-11-27,48,ES,Sudeste,Familia,49.9,9118,59,5,56,-2,105078.11
2023-11-27,48,ES,Sudeste,HBO,34.9,5705,38,2,31,5,45982.56
2023-11-27,48,ES,Sudeste,Telecine,29.9,4562,30,2,26,2,31502.03
2023-11-27,48,ES,Sudeste,Premiere,24.9,3420,22,3,19,0,19666.97
2023-11-27,48,PR,Sul,Familia,49.9,26867,166,19,160,-13,309622.01
2023-11-27,48,PR,Sul,HBO,34.9,16807,112,9,96,7,135465.2
2023-11-27,48,PR,Sul,Telecine,29.9,13447,83,6,70,7,92855.73
2023-11-27,48,PR,Sul,Premiere,24.9,10088,76,9,59,8,58011.82
2023-11-27,48,SC,Sul,Familia,49.9,17267,109,13,109,-13,198989.21
2023-11-27,48,SC,Sul,HBO,34.9,10803,70,5,62,3,87072.68
2023-11-27,48,SC,Sul,Telecine,29.9,8635,52,3,54,-5,59627.37
2023-11-27,48,SC,Sul,Premiere,24.9,6483,51,8,40,3,37280.99
2023-11-27,48,RS,Sul,Familia,49.9,26874,163,16,153,-6,309702.68
2023-11-27,48,RS,Sul,HBO,34.9,16801,102,7,94,1,135416.84
2023-11-27,48,RS,Sul,Telecine,29.9,13446,95,7,82,6,92848.82
2023-11-27,48,RS,Sul,Premiere,24.9,10096,77,9,52,16,58057.83
2023-11-27,48,BA,Nordeste,Familia,49.9,34580,226,25,181,20,398508.55
2023-11-27,48,BA,Nordeste,HBO,34.9,21615,154,11,128,15,174217.9
2023-11-27,48,BA,Nordeste,Telecine,29.9,17306,136,10,100,26,119503.33
2023-11-27,48,BA,Nordeste,Premiere,24.9,12963,96,13,80,3,74544.73
2023-11-27,48,CE,Nordeste,Familia,49.9,21609,140,16,115,9,249027.51
2023-11-27,48,CE,Nordeste,HBO,34.9,13498,77,6,73,-2,108794.5
2023-11-27,48,CE,Nordeste,Telecine,29.9,10806,72,4,62,6,74618.8
2023-11-27,48,CE,Nordeste,Premiere,24.9,8107,64,9,48,7,46619.93
2023-11-27,48,PE,Nordeste,Familia,49.9,23048,158,17,133,8,265610.9
2023-11-27,48,PE,Nordeste,HBO,34.9,14395,91,6,90,-5,116024.36
2023-11-27,48,PE,Nordeste,Telecine,29.9,11528,75,5,62,8,79604.43
2023-11-27,48,PE,Nordeste,Premiere,24.9,8643,58,8,47,3,49702.24
2023-11-27,48,MA,Nordeste,Familia,49.9,16314,108,13,101,-6,188006.61
2023-11-27,48,MA,Nordeste,HBO,34.9,10206,73,6,61,6,82260.83
2023-11-27,48,MA,Nordeste,Telecine,29.9,8151,44,3,50,-9,56285.2
2023-11-27,48,MA,Nordeste,Premiere,24.9,6128,48,6,34,8,35239.54
2023-11-27,48,PB,Nordeste,Familia,49.9,9596,56,5,55,-4,110586.7
2023-11-27,48,PB,Nordeste,HBO,34.9,5996,33,2,35,-4,48328.04
2023-11-27,48,PB,Nordeste,Telecine,29.9,4801,33,2,30,1,33152.4
2023-11-27,48,PB,Nordeste,Premiere,24.9,3603,24,3,18,3,20719.33
2023-11-27,48,RN,Nordeste,Familia,49.9,8641,52,5,46,1,99581.04
2023-11-27,48,RN,Nordeste,HBO,34.9,5398,33,2,33,-2,43508.13
2023-11-27,48,RN,Nordeste,Telecine,29.9,4323,31,2,26,3,29851.66
2023-11-27,48,RN,Nordeste,Premiere,24.9,3241,24,3,20,1,18637.62
2023-11-27,48,AL,Nordeste,Familia,49.9,7686,51,5,40,6,88575.38
2023-11-27,48,AL,Nordeste,HBO,34.9,4800,30,2,28,0,38688.22
2023-11-27,48,AL,Nordeste,Telecine,29.9,3843,24,1,20,3,26537.11
2023-11-27,48,AL,Nordeste,Premiere,24.9,2885,22,2,15,5,16590.42
2023-11-27,48,SE,Nordeste,Familia,49.9,5284,37,3,30,4,60894.13
2023-11-27,48,SE,Nordeste,HBO,34.9,3303,21,1,17,3,26622.33
2023-11-27,48,SE,Nordeste,Telecine,29.9,2642,16,1,13,2,18243.83
2023-11-27,48,SE,Nordeste,Premiere,24.9,1982,14,1,11,2,11397.64
2023-11-27,48,PI,Nordeste,Familia,49.9,7676,48,5,47,-4,88460.14
2023-11-27,48,PI,Nordeste,HBO,34.9,4804,31,2,25,4,38720.46
2023-11-27,48,PI,Nordeste,Telecine,29.9,3843,27,1,23,3,26537.11
2023-11-27,48,PI,Nordeste,Premiere,24.9,2882,22,3,17,2,16573.16
2023-11-27,48,GO,Centro-Oeste,Familia,49.9,15840,106,12,94,0,182544.11
2023-11-27,48,GO,Centro-Oeste,HBO,34.9,9903,67,5,59,3,79818.64
2023-11-27,48,GO,Centro-Oeste,Telecine,29.9,7923,47,3,41,3,54710.79
2023-11-27,48,GO,Centro-Oeste,Premiere,24.9,5938,40,5,37,-2,34146.93
2023-11-27,48,MT,Centro-Oeste,Familia,49.9,8160,50,5,45,0,94037.88
2023-11-27,48,MT,Centro-Oeste,HBO,34.9,5103,34,2,29,3,41130.42
2023-11-27,48,MT,Centro-Oeste,Telecine,29.9,4085,29,2,22,5,28208.2
2023-11-27,48,MT,Centro-Oeste,Premiere,24.9,3060,20,2,18,0,17596.77
2023-11-27,48,MS,Centro-Oeste,Familia,49.9,6241,42,3,38,1,71922.84
2023-11-27,48,MS,Centro-Oeste,HBO,34.9,3900,25,2,23,0,31434.18
2023-11-27,48,MS,Centro-Oeste,Telecine,29.9,3121,19,1,17,1,21551.48
2023-11-27,48,MS,Centro-Oeste,Premiere,24.9,2340,16,2,14,0,13456.35
2023-11-27,48,DF,Centro-Oeste,Familia,49.9,6722,45,5,38,2,77466.0
2023-11-27,48,DF,Centro-Oeste,HBO,34.9,4204,30,2,24,4,33884.43
2023-11-27,48,DF,Centro-Oeste,Telecine,29.9,3360,20,1,19,0,23201.85
2023-11-27,48,DF,Centro-Oeste,Premiere,24.9,2520,17,2,15,0,14491.45
2023-11-27,48,AM,Norte,Familia,49.9,9607,66,6,53,7,110713.46
2023-11-27,48,AM,Norte,HBO,34.9,6002,42,3,37,2,48376.4
2023-11-27,48,AM,Norte,Telecine,29.9,4802,29,1,26,2,33159.31
2023-11-27,48,AM,Norte,Premiere,24.9,3600,25,3,22,0,20702.08
2023-11-27,48,PA,Norte,Familia,49.9,20165,125,15,105,5,232386.49
2023-11-27,48,PA,Norte,HBO,34.9,12598,80,7,75,-2,101540.46
2023-11-27,48,PA,Norte,Telecine,29.9,10085,65,4,56,5,69640.07
2023-11-27,48,PA,Norte,Premiere,24.9,7560,54,8,46,0,43474.36
2023-11-27,48,RO,Norte,Familia,49.9,3838,23,2,23,-2,44230.07
2023-11-27,48,RO,Norte,HBO,34.9,2400,16,1,15,0,19344.11
2023-11-27,48,RO,Norte,Telecine,29.9,1920,11,0,11,0,13258.2
2023-11-27,48,RO,Norte,Premiere,24.9,1441,10,1,8,1,8286.58
2023-11-27,48,AC,Norte,Familia,49.9,1921,12,1,10,1,22138.08
2023-11-27,48,AC,Norte,HBO,34.9,1201,7,0,6,1,9680.12
2023-11-27,48,AC,Norte,Telecine,29.9,961,6,0,5,1,6636.0
2023-11-27,48,AC,Norte,Premiere,24.9,720,4,0,4,0,4140.42
2023-11-27,48,RR,Norte,Familia,49.9,1441,9,1,7,1,16606.44
2023-11-27,48,RR,Norte,HBO,34.9,900,5,0,5,0,7254.04
2023-11-27,48,RR,Norte,Telecine,29.9,721,4,0,3,1,4978.73
2023-11-27,48,RR,Norte,Premiere,24.9,541,4,0,3,1,3111.06
2023-11-27,48,AP,Norte,Familia,49.9,1921,13,1,11,1,22138.08
2023-11-27,48,AP,Norte,HBO,34.9,1201,8,0,7,1,9680.12
2023-11-27,48,AP,Norte,Telecine,29.9,960,5,0,5,0,6629.1
2023-11-27,48,AP,Norte,Premiere,24.9,721,5,0,4,1,4146.17
2023-11-27,48,TO,Norte,Familia,49.9,3361,22,2,19,1,38733.0
2023-11-27,48,TO,Norte,HBO,34.9,2100,13,0,13,0,16926.1
2023-11-27,48,TO,Norte,Telecine,29.9,1682,11,0,9,2,11614.73
2023-11-27,48,TO,Norte,Premiere,24.9,1260,8,1,7,0,7245.73
2023-12-04,49,SP,Sudeste,Familia,49.9,104521,616,75,660,-119,1204526.07
2023-12-04,49,SP,Sudeste,HBO,34.9,65434,413,33,346,34,527401.06
2023-12-04,49,SP,Sudeste,Telecine,29.9,52321,313,21,291,1,361292.82
2023-12-04,49,SP,Sudeste,Premiere,24.9,39306,323,47,210,66,226032.19
2023-12-04,49,RJ,Sudeste,Familia,49.9,39352,258,31,235,-8,453502.26
2023-12-04,49,RJ,Sudeste,HBO,34.9,24589,154,13,152,-11,198188.48
2023-12-04,49,RJ,Sudeste,Telecine,29.9,19694,133,9,110,14,135993.21
2023-12-04,49,RJ,Sudeste,Premiere,24.9,14761,108,17,90,1,84884.27
2023-12-04,49,MG,Sudeste,Familia,49.9,48982,318,36,260,22,564480.79
2023-12-04,49,MG,Sudeste,HBO,34.9,30585,185,15,184,-14,246516.51
2023-12-04,49,MG,Sudeste,Telecine,29.9,24488,152,9,135,8,169097.27
2023-12-04,49,MG,Sudeste,Premiere,24.9,18368,130,19,102,9,105626.61
2023-12-04,49,ES,Sudeste,Familia,49.9,9116,57,6,55,-4,105055.06
2023-12-04,49,ES,Sudeste,HBO,34.9,5698,32,2,32,-2,45926.14
2023-12-04,49,ES,Sudeste,Telecine,29.9,4561,31,2,28,1,31495.13
2023-12-04,49,ES,Sudeste,Premiere,24.9,3425,26,3,18,5,19695.73
2023-12-04,49,PR,Sul,Familia,49.9,26871,169,21,157,-9,309668.11
2023-12-04,49,PR,Sul,HBO,34.9,16821,131,9,101,21,135578.04
2023-12-04,49,PR,Sul,Telecine,29.9,13450,93,5,78,10,92876.44
2023-12-04,49,PR,Sul,Premiere,24.9,10094,77,10,53,14,58046.33
2023-12-04,49,SC,Sul,Familia,49.9,17287,110,12,91,7,199219.7
2023-12-04,49,SC,Sul,HBO,34.9,10792,64,5,67,-8,86984.02
2023-12-04,49,SC,Sul,Telecine,29.9,8645,54,4,45,5,59696.42
2023-12-04,49,SC,Sul,Premiere,24.9,6489,49,7,33,9,37315.5
2023-12-04,49,RS,Sul,Familia,49.9,26861,156,18,157,-19,309552.86
2023-12-04,49,RS,Sul,HBO,34.9,16799,111,9,103,-1,135400.72
2023-12-04,49,RS,Sul,Telecine,29.9,13442,85,5,78,2,92821.2
2023-12-04,49,RS,Sul,Premiere,24.9,10082,66,9,55,2,57977.32
2023-12-04,49,BA,Nordeste,Familia,49.9,34578,235,23,194,18,398485.5
2023-12-04,49,BA,Nordeste,HBO,34.9,21601,140,11,128,1,174105.06
2023-12-04,49,BA,Nordeste,Telecine,29.9,17278,111,6,107,-2,119309.98
2023-12-04,49,BA,Nordeste,Premiere,24.9,12977,103,15,71,17,74625.24
2023-12-04,49,CE,Nordeste,Familia,49.9,21589,140,15,136,-11,248797.02
2023-12-04,49,CE,Nordeste,HBO,34.9,13506,87,7,74,6,108858.98
2023-12-04,49,CE,Nordeste,Telecine,29.9,10793,65,5,67,-7,74529.03
2023-12-04,49,CE,Nordeste,Premiere,24.9,8107,56,7,42,7,46619.93
2023-12-04,49,PE,Nordeste,Familia,49.9,23034,154,18,142,-6,265449.56
2023-12-04,49,PE,Nordeste,HBO,34.9,14389,81,5,87,-11,115976.0
2023-12-04,49,PE,Nordeste,Telecine,29.9,11522,79,5,72,2,79563.0
2023-12-04,49,PE,Nordeste,Premiere,24.9,8646,66,9,51,6,49719.49
2023-12-04,49,MA,Nordeste,Familia,49.9,16315,107,11,101,-5,188018.13
2023-12-04,49,MA,Nordeste,HBO,34.9,10199,59,4,56,-1,82204.41
2023-12-04,49,MA,Nordeste,Telecine,29.9,8170,58,4,44,10,56416.4
2023-12-04,49,MA,Nordeste,Premiere,24.9,6123,45,5,37,3,35210.79
2023-12-04,49,PB,Nordeste,Familia,49.9,9593,54,5,56,-7,110552.12
2023-12-04,49,PB,Nordeste,HBO,34.9,5998,36,2,36,-2,48344.16
2023-12-04,49,PB,Nordeste,Telecine,29.9,4800,28,2,26,0,33145.5
2023-12-04,49,PB,Nordeste,Premiere,24.9,3598,23,3,22,-2,20690.58
2023-12-04,49,RN,Nordeste,Familia,49.9,8640,57,6,51,0,99569.52
2023-12-04,49,RN,Nordeste,HBO,34.9,5399,35,2,34,-1,43516.19
2023-12-04,49,RN,Nordeste,Telecine,29.9,4322,29,2,25,2,29844.76
2023-12-04,49,RN,Nordeste,Premiere,24.9,3244,24,3,17,4,18654.87
2023-12-04,49,AL,Nordeste,Familia,49.9,7685,51,5,41,5,88563.86
2023-12-04,49,AL,Nordeste,HBO,34.9,4793,23,2,28,-7,38631.8
2023-12-04,49,AL,Nordeste,Telecine,29.9,3843,25,1,21,3,26537.11
2023-12-04,49,AL,Nordeste,Premiere,24.9,2883,21,3,15,3,16578.91
2023-12-04,49,SE,Nordeste,Familia,49.9,5281,36,4,31,1,60859.56
2023-12-04,49,SE,Nordeste,HBO,34.9,3301,22,1,20,1,26606.21
2023-12-04,49,SE,Nordeste,Telecine,29.9,2639,16,1,16,-1,18223.12
2023-12-04,49,SE,Nordeste,Premiere,24.9,1982,13,1,10,2,11397.64
2023-12-04,49,PI,Nordeste,Familia,49.9,7686,51,4,41,6,88575.38
2023-12-04,49,PI,Nordeste,HBO,34.9,4795,26,2,29,-5,38647.92
2023-12-04,49,PI,Nordeste,Telecine,29.9,3840,23,1,22,0,26516.4
2023-12-04,49,PI,Nordeste,Premiere,24.9,2881,18,2,15,1,16567.41
2023-12-04,49,GO,Centro-Oeste,Familia,49.9,15827,97,10,100,-13,182394.3
2023-12-04,49,GO,Centro-Oeste,HBO,34.9,9905,65,4,56,5,79834.76
2023-12-04,49,GO,Centro-Oeste,Telecine,29.9,7921,47,2,44,1,54696.97
2023-12-04,49,GO,Centro-Oeste,Premiere,24.9,5942,43,5,36,2,34169.93
2023-12-04,49,MT,Centro-Oeste,Familia,49.9,8154,48,5,49,-6,93968.73
2023-12-04,49,MT,Centro-Oeste,HBO,34.9,5098,28,1,29,-2,41090.12
2023-12-04,49,MT,Centro-Oeste,Telecine,29.9,4079,23,1,23,-1,28166.77
2023-12-04,49,MT,Centro-Oeste,Premiere,24.9,3064,23,3,16,4,17619.77
2023-12-04,49,MS,Centro-Oeste,Familia,49.9,6244,41,4,33,4,71957.41
2023-12-04,49,MS,Centro-Oeste,HBO,34.9,3898,23,1,24,-2,31418.06
2023-12-04,49,MS,Centro-Oeste,Telecine,29.9,3123,21,1,17,3,21565.29
2023-12-04,49,MS,Centro-Oeste,Premiere,24.9,2342,17,2,13,2,13467.85
2023-12-04,49,DF,Centro-Oeste,Familia,49.9,6721,41,5,35,1,77454.48
2023-12-04,49,DF,Centro-Oeste,HBO,34.9,4205,29,2,22,5,33892.49
2023-12-04,49,DF,Centro-Oeste,Telecine,29.9,3361,21,1,19,1,23208.75
2023-12-04,49,DF,Centro-Oeste,Premiere,24.9,2522,19,2,15,2,14502.96
2023-12-04,49,AM,Norte,Familia,49.9,9604,64,6,54,4,110678.89
2023-12-04,49,AM,Norte,HBO,34.9,6004,38,2,32,4,48392.52
2023-12-04,49,AM,Norte,Telecine,29.9,4799,28,1,28,-1,33138.59
2023-12-04,49,AM,Norte,Premiere,24.9,3603,26,3,20,3,20719.33
2023-12-04,49,PA,Norte,Familia,49.9,20141,116,13,122,-19,232109.91
2023-12-04,49,PA,Norte,HBO,34.9,12605,83,7,71,5,101596.88
2023-12-04,49,PA,Norte,Telecine,29.9,10086,67,5,56,6,69646.97
2023-12-04,49,PA,Norte,Premiere,24.9,7567,56,7,42,7,43514.62
2023-12-04,49,RO,Norte,Familia,49.9,3836,21,2,23,-4,44207.02
2023-12-04,49,RO,Norte,HBO,34.9,2399,12,0,13,-1,19336.05
2023-12-04,49,RO,Norte,Telecine,29.9,1921,12,0,11,1,13265.1
2023-12-04,49,RO,Norte,Premiere,24.9,1441,10,1,8,1,8286.58
2023-12-04,49,AC,Norte,Familia,49.9,1919,11,1,11,-1,22115.03
2023-12-04,49,AC,Norte,HBO,34.9,1201,7,0,6,1,9680.12
2023-12-04,49,AC,Norte,Telecine,29.9,960,5,0,5,0,6629.1
2023-12-04,49,AC,Norte,Premiere,24.9,721,5,0,4,1,4146.17
2023-12-04,49,RR,Norte,Familia,49.9,1440,8,0,8,0,16594.92
2023-12-04,49,RR,Norte,HBO,34.9,900,5,0,5,0,7254.04
2023-12-04,49,RR,Norte,Telecine,29.9,720,4,0,4,0,4971.82
2023-12-04,49,RR,Norte,Premiere,24.9,542,4,0,2,2,3116.81
2023-12-04,49,AP,Norte,Familia,49.9,1919,11,1,11,-1,22115.03
2023-12-04,49,AP,Norte,HBO,34.9,1200,7,0,7,0,9672.06
2023-12-04,49,AP,Norte,Telecine,29.9,961,6,0,5,1,6636.0
2023-12-04,49,AP,Norte,Premiere,24.9,722,5,0,3,2,4151.92
2023-12-04,49,TO,Norte,Familia,49.9,3363,22,2,17,3,38756.05
2023-12-04,49,TO,Norte,HBO,34.9,2102,14,1,11,2,16942.22
2023-12-04,49,TO,Norte,Telecine,29.9,1681,10,0,9,1,11607.83
2023-12-04,49,TO,Norte,Premiere,24.9,1261,9,1,7,1,7251.48
2023-12-11,50,SP,Sudeste,Familia,49.9,104716,738,88,574,76,1206773.3
2023-12-11,50,SP,Sudeste,HBO,34.9,65441,466,36,389,41,527457.48
2023-12-11,50,SP,Sudeste,Telecine,29.9,52404,390,28,278,84,361865.96
2023-12-11,50,SP,Sudeste,Premiere,24.9,39250,289,43,236,10,225710.16
2023-12-11,50,RJ,Sudeste,Familia,49.9,39357,243,24,222,-3,453559.88
2023-12-11,50,RJ,Sudeste,HBO,34.9,24622,168,12,134,22,198454.46
2023-12-11,50,RJ,Sudeste,Telecine,29.9,19699,135,9,107,19,136027.74
2023-12-11,50,RJ,Sudeste,Premiere,24.9,14783,120,18,79,23,85010.79
2023-12-11,50,MG,Sudeste,Familia,49.9,48957,298,29,272,-3,564192.68
2023-12-11,50,MG,Sudeste,HBO,34.9,30613,211,14,183,14,246742.19
2023-12-11,50,MG,Sudeste,Telecine,29.9,24500,171,11,140,20,169180.14
2023-12-11,50,MG,Sudeste,Premiere,24.9,18373,135,21,100,14,105655.36
2023-12-11,50,ES,Sudeste,Familia,49.9,9126,64,6,52,6,105170.3
2023-12-11,50,ES,Sudeste,HBO,34.9,5703,39,2,34,3,45966.44
2023-12-11,50,ES,Sudeste,Telecine,29.9,4563,29,2,24,3,31508.94
2023-12-11,50,ES,Sudeste,Premiere,24.9,3424,29,4,21,4,19689.98
2023-12-11,50,PR,Sul,Familia,49.9,26872,181,19,170,-8,309679.63
2023-12-11,50,PR,Sul,HBO,34.9,16807,114,8,99,7,135465.2
2023-12-11,50,PR,Sul,Telecine,29.9,13449,95,5,81,9,92869.54
2023-12-11,50,PR,Sul,Premiere,24.9,10088,80,12,60,8,58011.82
2023-12-11,50,SC,Sul,Familia,49.9,17284,113,10,99,4,199185.13
2023-12-11,50,SC,Sul,HBO,34.9,10798,62,4,60,-2,87032.38
2023-12-11,50,SC,Sul,Telecine,29.9,8638,55,3,54,-2,59648.08
2023-12-11,50,SC,Sul,Premiere,24.9,6485,47,6,36,5,37292.49
2023-12-11,50,RS,Sul,Familia,49.9,26915,205,25,145,35,310175.17
2023-12-11,50,RS,Sul,HBO,34.9,16802,116,8,106,2,135424.9
2023-12-11,50,RS,Sul,Telecine,29.9,13452,87,5,70,12,92890.25
2023-12-11,50,RS,Sul,Premiere,24.9,10089,76,12,55,9,58017.58
2023-12-11,50,BA,Nordeste,Familia,49.9,34563,222,21,198,3,398312.63
2023-12-11,50,BA,Nordeste,HBO,34.9,21606,144,11,127,6,174145.36
2023-12-11,50,BA,Nordeste,Telecine,29.9,17289,120,8,103,9,119385.94
2023-12-11,50,BA,Nordeste,Premiere,24.9,12974,98,15,69,14,74607.99
2023-12-11,50,CE,Nordeste,Familia,49.9,21601,139,13,125,1,248935.31
2023-12-11,50,CE,Nordeste,HBO,34.9,13506,88,6,76,6,108858.98
2023-12-11,50,CE,Nordeste,Telecine,29.9,10801,67,4,62,1,74584.27
2023-12-11,50,CE,Nordeste,Premiere,24.9,8108,62,9,45,8,46625.68
2023-12-11,50,PE,Nordeste,Familia,49.9,23052,151,14,125,12,265657.0
2023-12-11,50,PE,Nordeste,HBO,34.9,14409,91,7,75,9,116137.21
2023-12-11,50,PE,Nordeste,Telecine,29.9,11542,88,6,60,22,79701.11
2023-12-11,50,PE,Nordeste,Premiere,24.9,8645,62,9,48,5,49713.74
2023-12-11,50,MA,Nordeste,Familia,49.9,16320,103,11,92,0,188075.75
2023-12-11,50,MA,Nordeste,HBO,34.9,10214,72,5,53,14,82325.31
2023-12-11,50,MA,Nordeste,Telecine,29.9,8170,57,4,43,10,56416.4
2023-12-11,50,MA,Nordeste,Premiere,24.9,6121,45,6,38,1,35199.28
2023-12-11,50,PB,Nordeste,Familia,49.9,9600,60,7,53,0,110632.79
2023-12-11,50,PB,Nordeste,HBO,34.9,6004,41,3,34,4,48392.52
2023-12-11,50,PB,Nordeste,Telecine,29.9,4802,32,2,28,2,33159.31
2023-12-11,50,PB,Nordeste,Premiere,24.9,3599,24,3,22,-1,20696.33
2023-12-11,50,RN,Nordeste,Familia,49.9,8643,54,6,45,3,99604.09
2023-12-11,50,RN,Nordeste,HBO,34.9,5399,33,2,32,-1,43516.19
2023-12-11,50,RN,Nordeste,Telecine,29.9,4324,32,2,26,4,29858.57
2023-12-11,50,RN,Nordeste,Premiere,24.9,3244,24,2,18,4,18654.87
2023-12-11,50,AL,Nordeste,Familia,49.9,7678,51,5,48,-2,88483.19
2023-12-11,50,AL,Nordeste,HBO,34.9,4801,30,2,27,1,38696.28
2023-12-11,50,AL,Nordeste,Telecine,29.9,3842,25,1,22,2,26530.21
2023-12-11,50,AL,Nordeste,Premiere,24.9,2883,22,2,17,3,16578.91
2023-12-11,50,SE,Nordeste,Familia,49.9,5279,35,4,32,-1,60836.51
2023-12-11,50,SE,Nordeste,HBO,34.9,3299,19,1,19,-1,26590.09
2023-12-11,50,SE,Nordeste,Telecine,29.9,2639,16,1,16,-1,18223.12
2023-12-11,50,SE,Nordeste,Premiere,24.9,1982,16,2,12,2,11397.64
2023-12-11,50,PI,Nordeste,Familia,49.9,7679,50,5,46,-1,88494.71
2023-12-11,50,PI,Nordeste,HBO,34.9,4800,32,2,30,0,38688.22
2023-12-11,50,PI,Nordeste,Telecine,29.9,3844,28,2,22,4,26544.02
2023-12-11,50,PI,Nordeste,Premiere,24.9,2882,21,3,16,2,16573.16
2023-12-11,50,GO,Centro-Oeste,Familia,49.9,15833,98,10,95,-7,182463.44
2023-12-11,50,GO,Centro-Oeste,HBO,34.9,9905,64,5,54,5,79834.76
2023-12-11,50,GO,Centro-Oeste,Telecine,29.9,7916,48,3,49,-4,54662.45
2023-12-11,50,GO,Centro-Oeste,Premiere,24.9,5943,44,6,35,3,34175.68
2023-12-11,50,MT,Centro-Oeste,Familia,49.9,8157,50,5,48,-3,94003.3
2023-12-11,50,MT,Centro-Oeste,HBO,34.9,5101,34,2,31,1,41114.3
2023-12-11,50,MT,Centro-Oeste,Telecine,29.9,4081,28,2,25,1,28180.58
2023-12-11,50,MT,Centro-Oeste,Premiere,24.9,3065,24,3,16,5,17625.52
2023-12-11,50,MS,Centro-Oeste,Familia,49.9,6249,45,4,32,9,72015.03
2023-12-11,50,MS,Centro-Oeste,HBO,34.9,3901,25,1,23,1,31442.24
2023-12-11,50,MS,Centro-Oeste,Telecine,29.9,3118,17,1,18,-2,21530.76
2023-12-11,50,MS,Centro-Oeste,Premiere,24.9,2343,17,2,12,3,13473.6
2023-12-11,50,DF,Centro-Oeste,Familia,49.9,6723,46,4,39,3,77477.53
2023-12-11,50,DF,Centro-Oeste,HBO,34.9,4204,31,2,25,4,33884.43
2023-12-11,50,DF,Centro-Oeste,Telecine,29.9,3360,21,1,20,0,23201.85
2023-12-11,50,DF,Centro-Oeste,Premiere,24.9,2523,18,2,13,3,14508.71
2023-12-11,50,AM,Norte,Familia,49.9,9602,65,6,57,2,110655.84
2023-12-11,50,AM,Norte,HBO,34.9,6005,41,2,34,5,48400.58
2023-12-11,50,AM,Norte,Telecine,29.9,4803,31,1,27,3,33166.21
2023-12-11,50,AM,Norte,Premiere,24.9,3604,27,3,20,4,20725.08
2023-12-11,50,PA,Norte,Familia,49.9,20164,132,15,113,4,232374.97
2023-12-11,50,PA,Norte,HBO,34.9,12605,81,6,70,5,101596.88
2023-12-11,50,PA,Norte,Telecine,29.9,10096,74,5,53,16,69716.03
2023-12-11,50,PA,Norte,Premiere,24.9,7560,50,6,44,0,43474.36
2023-12-11,50,RO,Norte,Familia,49.9,3836,20,2,22,-4,44207.02
2023-12-11,50,RO,Norte,HBO,34.9,2399,14,1,14,-1,19336.05
2023-12-11,50,RO,Norte,Telecine,29.9,1921,12,0,11,1,13265.1
2023-12-11,50,RO,Norte,Premiere,24.9,1443,12,1,8,3,8298.08
2023-12-11,50,AC,Norte,Familia,49.9,1921,13,1,11,1,22138.08
2023-12-11,50,AC,Norte,HBO,34.9,1201,7,0,6,1,9680.12
2023-12-11,50,AC,Norte,Telecine,29.9,960,6,0,6,0,6629.1
2023-12-11,50,AC,Norte,Premiere,24.9,722,5,0,3,2,4151.92
2023-12-11,50,RR,Norte,Familia,49.9,1442,10,0,8,2,16617.97
2023-12-11,50,RR,Norte,HBO,34.9,901,6,0,5,1,7262.1
2023-12-11,50,RR,Norte,Telecine,29.9,719,3,0,4,-1,4964.92
2023-12-11,50,RR,Norte,Premiere,24.9,541,3,0,2,1,3111.06
2023-12-11,50,AP,Norte,Familia,49.9,1923,15,1,11,3,22161.13
2023-12-11,50,AP,Norte,HBO,34.9,1201,8,0,7,1,9680.12
2023-12-11,50,AP,Norte,Telecine,29.9,961,6,0,5,1,6636.0
2023-12-11,50,AP,Norte,Premiere,24.9,722,5,0,3,2,4151.92
2023-12-11,50,TO,Norte,Familia,49.9,3358,20,2,20,-2,38698.43
2023-12-11,50,TO,Norte,HBO,34.9,2102,14,1,11,2,16942.22
2023-12-11,50,TO,Norte,Telecine,29.9,1681,11,0,10,1,11607.83
2023-12-11,50,TO,Norte,Premiere,24.9,1261,9,1,7,1,7251.48
2023-12-18,51,SP,Sudeste,Familia,49.9,104593,615,75,587,-47,1205355.82
2023-12-18,51,SP,Sudeste,HBO,34.9,65391,419,29,399,-9,527054.48
2023-12-18,51,SP,Sudeste,Telecine,29.9,52289,316,23,324,-31,361071.85
2023-12-18,51,SP,Sudeste,Premiere,24.9,39245,280,37,238,5,225681.41
2023-12-18,51,RJ,Sudeste,Familia,49.9,39339,254,27,248,-21,453352.45
2023-12-18,51,RJ,Sudeste,HBO,34.9,24604,161,14,143,4,198309.38
2023-12-18,51,RJ,Sudeste,Telecine,29.9,19682,119,7,110,2,135910.35
2023-12-18,51,RJ,Sudeste,Premiere,24.9,14760,99,12,87,0,84878.52
2023-12-18,51,MG,Sudeste,Familia,49.9,48939,284,34,271,-21,563985.24
2023-12-18,51,MG,Sudeste,HBO,34.9,30591,200,17,191,-8,246564.87
2023-12-18,51,MG,Sudeste,Telecine,29.9,24491,151,9,131,11,169117.99
2023-12-18,51,MG,Sudeste,Premiere,24.9,18383,153,21,108,24,105712.86
2023-12-18,51,ES,Sudeste,Familia,49.9,9123,61,6,52,3,105135.73
2023-12-18,51,ES,Sudeste,HBO,34.9,5700,34,2,32,0,45942.26
2023-12-18,51,ES,Sudeste,Telecine,29.9,4565,32,2,25,5,31522.75
2023-12-18,51,ES,Sudeste,Premiere,24.9,3420,24,3,21,0,19666.97
2023-12-18,51,PR,Sul,Familia,49.9,26891,169,17,141,11,309898.59
2023-12-18,51,PR,Sul,HBO,34.9,16804,104,8,92,4,135441.02
2023-12-18,51,PR,Sul,Telecine,29.9,13438,79,5,76,-2,92793.58
2023-12-18,51,PR,Sul,Premiere,24.9,10083,72,10,59,3,57983.07
2023-12-18,51,SC,Sul,Familia,49.9,17280,103,10,93,0,199139.03
2023-12-18,51,SC,Sul,HBO,34.9,10806,74,5,63,6,87096.86
2023-12-18,51,SC,Sul,Telecine,29.9,8645,56,3,48,5,59696.42
2023-12-18,51,SC,Sul,Premiere,24.9,6485,51,7,39,5,37292.49
2023-12-18,51,RS,Sul,Familia,49.9,26884,166,17,145,4,309817.92
2023-12-18,51,RS,Sul,HBO,34.9,16810,116,8,98,10,135489.38
2023-12-18,51,RS,Sul,Telecine,29.9,13445,80,5,70,5,92841.92
2023-12-18,51,RS,Sul,Premiere,24.9,10082,69,8,59,2,57977.32
2023-12-18,51,BA,Nordeste,Familia,49.9,34554,204,20,190,-6,398208.91
2023-12-18,51,BA,Nordeste,HBO,34.9,21596,136,10,130,-4,174064.76
2023-12-18,51,BA,Nordeste,Telecine,29.9,17298,117,9,90,18,119448.08
2023-12-18,51,BA,Nordeste,Premiere,24.9,12975,107,14,78,15,74613.74
2023-12-18,51,CE,Nordeste,Familia,49.9,21577,127,15,135,-23,248658.73
2023-12-18,51,CE,Nordeste,HBO,34.9,13496,80,7,77,-4,108778.38
2023-12-18,51,CE,Nordeste,Telecine,29.9,10796,64,4,64,-4,74549.75
2023-12-18,51,CE,Nordeste,Premiere,24.9,8104,55,8,43,4,46602.68
2023-12-18,51,PE,Nordeste,Familia,49.9,23037,136,13,126,-3,265484.13
2023-12-18,51,PE,Nordeste,HBO,34.9,14394,85,6,85,-6,116016.3
2023-12-18,51,PE,Nordeste,Telecine,29.9,11527,74,5,62,7,79597.53
2023-12-18,51,PE,Nordeste,Premiere,24.9,8643,60,8,49,3,49702.24
2023-12-18,51,MA,Nordeste,Familia,49.9,16320,108,10,98,0,188075.75
2023-12-18,51,MA,Nordeste,HBO,34.9,10198,62,4,60,-2,82196.35
2023-12-18,51,MA,Nordeste,Telecine,29.9,8162,49,3,44,2,56361.15
2023-12-18,51,MA,Nordeste,Premiere,24.9,6125,44,6,33,5,35222.29
2023-12-18,51,PB,Nordeste,Familia,49.9,9600,59,5,54,0,110632.79
2023-12-18,51,PB,Nordeste,HBO,34.9,6006,40,3,31,6,48408.64
2023-12-18,51,PB,Nordeste,Telecine,29.9,4804,32,2,26,4,33173.12
2023-12-18,51,PB,Nordeste,Premiere,24.9,3598,22,2,22,-2,20690.58
2023-12-18,51,RN,Nordeste,Familia,49.9,8633,53,6,54,-7,99488.85
2023-12-18,51,RN,Nordeste,HBO,34.9,5396,32,2,34,-4,43492.01
2023-12-18,51,RN,Nordeste,Telecine,29.9,4324,31,2,25,4,29858.57
2023-12-18,51,RN,Nordeste,Premiere,24.9,3245,25,3,17,5,18660.62
2023-12-18,51,AL,Nordeste,Familia,49.9,7675,40,4,41,-5,88448.61
2023-12-18,51,AL,Nordeste,HBO,34.9,4800,29,2,27,0,38688.22
2023-12-18,51,AL,Nordeste,Telecine,29.9,3838,23,1,24,-2,26502.59
2023-12-18,51,AL,Nordeste,Premiere,24.9,2884,21,2,15,4,16584.67
2023-12-18,51,SE,Nordeste,Familia,49.9,5284,37,4,29,4,60894.13
2023-12-18,51,SE,Nordeste,HBO,34.9,3302,22,1,19,2,26614.27
2023-12-18,51,SE,Nordeste,Telecine,29.9,2640,16,1,15,0,18230.02
2023-12-18,51,SE,Nordeste,Premiere,24.9,1980,14,2,12,0,11386.14
2023-12-18,51,PI,Nordeste,Familia,49.9,7671,41,4,46,-9,88402.52
2023-12-18,51,PI,Nordeste,HBO,34.9,4800,30,2,28,0,38688.22
2023-12-18,51,PI,Nordeste,Telecine,29.9,3841,25,1,23,1,26523.3
2023-12-18,51,PI,Nordeste,Premiere,24.9,2879,17,2,16,-1,16555.91
2023-12-18,51,GO,Centro-Oeste,Familia,49.9,15849,103,12,82,9,182647.83
2023-12-18,51,GO,Centro-Oeste,HBO,34.9,9905,66,5,56,5,79834.76
2023-12-18,51,GO,Centro-Oeste,Telecine,29.9,7922,50,3,45,2,54703.88
2023-12-18,51,GO,Centro-Oeste,Premiere,24.9,5948,45,5,32,8,34204.43
2023-12-18,51,MT,Centro-Oeste,Familia,49.9,8157,52,5,50,-3,94003.3
2023-12-18,51,MT,Centro-Oeste,HBO,34.9,5099,33,2,32,-1,41098.18
2023-12-18,51,MT,Centro-Oeste,Telecine,29.9,4080,25,1,24,0,28173.67
2023-12-18,51,MT,Centro-Oeste,Premiere,24.9,3065,24,3,16,5,17625.52
2023-12-18,51,MS,Centro-Oeste,Familia,49.9,6236,37,3,38,-4,71865.22
2023-12-18,51,MS,Centro-Oeste,HBO,34.9,3903,24,1,20,3,31458.36
2023-12-18,51,MS,Centro-Oeste,Telecine,29.9,3122,22,1,19,2,21558.38
2023-12-18,51,MS,Centro-Oeste,Premiere,24.9,2340,16,2,14,0,13456.35
2023-12-18,51,DF,Centro-Oeste,Familia,49.9,6727,49,5,37,7,77523.63
2023-12-18,51,DF,Centro-Oeste,HBO,34.9,4204,29,2,23,4,33884.43
2023-12-18,51,DF,Centro-Oeste,Telecine,29.9,3364,24,1,19,4,23229.47
2023-12-18,51,DF,Centro-Oeste,Premiere,24.9,2520,16,2,14,0,14491.45
2023-12-18,51,AM,Norte,Familia,49.9,9600,58,5,53,0,110632.79
2023-12-18,51,AM,Norte,HBO,34.9,5999,38,2,37,-1,48352.22
2023-12-18,51,AM,Norte,Telecine,29.9,4800,31,1,30,0,33145.5
2023-12-18,51,AM,Norte,Premiere,24.9,3598,23,3,22,-2,20690.58
2023-12-18,51,PA,Norte,Familia,49.9,20151,119,14,114,-9,232225.15
2023-12-18,51,PA,Norte,HBO,34.9,12594,73,5,74,-6,101508.22
2023-12-18,51,PA,Norte,Telecine,29.9,10079,62,3,60,-1,69598.64
2023-12-18,51,PA,Norte,Premiere,24.9,7563,50,7,40,3,43491.62
2023-12-18,51,RO,Norte,Familia,49.9,3839,24,2,23,-1,44241.59
2023-12-18,51,RO,Norte,HBO,34.9,2400,13,1,12,0,19344.11
2023-12-18,51,RO,Norte,Telecine,29.9,1921,12,0,11,1,13265.1
2023-12-18,51,RO,Norte,Premiere,24.9,1443,11,1,7,3,8298.08
2023-12-18,51,AC,Norte,Familia,49.9,1920,12,1,11,0,22126.56
2023-12-18,51,AC,Norte,HBO,34.9,1200,7,0,7,0,9672.06
2023-12-18,51,AC,Norte,Telecine,29.9,960,5,0,5,0,6629.1
2023-12-18,51,AC,Norte,Premiere,24.9,721,5,0,4,1,4146.17
2023-12-18,51,RR,Norte,Familia,49.9,1441,9,0,8,1,16606.44
2023-12-18,51,RR,Norte,HBO,34.9,900,5,0,5,0,7254.04
2023-12-18,51,RR,Norte,Telecine,29.9,721,4,0,3,1,4978.73
2023-12-18,51,RR,Norte,Premiere,24.9,541,4,0,3,1,3111.06
2023-12-18,51,AP,Norte,Familia,49.9,1920,12,1,11,0,22126.56
2023-12-18,51,AP,Norte,HBO,34.9,1201,7,0,6,1,9680.12
2023-12-18,51,AP,Norte,Telecine,29.9,960,6,0,6,0,6629.1
2023-12-18,51,AP,Norte,Premiere,24.9,721,5,0,4,1,4146.17
2023-12-18,51,TO,Norte,Familia,49.9,3359,21,2,20,-1,38709.95
2023-12-18,51,TO,Norte,HBO,34.9,2103,15,1,11,3,16950.28
2023-12-18,51,TO,Norte,Telecine,29.9,1680,10,0,10,0,11600.92
2023-12-18,51,TO,Norte,Premiere,24.9,1262,10,1,7,2,7257.23
2023-12-25,52,SP,Sudeste,Familia,49.9,104732,721,78,551,92,1206957.69
2023-12-25,52,SP,Sudeste,HBO,34.9,65397,424,37,390,-3,527102.84
2023-12-25,52,SP,Sudeste,Telecine,29.9,52324,344,26,314,4,361313.53
2023-12-25,52,SP,Sudeste,Premiere,24.9,39254,283,35,234,14,225733.16
2023-12-25,52,RJ,Sudeste,Familia,49.9,39359,249,26,224,-1,453582.93
2023-12-25,52,RJ,Sudeste,HBO,34.9,24604,168,11,153,4,198309.38
2023-12-25,52,RJ,Sudeste,Telecine,29.9,19695,140,8,117,15,136000.12
2023-12-25,52,RJ,Sudeste,Premiere,24.9,14764,112,16,92,4,84901.52
2023-12-25,52,MG,Sudeste,Familia,49.9,48920,278,26,292,-40,563766.28
2023-12-25,52,MG,Sudeste,HBO,34.9,30624,216,16,175,25,246830.85
2023-12-25,52,MG,Sudeste,Telecine,29.9,24493,164,12,139,13,169131.8
2023-12-25,52,MG,Sudeste,Premiere,24.9,18378,137,18,100,19,105684.11
2023-12-25,52,ES,Sudeste,Familia,49.9,9116,55,6,53,-4,105055.06
2023-12-25,52,ES,Sudeste,HBO,34.9,5702,35,2,31,2,45958.38
2023-12-25,52,ES,Sudeste,Telecine,29.9,4563,32,1,28,3,31508.94
2023-12-25,52,ES,Sudeste,Premiere,24.9,3429,29,3,17,9,19718.73
2023-12-25,52,PR,Sul,Familia,49.9,26897,174,17,140,17,309967.74
2023-12-25,52,PR,Sul,HBO,34.9,16796,102,7,99,-4,135376.54
2023-12-25,52,PR,Sul,Telecine,29.9,13447,84,5,72,7,92855.73
2023-12-25,52,PR,Sul,Premiere,24.9,10089,71,9,53,9,58017.58
2023-12-25,52,SC,Sul,Familia,49.9,17289,111,11,91,9,199242.75
2023-12-25,52,SC,Sul,HBO,34.9,10794,66,5,67,-6,87000.14
2023-12-25,52,SC,Sul,Telecine,29.9,8640,58,4,54,0,59661.89
2023-12-25,52,SC,Sul,Premiere,24.9,6484,49,7,38,4,37286.74
2023-12-25,52,RS,Sul,Familia,49.9,26850,158,18,170,-30,309426.1
2023-12-25,52,RS,Sul,HBO,34.9,16795,104,8,101,-5,135368.48
2023-12-25,52,RS,Sul,Telecine,29.9,13427,68,4,77,-13,92717.62
2023-12-25,52,RS,Sul,Premiere,24.9,10083,73,9,61,3,57983.07
2023-12-25,52,BA,Nordeste,Familia,49.9,34573,227,23,191,13,398427.88
2023-12-25,52,BA,Nordeste,HBO,34.9,21606,136,11,119,6,174145.36
2023-12-25,52,BA,Nordeste,Telecine,29.9,17285,109,8,96,5,119358.31
2023-12-25,52,BA,Nordeste,Premiere,24.9,12962,92,13,77,2,74538.98
2023-12-25,52,CE,Nordeste,Familia,49.9,21612,143,15,116,12,249062.08
2023-12-25,52,CE,Nordeste,HBO,34.9,13506,88,6,76,6,108858.98
2023-12-25,52,CE,Nordeste,Telecine,29.9,10804,74,5,65,4,74604.99
2023-12-25,52,CE,Nordeste,Premiere,24.9,8100,57,8,49,0,46579.68
2023-12-25,52,PE,Nordeste,Familia,49.9,23030,141,17,134,-10,265403.46
2023-12-25,52,PE,Nordeste,HBO,34.9,14418,104,7,79,18,116209.75
2023-12-25,52,PE,Nordeste,Telecine,29.9,11532,76,4,60,12,79632.06
2023-12-25,52,PE,Nordeste,Premiere,24.9,8641,64,9,54,1,49690.74
2023-12-25,52,MA,Nordeste,Familia,49.9,16316,98,11,91,-4,188029.65
2023-12-25,52,MA,Nordeste,HBO,34.9,10199,58,5,54,-1,82204.41
2023-12-25,52,MA,Nordeste,Telecine,29.9,8158,50,3,49,-2,56333.53
2023-12-25,52,MA,Nordeste,Premiere,24.9,6121,44,5,38,1,35199.28
2023-12-25,52,PB,Nordeste,Familia,49.9,9610,68,6,52,10,110748.04
2023-12-25,52,PB,Nordeste,HBO,34.9,5998,35,2,35,-2,48344.16
2023-12-25,52,PB,Nordeste,Telecine,29.9,4803,32,2,27,3,33166.21
2023-12-25,52,PB,Nordeste,Premiere,24.9,3602,27,4,21,2,20713.58
2023-12-25,52,RN,Nordeste,Familia,49.9,8637,55,6,52,-3,99534.94
2023-12-25,52,RN,Nordeste,HBO,34.9,5400,34,2,32,0,43524.25
2023-12-25,52,RN,Nordeste,Telecine,29.9,4320,26,1,25,0,29830.95
2023-12-25,52,RN,Nordeste,Premiere,24.9,3242,23,3,18,2,18643.37
2023-12-25,52,AL,Nordeste,Familia,49.9,7677,47,4,46,-3,88471.66
2023-12-25,52,AL,Nordeste,HBO,34.9,4801,31,2,28,1,38696.28
2023-12-25,52,AL,Nordeste,Telecine,29.9,3842,25,1,22,2,26530.21
2023-12-25,52,AL,Nordeste,Premiere,24.9,2881,21,3,17,1,16567.41
2023-12-25,52,SE,Nordeste,Familia,49.9,5278,32,3,31,-2,60824.99
2023-12-25,52,SE,Nordeste,HBO,34.9,3303,22,1,18,3,26622.33
2023-12-25,52,SE,Nordeste,Telecine,29.9,2642,17,1,14,2,18243.83
2023-12-25,52,SE,Nordeste,Premiere,24.9,1982,14,1,11,2,11397.64
2023-12-25,52,PI,Nordeste,Familia,49.9,7679,43,4,40,-1,88494.71
2023-12-25,52,PI,Nordeste,HBO,34.9,4803,33,2,28,3,38712.4
2023-12-25,52,PI,Nordeste,Telecine,29.9,3843,24,1,20,3,26537.11
2023-12-25,52,PI,Nordeste,Premiere,24.9,2883,20,2,15,3,16578.91
2023-12-25,52,GO,Centro-Oeste,Familia,49.9,15843,98,11,84,3,182578.68
2023-12-25,52,GO,Centro-Oeste,HBO,34.9,9913,72,5,54,13,79899.24
2023-12-25,52,GO,Centro-Oeste,Telecine,29.9,7922,48,3,43,2,54703.88
2023-12-25,52,GO,Centro-Oeste,Premiere,24.9,5944,46,5,37,4,34181.43
2023-12-25,52,MT,Centro-Oeste,Familia,49.9,8164,57,6,47,4,94083.97
2023-12-25,52,MT,Centro-Oeste,HBO,34.9,5101,33,2,30,1,41114.3
2023-12-25,52,MT,Centro-Oeste,Telecine,29.9,4080,25,1,24,0,28173.67
2023-12-25,52,MT,Centro-Oeste,Premiere,24.9,3060,21,3,18,0,17596.77
2023-12-25,52,MS,Centro-Oeste,Familia,49.9,6238,38,3,37,-2,71888.27
2023-12-25,52,MS,Centro-Oeste,HBO,34.9,3900,23,2,21,0,31434.18
2023-12-25,52,MS,Centro-Oeste,Telecine,29.9,3120,19,1,18,0,21544.57
2023-12-25,52,MS,Centro-Oeste,Premiere,24.9,2341,16,1,14,1,13462.1
2023-12-25,52,DF,Centro-Oeste,Familia,49.9,6719,42,5,38,-1,77431.43
2023-12-25,52,DF,Centro-Oeste,HBO,34.9,4201,27,2,24,1,33860.25
2023-12-25,52,DF,Centro-Oeste,Telecine,29.9,3360,22,1,21,0,23201.85
2023-12-25,52,DF,Centro-Oeste,Premiere,24.9,2522,19,2,15,2,14502.96
2023-12-25,52,AM,Norte,Familia,49.9,9592,56,5,59,-8,110540.6
2023-12-25,52,AM,Norte,HBO,34.9,6001,39,3,35,1,48368.34
2023-12-25,52,AM,Norte,Telecine,29.9,4806,34,2,26,6,33186.93
2023-12-25,52,AM,Norte,Premiere,24.9,3601,26,3,22,1,20707.83
2023-12-25,52,PA,Norte,Familia,49.9,20138,115,14,123,-22,232075.33
2023-12-25,52,PA,Norte,HBO,34.9,12595,80,5,80,-5,101516.28
2023-12-25,52,PA,Norte,Telecine,29.9,10077,60,3,60,-3,69584.83
2023-12-25,52,PA,Norte,Premiere,24.9,7568,57,8,41,8,43520.37
2023-12-25,52,RO,Norte,Familia,49.9,3841,23,2,20,1,44264.64
2023-12-25,52,RO,Norte,HBO,34.9,2400,14,0,14,0,19344.11
2023-12-25,52,RO,Norte,Telecine,29.9,1922,12,0,10,2,13272.01
2023-12-25,52,RO,Norte,Premiere,24.9,1441,11,1,9,1,8286.58
2023-12-25,52,AC,Norte,Familia,49.9,1919,11,1,11,-1,22115.03
2023-12-25,52,AC,Norte,HBO,34.9,1202,8,0,6,2,9688.18
2023-12-25,52,AC,Norte,Telecine,29.9,961,6,0,5,1,6636.0
2023-12-25,52,AC,Norte,Premiere,24.9,721,5,0,4,1,4146.17
2023-12-25,52,RR,Norte,Familia,49.9,1439,9,1,9,-1,16583.39
2023-12-25,52,RR,Norte,HBO,34.9,900,5,0,5,0,7254.04
2023-12-25,52,RR,Norte,Telecine,29.9,721,4,0,3,1,4978.73
2023-12-25,52,RR,Norte,Premiere,24.9,540,3,0,3,0,3105.31
2023-12-25,52,AP,Norte,Familia,49.9,1920,11,1,10,0,22126.56
2023-12-25,52,AP,Norte,HBO,34.9,1201,7,0,6,1,9680.12
2023-12-25,52,AP,Norte,Telecine,29.9,961,6,0,5,1,6636.0
2023-12-25,52,AP,Norte,Premiere,24.9,721,5,0,4,1,4146.17
2023-12-25,52,TO,Norte,Familia,49.9,3361,22,2,19,1,38733.0
2023-12-25,52,TO,Norte,HBO,34.9,2103,14,0,11,3,16950.28
2023-12-25,52,TO,Norte,Telecine,29.9,1680,10,0,10,0,11600.92
2023-12-25,52,TO,Norte,Premiere,24.9,1262,9,1,6,2,7257.23
2024-01-01,53,SP,Sudeste,Familia,49.9,104575,659,65,659,-65,1205148.38
2024-01-01,53,SP,Sudeste,HBO,34.9,65366,377,26,385,-34,526852.98
2024-01-01,53,SP,Sudeste,Telecine,29.9,52280,271,18,293,-40,361009.7
2024-01-01,53,SP,Sudeste,Premiere,24.9,39179,201,32,230,-61,225301.87
2024-01-01,53,RJ,Sudeste,Familia,49.9,39386,256,24,206,26,453894.09
2024-01-01,53,RJ,Sudeste,HBO,34.9,24591,158,12,155,-9,198204.6
2024-01-01,53,RJ,Sudeste,Telecine,29.9,19649,101,8,124,-31,135682.47
2024-01-01,53,RJ,Sudeste,Premiere,24.9,14733,77,11,93,-27,84723.26
2024-01-01,53,MG,Sudeste,Familia,49.9,48946,276,31,259,-14,564065.91
2024-01-01,53,MG,Sudeste,HBO,34.9,30616,203,14,172,17,246766.37
2024-01-01,53,MG,Sudeste,Telecine,29.9,24485,153,11,137,5,169076.56
2024-01-01,53,MG,Sudeste,Premiere,24.9,18318,83,13,111,-41,105339.08
2024-01-01,53,ES,Sudeste,Familia,49.9,9113,52,4,55,-7,105020.48
2024-01-01,53,ES,Sudeste,HBO,34.9,5700,36,2,34,0,45942.26
2024-01-01,53,ES,Sudeste,Telecine,29.9,4558,23,1,24,-2,31474.41
2024-01-01,53,ES,Sudeste,Premiere,24.9,3415,15,1,19,-5,19638.22
2024-01-01,53,PR,Sul,Familia,49.9,26874,163,16,153,-6,309702.68
2024-01-01,53,PR,Sul,HBO,34.9,16804,100,8,88,4,135441.02
2024-01-01,53,PR,Sul,Telecine,29.9,13434,71,5,72,-6,92765.96
2024-01-01,53,PR,Sul,Premiere,24.9,10068,53,7,58,-12,57896.81
2024-01-01,53,SC,Sul,Familia,49.9,17259,92,8,105,-21,198897.02
2024-01-01,53,SC,Sul,HBO,34.9,10788,58,4,66,-12,86951.78
2024-01-01,53,SC,Sul,Telecine,29.9,8644,52,3,45,4,59689.52
2024-01-01,53,SC,Sul,Premiere,24.9,6466,28,3,39,-14,37183.23
2024-01-01,53,RS,Sul,Familia,49.9,26860,149,16,153,-20,309541.34
2024-01-01,53,RS,Sul,HBO,34.9,16800,100,8,92,0,135408.78
2024-01-01,53,RS,Sul,Telecine,29.9,13440,84,6,78,0,92807.39
2024-01-01,53,RS,Sul,Premiere,24.9,10067,51,7,57,-13,57891.06
2024-01-01,53,BA,Nordeste,Familia,49.9,34559,211,21,191,-1,398266.54
2024-01-01,53,BA,Nordeste,HBO,34.9,21598,124,11,115,-2,174080.88
2024-01-01,53,BA,Nordeste,Telecine,29.9,17284,113,7,102,4,119351.41
2024-01-01,53,BA,Nordeste,Premiere,24.9,12950,70,11,69,-10,74469.98
2024-01-01,53,CE,Nordeste,Familia,49.9,21600,127,12,115,0,248923.79
2024-01-01,53,CE,Nordeste,HBO,34.9,13490,72,6,76,-10,108730.02
2024-01-01,53,CE,Nordeste,Telecine,29.9,10800,70,5,65,0,74577.37
2024-01-01,53,CE,Nordeste,Premiere,24.9,8097,47,5,45,-3,46562.42
2024-01-01,53,PE,Nordeste,Familia,49.9,23050,159,17,132,10,265633.95
2024-01-01,53,PE,Nordeste,HBO,34.9,14394,81,6,81,-6,116016.3
2024-01-01,53,PE,Nordeste,Telecine,29.9,11525,73,4,64,5,79583.72
2024-01-01,53,PE,Nordeste,Premiere,24.9,8623,42,5,54,-17,49587.23
2024-01-01,53,MA,Nordeste,Familia,49.9,16301,91,9,101,-19,187856.79
2024-01-01,53,MA,Nordeste,HBO,34.9,10192,56,4,60,-8,82147.99
2024-01-01,53,MA,Nordeste,Telecine,29.9,8159,45,2,44,-1,56340.44
2024-01-01,53,MA,Nordeste,Premiere,24.9,6106,24,3,35,-14,35113.03
2024-01-01,53,PB,Nordeste,Familia,49.9,9590,54,5,59,-10,110517.55
2024-01-01,53,PB,Nordeste,HBO,34.9,5998,38,3,37,-2,48344.16
2024-01-01,53,PB,Nordeste,Telecine,29.9,4797,26,1,28,-3,33124.78
2024-01-01,53,PB,Nordeste,Premiere,24.9,3598,20,2,20,-2,20690.58
2024-01-01,53,RN,Nordeste,Familia,49.9,8636,46,5,45,-4,99523.42
2024-01-01,53,RN,Nordeste,HBO,34.9,5388,23,1,34,-12,43427.53
2024-01-01,53,RN,Nordeste,Telecine,29.9,4323,29,1,25,3,29851.66
2024-01-01,53,RN,Nordeste,Premiere,24.9,3235,16,2,19,-5,18603.12
2024-01-01,53,AL,Nordeste,Familia,49.9,7678,45,4,43,-2,88483.19
2024-01-01,53,AL,Nordeste,HBO,34.9,4801,30,2,27,1,38696.28
2024-01-01,53,AL,Nordeste,Telecine,29.9,3841,23,1,21,1,26523.3
2024-01-01,53,AL,Nordeste,Premiere,24.9,2876,14,1,17,-4,16538.66
2024-01-01,53,SE,Nordeste,Familia,49.9,5276,29,3,30,-4,60801.94
2024-01-01,53,SE,Nordeste,HBO,34.9,3298,18,1,19,-2,26582.03
2024-01-01,53,SE,Nordeste,Telecine,29.9,2638,14,0,16,-2,18216.21
2024-01-01,53,SE,Nordeste,Premiere,24.9,1977,9,1,11,-3,11368.89
2024-01-01,53,PI,Nordeste,Familia,49.9,7681,47,5,41,1,88517.76
2024-01-01,53,PI,Nordeste,HBO,34.9,4796,27,2,29,-4,38655.98
2024-01-01,53,PI,Nordeste,Telecine,29.9,3836,21,1,24,-4,26488.78
2024-01-01,53,PI,Nordeste,Premiere,24.9,2875,12,1,16,-5,16532.91
2024-01-01,53,GO,Centro-Oeste,Familia,49.9,15837,100,9,94,-3,182509.54
2024-01-01,53,GO,Centro-Oeste,HBO,34.9,9905,63,5,53,5,79834.76
2024-01-01,53,GO,Centro-Oeste,Telecine,29.9,7912,41,3,46,-8,54634.83
2024-01-01,53,GO,Centro-Oeste,Premiere,24.9,5927,25,3,35,-13,34083.67
2024-01-01,53,MT,Centro-Oeste,Familia,49.9,8158,54,5,51,-2,94014.83
2024-01-01,53,MT,Centro-Oeste,HBO,34.9,5094,26,2,30,-6,41057.88
2024-01-01,53,MT,Centro-Oeste,Telecine,29.9,4078,22,1,23,-2,28159.86
2024-01-01,53,MT,Centro-Oeste,Premiere,24.9,3054,14,2,18,-6,17562.26
2024-01-01,53,MS,Centro-Oeste,Familia,49.9,6237,35,4,34,-3,71876.74
2024-01-01,53,MS,Centro-Oeste,HBO,34.9,3901,24,1,22,1,31442.24
2024-01-01,53,MS,Centro-Oeste,Telecine,29.9,3121,19,1,17,1,21551.48
2024-01-01,53,MS,Centro-Oeste,Premiere,24.9,2337,12,1,14,-3,13439.1
2024-01-01,53,DF,Centro-Oeste,Familia,49.9,6719,40,4,37,-1,77431.43
2024-01-01,53,DF,Centro-Oeste,HBO,34.9,4199,24,1,24,-1,33844.13
2024-01-01,53,DF,Centro-Oeste,Telecine,29.9,3360,21,1,20,0,23201.85
2024-01-01,53,DF,Centro-Oeste,Premiere,24.9,2515,11,1,15,-5,14462.7
2024-01-01,53,AM,Norte,Familia,49.9,9590,52,6,56,-10,110517.55
2024-01-01,53,AM,Norte,HBO,34.9,5997,36,2,37,-3,48336.1
2024-01-01,53,AM,Norte,Telecine,29.9,4798,29,1,30,-2,33131.69
2024-01-01,53,AM,Norte,Premiere,24.9,3597,19,2,20,-3,20684.83
2024-01-01,53,PA,Norte,Familia,49.9,20118,95,10,127,-42,231844.85
2024-01-01,53,PA,Norte,HBO,34.9,12603,80,5,72,3,101580.76
2024-01-01,53,PA,Norte,Telecine,29.9,10071,58,4,63,-9,69543.39
2024-01-01,53,PA,Norte,Premiere,24.9,7551,41,5,45,-9,43422.61
2024-01-01,53,RO,Norte,Familia,49.9,3841,23,2,20,1,44264.64
2024-01-01,53,RO,Norte,HBO,34.9,2399,13,1,13,-1,19336.05
2024-01-01,53,RO,Norte,Telecine,29.9,1920,11,0,11,0,13258.2
2024-01-01,53,RO,Norte,Premiere,24.9,1439,7,0,8,-1,8275.08
2024-01-01,53,AC,Norte,Familia,49.9,1922,13,1,10,2,22149.61
2024-01-01,53,AC,Norte,HBO,34.9,1200,7,0,7,0,9672.06
2024-01-01,53,AC,Norte,Telecine,29.9,960,5,0,5,0,6629.1
2024-01-01,53,AC,Norte,Premiere,24.9,719,3,0,4,-1,4134.67
2024-01-01,53,RR,Norte,Familia,49.9,1439,8,1,8,-1,16583.39
2024-01-01,53,RR,Norte,HBO,34.9,900,5,0,5,0,7254.04
2024-01-01,53,RR,Norte,Telecine,29.9,720,4,0,4,0,4971.82
2024-01-01,53,RR,Norte,Premiere,24.9,539,2,0,3,-1,3099.56
2024-01-01,53,AP,Norte,Familia,49.9,1919,11,1,11,-1,22115.03
2024-01-01,53,AP,Norte,HBO,34.9,1200,7,0,7,0,9672.06
2024-01-01,53,AP,Norte,Telecine,29.9,958,4,0,6,-2,6615.29
2024-01-01,53,AP,Norte,Premiere,24.9,720,3,0,3,0,4140.42
2024-01-01,53,TO,Norte,Familia,49.9,3359,19,2,18,-1,38709.95
2024-01-01,53,TO,Norte,HBO,34.9,2097,10,0,13,-3,16901.92
2024-01-01,53,TO,Norte,Telecine,29.9,1679,9,0,10,-1,11594.02
2024-01-01,53,TO,Norte,Premiere,24.9,1259,6,0,7,-1,7239.98
2024-01-08,54,SP,Sudeste,Familia,49.9,104564,560,66,570,-76,1205021.62
2024-01-08,54,SP,Sudeste,HBO,34.9,65374,360,26,360,-26,526917.46
2024-01-08,54,SP,Sudeste,Telecine,29.9,52354,340,20,286,34,361520.69
2024-01-08,54,SP,Sudeste,Premiere,24.9,39201,207,28,218,-39,225428.38
2024-01-08,54,RJ,Sudeste,Familia,49.9,39343,228,26,219,-17,453398.55
2024-01-08,54,RJ,Sudeste,HBO,34.9,24580,143,12,151,-20,198115.94
2024-01-08,54,RJ,Sudeste,Telecine,29.9,19680,124,9,115,0,135896.54
2024-01-08,54,RJ,Sudeste,Premiere,24.9,14736,74,9,89,-24,84740.51
2024-01-08,54,MG,Sudeste,Familia,49.9,48918,293,35,300,-42,563743.23
2024-01-08,54,MG,Sudeste,HBO,34.9,30585,164,13,165,-14,246516.51
2024-01-08,54,MG,Sudeste,Telecine,29.9,24466,142,11,145,-14,168945.36
2024-01-08,54,MG,Sudeste,Premiere,24.9,18319,85,10,115,-40,105344.83
2024-01-08,54,ES,Sudeste,Familia,49.9,9111,51,5,55,-9,104997.44
2024-01-08,54,ES,Sudeste,HBO,34.9,5696,33,2,35,-4,45910.02
2024-01-08,54,ES,Sudeste,Telecine,29.9,4557,26,1,28,-3,31467.51
2024-01-08,54,ES,Sudeste,Premiere,24.9,3412,15,2,21,-8,19620.97
2024-01-08,54,PR,Sul,Familia,49.9,26879,169,18,152,-1,309760.3
2024-01-08,54,PR,Sul,HBO,34.9,16786,96,7,103,-14,135295.94
2024-01-08,54,PR,Sul,Telecine,29.9,13444,79,5,70,4,92835.01
2024-01-08,54,PR,Sul,Premiere,24.9,10070,49,6,53,-10,57908.31
2024-01-08,54,SC,Sul,Familia,49.9,17273,93,9,91,-7,199058.36
2024-01-08,54,SC,Sul,HBO,34.9,10795,59,5,59,-5,87008.2
2024-01-08,54,SC,Sul,Telecine,29.9,8638,52,3,51,-2,59648.08
2024-01-08,54,SC,Sul,Premiere,24.9,6467,30,4,39,-13,37188.98
2024-01-08,54,RS,Sul,Familia,49.9,26862,157,19,156,-18,309564.39
2024-01-08,54,RS,Sul,HBO,34.9,16791,102,7,104,-9,135336.24
2024-01-08,54,RS,Sul,Telecine,29.9,13442,82,4,76,2,92821.2
2024-01-08,54,RS,Sul,Premiere,24.9,10067,49,7,55,-13,57891.06
2024-01-08,54,BA,Nordeste,Familia,49.9,34523,199,22,214,-37,397851.66
2024-01-08,54,BA,Nordeste,HBO,34.9,21595,133,11,127,-5,174056.7
2024-01-08,54,BA,Nordeste,Telecine,29.9,17266,97,6,105,-14,119227.11
2024-01-08,54,BA,Nordeste,Premiere,24.9,12928,56,7,81,-32,74343.46
2024-01-08,54,CE,Nordeste,Familia,49.9,21579,116,11,126,-21,248681.78
2024-01-08,54,CE,Nordeste,HBO,34.9,13489,65,4,72,-11,108721.96
2024-01-08,54,CE,Nordeste,Telecine,29.9,10788,57,3,66,-12,74494.5
2024-01-08,54,CE,Nordeste,Premiere,24.9,8090,41,5,46,-10,46522.17
2024-01-08,54,PE,Nordeste,Familia,49.9,23007,125,15,143,-33,265138.41
2024-01-08,54,PE,Nordeste,HBO,34.9,14387,83,5,91,-13,115959.88
2024-01-08,54,PE,Nordeste,Telecine,29.9,11514,62,3,65,-6,79507.76
2024-01-08,54,PE,Nordeste,Premiere,24.9,8627,40,5,48,-13,49610.23
2024-01-08,54,MA,Nordeste,Familia,49.9,16308,96,10,98,-12,187937.46
2024-01-08,54,MA,Nordeste,HBO,34.9,10202,61,5,54,2,82228.59
2024-01-08,54,MA,Nordeste,Telecine,29.9,8155,45,3,47,-5,56312.82
2024-01-08,54,MA,Nordeste,Premiere,24.9,6105,24,3,36,-15,35107.27
2024-01-08,54,PB,Nordeste,Familia,49.9,9599,59,5,55,-1,110621.27
2024-01-08,54,PB,Nordeste,HBO,34.9,6003,39,2,34,3,48384.46
2024-01-08,54,PB,Nordeste,Telecine,29.9,4799,27,1,27,-1,33138.59
2024-01-08,54,PB,Nordeste,Premiere,24.9,3595,18,2,21,-5,20673.33
2024-01-08,54,RN,Nordeste,Familia,49.9,8628,42,4,50,-12,99431.22
2024-01-08,54,RN,Nordeste,HBO,34.9,5396,30,2,32,-4,43492.01
2024-01-08,54,RN,Nordeste,Telecine,29.9,4317,24,1,26,-3,29810.23
2024-01-08,54,RN,Nordeste,Premiere,24.9,3236,18,2,20,-4,18608.87
2024-01-08,54,AL,Nordeste,Familia,49.9,7677,41,4,40,-3,88471.66
2024-01-08,54,AL,Nordeste,HBO,34.9,4800,27,1,26,0,38688.22
2024-01-08,54,AL,Nordeste,Telecine,29.9,3838,21,1,22,-2,26502.59
2024-01-08,54,AL,Nordeste,Premiere,24.9,2876,16,2,18,-4,16538.66
2024-01-08,54,SE,Nordeste,Familia,49.9,5279,34,3,32,-1,60836.51
2024-01-08,54,SE,Nordeste,HBO,34.9,3297,18,1,20,-3,26573.97
2024-01-08,54,SE,Nordeste,Telecine,29.9,2639,14,1,14,-1,18223.12
2024-01-08,54,SE,Nordeste,Premiere,24.9,1976,9,1,12,-4,11363.14
2024-01-08,54,PI,Nordeste,Familia,49.9,7674,44,4,46,-6,88437.09
2024-01-08,54,PI,Nordeste,HBO,34.9,4798,27,2,27,-2,38672.1
2024-01-08,54,PI,Nordeste,Telecine,29.9,3838,22,1,23,-2,26502.59
2024-01-08,54,PI,Nordeste,Premiere,24.9,2876,14,1,17,-4,16538.66
2024-01-08,54,GO,Centro-Oeste,Familia,49.9,15842,97,11,84,2,182567.16
2024-01-08,54,GO,Centro-Oeste,HBO,34.9,9897,54,4,53,-3,79770.28
2024-01-08,54,GO,Centro-Oeste,Telecine,29.9,7915,40,2,43,-5,54655.54
2024-01-08,54,GO,Centro-Oeste,Premiere,24.9,5930,27,3,34,-10,34100.92
2024-01-08,54,MT,Centro-Oeste,Familia,49.9,8147,40,4,49,-13,93888.06
2024-01-08,54,MT,Centro-Oeste,HBO,34.9,5096,29,2,31,-4,41074.0
2024-01-08,54,MT,Centro-Oeste,Telecine,29.9,4083,25,1,21,3,28194.39
2024-01-08,54,MT,Centro-Oeste,Premiere,24.9,3056,16,2,18,-4,17573.76
2024-01-08,54,MS,Centro-Oeste,Familia,49.9,6234,34,3,37,-6,71842.17
2024-01-08,54,MS,Centro-Oeste,HBO,34.9,3899,20,1,20,-1,31426.12
2024-01-08,54,MS,Centro-Oeste,Telecine,29.9,3119,16,1,16,-1,21537.67
2024-01-08,54,MS,Centro-Oeste,Premiere,24.9,2337,11,1,13,-3,13439.1
2024-01-08,54,DF,Centro-Oeste,Familia,49.9,6711,35,3,41,-9,77339.24
2024-01-08,54,DF,Centro-Oeste,HBO,34.9,4199,22,1,22,-1,33844.13
2024-01-08,54,DF,Centro-Oeste,Telecine,29.9,3357,18,1,20,-3,23181.13
2024-01-08,54,DF,Centro-Oeste,Premiere,24.9,2520,14,1,13,0,14491.45
2024-01-08,54,AM,Norte,Familia,49.9,9602,58,6,50,2,110655.84
2024-01-08,54,AM,Norte,HBO,34.9,6001,36,2,33,1,48368.34
2024-01-08,54,AM,Norte,Telecine,29.9,4795,25,1,29,-5,33110.97
2024-01-08,54,AM,Norte,Premiere,24.9,3593,17,2,22,-7,20661.82
2024-01-08,54,PA,Norte,Familia,49.9,20156,127,12,119,-4,232282.77
2024-01-08,54,PA,Norte,HBO,34.9,12596,65,4,65,-4,101524.34
2024-01-08,54,PA,Norte,Telecine,29.9,10077,57,4,56,-3,69584.83
2024-01-08,54,PA,Norte,Premiere,24.9,7552,39,5,42,-8,43428.36
2024-01-08,54,RO,Norte,Familia,49.9,3840,22,2,20,0,44253.12
2024-01-08,54,RO,Norte,HBO,34.9,2401,15,1,13,1,19352.17
2024-01-08,54,RO,Norte,Telecine,29.9,1920,10,0,10,0,13258.2
2024-01-08,54,RO,Norte,Premiere,24.9,1438,6,0,8,-2,8269.33
2024-01-08,54,AC,Norte,Familia,49.9,1920,9,0,9,0,22126.56
2024-01-08,54,AC,Norte,HBO,34.9,1199,6,0,7,-1,9664.0
2024-01-08,54,AC,Norte,Telecine,29.9,960,5,0,5,0,6629.1
2024-01-08,54,AC,Norte,Premiere,24.9,719,3,0,4,-1,4134.67
2024-01-08,54,RR,Norte,Familia,49.9,1440,8,0,8,0,16594.92
2024-01-08,54,RR,Norte,HBO,34.9,901,5,0,4,1,7262.1
2024-01-08,54,RR,Norte,Telecine,29.9,719,3,0,4,-1,4964.92
2024-01-08,54,RR,Norte,Premiere,24.9,539,2,0,3,-1,3099.56
2024-01-08,54,AP,Norte,Familia,49.9,1921,12,1,10,1,22138.08
2024-01-08,54,AP,Norte,HBO,34.9,1199,6,0,7,-1,9664.0
2024-01-08,54,AP,Norte,Telecine,29.9,961,6,0,5,1,6636.0
2024-01-08,54,AP,Norte,Premiere,24.9,719,3,0,4,-1,4134.67
2024-01-08,54,TO,Norte,Familia,49.9,3359,20,1,20,-1,38709.95
2024-01-08,54,TO,Norte,HBO,34.9,2101,12,0,11,1,16934.16
2024-01-08,54,TO,Norte,Telecine,29.9,1679,8,0,9,-1,11594.02
2024-01-08,54,TO,Norte,Premiere,24.9,1259,6,0,7,-1,7239.98
2024-01-15,55,SP,Sudeste,Familia,49.9,104627,633,68,578,-13,1205747.64
2024-01-15,55,SP,Sudeste,HBO,34.9,65339,358,32,387,-61,526635.36
2024-01-15,55,SP,Sudeste,Telecine,29.9,52295,290,20,295,-25,361113.28
2024-01-15,55,SP,Sudeste,Premiere,24.9,39142,145,19,224,-98,225089.1
2024-01-15,55,RJ,Sudeste,Familia,49.9,39357,232,23,212,-3,453559.88
2024-01-15,55,RJ,Sudeste,HBO,34.9,24612,150,10,128,12,198373.86
2024-01-15,55,RJ,Sudeste,Telecine,29.9,19660,111,7,124,-20,135758.43
2024-01-15,55,RJ,Sudeste,Premiere,24.9,14737,72,11,84,-23,84746.26
2024-01-15,55,MG,Sudeste,Familia,49.9,48951,299,37,271,-9,564123.53
2024-01-15,55,MG,Sudeste,HBO,34.9,30585,180,13,181,-14,246516.51
2024-01-15,55,MG,Sudeste,Telecine,29.9,24450,121,7,144,-30,168834.87
2024-01-15,55,MG,Sudeste,Premiere,24.9,18341,92,11,99,-18,105471.34
2024-01-15,55,ES,Sudeste,Familia,49.9,9117,58,5,56,-3,105066.58
2024-01-15,55,ES,Sudeste,HBO,34.9,5703,36,2,31,3,45966.44
2024-01-15,55,ES,Sudeste,Telecine,29.9,4559,25,1,25,-1,31481.32
2024-01-15,55,ES,Sudeste,Premiere,24.9,3415,14,1,18,-5,19638.22
2024-01-15,55,PR,Sul,Familia,49.9,26853,142,16,153,-27,309460.67
2024-01-15,55,PR,Sul,HBO,34.9,16776,85,7,102,-24,135215.33
2024-01-15,55,PR,Sul,Telecine,29.9,13436,75,4,75,-4,92779.77
2024-01-15,55,PR,Sul,Premiere,24.9,10066,49,6,57,-14,57885.31
2024-01-15,55,SC,Sul,Familia,49.9,17272,98,9,97,-8,199046.84
2024-01-15,55,SC,Sul,HBO,34.9,10790,56,4,62,-10,86967.9
2024-01-15,55,SC,Sul,Telecine,29.9,8638,48,3,47,-2,59648.08
2024-01-15,55,SC,Sul,Premiere,24.9,6470,31,3,38,-10,37206.24
2024-01-15,55,RS,Sul,Familia,49.9,26857,166,19,170,-23,309506.77
2024-01-15,55,RS,Sul,HBO,34.9,16768,80,6,106,-32,135150.85
2024-01-15,55,RS,Sul,Telecine,29.9,13438,76,4,74,-2,92793.58
2024-01-15,55,RS,Sul,Premiere,24.9,10061,41,4,56,-19,57856.56
2024-01-15,55,BA,Nordeste,Familia,49.9,34551,195,23,181,-9,398174.34
2024-01-15,55,BA,Nordeste,HBO,34.9,21587,135,12,136,-13,173992.22
2024-01-15,55,BA,Nordeste,Telecine,29.9,17259,93,6,108,-21,119178.78
2024-01-15,55,BA,Nordeste,Premiere,24.9,12937,53,7,69,-23,74395.22
2024-01-15,55,CE,Nordeste,Familia,49.9,21591,127,15,121,-9,248820.07
2024-01-15,55,CE,Nordeste,HBO,34.9,13479,68,4,85,-21,108641.36
2024-01-15,55,CE,Nordeste,Telecine,29.9,10790,62,4,68,-10,74508.31
2024-01-15,55,CE,Nordeste,Premiere,24.9,8085,35,4,46,-15,46493.42
2024-01-15,55,PE,Nordeste,Familia,49.9,23012,123,12,139,-28,265196.03
2024-01-15,55,PE,Nordeste,HBO,34.9,14383,72,5,84,-17,115927.64
2024-01-15,55,PE,Nordeste,Telecine,29.9,11511,61,4,66,-9,79487.04
2024-01-15,55,PE,Nordeste,Premiere,24.9,8617,36,5,54,-23,49552.73
2024-01-15,55,MA,Nordeste,Familia,49.9,16316,91,10,85,-4,188029.65
2024-01-15,55,MA,Nordeste,HBO,34.9,10197,67,6,64,-3,82188.29
2024-01-15,55,MA,Nordeste,Telecine,29.9,8161,47,3,43,1,56354.25
2024-01-15,55,MA,Nordeste,Premiere,24.9,6111,29,4,34,-9,35141.78
2024-01-15,55,PB,Nordeste,Familia,49.9,9595,55,5,55,-5,110575.17
2024-01-15,55,PB,Nordeste,HBO,34.9,5999,32,2,31,-1,48352.22
2024-01-15,55,PB,Nordeste,Telecine,29.9,4798,24,1,25,-2,33131.69
2024-01-15,55,PB,Nordeste,Premiere,24.9,3592,16,2,22,-8,20656.07
2024-01-15,55,RN,Nordeste,Familia,49.9,8631,47,4,52,-9,99465.8
2024-01-15,55,RN,Nordeste,HBO,34.9,5397,33,2,34,-3,43500.07
2024-01-15,55,RN,Nordeste,Telecine,29.9,4321,25,1,23,1,29837.85
2024-01-15,55,RN,Nordeste,Premiere,24.9,3233,13,2,18,-7,18591.62
2024-01-15,55,AL,Nordeste,Familia,49.9,7669,35,3,43,-11,88379.47
2024-01-15,55,AL,Nordeste,HBO,34.9,4797,27,2,28,-3,38664.04
2024-01-15,55,AL,Nordeste,Telecine,29.9,3837,21,1,23,-3,26495.68
2024-01-15,55,AL,Nordeste,Premiere,24.9,2873,11,1,17,-7,16521.41
2024-01-15,55,SE,Nordeste,Familia,49.9,5275,31,3,33,-5,60790.42
2024-01-15,55,SE,Nordeste,HBO,34.9,3301,19,1,17,1,26606.21
2024-01-15,55,SE,Nordeste,Telecine,29.9,2639,15,1,15,-1,18223.12
2024-01-15,55,SE,Nordeste,Premiere,24.9,1978,10,1,11,-2,11374.64
2024-01-15,55,PI,Nordeste,Familia,49.9,7674,41,5,42,-6,88437.09
2024-01-15,55,PI,Nordeste,HBO,34.9,4800,27,2,25,0,38688.22
2024-01-15,55,PI,Nordeste,Telecine,29.9,3841,24,1,22,1,26523.3
2024-01-15,55,PI,Nordeste,Premiere,24.9,2876,13,1,16,-4,16538.66
2024-01-15,55,GO,Centro-Oeste,Familia,49.9,15827,97,10,100,-13,182394.3
2024-01-15,55,GO,Centro-Oeste,HBO,34.9,9902,57,4,51,2,79810.58
2024-01-15,55,GO,Centro-Oeste,Telecine,29.9,7913,44,2,49,-7,54641.73
2024-01-15,55,GO,Centro-Oeste,Premiere,24.9,5933,28,3,32,-7,34118.18
2024-01-15,55,MT,Centro-Oeste,Familia,49.9,8150,44,4,50,-10,93922.63
2024-01-15,55,MT,Centro-Oeste,HBO,34.9,5096,30,2,32,-4,41074.0
2024-01-15,55,MT,Centro-Oeste,Telecine,29.9,4078,23,1,24,-2,28159.86
2024-01-15,55,MT,Centro-Oeste,Premiere,24.9,3053,13,2,18,-7,17556.51
2024-01-15,55,MS,Centro-Oeste,Familia,49.9,6239,42,5,38,-1,71899.79
2024-01-15,55,MS,Centro-Oeste,HBO,34.9,3899,22,1,22,-1,31426.12
2024-01-15,55,MS,Centro-Oeste,Telecine,29.9,3115,15,1,19,-5,21510.05
2024-01-15,55,MS,Centro-Oeste,Premiere,24.9,2335,10,1,14,-5,13427.6
2024-01-15,55,DF,Centro-Oeste,Familia,49.9,6710,35,4,41,-10,77327.71
2024-01-15,55,DF,Centro-Oeste,HBO,34.9,4196,22,1,25,-4,33819.95
2024-01-15,55,DF,Centro-Oeste,Telecine,29.9,3357,18,1,20,-3,23181.13
2024-01-15,55,DF,Centro-Oeste,Premiere,24.9,2516,10,1,13,-4,14468.45
2024-01-15,55,AM,Norte,Familia,49.9,9588,46,5,53,-12,110494.5
2024-01-15,55,AM,Norte,HBO,34.9,5999,36,3,34,-1,48352.22
2024-01-15,55,AM,Norte,Telecine,29.9,4795,24,1,28,-5,33110.97
2024-01-15,55,AM,Norte,Premiere,24.9,3598,18,2,18,-2,20690.58
2024-01-15,55,PA,Norte,Familia,49.9,20134,103,12,117,-26,232029.24
2024-01-15,55,PA,Norte,HBO,34.9,12595,72,5,72,-5,101516.28
2024-01-15,55,PA,Norte,Telecine,29.9,10058,42,3,61,-22,69453.63
2024-01-15,55,PA,Norte,Premiere,24.9,7547,36,5,44,-13,43399.61
2024-01-15,55,RO,Norte,Familia,49.9,3834,19,2,23,-6,44183.97
2024-01-15,55,RO,Norte,HBO,34.9,2398,11,0,13,-2,19327.99
2024-01-15,55,RO,Norte,Telecine,29.9,1918,9,0,11,-2,13244.39
2024-01-15,55,RO,Norte,Premiere,24.9,1439,6,0,7,-1,8275.08
2024-01-15,55,AC,Norte,Familia,49.9,1920,11,1,10,0,22126.56
2024-01-15,55,AC,Norte,HBO,34.9,1200,6,0,6,0,9672.06
2024-01-15,55,AC,Norte,Telecine,29.9,960,5,0,5,0,6629.1
2024-01-15,55,AC,Norte,Premiere,24.9,719,3,0,4,-1,4134.67
2024-01-15,55,RR,Norte,Familia,49.9,1439,7,0,8,-1,16583.39
2024-01-15,55,RR,Norte,HBO,34.9,898,3,0,5,-2,7237.92
2024-01-15,55,RR,Norte,Telecine,29.9,719,3,0,4,-1,4964.92
2024-01-15,55,RR,Norte,Premiere,24.9,539,2,0,3,-1,3099.56
2024-01-15,55,AP,Norte,Familia,49.9,1919,9,0,10,-1,22115.03
2024-01-15,55,AP,Norte,HBO,34.9,1200,7,0,7,0,9672.06
2024-01-15,55,AP,Norte,Telecine,29.9,960,5,0,5,0,6629.1
2024-01-15,55,AP,Norte,Premiere,24.9,719,3,0,4,-1,4134.67
2024-01-15,55,TO,Norte,Familia,49.9,3357,16,1,18,-3,38686.91
2024-01-15,55,TO,Norte,HBO,34.9,2101,13,1,11,1,16934.16
2024-01-15,55,TO,Norte,Telecine,29.9,1679,8,0,9,-1,11594.02
2024-01-15,55,TO,Norte,Premiere,24.9,1258,5,0,7,-2,7234.23
2024-01-22,56,SP,Sudeste,Familia,49.9,104624,638,77,577,-16,1205713.07
2024-01-22,56,SP,Sudeste,HBO,34.9,65415,421,37,369,15,527247.92
2024-01-22,56,SP,Sudeste,Telecine,29.9,52236,262,16,330,-84,360705.87
2024-01-22,56,SP,Sudeste,Premiere,24.9,39162,161,20,219,-78,225204.11
2024-01-22,56,RJ,Sudeste,Familia,49.9,39349,216,21,206,-11,453467.69
2024-01-22,56,RJ,Sudeste,HBO,34.9,24576,138,10,152,-24,198083.7
2024-01-22,56,RJ,Sudeste,Telecine,29.9,19654,105,7,124,-26,135717.0
2024-01-22,56,RJ,Sudeste,Premiere,24.9,14740,69,8,81,-20,84763.51
2024-01-22,56,MG,Sudeste,Familia,49.9,48865,244,30,309,-95,563132.45
2024-01-22,56,MG,Sudeste,HBO,34.9,30590,176,15,170,-9,246556.81
2024-01-22,56,MG,Sudeste,Telecine,29.9,24442,124,9,153,-38,168779.63
2024-01-22,56,MG,Sudeste,Premiere,24.9,18324,85,11,109,-35,105373.58
2024-01-22,56,ES,Sudeste,Familia,49.9,9115,51,5,51,-5,105043.53
2024-01-22,56,ES,Sudeste,HBO,34.9,5698,29,2,29,-2,45926.14
2024-01-22,56,ES,Sudeste,Telecine,29.9,4557,26,2,27,-3,31467.51
2024-01-22,56,ES,Sudeste,Premiere,24.9,3416,16,2,18,-4,19643.97
2024-01-22,56,PR,Sul,Familia,49.9,26889,168,20,139,9,309875.54
2024-01-22,56,PR,Sul,HBO,34.9,16798,105,7,100,-2,135392.66
2024-01-22,56,PR,Sul,Telecine,29.9,13439,79,5,75,-1,92800.48
2024-01-22,56,PR,Sul,Premiere,24.9,10064,52,7,61,-16,57873.81
2024-01-22,56,SC,Sul,Familia,49.9,17256,86,10,100,-24,198862.45
2024-01-22,56,SC,Sul,HBO,34.9,10803,66,5,58,3,87072.68
2024-01-22,56,SC,Sul,Telecine,29.9,8640,53,3,50,0,59661.89
2024-01-22,56,SC,Sul,Premiere,24.9,6467,30,4,39,-13,37188.98
2024-01-22,56,RS,Sul,Familia,49.9,26849,143,17,157,-31,309414.57
2024-01-22,56,RS,Sul,HBO,34.9,16794,91,6,91,-6,135360.42
2024-01-22,56,RS,Sul,Telecine,29.9,13422,68,5,81,-18,92683.09
2024-01-22,56,RS,Sul,Premiere,24.9,10077,57,8,52,-3,57948.57
2024-01-22,56,BA,Nordeste,Familia,49.9,34533,196,24,199,-27,397966.91
2024-01-22,56,BA,Nordeste,HBO,34.9,21610,134,11,113,10,174177.6
2024-01-22,56,BA,Nordeste,Telecine,29.9,17274,92,6,92,-6,119282.36
2024-01-22,56,BA,Nordeste,Premiere,24.9,12952,70,8,70,-8,74481.48
2024-01-22,56,CE,Nordeste,Familia,49.9,21588,131,13,130,-12,248785.5
2024-01-22,56,CE,Nordeste,HBO,34.9,13491,75,5,79,-9,108738.08
2024-01-22,56,CE,Nordeste,Telecine,29.9,10799,64,4,61,-1,74570.46
2024-01-22,56,CE,Nordeste,Premiere,24.9,8091,39,5,43,-9,46527.92
2024-01-22,56,PE,Nordeste,Familia,49.9,23026,124,13,125,-14,265357.37
2024-01-22,56,PE,Nordeste,HBO,34.9,14394,83,7,82,-6,116016.3
2024-01-22,56,PE,Nordeste,Telecine,29.9,11513,66,4,69,-7,79500.85
2024-01-22,56,PE,Nordeste,Premiere,24.9,8628,48,7,53,-12,49615.98
2024-01-22,56,MA,Nordeste,Familia,49.9,16326,105,12,87,6,188144.9
2024-01-22,56,MA,Nordeste,HBO,34.9,10203,60,4,53,3,82236.65
2024-01-22,56,MA,Nordeste,Telecine,29.9,8156,45,3,46,-4,56319.72
2024-01-22,56,MA,Nordeste,Premiere,24.9,6105,24,3,36,-15,35107.27
2024-01-22,56,PB,Nordeste,Familia,49.9,9603,63,7,53,3,110667.37
2024-01-22,56,PB,Nordeste,HBO,34.9,5999,35,3,33,-1,48352.22
2024-01-22,56,PB,Nordeste,Telecine,29.9,4803,29,1,25,3,33166.21
2024-01-22,56,PB,Nordeste,Premiere,24.9,3598,20,2,20,-2,20690.58
2024-01-22,56,RN,Nordeste,Familia,49.9,8634,46,5,47,-6,99500.37
2024-01-22,56,RN,Nordeste,HBO,34.9,5397,32,2,33,-3,43500.07
2024-01-22,56,RN,Nordeste,Telecine,29.9,4318,25,1,26,-2,29817.14
2024-01-22,56,RN,Nordeste,Premiere,24.9,3239,18,2,17,-1,18626.12
2024-01-22,56,AL,Nordeste,Familia,49.9,7676,46,5,45,-4,88460.14
2024-01-22,56,AL,Nordeste,HBO,34.9,4799,25,1,25,-1,38680.16
2024-01-22,56,AL,Nordeste,Telecine,29.9,3839,22,1,22,-1,26509.49
2024-01-22,56,AL,Nordeste,Premiere,24.9,2879,15,1,15,-1,16555.91
2024-01-22,56,SE,Nordeste,Familia,49.9,5272,26,2,32,-8,60755.84
2024-01-22,56,SE,Nordeste,HBO,34.9,3299,18,1,18,-1,26590.09
2024-01-22,56,SE,Nordeste,Telecine,29.9,2639,15,0,16,-1,18223.12
2024-01-22,56,SE,Nordeste,Premiere,24.9,1978,9,1,10,-2,11374.64
2024-01-22,56,PI,Nordeste,Familia,49.9,7676,43,5,42,-4,88460.14
2024-01-22,56,PI,Nordeste,HBO,34.9,4794,23,1,28,-6,38639.86
2024-01-22,56,PI,Nordeste,Telecine,29.9,3841,24,1,22,1,26523.3
2024-01-22,56,PI,Nordeste,Premiere,24.9,2876,13,2,15,-4,16538.66
2024-01-22,56,GO,Centro-Oeste,Familia,49.9,15848,103,11,84,8,182636.3
2024-01-22,56,GO,Centro-Oeste,HBO,34.9,9897,62,4,61,-3,79770.28
2024-01-22,56,GO,Centro-Oeste,Telecine,29.9,7917,46,3,46,-3,54669.35
2024-01-22,56,GO,Centro-Oeste,Premiere,24.9,5935,31,3,33,-5,34129.68
2024-01-22,56,MT,Centro-Oeste,Familia,49.9,8153,48,4,51,-7,93957.21
2024-01-22,56,MT,Centro-Oeste,HBO,34.9,5103,33,2,28,3,41130.42
2024-01-22,56,MT,Centro-Oeste,Telecine,29.9,4080,24,1,23,0,28173.67
2024-01-22,56,MT,Centro-Oeste,Premiere,24.9,3056,15,2,17,-4,17573.76
2024-01-22,56,MS,Centro-Oeste,Familia,49.9,6239,34,3,32,-1,71899.79
2024-01-22,56,MS,Centro-Oeste,HBO,34.9,3901,24,1,22,1,31442.24
2024-01-22,56,MS,Centro-Oeste,Telecine,29.9,3117,16,1,18,-3,21523.86
2024-01-22,56,MS,Centro-Oeste,Premiere,24.9,2338,12,1,13,-2,13444.85
2024-01-22,56,DF,Centro-Oeste,Familia,49.9,6715,37,3,39,-5,77385.33
2024-01-22,56,DF,Centro-Oeste,HBO,34.9,4202,27,2,23,2,33868.31
2024-01-22,56,DF,Centro-Oeste,Telecine,29.9,3358,18,1,19,-2,23188.04
2024-01-22,56,DF,Centro-Oeste,Premiere,24.9,2515,9,1,13,-5,14462.7
2024-01-22,56,AM,Norte,Familia,49.9,9598,54,5,51,-2,110609.75
2024-01-22,56,AM,Norte,HBO,34.9,5996,34,2,36,-4,48328.04
2024-01-22,56,AM,Norte,Telecine,29.9,4795,23,1,27,-5,33110.97
2024-01-22,56,AM,Norte,Premiere,24.9,3595,18,2,21,-5,20673.33
2024-01-22,56,PA,Norte,Familia,49.9,20154,122,13,115,-6,232259.72
2024-01-22,56,PA,Norte,HBO,34.9,12602,79,6,71,2,101572.7
2024-01-22,56,PA,Norte,Telecine,29.9,10073,57,4,60,-7,69557.21
2024-01-22,56,PA,Norte,Premiere,24.9,7542,28,4,42,-18,43370.85
2024-01-22,56,RO,Norte,Familia,49.9,3835,18,2,21,-5,44195.5
2024-01-22,56,RO,Norte,HBO,34.9,2397,12,1,14,-3,19319.93
2024-01-22,56,RO,Norte,Telecine,29.9,1920,11,0,11,0,13258.2
2024-01-22,56,RO,Norte,Premiere,24.9,1439,7,1,7,-1,8275.08
2024-01-22,56,AC,Norte,Familia,49.9,1920,11,1,10,0,22126.56
2024-01-22,56,AC,Norte,HBO,34.9,1200,6,0,6,0,9672.06
2024-01-22,56,AC,Norte,Telecine,29.9,958,4,0,6,-2,6615.29
2024-01-22,56,AC,Norte,Premiere,24.9,720,3,0,3,0,4140.42
2024-01-22,56,RR,Norte,Familia,49.9,1440,7,0,7,0,16594.92
2024-01-22,56,RR,Norte,HBO,34.9,899,4,0,5,-1,7245.98
2024-01-22,56,RR,Norte,Telecine,29.9,720,4,0,4,0,4971.82
2024-01-22,56,RR,Norte,Premiere,24.9,540,3,0,3,0,3105.31
2024-01-22,56,AP,Norte,Familia,49.9,1920,11,1,10,0,22126.56
2024-01-22,56,AP,Norte,HBO,34.9,1199,6,0,7,-1,9664.0
2024-01-22,56,AP,Norte,Telecine,29.9,960,5,0,5,0,6629.1
2024-01-22,56,AP,Norte,Premiere,24.9,719,3,0,4,-1,4134.67
2024-01-22,56,TO,Norte,Familia,49.9,3356,18,2,20,-4,38675.38
2024-01-22,56,TO,Norte,HBO,34.9,2100,12,1,11,0,16926.1
2024-01-22,56,TO,Norte,Telecine,29.9,1681,9,0,8,1,11607.83
2024-01-22,56,TO,Norte,Premiere,24.9,1259,6,0,7,-1,7239.98
2024-01-29,57,SP,Sudeste,Familia,49.9,104607,577,65,545,-33,1205517.16
2024-01-29,57,SP,Sudeste,HBO,34.9,65335,377,27,415,-65,526603.12
2024-01-29,57,SP,Sudeste,Telecine,29.9,52369,366,28,289,49,361624.27
2024-01-29,57,SP,Sudeste,Premiere,24.9,39130,160,24,246,-110,225020.09
2024-01-29,57,RJ,Sudeste,Familia,49.9,39332,238,25,241,-28,453271.78
2024-01-29,57,RJ,Sudeste,HBO,34.9,24563,115,10,142,-37,197978.91
2024-01-29,57,RJ,Sudeste,Telecine,29.9,19671,115,7,117,-9,135834.39
2024-01-29,57,RJ,Sudeste,Premiere,24.9,14729,67,10,88,-31,84700.25
2024-01-29,57,MG,Sudeste,Familia,49.9,48920,260,31,269,-40,563766.28
2024-01-29,57,MG,Sudeste,HBO,34.9,30607,186,14,164,8,246693.83
2024-01-29,57,MG,Sudeste,Telecine,29.9,24476,144,10,138,-4,169014.41
2024-01-29,57,MG,Sudeste,Premiere,24.9,18324,91,13,113,-35,105373.58
2024-01-29,57,ES,Sudeste,Familia,49.9,9121,54,6,47,1,105112.68
2024-01-29,57,ES,Sudeste,HBO,34.9,5694,29,2,33,-6,45893.9
2024-01-29,57,ES,Sudeste,Telecine,29.9,4557,25,1,27,-3,31467.51
2024-01-29,57,ES,Sudeste,Premiere,24.9,3414,17,2,21,-6,19632.47
2024-01-29,57,PR,Sul,Familia,49.9,26859,159,18,162,-21,309529.82
2024-01-29,57,PR,Sul,HBO,34.9,16796,103,8,99,-4,135376.54
2024-01-29,57,PR,Sul,Telecine,29.9,13430,65,4,71,-10,92738.34
2024-01-29,57,PR,Sul,Premiere,24.9,10067,46,5,54,-13,57891.06
2024-01-29,57,SC,Sul,Familia,49.9,17260,85,8,97,-20,198908.55
2024-01-29,57,SC,Sul,HBO,34.9,10789,59,5,65,-11,86959.84
2024-01-29,57,SC,Sul,Telecine,29.9,8641,50,3,46,1,59668.8
2024-01-29,57,SC,Sul,Premiere,24.9,6470,34,5,39,-10,37206.24
2024-01-29,57,RS,Sul,Familia,49.9,26880,187,21,166,0,309771.82
2024-01-29,57,RS,Sul,HBO,34.9,16786,93,6,101,-14,135295.94
2024-01-29,57,RS,Sul,Telecine,29.9,13436,80,5,79,-4,92779.77
2024-01-29,57,RS,Sul,Premiere,24.9,10070,49,6,53,-10,57908.31
2024-01-29,57,BA,Nordeste,Familia,49.9,34569,211,20,182,9,398381.78
2024-01-29,57,BA,Nordeste,HBO,34.9,21587,125,9,129,-13,173992.22
2024-01-29,57,BA,Nordeste,Telecine,29.9,17262,94,7,105,-18,119199.49
2024-01-29,57,BA,Nordeste,Premiere,24.9,12938,58,8,72,-22,74400.97
2024-01-29,57,CE,Nordeste,Familia,49.9,21582,127,12,133,-18,248716.35
2024-01-29,57,CE,Nordeste,HBO,34.9,13482,72,6,84,-18,108665.54
2024-01-29,57,CE,Nordeste,Telecine,29.9,10797,60,3,60,-3,74556.65
2024-01-29,57,CE,Nordeste,Premiere,24.9,8094,46,5,47,-6,46545.17
2024-01-29,57,PE,Nordeste,Familia,49.9,23037,140,17,126,-3,265484.13
2024-01-29,57,PE,Nordeste,HBO,34.9,14397,90,6,87,-3,116040.48
2024-01-29,57,PE,Nordeste,Telecine,29.9,11516,63,4,63,-4,79521.57
2024-01-29,57,PE,Nordeste,Premiere,24.9,8634,46,6,46,-6,49650.48
2024-01-29,57,MA,Nordeste,Familia,49.9,16316,100,9,95,-4,188029.65
2024-01-29,57,MA,Nordeste,HBO,34.9,10208,66,4,54,8,82276.95
2024-01-29,57,MA,Nordeste,Telecine,29.9,8150,38,2,46,-10,56278.29
2024-01-29,57,MA,Nordeste,Premiere,24.9,6112,32,4,36,-8,35147.53
2024-01-29,57,PB,Nordeste,Familia,49.9,9591,56,5,60,-9,110529.08
2024-01-29,57,PB,Nordeste,HBO,34.9,6000,36,2,34,0,48360.28
2024-01-29,57,PB,Nordeste,Telecine,29.9,4801,28,1,26,1,33152.4
2024-01-29,57,PB,Nordeste,Premiere,24.9,3597,18,2,19,-3,20684.83
2024-01-29,57,RN,Nordeste,Familia,49.9,8638,51,6,47,-2,99546.47
2024-01-29,57,RN,Nordeste,HBO,34.9,5400,35,2,33,0,43524.25
2024-01-29,57,RN,Nordeste,Telecine,29.9,4320,27,1,26,0,29830.95
2024-01-29,57,RN,Nordeste,Premiere,24.9,3238,16,1,17,-2,18620.37
2024-01-29,57,AL,Nordeste,Familia,49.9,7679,46,4,43,-1,88494.71
2024-01-29,57,AL,Nordeste,HBO,34.9,4799,27,2,26,-1,38680.16
2024-01-29,57,AL,Nordeste,Telecine,29.9,3840,24,1,23,0,26516.4
2024-01-29,57,AL,Nordeste,Premiere,24.9,2876,16,2,18,-4,16538.66
2024-01-29,57,SE,Nordeste,Familia,49.9,5275,30,3,32,-5,60790.42
2024-01-29,57,SE,Nordeste,HBO,34.9,3298,19,1,20,-2,26582.03
2024-01-29,57,SE,Nordeste,Telecine,29.9,2640,14,0,14,0,18230.02
2024-01-29,57,SE,Nordeste,Premiere,24.9,1977,8,1,10,-3,11368.89
2024-01-29,57,PI,Nordeste,Familia,49.9,7675,44,4,45,-5,88448.61
2024-01-29,57,PI,Nordeste,HBO,34.9,4804,31,2,25,4,38720.46
2024-01-29,57,PI,Nordeste,Telecine,29.9,3841,22,1,20,1,26523.3
2024-01-29,57,PI,Nordeste,Premiere,24.9,2876,13,1,16,-4,16538.66
2024-01-29,57,GO,Centro-Oeste,Familia,49.9,15825,92,9,98,-15,182371.25
2024-01-29,57,GO,Centro-Oeste,HBO,34.9,9893,51,3,55,-7,79738.04
2024-01-29,57,GO,Centro-Oeste,Telecine,29.9,7918,48,3,47,-2,54676.26
2024-01-29,57,GO,Centro-Oeste,Premiere,24.9,5930,23,2,31,-10,34100.92
2024-01-29,57,MT,Centro-Oeste,Familia,49.9,8162,50,5,43,2,94060.92
2024-01-29,57,MT,Centro-Oeste,HBO,34.9,5099,29,2,28,-1,41098.18
2024-01-29,57,MT,Centro-Oeste,Telecine,29.9,4078,24,1,25,-2,28159.86
2024-01-29,57,MT,Centro-Oeste,Premiere,24.9,3055,13,2,16,-5,17568.01
2024-01-29,57,MS,Centro-Oeste,Familia,49.9,6237,37,3,37,-3,71876.74
2024-01-29,57,MS,Centro-Oeste,HBO,34.9,3896,21,1,24,-4,31401.94
2024-01-29,57,MS,Centro-Oeste,Telecine,29.9,3122,19,1,16,2,21558.38
2024-01-29,57,MS,Centro-Oeste,Premiere,24.9,2337,12,1,14,-3,13439.1
2024-01-29,57,DF,Centro-Oeste,Familia,49.9,6717,39,4,38,-3,77408.38
2024-01-29,57,DF,Centro-Oeste,HBO,34.9,4196,23,2,25,-4,33819.95
2024-01-29,57,DF,Centro-Oeste,Telecine,29.9,3359,19,1,19,-1,23194.94
2024-01-29,57,DF,Centro-Oeste,Premiere,24.9,2517,13,2,14,-3,14474.2
2024-01-29,57,AM,Norte,Familia,49.9,9597,59,6,56,-3,110598.22
2024-01-29,57,AM,Norte,HBO,34.9,6005,40,3,32,5,48400.58
2024-01-29,57,AM,Norte,Telecine,29.9,4795,24,1,28,-5,33110.97
2024-01-29,57,AM,Norte,Premiere,24.9,3595,17,2,20,-5,20673.33
2024-01-29,57,PA,Norte,Familia,49.9,20162,131,15,114,2,232351.92
2024-01-29,57,PA,Norte,HBO,34.9,12592,74,5,77,-8,101492.1
2024-01-29,57,PA,Norte,Telecine,29.9,10086,68,4,58,6,69646.97
2024-01-29,57,PA,Norte,Premiere,24.9,7545,35,5,45,-15,43388.11
2024-01-29,57,RO,Norte,Familia,49.9,3846,30,3,21,6,44322.26
2024-01-29,57,RO,Norte,HBO,34.9,2400,15,1,14,0,19344.11
2024-01-29,57,RO,Norte,Telecine,29.9,1922,12,0,10,2,13272.01
2024-01-29,57,RO,Norte,Premiere,24.9,1439,6,0,7,-1,8275.08
2024-01-29,57,AC,Norte,Familia,49.9,1918,10,1,11,-2,22103.51
2024-01-29,57,AC,Norte,HBO,34.9,1199,6,0,7,-1,9664.0
2024-01-29,57,AC,Norte,Telecine,29.9,961,6,0,5,1,6636.0
2024-01-29,57,AC,Norte,Premiere,24.9,720,4,0,4,0,4140.42
2024-01-29,57,RR,Norte,Familia,49.9,1441,9,0,8,1,16606.44
2024-01-29,57,RR,Norte,HBO,34.9,900,5,0,5,0,7254.04
2024-01-29,57,RR,Norte,Telecine,29.9,721,4,0,3,1,4978.73
2024-01-29,57,RR,Norte,Premiere,24.9,539,2,0,3,-1,3099.56
2024-01-29,57,AP,Norte,Familia,49.9,1920,11,1,10,0,22126.56
2024-01-29,57,AP,Norte,HBO,34.9,1200,6,0,6,0,9672.06
2024-01-29,57,AP,Norte,Telecine,29.9,961,6,0,5,1,6636.0
2024-01-29,57,AP,Norte,Premiere,24.9,720,3,0,3,0,4140.42
2024-01-29,57,TO,Norte,Familia,49.9,3359,21,2,20,-1,38709.95
2024-01-29,57,TO,Norte,HBO,34.9,2101,13,1,11,1,16934.16
2024-01-29,57,TO,Norte,Telecine,29.9,1681,11,0,10,1,11607.83
2024-01-29,57,TO,Norte,Premiere,24.9,1260,6,0,6,0,7245.73
2024-02-05,58,SP,Sudeste,Familia,49.9,104659,666,67,580,19,1206116.42
2024-02-05,58,SP,Sudeste,HBO,34.9,65287,324,26,411,-113,526216.24
2024-02-05,58,SP,Sudeste,Telecine,29.9,52317,305,20,288,-3,361265.2
2024-02-05,58,SP,Sudeste,Premiere,24.9,39164,190,26,240,-76,225215.61
2024-02-05,58,RJ,Sudeste,Familia,49.9,39355,231,29,207,-5,453536.84
2024-02-05,58,RJ,Sudeste,HBO,34.9,24589,129,8,132,-11,198188.48
2024-02-05,58,RJ,Sudeste,Telecine,29.9,19667,96,7,102,-13,135806.77
2024-02-05,58,RJ,Sudeste,Premiere,24.9,14737,64,8,79,-23,84746.26
2024-02-05,58,MG,Sudeste,Familia,49.9,48884,265,32,309,-76,563351.41
2024-02-05,58,MG,Sudeste,HBO,34.9,30589,170,13,167,-10,246548.75
2024-02-05,58,MG,Sudeste,Telecine,29.9,24467,124,9,128,-13,168952.26
2024-02-05,58,MG,Sudeste,Premiere,24.9,18319,77,9,108,-40,105344.83
2024-02-05,58,ES,Sudeste,Familia,49.9,9114,54,5,55,-6,105032.01
2024-02-05,58,ES,Sudeste,HBO,34.9,5701,33,2,30,1,45950.32
2024-02-05,58,ES,Sudeste,Telecine,29.9,4559,24,1,24,-1,31481.32
2024-02-05,58,ES,Sudeste,Premiere,24.9,3414,14,2,18,-6,19632.47
2024-02-05,58,PR,Sul,Familia,49.9,26869,151,17,145,-11,309645.06
2024-02-05,58,PR,Sul,HBO,34.9,16803,98,7,88,3,135432.96
2024-02-05,58,PR,Sul,Telecine,29.9,13427,67,5,75,-13,92717.62
2024-02-05,58,PR,Sul,Premiere,24.9,10057,40,6,57,-23,57833.56
2024-02-05,58,SC,Sul,Familia,49.9,17260,96,10,106,-20,198908.55
2024-02-05,58,SC,Sul,HBO,34.9,10790,55,4,61,-10,86967.9
2024-02-05,58,SC,Sul,Telecine,29.9,8636,47,3,48,-4,59634.27
2024-02-05,58,SC,Sul,Premiere,24.9,6466,29,4,39,-14,37183.23
2024-02-05,58,RS,Sul,Familia,49.9,26839,137,14,164,-41,309299.33
2024-02-05,58,RS,Sul,HBO,34.9,16786,96,8,102,-14,135295.94
2024-02-05,58,RS,Sul,Telecine,29.9,13425,62,4,73,-15,92703.81
2024-02-05,58,RS,Sul,Premiere,24.9,10065,48,7,56,-15,57879.56
2024-02-05,58,BA,Nordeste,Familia,49.9,34525,178,21,192,-35,397874.71
2024-02-05,58,BA,Nordeste,HBO,34.9,21590,126,9,127,-10,174016.4
2024-02-05,58,BA,Nordeste,Telecine,29.9,17260,94,7,107,-20,119185.68
2024-02-05,58,BA,Nordeste,Premiere,24.9,12944,75,10,81,-16,74435.47
2024-02-05,58,CE,Nordeste,Familia,49.9,21568,98,10,120,-32,248555.01
2024-02-05,58,CE,Nordeste,HBO,34.9,13491,79,6,82,-9,108738.08
2024-02-05,58,CE,Nordeste,Telecine,29.9,10791,54,3,60,-9,74515.22
2024-02-05,58,CE,Nordeste,Premiere,24.9,8092,40,6,42,-8,46533.67
2024-02-05,58,PE,Nordeste,Familia,49.9,23026,125,14,125,-14,265357.37
2024-02-05,58,PE,Nordeste,HBO,34.9,14381,75,5,89,-19,115911.52
2024-02-05,58,PE,Nordeste,Telecine,29.9,11505,59,4,70,-15,79445.61
2024-02-05,58,PE,Nordeste,Premiere,24.9,8622,41,6,53,-18,49581.48
2024-02-05,58,MA,Nordeste,Familia,49.9,16317,93,9,87,-3,188041.18
2024-02-05,58,MA,Nordeste,HBO,34.9,10191,54,4,59,-9,82139.93
2024-02-05,58,MA,Nordeste,Telecine,29.9,8156,41,3,42,-4,56319.72
2024-02-05,58,MA,Nordeste,Premiere,24.9,6110,30,4,36,-10,35136.03
2024-02-05,58,PB,Nordeste,Familia,49.9,9581,45,5,59,-19,110413.83
2024-02-05,58,PB,Nordeste,HBO,34.9,5996,30,2,32,-4,48328.04
2024-02-05,58,PB,Nordeste,Telecine,29.9,4796,27,1,30,-4,33117.88
2024-02-05,58,PB,Nordeste,Premiere,24.9,3595,17,2,20,-5,20673.33
2024-02-05,58,RN,Nordeste,Familia,49.9,8638,49,4,47,-2,99546.47
2024-02-05,58,RN,Nordeste,HBO,34.9,5395,28,1,32,-5,43483.95
2024-02-05,58,RN,Nordeste,Telecine,29.9,4320,26,1,25,0,29830.95
2024-02-05,58,RN,Nordeste,Premiere,24.9,3236,16,2,18,-4,18608.87
2024-02-05,58,AL,Nordeste,Familia,49.9,7674,38,4,40,-6,88437.09
2024-02-05,58,AL,Nordeste,HBO,34.9,4796,28,2,30,-4,38655.98
2024-02-05,58,AL,Nordeste,Telecine,29.9,3836,19,1,22,-4,26488.78
2024-02-05,58,AL,Nordeste,Premiere,24.9,2876,12,1,15,-4,16538.66
2024-02-05,58,SE,Nordeste,Familia,49.9,5277,28,2,29,-3,60813.46
2024-02-05,58,SE,Nordeste,HBO,34.9,3298,18,1,19,-2,26582.03
2024-02-05,58,SE,Nordeste,Telecine,29.9,2640,15,1,14,0,18230.02
2024-02-05,58,SE,Nordeste,Premiere,24.9,1977,8,1,10,-3,11368.89
2024-02-05,58,PI,Nordeste,Familia,49.9,7673,42,5,44,-7,88425.57
2024-02-05,58,PI,Nordeste,HBO,34.9,4796,24,1,27,-4,38655.98
2024-02-05,58,PI,Nordeste,Telecine,29.9,3838,20,1,21,-2,26502.59
2024-02-05,58,PI,Nordeste,Premiere,24.9,2874,11,1,16,-6,16527.16
2024-02-05,58,GO,Centro-Oeste,Familia,49.9,15826,92,9,97,-14,182382.77
2024-02-05,58,GO,Centro-Oeste,HBO,34.9,9895,53,4,54,-5,79754.16
2024-02-05,58,GO,Centro-Oeste,Telecine,29.9,7913,38,2,43,-7,54641.73
2024-02-05,58,GO,Centro-Oeste,Premiere,24.9,5926,23,3,34,-14,34077.92
2024-02-05,58,MT,Centro-Oeste,Familia,49.9,8156,46,4,46,-4,93991.78
2024-02-05,58,MT,Centro-Oeste,HBO,34.9,5097,26,1,28,-3,41082.06
2024-02-05,58,MT,Centro-Oeste,Telecine,29.9,4079,22,1,22,-1,28166.77
2024-02-05,58,MT,Centro-Oeste,Premiere,24.9,3055,15,2,18,-5,17568.01
2024-02-05,58,MS,Centro-Oeste,Familia,49.9,6229,28,3,36,-11,71784.55
2024-02-05,58,MS,Centro-Oeste,HBO,34.9,3894,17,1,22,-6,31385.82
2024-02-05,58,MS,Centro-Oeste,Telecine,29.9,3118,17,1,18,-2,21530.76
2024-02-05,58,MS,Centro-Oeste,Premiere,24.9,2336,9,1,12,-4,13433.35
2024-02-05,58,DF,Centro-Oeste,Familia,49.9,6710,34,3,41,-10,77327.71
2024-02-05,58,DF,Centro-Oeste,HBO,34.9,4198,23,1,24,-2,33836.07
2024-02-05,58,DF,Centro-Oeste,Telecine,29.9,3360,18,1,17,0,23201.85
2024-02-05,58,DF,Centro-Oeste,Premiere,24.9,2518,12,1,13,-2,14479.95
2024-02-05,58,AM,Norte,Familia,49.9,9586,50,5,59,-14,110471.45
2024-02-05,58,AM,Norte,HBO,34.9,5997,34,2,35,-3,48336.1
2024-02-05,58,AM,Norte,Telecine,29.9,4801,27,1,25,1,33152.4
2024-02-05,58,AM,Norte,Premiere,24.9,3595,15,1,19,-5,20673.33
2024-02-05,58,PA,Norte,Familia,49.9,20145,116,11,120,-15,232156.0
2024-02-05,58,PA,Norte,HBO,34.9,12589,60,4,67,-11,101467.92
2024-02-05,58,PA,Norte,Telecine,29.9,10070,57,4,63,-10,69536.49
2024-02-05,58,PA,Norte,Premiere,24.9,7545,34,4,45,-15,43388.11
2024-02-05,58,RO,Norte,Familia,49.9,3839,23,2,22,-1,44241.59
2024-02-05,58,RO,Norte,HBO,34.9,2400,14,1,13,0,19344.11
2024-02-05,58,RO,Norte,Telecine,29.9,1919,9,0,10,-1,13251.29
2024-02-05,58,RO,Norte,Premiere,24.9,1439,6,0,7,-1,8275.08
2024-02-05,58,AC,Norte,Familia,49.9,1919,10,1,10,-1,22115.03
2024-02-05,58,AC,Norte,HBO,34.9,1200,6,0,6,0,9672.06
2024-02-05,58,AC,Norte,Telecine,29.9,960,5,0,5,0,6629.1
2024-02-05,58,AC,Norte,Premiere,24.9,719,3,0,4,-1,4134.67
2024-02-05,58,RR,Norte,Familia,49.9,1439,7,0,8,-1,16583.39
2024-02-05,58,RR,Norte,HBO,34.9,900,5,0,5,0,7254.04
2024-02-05,58,RR,Norte,Telecine,29.9,720,3,0,3,0,4971.82
2024-02-05,58,RR,Norte,Premiere,24.9,539,2,0,3,-1,3099.56
2024-02-05,58,AP,Norte,Familia,49.9,1918,9,1,10,-2,22103.51
2024-02-05,58,AP,Norte,HBO,34.9,1200,6,0,6,0,9672.06
2024-02-05,58,AP,Norte,Telecine,29.9,960,5,0,5,0,6629.1
2024-02-05,58,AP,Norte,Premiere,24.9,720,3,0,3,0,4140.42
2024-02-05,58,TO,Norte,Familia,49.9,3355,16,1,20,-5,38663.86
2024-02-05,58,TO,Norte,HBO,34.9,2098,10,0,12,-2,16909.98
2024-02-05,58,TO,Norte,Telecine,29.9,1677,7,0,10,-3,11580.21
2024-02-05,58,TO,Norte,Premiere,24.9,1259,6,0,7,-1,7239.98
2024-02-12,59,SP,Sudeste,Familia,49.9,104500,549,53,636,-140,1204284.06
2024-02-12,59,SP,Sudeste,HBO,34.9,65314,360,32,414,-86,526433.86
2024-02-12,59,SP,Sudeste,Telecine,29.9,52292,296,23,301,-28,361092.56
2024-02-12,59,SP,Sudeste,Premiere,24.9,39196,195,26,213,-44,225399.63
2024-02-12,59,RJ,Sudeste,Familia,49.9,39298,192,20,234,-62,452879.95
2024-02-12,59,RJ,Sudeste,HBO,34.9,24577,135,9,149,-23,198091.76
2024-02-12,59,RJ,Sudeste,Telecine,29.9,19675,105,7,103,-5,135862.01
2024-02-12,59,RJ,Sudeste,Premiere,24.9,14750,79,12,77,-10,84821.02
2024-02-12,59,MG,Sudeste,Familia,49.9,48903,284,35,306,-57,563570.37
2024-02-12,59,MG,Sudeste,HBO,34.9,30570,159,10,178,-29,246395.61
2024-02-12,59,MG,Sudeste,Telecine,29.9,24488,168,11,149,8,169097.27
2024-02-12,59,MG,Sudeste,Premiere,24.9,18350,101,12,98,-9,105523.09
2024-02-12,59,ES,Sudeste,Familia,49.9,9116,47,4,47,-4,105055.06
2024-02-12,59,ES,Sudeste,HBO,34.9,5700,35,2,33,0,45942.26
2024-02-12,59,ES,Sudeste,Telecine,29.9,4559,25,1,25,-1,31481.32
2024-02-12,59,ES,Sudeste,Premiere,24.9,3414,14,2,18,-6,19632.47
2024-02-12,59,PR,Sul,Familia,49.9,26847,137,12,158,-33,309391.52
2024-02-12,59,PR,Sul,HBO,34.9,16787,95,8,100,-13,135304.0
2024-02-12,59,PR,Sul,Telecine,29.9,13433,78,5,80,-7,92759.05
2024-02-12,59,PR,Sul,Premiere,24.9,10066,45,5,54,-14,57885.31
2024-02-12,59,SC,Sul,Familia,49.9,17264,101,10,107,-16,198954.64
2024-02-12,59,SC,Sul,HBO,34.9,10788,54,4,62,-12,86951.78
2024-02-12,59,SC,Sul,Telecine,29.9,8627,42,2,53,-13,59572.12
2024-02-12,59,SC,Sul,Premiere,24.9,6477,36,4,35,-3,37246.49
2024-02-12,59,RS,Sul,Familia,49.9,26859,149,15,155,-21,309529.82
2024-02-12,59,RS,Sul,HBO,34.9,16782,90,8,100,-18,135263.7
2024-02-12,59,RS,Sul,Telecine,29.9,13435,80,5,80,-5,92772.86
2024-02-12,59,RS,Sul,Premiere,24.9,10066,50,6,58,-14,57885.31
2024-02-12,59,BA,Nordeste,Familia,49.9,34541,210,25,204,-19,398059.1
2024-02-12,59,BA,Nordeste,HBO,34.9,21567,111,8,136,-33,173831.02
2024-02-12,59,BA,Nordeste,Telecine,29.9,17269,94,6,99,-11,119247.83
2024-02-12,59,BA,Nordeste,Premiere,24.9,12941,67,9,77,-19,74418.22
2024-02-12,59,CE,Nordeste,Familia,49.9,21596,120,12,112,-4,248877.69
2024-02-12,59,CE,Nordeste,HBO,34.9,13494,79,6,79,-6,108762.26
2024-02-12,59,CE,Nordeste,Telecine,29.9,10801,65,4,60,1,74584.27
2024-02-12,59,CE,Nordeste,Premiere,24.9,8091,38,5,42,-9,46527.92
2024-02-12,59,PE,Nordeste,Familia,49.9,23029,131,13,129,-11,265391.94
2024-02-12,59,PE,Nordeste,HBO,34.9,14399,83,5,79,-1,116056.61
2024-02-12,59,PE,Nordeste,Telecine,29.9,11510,62,3,69,-10,79480.14
2024-02-12,59,PE,Nordeste,Premiere,24.9,8635,47,6,46,-5,49656.24
2024-02-12,59,MA,Nordeste,Familia,49.9,16309,100,11,100,-11,187948.98
2024-02-12,59,MA,Nordeste,HBO,34.9,10198,56,4,54,-2,82196.35
2024-02-12,59,MA,Nordeste,Telecine,29.9,8151,41,3,47,-9,56285.2
2024-02-12,59,MA,Nordeste,Premiere,24.9,6106,27,4,37,-14,35113.03
2024-02-12,59,PB,Nordeste,Familia,49.9,9589,49,6,54,-11,110506.03
2024-02-12,59,PB,Nordeste,HBO,34.9,5994,29,2,33,-6,48311.92
2024-02-12,59,PB,Nordeste,Telecine,29.9,4802,30,2,26,2,33159.31
2024-02-12,59,PB,Nordeste,Premiere,24.9,3595,16,2,19,-5,20673.33
2024-02-12,59,RN,Nordeste,Familia,49.9,8639,49,5,45,-1,99557.99
2024-02-12,59,RN,Nordeste,HBO,34.9,5395,28,2,31,-5,43483.95
2024-02-12,59,RN,Nordeste,Telecine,29.9,4315,21,1,25,-5,29796.42
2024-02-12,59,RN,Nordeste,Premiere,24.9,3233,12,1,18,-7,18591.62
2024-02-12,59,AL,Nordeste,Familia,49.9,7671,43,4,48,-9,88402.52
2024-02-12,59,AL,Nordeste,HBO,34.9,4795,24,1,28,-5,38647.92
2024-02-12,59,AL,Nordeste,Telecine,29.9,3841,24,1,22,1,26523.3
2024-02-12,59,AL,Nordeste,Premiere,24.9,2875,13,1,17,-5,16532.91
2024-02-12,59,SE,Nordeste,Familia,49.9,5275,31,3,33,-5,60790.42
2024-02-12,59,SE,Nordeste,HBO,34.9,3297,18,1,20,-3,26573.97
2024-02-12,59,SE,Nordeste,Telecine,29.9,2641,16,1,14,1,18236.93
2024-02-12,59,SE,Nordeste,Premiere,24.9,1978,10,1,11,-2,11374.64
2024-02-12,59,PI,Nordeste,Familia,49.9,7667,33,3,43,-13,88356.42
2024-02-12,59,PI,Nordeste,HBO,34.9,4798,26,2,26,-2,38672.1
2024-02-12,59,PI,Nordeste,Telecine,29.9,3842,23,1,20,2,26530.21
2024-02-12,59,PI,Nordeste,Premiere,24.9,2875,12,1,16,-5,16532.91
2024-02-12,59,GO,Centro-Oeste,Familia,49.9,15832,94,11,91,-8,182451.92
2024-02-12,59,GO,Centro-Oeste,HBO,34.9,9883,43,3,57,-17,79657.44
2024-02-12,59,GO,Centro-Oeste,Telecine,29.9,7916,39,2,41,-4,54662.45
2024-02-12,59,GO,Centro-Oeste,Premiere,24.9,5928,25,3,34,-12,34089.42
2024-02-12,59,MT,Centro-Oeste,Familia,49.9,8147,43,5,51,-13,93888.06
2024-02-12,59,MT,Centro-Oeste,HBO,34.9,5095,26,2,29,-5,41065.94
2024-02-12,59,MT,Centro-Oeste,Telecine,29.9,4077,21,1,23,-3,28152.96
2024-02-12,59,MT,Centro-Oeste,Premiere,24.9,3057,15,2,16,-3,17579.52
2024-02-12,59,MS,Centro-Oeste,Familia,49.9,6231,32,3,38,-9,71807.6
2024-02-12,59,MS,Centro-Oeste,HBO,34.9,3901,22,1,20,1,31442.24
2024-02-12,59,MS,Centro-Oeste,Telecine,29.9,3120,19,1,18,0,21544.57
2024-02-12,59,MS,Centro-Oeste,Premiere,24.9,2334,9,1,14,-6,13421.85
2024-02-12,59,DF,Centro-Oeste,Familia,49.9,6716,35,4,35,-4,77396.86
2024-02-12,59,DF,Centro-Oeste,HBO,34.9,4194,21,1,26,-6,33803.83
2024-02-12,59,DF,Centro-Oeste,Telecine,29.9,3359,19,1,19,-1,23194.94
2024-02-12,59,DF,Centro-Oeste,Premiere,24.9,2518,12,1,13,-2,14479.95
2024-02-12,59,AM,Norte,Familia,49.9,9591,54,5,58,-9,110529.08
2024-02-12,59,AM,Norte,HBO,34.9,5993,31,2,36,-7,48303.86
2024-02-12,59,AM,Norte,Telecine,29.9,4797,27,1,29,-3,33124.78
2024-02-12,59,AM,Norte,Premiere,24.9,3591,14,2,21,-9,20650.32
2024-02-12,59,PA,Norte,Familia,49.9,20153,121,15,113,-7,232248.2
2024-02-12,59,PA,Norte,HBO,34.9,12591,75,6,78,-9,101484.04
2024-02-12,59,PA,Norte,Telecine,29.9,10085,63,3,55,5,69640.07
2024-02-12,59,PA,Norte,Premiere,24.9,7543,31,4,44,-17,43376.61
2024-02-12,59,RO,Norte,Familia,49.9,3836,21,2,23,-4,44207.02
2024-02-12,59,RO,Norte,HBO,34.9,2401,15,1,13,1,19352.17
2024-02-12,59,RO,Norte,Telecine,29.9,1918,9,0,11,-2,13244.39
2024-02-12,59,RO,Norte,Premiere,24.9,1438,5,0,7,-2,8269.33
2024-02-12,59,AC,Norte,Familia,49.9,1919,10,1,10,-1,22115.03
2024-02-12,59,AC,Norte,HBO,34.9,1200,6,0,6,0,9672.06
2024-02-12,59,AC,Norte,Telecine,29.9,960,5,0,5,0,6629.1
2024-02-12,59,AC,Norte,Premiere,24.9,719,3,0,4,-1,4134.67
2024-02-12,59,RR,Norte,Familia,49.9,1440,8,0,8,0,16594.92
2024-02-12,59,RR,Norte,HBO,34.9,899,4,0,5,-1,7245.98
2024-02-12,59,RR,Norte,Telecine,29.9,719,3,0,4,-1,4964.92
2024-02-12,59,RR,Norte,Premiere,24.9,540,2,0,2,0,3105.31
2024-02-12,59,AP,Norte,Familia,49.9,1919,11,1,11,-1,22115.03
2024-02-12,59,AP,Norte,HBO,34.9,1200,6,0,6,0,9672.06
2024-02-12,59,AP,Norte,Telecine,29.9,960,5,0,5,0,6629.1
2024-02-12,59,AP,Norte,Premiere,24.9,719,3,0,4,-1,4134.67
2024-02-12,59,TO,Norte,Familia,49.9,3358,16,1,17,-2,38698.43
2024-02-12,59,TO,Norte,HBO,34.9,2099,11,0,12,-1,16918.04
2024-02-12,59,TO,Norte,Telecine,29.9,1681,10,0,9,1,11607.83
2024-02-12,59,TO,Norte,Premiere,24.9,1259,5,0,6,-1,7239.98
2024-02-19,60,SP,Sudeste,Familia,49.9,104590,628,74,604,-50,1205321.25
2024-02-19,60,SP,Sudeste,HBO,34.9,65347,317,28,342,-53,526699.84
2024-02-19,60,SP,Sudeste,Telecine,29.9,52270,283,21,312,-50,360940.65
2024-02-19,60,SP,Sudeste,Premiere,24.9,39171,201,25,245,-69,225255.87
2024-02-19,60,RJ,Sudeste,Familia,49.9,39330,203,24,209,-30,453248.73
2024-02-19,60,RJ,Sudeste,HBO,34.9,24575,126,9,142,-25,198075.64
2024-02-19,60,RJ,Sudeste,Telecine,29.9,19661,106,7,118,-19,135765.33
2024-02-19,60,RJ,Sudeste,Premiere,24.9,14728,71,11,92,-32,84694.5
2024-02-19,60,MG,Sudeste,Familia,49.9,48955,285,30,260,-5,564169.63
2024-02-19,60,MG,Sudeste,HBO,34.9,30575,185,15,194,-24,246435.91
2024-02-19,60,MG,Sudeste,Telecine,29.9,24484,162,11,147,4,169069.65
2024-02-19,60,MG,Sudeste,Premiere,24.9,18332,85,12,100,-27,105419.58
2024-02-19,60,ES,Sudeste,Familia,49.9,9116,51,5,50,-4,105055.06
2024-02-19,60,ES,Sudeste,HBO,34.9,5695,32,2,35,-5,45901.96
2024-02-19,60,ES,Sudeste,Telecine,29.9,4558,24,1,25,-2,31474.41
2024-02-19,60,ES,Sudeste,Premiere,24.9,3413,15,2,20,-7,19626.72
2024-02-19,60,PR,Sul,Familia,49.9,26889,166,15,142,9,309875.54
2024-02-19,60,PR,Sul,HBO,34.9,16802,99,7,90,2,135424.9
2024-02-19,60,PR,Sul,Telecine,29.9,13429,75,5,81,-11,92731.43
2024-02-19,60,PR,Sul,Premiere,24.9,10058,44,6,60,-22,57839.31
2024-02-19,60,SC,Sul,Familia,49.9,17264,88,11,93,-16,198954.64
2024-02-19,60,SC,Sul,HBO,34.9,10801,64,4,59,1,87056.56
2024-02-19,60,SC,Sul,Telecine,29.9,8632,49,3,54,-8,59606.65
2024-02-19,60,SC,Sul,Premiere,24.9,6469,34,5,40,-11,37200.48
2024-02-19,60,RS,Sul,Familia,49.9,26854,134,16,144,-26,309472.19
2024-02-19,60,RS,Sul,HBO,34.9,16779,83,7,97,-21,135239.52
2024-02-19,60,RS,Sul,Telecine,29.9,13431,73,5,77,-9,92745.24
2024-02-19,60,RS,Sul,Premiere,24.9,10065,50,7,58,-15,57879.56
2024-02-19,60,BA,Nordeste,Familia,49.9,34542,196,20,194,-18,398070.62
2024-02-19,60,BA,Nordeste,HBO,34.9,21575,117,8,134,-25,173895.5
2024-02-19,60,BA,Nordeste,Telecine,29.9,17256,87,6,105,-24,119158.06
2024-02-19,60,BA,Nordeste,Premiere,24.9,12931,55,6,78,-29,74360.72
2024-02-19,60,CE,Nordeste,Familia,49.9,21584,121,13,124,-16,248739.4
2024-02-19,60,CE,Nordeste,HBO,34.9,13506,82,6,70,6,108858.98
2024-02-19,60,CE,Nordeste,Telecine,29.9,10789,53,4,60,-11,74501.41
2024-02-19,60,CE,Nordeste,Premiere,24.9,8086,37,5,46,-14,46499.17
2024-02-19,60,PE,Nordeste,Familia,49.9,23030,126,15,121,-10,265403.46
2024-02-19,60,PE,Nordeste,HBO,34.9,14400,89,6,83,0,116064.67
2024-02-19,60,PE,Nordeste,Telecine,29.9,11513,57,4,60,-7,79500.85
2024-02-19,60,PE,Nordeste,Premiere,24.9,8635,47,5,47,-5,49656.24
2024-02-19,60,MA,Nordeste,Familia,49.9,16310,101,9,102,-10,187960.51
2024-02-19,60,MA,Nordeste,HBO,34.9,10196,61,4,61,-4,82180.23
2024-02-19,60,MA,Nordeste,Telecine,29.9,8146,39,3,50,-14,56250.67
2024-02-19,60,MA,Nordeste,Premiere,24.9,6111,29,3,35,-9,35141.78
2024-02-19,60,PB,Nordeste,Familia,49.9,9592,56,5,59,-8,110540.6
2024-02-19,60,PB,Nordeste,HBO,34.9,5997,30,2,31,-3,48336.1
2024-02-19,60,PB,Nordeste,Telecine,29.9,4797,24,1,26,-3,33124.78
2024-02-19,60,PB,Nordeste,Premiere,24.9,3594,15,2,19,-6,20667.58
2024-02-19,60,RN,Nordeste,Familia,49.9,8630,50,6,54,-10,99454.27
2024-02-19,60,RN,Nordeste,HBO,34.9,5399,34,3,32,-1,43516.19
2024-02-19,60,RN,Nordeste,Telecine,29.9,4322,26,2,22,2,29844.76
2024-02-19,60,RN,Nordeste,Premiere,24.9,3236,14,1,17,-4,18608.87
2024-02-19,60,AL,Nordeste,Familia,49.9,7669,37,4,44,-11,88379.47
2024-02-19,60,AL,Nordeste,HBO,34.9,4801,31,2,28,1,38696.28
2024-02-19,60,AL,Nordeste,Telecine,29.9,3837,20,1,22,-3,26495.68
2024-02-19,60,AL,Nordeste,Premiere,24.9,2877,14,1,16,-3,16544.41
2024-02-19,60,SE,Nordeste,Familia,49.9,5280,32,3,29,0,60848.04
2024-02-19,60,SE,Nordeste,HBO,34.9,3301,21,1,19,1,26606.21
2024-02-19,60,SE,Nordeste,Telecine,29.9,2641,14,0,13,1,18236.93
2024-02-19,60,SE,Nordeste,Premiere,24.9,1977,8,1,10,-3,11368.89
2024-02-19,60,PI,Nordeste,Familia,49.9,7678,45,4,43,-2,88483.19
2024-02-19,60,PI,Nordeste,HBO,34.9,4792,23,2,29,-8,38623.74
2024-02-19,60,PI,Nordeste,Telecine,29.9,3841,22,1,20,1,26523.3
2024-02-19,60,PI,Nordeste,Premiere,24.9,2874,13,2,17,-6,16527.16
2024-02-19,60,GO,Centro-Oeste,Familia,49.9,15846,102,11,85,6,182613.26
2024-02-19,60,GO,Centro-Oeste,HBO,34.9,9893,52,3,56,-7,79738.04
2024-02-19,60,GO,Centro-Oeste,Telecine,29.9,7927,51,3,41,7,54738.41
2024-02-19,60,GO,Centro-Oeste,Premiere,24.9,5929,26,3,34,-11,34095.17
2024-02-19,60,MT,Centro-Oeste,Familia,49.9,8155,46,4,47,-5,93980.25
2024-02-19,60,MT,Centro-Oeste,HBO,34.9,5105,33,2,26,5,41146.54
2024-02-19,60,MT,Centro-Oeste,Telecine,29.9,4079,21,1,21,-1,28166.77
2024-02-19,60,MT,Centro-Oeste,Premiere,24.9,3055,14,1,18,-5,17568.01
2024-02-19,60,MS,Centro-Oeste,Familia,49.9,6239,36,3,34,-1,71899.79
2024-02-19,60,MS,Centro-Oeste,HBO,34.9,3894,18,1,23,-6,31385.82
2024-02-19,60,MS,Centro-Oeste,Telecine,29.9,3117,17,1,19,-3,21523.86
2024-02-19,60,MS,Centro-Oeste,Premiere,24.9,2336,11,1,14,-4,13433.35
2024-02-19,60,DF,Centro-Oeste,Familia,49.9,6722,43,5,36,2,77466.0
2024-02-19,60,DF,Centro-Oeste,HBO,34.9,4196,21,1,24,-4,33819.95
2024-02-19,60,DF,Centro-Oeste,Telecine,29.9,3357,18,1,20,-3,23181.13
2024-02-19,60,DF,Centro-Oeste,Premiere,24.9,2514,10,1,15,-6,14456.95
2024-02-19,60,AM,Norte,Familia,49.9,9591,54,6,57,-9,110529.08
2024-02-19,60,AM,Norte,HBO,34.9,5997,33,2,34,-3,48336.1
2024-02-19,60,AM,Norte,Telecine,29.9,4803,30,2,25,3,33166.21
2024-02-19,60,AM,Norte,Premiere,24.9,3596,17,2,19,-4,20679.08
2024-02-19,60,PA,Norte,Familia,49.9,20142,105,11,112,-18,232121.43
2024-02-19,60,PA,Norte,HBO,34.9,12599,72,5,68,-1,101548.52
2024-02-19,60,PA,Norte,Telecine,29.9,10073,56,4,59,-7,69557.21
2024-02-19,60,PA,Norte,Premiere,24.9,7555,39,4,40,-5,43445.61
2024-02-19,60,RO,Norte,Familia,49.9,3838,21,2,21,-2,44230.07
2024-02-19,60,RO,Norte,HBO,34.9,2399,13,0,14,-1,19336.05
2024-02-19,60,RO,Norte,Telecine,29.9,1920,10,0,10,0,13258.2
2024-02-19,60,RO,Norte,Premiere,24.9,1439,6,0,7,-1,8275.08
2024-02-19,60,AC,Norte,Familia,49.9,1919,10,1,10,-1,22115.03
2024-02-19,60,AC,Norte,HBO,34.9,1199,6,0,7,-1,9664.0
2024-02-19,60,AC,Norte,Telecine,29.9,960,5,0,5,0,6629.1
2024-02-19,60,AC,Norte,Premiere,24.9,720,3,0,3,0,4140.42
2024-02-19,60,RR,Norte,Familia,49.9,1440,8,0,8,0,16594.92
2024-02-19,60,RR,Norte,HBO,34.9,900,4,0,4,0,7254.04
2024-02-19,60,RR,Norte,Telecine,29.9,721,4,0,3,1,4978.73
2024-02-19,60,RR,Norte,Premiere,24.9,539,2,0,3,-1,3099.56
2024-02-19,60,AP,Norte,Familia,49.9,1920,11,1,10,0,22126.56
2024-02-19,60,AP,Norte,HBO,34.9,1199,6,0,7,-1,9664.0
2024-02-19,60,AP,Norte,Telecine,29.9,960,5,0,5,0,6629.1
2024-02-19,60,AP,Norte,Premiere,24.9,719,3,0,4,-1,4134.67
2024-02-19,60,TO,Norte,Familia,49.9,3356,16,1,19,-4,38675.38
2024-02-19,60,TO,Norte,HBO,34.9,2100,11,0,11,0,16926.1
2024-02-19,60,TO,Norte,Telecine,29.9,1680,9,0,9,0,11600.92
2024-02-19,60,TO,Norte,Premiere,24.9,1260,6,0,6,0,7245.73
2024-02-26,61,SP,Sudeste,Familia,49.9,104478,486,58,590,-162,1204030.53
2024-02-26,61,SP,Sudeste,HBO,34.9,65386,372,33,353,-14,527014.18
2024-02-26,61,SP,Sudeste,Telecine,29.9,52303,281,17,281,-17,361168.52
2024-02-26,61,SP,Sudeste,Premiere,24.9,39190,181,23,208,-50,225365.13
2024-02-26,61,RJ,Sudeste,Familia,49.9,39316,192,20,216,-44,453087.39
2024-02-26,61,RJ,Sudeste,HBO,34.9,24590,137,9,138,-10,198196.54
2024-02-26,61,RJ,Sudeste,Telecine,29.9,19656,106,8,122,-24,135730.81
2024-02-26,61,RJ,Sudeste,Premiere,24.9,14741,78,9,88,-19,84769.26
2024-02-26,61,MG,Sudeste,Familia,49.9,48890,244,30,284,-70,563420.55
2024-02-26,61,MG,Sudeste,HBO,34.9,30553,145,12,179,-46,246258.59
2024-02-26,61,MG,Sudeste,Telecine,29.9,24475,131,9,127,-5,169007.51
2024-02-26,61,MG,Sudeste,Premiere,24.9,18349,102,13,99,-10,105517.34
2024-02-26,61,ES,Sudeste,Familia,49.9,9114,53,5,54,-6,105032.01
2024-02-26,61,ES,Sudeste,HBO,34.9,5696,33,2,35,-4,45910.02
2024-02-26,61,ES,Sudeste,Telecine,29.9,4559,25,1,25,-1,31481.32
2024-02-26,61,ES,Sudeste,Premiere,24.9,3415,15,2,18,-5,19638.22
2024-02-26,61,PR,Sul,Familia,49.9,26860,139,14,145,-20,309541.34
2024-02-26,61,PR,Sul,HBO,34.9,16784,85,6,95,-16,135279.82
2024-02-26,61,PR,Sul,Telecine,29.9,13436,77,5,76,-4,92779.77
2024-02-26,61,PR,Sul,Premiere,24.9,10064,52,7,61,-16,57873.81
2024-02-26,61,SC,Sul,Familia,49.9,17259,93,9,105,-21,198897.02
2024-02-26,61,SC,Sul,HBO,34.9,10795,63,5,63,-5,87008.2
2024-02-26,61,SC,Sul,Telecine,29.9,8632,47,3,52,-8,59606.65
2024-02-26,61,SC,Sul,Premiere,24.9,6467,27,4,36,-13,37188.98
2024-02-26,61,RS,Sul,Familia,49.9,26856,138,13,149,-24,309495.24
2024-02-26,61,RS,Sul,HBO,34.9,16789,93,7,97,-11,135320.12
2024-02-26,61,RS,Sul,Telecine,29.9,13423,71,5,83,-17,92690.0
2024-02-26,61,RS,Sul,Premiere,24.9,10069,50,6,55,-11,57902.56
2024-02-26,61,BA,Nordeste,Familia,49.9,34522,186,18,206,-38,397840.14
2024-02-26,61,BA,Nordeste,HBO,34.9,21614,137,11,112,14,174209.84
2024-02-26,61,BA,Nordeste,Telecine,29.9,17268,93,5,100,-12,119240.92
2024-02-26,61,BA,Nordeste,Premiere,24.9,12938,62,8,76,-22,74400.97
2024-02-26,61,CE,Nordeste,Familia,49.9,21566,104,10,128,-34,248531.96
2024-02-26,61,CE,Nordeste,HBO,34.9,13489,74,5,80,-11,108721.96
2024-02-26,61,CE,Nordeste,Telecine,29.9,10801,64,5,58,1,74584.27
2024-02-26,61,CE,Nordeste,Premiere,24.9,8084,34,5,45,-16,46487.67
2024-02-26,61,PE,Nordeste,Familia,49.9,23005,119,11,143,-35,265115.36
2024-02-26,61,PE,Nordeste,HBO,34.9,14381,64,4,79,-19,115911.52
2024-02-26,61,PE,Nordeste,Telecine,29.9,11517,65,4,64,-3,79528.48
2024-02-26,61,PE,Nordeste,Premiere,24.9,8632,45,6,47,-8,49638.98
2024-02-26,61,MA,Nordeste,Familia,49.9,16300,89,9,100,-20,187845.27
2024-02-26,61,MA,Nordeste,HBO,34.9,10199,64,4,61,-1,82204.41
2024-02-26,61,MA,Nordeste,Telecine,29.9,8153,47,3,51,-7,56299.01
2024-02-26,61,MA,Nordeste,Premiere,24.9,6111,29,3,35,-9,35141.78
2024-02-26,61,PB,Nordeste,Familia,49.9,9589,48,5,54,-11,110506.03
2024-02-26,61,PB,Nordeste,HBO,34.9,5995,28,2,31,-5,48319.98
2024-02-26,61,PB,Nordeste,Telecine,29.9,4795,26,2,29,-5,33110.97
2024-02-26,61,PB,Nordeste,Premiere,24.9,3596,16,2,18,-4,20679.08
2024-02-26,61,RN,Nordeste,Familia,49.9,8630,47,5,52,-10,99454.27
2024-02-26,61,RN,Nordeste,HBO,34.9,5400,33,2,31,0,43524.25
2024-02-26,61,RN,Nordeste,Telecine,29.9,4315,23,1,27,-5,29796.42
2024-02-26,61,RN,Nordeste,Premiere,24.9,3235,15,2,18,-5,18603.12
2024-02-26,61,AL,Nordeste,Familia,49.9,7676,43,5,42,-4,88460.14
2024-02-26,61,AL,Nordeste,HBO,34.9,4800,27,1,26,0,38688.22
2024-02-26,61,AL,Nordeste,Telecine,29.9,3837,22,1,24,-3,26495.68
2024-02-26,61,AL,Nordeste,Premiere,24.9,2877,13,1,15,-3,16544.41
2024-02-26,61,SE,Nordeste,Familia,49.9,5272,25,2,31,-8,60755.84
2024-02-26,61,SE,Nordeste,HBO,34.9,3300,18,1,17,0,26598.15
2024-02-26,61,SE,Nordeste,Telecine,29.9,2639,13,0,14,-1,18223.12
2024-02-26,61,SE,Nordeste,Premiere,24.9,1977,7,0,10,-3,11368.89
2024-02-26,61,PI,Nordeste,Familia,49.9,7669,40,4,47,-11,88379.47
2024-02-26,61,PI,Nordeste,HBO,34.9,4797,23,1,25,-3,38664.04
2024-02-26,61,PI,Nordeste,Telecine,29.9,3836,19,1,22,-4,26488.78
2024-02-26,61,PI,Nordeste,Premiere,24.9,2874,10,1,15,-6,16527.16
2024-02-26,61,GO,Centro-Oeste,Familia,49.9,15826,85,10,89,-14,182382.77
2024-02-26,61,GO,Centro-Oeste,HBO,34.9,9891,54,3,60,-9,79721.92
2024-02-26,61,GO,Centro-Oeste,Telecine,29.9,7920,44,3,41,0,54690.07
2024-02-26,61,GO,Centro-Oeste,Premiere,24.9,5929,28,4,35,-11,34095.17
2024-02-26,61,MT,Centro-Oeste,Familia,49.9,8148,40,4,48,-12,93899.58
2024-02-26,61,MT,Centro-Oeste,HBO,34.9,5095,28,2,31,-5,41065.94
2024-02-26,61,MT,Centro-Oeste,Telecine,29.9,4081,24,1,22,1,28180.58
2024-02-26,61,MT,Centro-Oeste,Premiere,24.9,3056,13,1,16,-4,17573.76
2024-02-26,61,MS,Centro-Oeste,Familia,49.9,6235,38,4,39,-5,71853.7
2024-02-26,61,MS,Centro-Oeste,HBO,34.9,3899,21,1,21,-1,31426.12
2024-02-26,61,MS,Centro-Oeste,Telecine,29.9,3123,21,1,17,3,21565.29
2024-02-26,61,MS,Centro-Oeste,Premiere,24.9,2334,9,1,14,-6,13421.85
2024-02-26,61,DF,Centro-Oeste,Familia,49.9,6709,35,4,42,-11,77316.19
2024-02-26,61,DF,Centro-Oeste,HBO,34.9,4198,21,1,22,-2,33836.07
2024-02-26,61,DF,Centro-Oeste,Telecine,29.9,3357,18,1,20,-3,23181.13
2024-02-26,61,DF,Centro-Oeste,Premiere,24.9,2516,12,1,15,-4,14468.45
2024-02-26,61,AM,Norte,Familia,49.9,9592,56,5,59,-8,110540.6
2024-02-26,61,AM,Norte,HBO,34.9,5997,30,2,31,-3,48336.1
2024-02-26,61,AM,Norte,Telecine,29.9,4797,24,1,26,-3,33124.78
2024-02-26,61,AM,Norte,Premiere,24.9,3595,17,2,20,-5,20673.33
2024-02-26,61,PA,Norte,Familia,49.9,20141,115,10,124,-19,232109.91
2024-02-26,61,PA,Norte,HBO,34.9,12588,65,5,72,-12,101459.86
2024-02-26,61,PA,Norte,Telecine,29.9,10072,49,3,54,-8,69550.3
2024-02-26,61,PA,Norte,Premiere,24.9,7550,33,4,39,-10,43416.86
2024-02-26,61,RO,Norte,Familia,49.9,3835,20,2,23,-5,44195.5
2024-02-26,61,RO,Norte,HBO,34.9,2396,11,0,15,-4,19311.87
2024-02-26,61,RO,Norte,Telecine,29.9,1919,10,0,11,-1,13251.29
2024-02-26,61,RO,Norte,Premiere,24.9,1438,6,0,8,-2,8269.33
2024-02-26,61,AC,Norte,Familia,49.9,1918,10,1,11,-2,22103.51
2024-02-26,61,AC,Norte,HBO,34.9,1199,6,0,7,-1,9664.0
2024-02-26,61,AC,Norte,Telecine,29.9,960,5,0,5,0,6629.1
2024-02-26,61,AC,Norte,Premiere,24.9,719,2,0,3,-1,4134.67
2024-02-26,61,RR,Norte,Familia,49.9,1440,8,0,8,0,16594.92
2024-02-26,61,RR,Norte,HBO,34.9,900,4,0,4,0,7254.04
2024-02-26,61,RR,Norte,Telecine,29.9,721,4,0,3,1,4978.73
2024-02-26,61,RR,Norte,Premiere,24.9,540,2,0,2,0,3105.31
2024-02-26,61,AP,Norte,Familia,49.9,1918,9,0,11,-2,22103.51
2024-02-26,61,AP,Norte,HBO,34.9,1199,6,0,7,-1,9664.0
2024-02-26,61,AP,Norte,Telecine,29.9,960,5,0,5,0,6629.1
2024-02-26,61,AP,Norte,Premiere,24.9,719,3,0,4,-1,4134.67
2024-02-26,61,TO,Norte,Familia,49.9,3358,18,1,19,-2,38698.43
2024-02-26,61,TO,Norte,HBO,34.9,2101,12,0,11,1,16934.16
2024-02-26,61,TO,Norte,Telecine,29.9,1682,10,0,8,2,11614.73
2024-02-26,61,TO,Norte,Premiere,24.9,1259,6,0,7,-1,7239.98
2024-03-04,62,SP,Sudeste,Familia,49.9,104551,613,58,644,-89,1204871.8
2024-03-04,62,SP,Sudeste,HBO,34.9,65367,399,31,401,-33,526861.04
2024-03-04,62,SP,Sudeste,Telecine,29.9,52265,293,21,327,-55,360906.12
2024-03-04,62,SP,Sudeste,Premiere,24.9,39149,171,20,242,-91,225129.35
2024-03-04,62,RJ,Sudeste,Familia,49.9,39356,225,23,206,-4,453548.36
2024-03-04,62,RJ,Sudeste,HBO,34.9,24608,159,10,141,8,198341.62
2024-03-04,62,RJ,Sudeste,Telecine,29.9,19686,120,8,106,6,135937.97
2024-03-04,62,RJ,Sudeste,Premiere,24.9,14740,83,12,91,-20,84763.51
2024-03-04,62,MG,Sudeste,Familia,49.9,48941,314,38,295,-19,564008.29
2024-03-04,62,MG,Sudeste,HBO,34.9,30606,184,15,162,7,246685.77
2024-03-04,62,MG,Sudeste,Telecine,29.9,24485,144,8,131,5,169076.56
2024-03-04,62,MG,Sudeste,Premiere,24.9,18337,92,14,100,-22,105448.34
2024-03-04,62,ES,Sudeste,Familia,49.9,9118,55,5,52,-2,105078.11
2024-03-04,62,ES,Sudeste,HBO,34.9,5697,35,2,36,-3,45918.08
2024-03-04,62,ES,Sudeste,Telecine,29.9,4559,27,1,27,-1,31481.32
2024-03-04,62,ES,Sudeste,Premiere,24.9,3417,17,2,18,-3,19649.72
2024-03-04,62,PR,Sul,Familia,49.9,26882,158,17,139,2,309794.87
2024-03-04,62,PR,Sul,HBO,34.9,16792,102,9,101,-8,135344.3
2024-03-04,62,PR,Sul,Telecine,29.9,13433,78,4,81,-7,92759.05
2024-03-04,62,PR,Sul,Premiere,24.9,10060,47,5,62,-20,57850.81
2024-03-04,62,SC,Sul,Familia,49.9,17279,105,10,96,-1,199127.51
2024-03-04,62,SC,Sul,HBO,34.9,10799,67,5,63,-1,87040.44
2024-03-04,62,SC,Sul,Telecine,29.9,8638,54,3,53,-2,59648.08
2024-03-04,62,SC,Sul,Premiere,24.9,6477,38,4,37,-3,37246.49
2024-03-04,62,RS,Sul,Familia,49.9,26893,172,19,140,13,309921.64
2024-03-04,62,RS,Sul,HBO,34.9,16805,105,7,93,5,135449.08
2024-03-04,62,RS,Sul,Telecine,29.9,13426,72,5,81,-14,92710.72
2024-03-04,62,RS,Sul,Premiere,24.9,10073,56,7,56,-7,57925.57
2024-03-04,62,BA,Nordeste,Familia,49.9,34547,223,23,213,-13,398128.24
2024-03-04,62,BA,Nordeste,HBO,34.9,21585,130,9,136,-15,173976.1
2024-03-04,62,BA,Nordeste,Telecine,29.9,17271,102,7,104,-9,119261.64
2024-03-04,62,BA,Nordeste,Premiere,24.9,12949,70,10,71,-11,74464.23
2024-03-04,62,CE,Nordeste,Familia,49.9,21603,141,16,122,3,248958.36
2024-03-04,62,CE,Nordeste,HBO,34.9,13503,80,7,70,3,108834.8
2024-03-04,62,CE,Nordeste,Telecine,29.9,10796,61,3,62,-4,74549.75
2024-03-04,62,CE,Nordeste,Premiere,24.9,8092,43,5,46,-8,46533.67
2024-03-04,62,PE,Nordeste,Familia,49.9,23006,117,11,140,-34,265126.88
2024-03-04,62,PE,Nordeste,HBO,34.9,14401,90,6,83,1,116072.73
2024-03-04,62,PE,Nordeste,Telecine,29.9,11528,73,5,60,8,79604.43
2024-03-04,62,PE,Nordeste,Premiere,24.9,8625,45,6,54,-15,49598.73
2024-03-04,62,MA,Nordeste,Familia,49.9,16317,101,11,93,-3,188041.18
2024-03-04,62,MA,Nordeste,HBO,34.9,10197,61,4,60,-3,82188.29
2024-03-04,62,MA,Nordeste,Telecine,29.9,8160,47,2,45,0,56347.34
2024-03-04,62,MA,Nordeste,Premiere,24.9,6111,30,4,35,-9,35141.78
2024-03-04,62,PB,Nordeste,Familia,49.9,9598,55,5,52,-2,110609.75
2024-03-04,62,PB,Nordeste,HBO,34.9,5994,31,2,35,-6,48311.92
2024-03-04,62,PB,Nordeste,Telecine,29.9,4801,27,1,25,1,33152.4
2024-03-04,62,PB,Nordeste,Premiere,24.9,3596,19,2,21,-4,20679.08
2024-03-04,62,RN,Nordeste,Familia,49.9,8637,51,6,48,-3,99534.94
2024-03-04,62,RN,Nordeste,HBO,34.9,5399,31,2,30,-1,43516.19
2024-03-04,62,RN,Nordeste,Telecine,29.9,4318,26,2,26,-2,29817.14
2024-03-04,62,RN,Nordeste,Premiere,24.9,3236,16,2,18,-4,18608.87
2024-03-04,62,AL,Nordeste,Familia,49.9,7676,44,4,44,-4,88460.14
2024-03-04,62,AL,Nordeste,HBO,34.9,4803,32,2,27,3,38712.4
2024-03-04,62,AL,Nordeste,Telecine,29.9,3839,24,1,24,-1,26509.49
2024-03-04,62,AL,Nordeste,Premiere,24.9,2876,14,2,16,-4,16538.66
2024-03-04,62,SE,Nordeste,Familia,49.9,5282,34,3,29,2,60871.09
2024-03-04,62,SE,Nordeste,HBO,34.9,3305,23,1,17,5,26638.45
2024-03-04,62,SE,Nordeste,Telecine,29.9,2640,16,1,15,0,18230.02
2024-03-04,62,SE,Nordeste,Premiere,24.9,1976,9,1,12,-4,11363.14
2024-03-04,62,PI,Nordeste,Familia,49.9,7676,43,4,43,-4,88460.14
2024-03-04,62,PI,Nordeste,HBO,34.9,4801,32,2,29,1,38696.28
2024-03-04,62,PI,Nordeste,Telecine,29.9,3841,22,1,20,1,26523.3
2024-03-04,62,PI,Nordeste,Premiere,24.9,2878,14,1,15,-2,16550.16
2024-03-04,62,GO,Centro-Oeste,Familia,49.9,15841,104,10,93,1,182555.64
2024-03-04,62,GO,Centro-Oeste,HBO,34.9,9900,68,6,62,0,79794.46
2024-03-04,62,GO,Centro-Oeste,Telecine,29.9,7919,45,2,44,-1,54683.16
2024-03-04,62,GO,Centro-Oeste,Premiere,24.9,5930,29,4,35,-10,34100.92
2024-03-04,62,MT,Centro-Oeste,Familia,49.9,8156,45,4,45,-4,93991.78
2024-03-04,62,MT,Centro-Oeste,HBO,34.9,5098,32,2,32,-2,41090.12
2024-03-04,62,MT,Centro-Oeste,Telecine,29.9,4079,23,1,23,-1,28166.77
2024-03-04,62,MT,Centro-Oeste,Premiere,24.9,3057,17,2,18,-3,17579.52
2024-03-04,62,MS,Centro-Oeste,Familia,49.9,6231,32,3,38,-9,71807.6
2024-03-04,62,MS,Centro-Oeste,HBO,34.9,3898,22,1,23,-2,31418.06
2024-03-04,62,MS,Centro-Oeste,Telecine,29.9,3121,18,1,16,1,21551.48
2024-03-04,62,MS,Centro-Oeste,Premiere,24.9,2338,11,1,12,-2,13444.85
2024-03-04,62,DF,Centro-Oeste,Familia,49.9,6717,41,4,40,-3,77408.38
2024-03-04,62,DF,Centro-Oeste,HBO,34.9,4201,25,2,22,1,33860.25
2024-03-04,62,DF,Centro-Oeste,Telecine,29.9,3360,22,1,21,0,23201.85
2024-03-04,62,DF,Centro-Oeste,Premiere,24.9,2518,14,1,15,-2,14479.95
2024-03-04,62,AM,Norte,Familia,49.9,9597,53,5,51,-3,110598.22
2024-03-04,62,AM,Norte,HBO,34.9,5999,36,2,35,-1,48352.22
2024-03-04,62,AM,Norte,Telecine,29.9,4800,26,1,25,0,33145.5
2024-03-04,62,AM,Norte,Premiere,24.9,3595,18,2,21,-5,20673.33
2024-03-04,62,PA,Norte,Familia,49.9,20168,144,17,119,8,232421.06
2024-03-04,62,PA,Norte,HBO,34.9,12606,82,5,71,6,101604.94
2024-03-04,62,PA,Norte,Telecine,29.9,10087,66,5,54,7,69653.88
2024-03-04,62,PA,Norte,Premiere,24.9,7557,42,6,39,-3,43457.11
2024-03-04,62,RO,Norte,Familia,49.9,3843,25,2,20,3,44287.69
2024-03-04,62,RO,Norte,HBO,34.9,2402,15,1,12,2,19360.23
2024-03-04,62,RO,Norte,Telecine,29.9,1920,10,0,10,0,13258.2
2024-03-04,62,RO,Norte,Premiere,24.9,1438,7,1,8,-2,8269.33
2024-03-04,62,AC,Norte,Familia,49.9,1918,10,1,11,-2,22103.51
2024-03-04,62,AC,Norte,HBO,34.9,1200,6,0,6,0,9672.06
2024-03-04,62,AC,Norte,Telecine,29.9,959,5,0,6,-1,6622.19
2024-03-04,62,AC,Norte,Premiere,24.9,720,4,0,4,0,4140.42
2024-03-04,62,RR,Norte,Familia,49.9,1441,8,0,7,1,16606.44
2024-03-04,62,RR,Norte,HBO,34.9,901,5,0,4,1,7262.1
2024-03-04,62,RR,Norte,Telecine,29.9,719,3,0,4,-1,4964.92
2024-03-04,62,RR,Norte,Premiere,24.9,539,2,0,3,-1,3099.56
2024-03-04,62,AP,Norte,Familia,49.9,1919,10,1,10,-1,22115.03
2024-03-04,62,AP,Norte,HBO,34.9,1200,7,0,7,0,9672.06
2024-03-04,62,AP,Norte,Telecine,29.9,961,5,0,4,1,6636.0
2024-03-04,62,AP,Norte,Premiere,24.9,720,4,0,4,0,4140.42
2024-03-04,62,TO,Norte,Familia,49.9,3360,22,2,20,0,38721.48
2024-03-04,62,TO,Norte,HBO,34.9,2099,13,1,13,-1,16918.04
2024-03-04,62,TO,Norte,Telecine,29.9,1679,9,0,10,-1,11594.02
2024-03-04,62,TO,Norte,Premiere,24.9,1259,6,0,7,-1,7239.98
2024-03-11,63,SP,Sudeste,Familia,49.9,104529,565,57,619,-111,1204618.27
2024-03-11,63,SP,Sudeste,HBO,34.9,65392,420,37,391,-8,527062.54
2024-03-11,63,SP,Sudeste,Telecine,29.9,52288,295,19,308,-32,361064.94
2024-03-11,63,SP,Sudeste,Premiere,24.9,39206,207,26,215,-34,225457.14
2024-03-11,63,RJ,Sudeste,Familia,49.9,39354,232,28,210,-6,453525.31
2024-03-11,63,RJ,Sudeste,HBO,34.9,24582,137,11,144,-18,198132.06
2024-03-11,63,RJ,Sudeste,Telecine,29.9,19652,101,6,123,-28,135703.19
2024-03-11,63,RJ,Sudeste,Premiere,24.9,14733,70,9,88,-27,84723.26
2024-03-11,63,MG,Sudeste,Familia,49.9,48949,299,34,276,-11,564100.48
2024-03-11,63,MG,Sudeste,HBO,34.9,30563,150,11,175,-36,246339.19
2024-03-11,63,MG,Sudeste,Telecine,29.9,24452,129,9,148,-28,168848.68
2024-03-11,63,MG,Sudeste,Premiere,24.9,18336,84,12,95,-23,105442.59
2024-03-11,63,ES,Sudeste,Familia,49.9,9116,57,6,55,-4,105055.06
2024-03-11,63,ES,Sudeste,HBO,34.9,5694,31,2,35,-6,45893.9
2024-03-11,63,ES,Sudeste,Telecine,29.9,4562,31,2,27,2,31502.03
2024-03-11,63,ES,Sudeste,Premiere,24.9,3413,15,2,20,-7,19626.72
2024-03-11,63,PR,Sul,Familia,49.9,26864,155,18,153,-16,309587.44
2024-03-11,63,PR,Sul,HBO,34.9,16783,92,7,102,-17,135271.76
2024-03-11,63,PR,Sul,Telecine,29.9,13450,86,5,71,10,92876.44
2024-03-11,63,PR,Sul,Premiere,24.9,10069,61,9,63,-11,57902.56
2024-03-11,63,SC,Sul,Familia,49.9,17283,114,10,101,3,199173.6
2024-03-11,63,SC,Sul,HBO,34.9,10800,62,4,58,0,87048.5
2024-03-11,63,SC,Sul,Telecine,29.9,8637,50,3,50,-3,59641.18
2024-03-11,63,SC,Sul,Premiere,24.9,6473,34,5,36,-7,37223.49
2024-03-11,63,RS,Sul,Familia,49.9,26887,171,20,144,7,309852.49
2024-03-11,63,RS,Sul,HBO,34.9,16798,94,8,88,-2,135392.66
2024-03-11,63,RS,Sul,Telecine,29.9,13437,75,5,73,-3,92786.67
2024-03-11,63,RS,Sul,Premiere,24.9,10072,53,7,54,-8,57919.82
2024-03-11,63,BA,Nordeste,Familia,49.9,34521,197,20,216,-39,397828.61
2024-03-11,63,BA,Nordeste,HBO,34.9,21611,143,11,121,11,174185.66
2024-03-11,63,BA,Nordeste,Telecine,29.9,17259,87,5,103,-21,119178.78
2024-03-11,63,BA,Nordeste,Premiere,24.9,12929,57,8,80,-31,74349.21
2024-03-11,63,CE,Nordeste,Familia,49.9,21601,133,16,116,1,248935.31
2024-03-11,63,CE,Nordeste,HBO,34.9,13507,82,5,70,7,108867.04
2024-03-11,63,CE,Nordeste,Telecine,29.9,10796,60,4,60,-4,74549.75
2024-03-11,63,CE,Nordeste,Premiere,24.9,8084,34,5,45,-16,46487.67
2024-03-11,63,PE,Nordeste,Familia,49.9,23000,109,13,136,-40,265057.74
2024-03-11,63,PE,Nordeste,HBO,34.9,14379,69,5,85,-21,115895.4
2024-03-11,63,PE,Nordeste,Telecine,29.9,11513,68,4,71,-7,79500.85
2024-03-11,63,PE,Nordeste,Premiere,24.9,8635,54,7,52,-5,49656.24
2024-03-11,63,MA,Nordeste,Familia,49.9,16300,77,8,89,-20,187845.27
2024-03-11,63,MA,Nordeste,HBO,34.9,10196,60,4,60,-4,82180.23
2024-03-11,63,MA,Nordeste,Telecine,29.9,8162,50,3,45,2,56361.15
2024-03-11,63,MA,Nordeste,Premiere,24.9,6114,31,3,34,-6,35159.03
2024-03-11,63,PB,Nordeste,Familia,49.9,9593,52,4,55,-7,110552.12
2024-03-11,63,PB,Nordeste,HBO,34.9,5992,31,2,37,-8,48295.8
2024-03-11,63,PB,Nordeste,Telecine,29.9,4798,28,1,29,-2,33131.69
2024-03-11,63,PB,Nordeste,Premiere,24.9,3593,17,2,22,-7,20661.82
2024-03-11,63,RN,Nordeste,Familia,49.9,8641,52,6,45,1,99581.04
2024-03-11,63,RN,Nordeste,HBO,34.9,5394,30,2,34,-6,43475.89
2024-03-11,63,RN,Nordeste,Telecine,29.9,4320,25,1,24,0,29830.95
2024-03-11,63,RN,Nordeste,Premiere,24.9,3235,13,1,17,-5,18603.12
2024-03-11,63,AL,Nordeste,Familia,49.9,7675,39,3,41,-5,88448.61
2024-03-11,63,AL,Nordeste,HBO,34.9,4801,29,2,26,1,38696.28
2024-03-11,63,AL,Nordeste,Telecine,29.9,3838,22,1,23,-2,26502.59
2024-03-11,63,AL,Nordeste,Premiere,24.9,2877,14,1,16,-3,16544.41
2024-03-11,63,SE,Nordeste,Familia,49.9,5277,30,3,30,-3,60813.46
2024-03-11,63,SE,Nordeste,HBO,34.9,3303,21,1,17,3,26622.33
2024-03-11,63,SE,Nordeste,Telecine,29.9,2641,16,1,14,1,18236.93
2024-03-11,63,SE,Nordeste,Premiere,24.9,1978,10,1,11,-2,11374.64
2024-03-11,63,PI,Nordeste,Familia,49.9,7684,50,5,41,4,88552.33
2024-03-11,63,PI,Nordeste,HBO,34.9,4802,34,2,30,2,38704.34
2024-03-11,63,PI,Nordeste,Telecine,29.9,3837,19,1,21,-3,26495.68
2024-03-11,63,PI,Nordeste,Premiere,24.9,2877,14,1,16,-3,16544.41
2024-03-11,63,GO,Centro-Oeste,Familia,49.9,15831,82,8,83,-9,182440.39
2024-03-11,63,GO,Centro-Oeste,HBO,34.9,9904,59,4,51,4,79826.7
2024-03-11,63,GO,Centro-Oeste,Telecine,29.9,7925,50,3,42,5,54724.6
2024-03-11,63,GO,Centro-Oeste,Premiere,24.9,5930,28,3,35,-10,34100.92
2024-03-11,63,MT,Centro-Oeste,Familia,49.9,8159,49,5,45,-1,94026.35
2024-03-11,63,MT,Centro-Oeste,HBO,34.9,5094,26,2,30,-6,41057.88
2024-03-11,63,MT,Centro-Oeste,Telecine,29.9,4076,19,1,22,-4,28146.05
2024-03-11,63,MT,Centro-Oeste,Premiere,24.9,3054,13,1,18,-6,17562.26
2024-03-11,63,MS,Centro-Oeste,Familia,49.9,6235,33,3,35,-5,71853.7
2024-03-11,63,MS,Centro-Oeste,HBO,34.9,3898,19,1,20,-2,31418.06
2024-03-11,63,MS,Centro-Oeste,Telecine,29.9,3119,19,1,19,-1,21537.67
2024-03-11,63,MS,Centro-Oeste,Premiere,24.9,2337,10,1,12,-3,13439.1
2024-03-11,63,DF,Centro-Oeste,Familia,49.9,6717,39,4,38,-3,77408.38
2024-03-11,63,DF,Centro-Oeste,HBO,34.9,4194,20,1,25,-6,33803.83
2024-03-11,63,DF,Centro-Oeste,Telecine,29.9,3357,19,1,21,-3,23181.13
2024-03-11,63,DF,Centro-Oeste,Premiere,24.9,2518,13,1,14,-2,14479.95
2024-03-11,63,AM,Norte,Familia,49.9,9588,51,5,58,-12,110494.5
2024-03-11,63,AM,Norte,HBO,34.9,6000,33,2,31,0,48360.28
2024-03-11,63,AM,Norte,Telecine,29.9,4802,29,1,26,2,33159.31
2024-03-11,63,AM,Norte,Premiere,24.9,3594,18,2,22,-6,20667.58
2024-03-11,63,PA,Norte,Familia,49.9,20146,106,12,108,-14,232167.53
2024-03-11,63,PA,Norte,HBO,34.9,12588,69,6,75,-12,101459.86
2024-03-11,63,PA,Norte,Telecine,29.9,10084,61,4,53,4,69633.16
2024-03-11,63,PA,Norte,Premiere,24.9,7556,41,6,39,-4,43451.36
2024-03-11,63,RO,Norte,Familia,49.9,3840,22,2,20,0,44253.12
2024-03-11,63,RO,Norte,HBO,34.9,2402,15,1,12,2,19360.23
2024-03-11,63,RO,Norte,Telecine,29.9,1921,11,0,10,1,13265.1
2024-03-11,63,RO,Norte,Premiere,24.9,1438,7,1,8,-2,8269.33
2024-03-11,63,AC,Norte,Familia,49.9,1920,10,0,10,0,22126.56
2024-03-11,63,AC,Norte,HBO,34.9,1200,7,0,7,0,9672.06
2024-03-11,63,AC,Norte,Telecine,29.9,961,6,0,5,1,6636.0
2024-03-11,63,AC,Norte,Premiere,24.9,719,3,0,4,-1,4134.67
2024-03-11,63,RR,Norte,Familia,49.9,1440,8,0,8,0,16594.92
2024-03-11,63,RR,Norte,HBO,34.9,899,4,0,5,-1,7245.98
2024-03-11,63,RR,Norte,Telecine,29.9,720,4,0,4,0,4971.82
2024-03-11,63,RR,Norte,Premiere,24.9,539,2,0,3,-1,3099.56
2024-03-11,63,AP,Norte,Familia,49.9,1920,11,1,10,0,22126.56
2024-03-11,63,AP,Norte,HBO,34.9,1200,6,0,6,0,9672.06
2024-03-11,63,AP,Norte,Telecine,29.9,960,5,0,5,0,6629.1
2024-03-11,63,AP,Norte,Premiere,24.9,719,3,0,4,-1,4134.67
2024-03-11,63,TO,Norte,Familia,49.9,3357,18,1,20,-3,38686.91
2024-03-11,63,TO,Norte,HBO,34.9,2100,10,0,10,0,16926.1
2024-03-11,63,TO,Norte,Telecine,29.9,1679,8,0,9,-1,11594.02
2024-03-11,63,TO,Norte,Premiere,24.9,1260,7,0,7,0,7245.73
2024-03-18,64,SP,Sudeste,Familia,49.9,104574,567,65,568,-66,1205136.86
2024-03-18,64,SP,Sudeste,HBO,34.9,65374,420,33,413,-26,526917.46
2024-03-18,64,SP,Sudeste,Telecine,29.9,52300,308,22,306,-20,361147.81
2024-03-18,64,SP,Sudeste,Premiere,24.9,39157,167,24,226,-83,225175.36
2024-03-18,64,RJ,Sudeste,Familia,49.9,39313,215,23,239,-47,453052.82
2024-03-18,64,RJ,Sudeste,HBO,34.9,24576,143,13,154,-24,198083.7
2024-03-18,64,RJ,Sudeste,Telecine,29.9,19655,98,6,117,-25,135723.9
2024-03-18,64,RJ,Sudeste,Premiere,24.9,14735,59,7,77,-25,84734.76
2024-03-18,64,MG,Sudeste,Familia,49.9,48908,272,27,297,-52,563627.99
2024-03-18,64,MG,Sudeste,HBO,34.9,30554,157,11,191,-45,246266.65
2024-03-18,64,MG,Sudeste,Telecine,29.9,24473,132,9,130,-7,168993.7
2024-03-18,64,MG,Sudeste,Premiere,24.9,18333,90,14,102,-26,105425.33
2024-03-18,64,ES,Sudeste,Familia,49.9,9115,57,7,55,-5,105043.53
2024-03-18,64,ES,Sudeste,HBO,34.9,5699,33,2,32,-1,45934.2
2024-03-18,64,ES,Sudeste,Telecine,29.9,4557,24,1,26,-3,31467.51
2024-03-18,64,ES,Sudeste,Premiere,24.9,3414,16,1,21,-6,19632.47
2024-03-18,64,PR,Sul,Familia,49.9,26861,165,20,164,-19,309552.86
2024-03-18,64,PR,Sul,HBO,34.9,16796,94,6,92,-4,135376.54
2024-03-18,64,PR,Sul,Telecine,29.9,13414,61,3,84,-26,92627.85
2024-03-18,64,PR,Sul,Premiere,24.9,10062,41,5,54,-18,57862.31
2024-03-18,64,SC,Sul,Familia,49.9,17268,88,10,90,-12,199000.74
2024-03-18,64,SC,Sul,HBO,34.9,10798,64,4,62,-2,87032.38
2024-03-18,64,SC,Sul,Telecine,29.9,8631,43,3,49,-9,59599.75
2024-03-18,64,SC,Sul,Premiere,24.9,6474,31,4,33,-6,37229.24
2024-03-18,64,RS,Sul,Familia,49.9,26877,152,14,141,-3,309737.25
2024-03-18,64,RS,Sul,HBO,34.9,16798,96,7,91,-2,135392.66
2024-03-18,64,RS,Sul,Telecine,29.9,13426,69,5,78,-14,92710.72
2024-03-18,64,RS,Sul,Premiere,24.9,10061,44,5,58,-19,57856.56
2024-03-18,64,BA,Nordeste,Familia,49.9,34549,198,24,185,-11,398151.29
2024-03-18,64,BA,Nordeste,HBO,34.9,21591,131,12,128,-9,174024.46
2024-03-18,64,BA,Nordeste,Telecine,29.9,17268,102,6,108,-12,119240.92
2024-03-18,64,BA,Nordeste,Premiere,24.9,12959,78,11,68,-1,74521.73
2024-03-18,64,CE,Nordeste,Familia,49.9,21603,137,15,119,3,248958.36
2024-03-18,64,CE,Nordeste,HBO,34.9,13501,85,6,78,1,108818.68
2024-03-18,64,CE,Nordeste,Telecine,29.9,10799,64,4,61,-1,74570.46
2024-03-18,64,CE,Nordeste,Premiere,24.9,8085,37,4,48,-15,46493.42
2024-03-18,64,PE,Nordeste,Familia,49.9,23018,128,12,138,-22,265265.17
2024-03-18,64,PE,Nordeste,HBO,34.9,14389,83,7,87,-11,115976.0
2024-03-18,64,PE,Nordeste,Telecine,29.9,11506,61,4,71,-14,79452.52
2024-03-18,64,PE,Nordeste,Premiere,24.9,8619,34,5,50,-21,49564.23
2024-03-18,64,MA,Nordeste,Familia,49.9,16300,93,10,103,-20,187845.27
2024-03-18,64,MA,Nordeste,HBO,34.9,10191,57,4,62,-9,82139.93
2024-03-18,64,MA,Nordeste,Telecine,29.9,8159,44,3,42,-1,56340.44
2024-03-18,64,MA,Nordeste,Premiere,24.9,6110,32,4,38,-10,35136.03
2024-03-18,64,PB,Nordeste,Familia,49.9,9595,59,6,58,-5,110575.17
2024-03-18,64,PB,Nordeste,HBO,34.9,5993,30,2,35,-7,48303.86
2024-03-18,64,PB,Nordeste,Telecine,29.9,4797,25,1,27,-3,33124.78
2024-03-18,64,PB,Nordeste,Premiere,24.9,3597,18,2,19,-3,20684.83
2024-03-18,64,RN,Nordeste,Familia,49.9,8635,45,5,45,-5,99511.89
2024-03-18,64,RN,Nordeste,HBO,34.9,5400,34,2,32,0,43524.25
2024-03-18,64,RN,Nordeste,Telecine,29.9,4317,24,1,26,-3,29810.23
2024-03-18,64,RN,Nordeste,Premiere,24.9,3236,15,2,17,-4,18608.87
2024-03-18,64,AL,Nordeste,Familia,49.9,7674,44,4,46,-6,88437.09
2024-03-18,64,AL,Nordeste,HBO,34.9,4796,28,2,30,-4,38655.98
2024-03-18,64,AL,Nordeste,Telecine,29.9,3840,21,1,20,0,26516.4
2024-03-18,64,AL,Nordeste,Premiere,24.9,2876,14,1,17,-4,16538.66
2024-03-18,64,SE,Nordeste,Familia,49.9,5278,33,3,32,-2,60824.99
2024-03-18,64,SE,Nordeste,HBO,34.9,3297,16,1,18,-3,26573.97
2024-03-18,64,SE,Nordeste,Telecine,29.9,2636,12,0,16,-4,18202.4
2024-03-18,64,SE,Nordeste,Premiere,24.9,1975,8,1,12,-5,11357.39
2024-03-18,64,PI,Nordeste,Familia,49.9,7677,47,4,46,-3,88471.66
2024-03-18,64,PI,Nordeste,HBO,34.9,4799,25,1,25,-1,38680.16
2024-03-18,64,PI,Nordeste,Telecine,29.9,3839,20,1,20,-1,26509.49
2024-03-18,64,PI,Nordeste,Premiere,24.9,2873,11,1,17,-7,16521.41
2024-03-18,64,GO,Centro-Oeste,Familia,49.9,15836,98,9,93,-4,182498.01
2024-03-18,64,GO,Centro-Oeste,HBO,34.9,9896,59,5,58,-4,79762.22
2024-03-18,64,GO,Centro-Oeste,Telecine,29.9,7920,50,3,47,0,54690.07
2024-03-18,64,GO,Centro-Oeste,Premiere,24.9,5936,30,4,30,-4,34135.43
2024-03-18,64,MT,Centro-Oeste,Familia,49.9,8150,44,4,50,-10,93922.63
2024-03-18,64,MT,Centro-Oeste,HBO,34.9,5096,29,2,31,-4,41074.0
2024-03-18,64,MT,Centro-Oeste,Telecine,29.9,4078,22,1,23,-2,28159.86
2024-03-18,64,MT,Centro-Oeste,Premiere,24.9,3056,15,2,17,-4,17573.76
2024-03-18,64,MS,Centro-Oeste,Familia,49.9,6234,35,4,37,-6,71842.17
2024-03-18,64,MS,Centro-Oeste,HBO,34.9,3901,25,1,23,1,31442.24
2024-03-18,64,MS,Centro-Oeste,Telecine,29.9,3116,15,1,18,-4,21516.95
2024-03-18,64,MS,Centro-Oeste,Premiere,24.9,2333,8,1,14,-7,13416.1
2024-03-18,64,DF,Centro-Oeste,Familia,49.9,6724,42,3,35,4,77489.05
2024-03-18,64,DF,Centro-Oeste,HBO,34.9,4200,24,1,23,0,33852.19
2024-03-18,64,DF,Centro-Oeste,Telecine,29.9,3363,22,1,18,3,23222.56
2024-03-18,64,DF,Centro-Oeste,Premiere,24.9,2516,12,1,15,-4,14468.45
2024-03-18,64,AM,Norte,Familia,49.9,9597,62,7,58,-3,110598.22
2024-03-18,64,AM,Norte,HBO,34.9,5989,26,1,36,-11,48271.62
2024-03-18,64,AM,Norte,Telecine,29.9,4802,31,2,27,2,33159.31
2024-03-18,64,AM,Norte,Premiere,24.9,3594,18,2,22,-6,20667.58
2024-03-18,64,PA,Norte,Familia,49.9,20154,115,12,109,-6,232259.72
2024-03-18,64,PA,Norte,HBO,34.9,12600,71,5,66,0,101556.58
2024-03-18,64,PA,Norte,Telecine,29.9,10073,60,4,63,-7,69557.21
2024-03-18,64,PA,Norte,Premiere,24.9,7550,41,5,46,-10,43416.86
2024-03-18,64,RO,Norte,Familia,49.9,3836,22,2,24,-4,44207.02
2024-03-18,64,RO,Norte,HBO,34.9,2399,13,1,13,-1,19336.05
2024-03-18,64,RO,Norte,Telecine,29.9,1923,12,0,9,3,13278.91
2024-03-18,64,RO,Norte,Premiere,24.9,1439,6,0,7,-1,8275.08
2024-03-18,64,AC,Norte,Familia,49.9,1917,9,0,12,-3,22091.99
2024-03-18,64,AC,Norte,HBO,34.9,1201,7,0,6,1,9680.12
2024-03-18,64,AC,Norte,Telecine,29.9,960,5,0,5,0,6629.1
2024-03-18,64,AC,Norte,Premiere,24.9,720,3,0,3,0,4140.42
2024-03-18,64,RR,Norte,Familia,49.9,1438,8,1,9,-2,16571.87
2024-03-18,64,RR,Norte,HBO,34.9,900,5,0,5,0,7254.04
2024-03-18,64,RR,Norte,Telecine,29.9,720,3,0,3,0,4971.82
2024-03-18,64,RR,Norte,Premiere,24.9,539,2,0,3,-1,3099.56
2024-03-18,64,AP,Norte,Familia,49.9,1919,10,0,11,-1,22115.03
2024-03-18,64,AP,Norte,HBO,34.9,1200,7,0,7,0,9672.06
2024-03-18,64,AP,Norte,Telecine,29.9,960,5,0,5,0,6629.1
2024-03-18,64,AP,Norte,Premiere,24.9,719,3,0,4,-1,4134.67
2024-03-18,64,TO,Norte,Familia,49.9,3357,19,2,20,-3,38686.91
2024-03-18,64,TO,Norte,HBO,34.9,2100,12,1,11,0,16926.1
2024-03-18,64,TO,Norte,Telecine,29.9,1680,9,0,9,0,11600.92
2024-03-18,64,TO,Norte,Premiere,24.9,1259,6,0,7,-1,7239.98
2024-03-25,65,SP,Sudeste,Familia,49.9,104509,527,56,602,-131,1204387.78
2024-03-25,65,SP,Sudeste,HBO,34.9,65315,341,28,398,-85,526441.92
2024-03-25,65,SP,Sudeste,Telecine,29.9,52300,283,22,281,-20,361147.81
2024-03-25,65,SP,Sudeste,Premiere,24.9,39155,184,25,244,-85,225163.86
2024-03-25,65,RJ,Sudeste,Familia,49.9,39363,242,26,213,3,453629.03
2024-03-25,65,RJ,Sudeste,HBO,34.9,24574,142,12,156,-26,198067.58
2024-03-25,65,RJ,Sudeste,Telecine,29.9,19654,103,7,122,-26,135717.0
2024-03-25,65,RJ,Sudeste,Premiere,24.9,14735,76,9,92,-25,84734.76
2024-03-25,65,MG,Sudeste,Familia,49.9,48914,291,31,306,-46,563697.14
2024-03-25,65,MG,Sudeste,HBO,34.9,30571,181,15,194,-28,246403.67
2024-03-25,65,MG,Sudeste,Telecine,29.9,24470,138,10,138,-10,168972.98
2024-03-25,65,MG,Sudeste,Premiere,24.9,18323,73,9,100,-36,105367.83
2024-03-25,65,ES,Sudeste,Familia,49.9,9118,56,5,53,-2,105078.11
2024-03-25,65,ES,Sudeste,HBO,34.9,5697,31,2,32,-3,45918.08
2024-03-25,65,ES,Sudeste,Telecine,29.9,4557,24,1,26,-3,31467.51
2024-03-25,65,ES,Sudeste,Premiere,24.9,3411,13,1,21,-9,19615.22
2024-03-25,65,PR,Sul,Familia,49.9,26884,163,17,142,4,309817.92
2024-03-25,65,PR,Sul,HBO,34.9,16795,92,7,90,-5,135368.48
2024-03-25,65,PR,Sul,Telecine,29.9,13437,75,5,73,-3,92786.67
2024-03-25,65,PR,Sul,Premiere,24.9,10057,44,5,62,-23,57833.56
2024-03-25,65,SC,Sul,Familia,49.9,17280,102,11,91,0,199139.03
2024-03-25,65,SC,Sul,HBO,34.9,10802,68,5,61,2,87064.62
2024-03-25,65,SC,Sul,Telecine,29.9,8645,56,4,47,5,59696.42
2024-03-25,65,SC,Sul,Premiere,24.9,6463,27,4,40,-17,37165.98
2024-03-25,65,RS,Sul,Familia,49.9,26843,144,17,164,-37,309345.43
2024-03-25,65,RS,Sul,HBO,34.9,16789,100,8,103,-11,135320.12
2024-03-25,65,RS,Sul,Telecine,29.9,13435,79,6,78,-5,92772.86
2024-03-25,65,RS,Sul,Premiere,24.9,10057,39,5,57,-23,57833.56
2024-03-25,65,BA,Nordeste,Familia,49.9,34566,226,27,193,6,398347.21
2024-03-25,65,BA,Nordeste,HBO,34.9,21559,96,8,129,-41,173766.54
2024-03-25,65,BA,Nordeste,Telecine,29.9,17283,100,6,91,3,119344.5
2024-03-25,65,BA,Nordeste,Premiere,24.9,12942,60,7,71,-18,74423.97
2024-03-25,65,CE,Nordeste,Familia,49.9,21573,122,13,136,-27,248612.63
2024-03-25,65,CE,Nordeste,HBO,34.9,13493,81,7,81,-7,108754.2
2024-03-25,65,CE,Nordeste,Telecine,29.9,10800,64,4,60,0,74577.37
2024-03-25,65,CE,Nordeste,Premiere,24.9,8090,39,5,44,-10,46522.17
2024-03-25,65,PE,Nordeste,Familia,49.9,23021,134,12,141,-19,265299.75
2024-03-25,65,PE,Nordeste,HBO,34.9,14406,97,8,83,6,116113.03
2024-03-25,65,PE,Nordeste,Telecine,29.9,11521,68,4,63,1,79556.1
2024-03-25,65,PE,Nordeste,Premiere,24.9,8634,46,6,46,-6,49650.48
2024-03-25,65,MA,Nordeste,Familia,49.9,16309,90,8,93,-11,187948.98
2024-03-25,65,MA,Nordeste,HBO,34.9,10210,69,5,54,10,82293.07
2024-03-25,65,MA,Nordeste,Telecine,29.9,8152,45,3,50,-8,56292.1
2024-03-25,65,MA,Nordeste,Premiere,24.9,6110,31,4,37,-10,35136.03
2024-03-25,65,PB,Nordeste,Familia,49.9,9587,52,5,60,-13,110482.98
2024-03-25,65,PB,Nordeste,HBO,34.9,5999,37,2,36,-1,48352.22
2024-03-25,65,PB,Nordeste,Telecine,29.9,4799,28,2,27,-1,33138.59
2024-03-25,65,PB,Nordeste,Premiere,24.9,3597,20,2,21,-3,20684.83
2024-03-25,65,RN,Nordeste,Familia,49.9,8635,45,4,46,-5,99511.89
2024-03-25,65,RN,Nordeste,HBO,34.9,5394,29,2,33,-6,43475.89
2024-03-25,65,RN,Nordeste,Telecine,29.9,4318,25,1,26,-2,29817.14
2024-03-25,65,RN,Nordeste,Premiere,24.9,3236,15,2,17,-4,18608.87
2024-03-25,65,AL,Nordeste,Familia,49.9,7678,46,4,44,-2,88483.19
2024-03-25,65,AL,Nordeste,HBO,34.9,4798,29,2,29,-2,38672.1
2024-03-25,65,AL,Nordeste,Telecine,29.9,3838,19,1,20,-2,26502.59
2024-03-25,65,AL,Nordeste,Premiere,24.9,2878,14,1,15,-2,16550.16
2024-03-25,65,SE,Nordeste,Familia,49.9,5277,28,2,29,-3,60813.46
2024-03-25,65,SE,Nordeste,HBO,34.9,3299,19,1,19,-1,26590.09
2024-03-25,65,SE,Nordeste,Telecine,29.9,2639,14,1,14,-1,18223.12
2024-03-25,65,SE,Nordeste,Premiere,24.9,1979,11,1,11,-1,11380.39
2024-03-25,65,PI,Nordeste,Familia,49.9,7671,40,4,45,-9,88402.52
2024-03-25,65,PI,Nordeste,HBO,34.9,4796,28,2,30,-4,38655.98
2024-03-25,65,PI,Nordeste,Telecine,29.9,3838,21,1,22,-2,26502.59
2024-03-25,65,PI,Nordeste,Premiere,24.9,2876,15,2,17,-4,16538.66
2024-03-25,65,GO,Centro-Oeste,Familia,49.9,15839,92,10,83,-1,182532.59
2024-03-25,65,GO,Centro-Oeste,HBO,34.9,9905,62,5,52,5,79834.76
2024-03-25,65,GO,Centro-Oeste,Telecine,29.9,7923,49,3,43,3,54710.79
2024-03-25,65,GO,Centro-Oeste,Premiere,24.9,5932,27,3,32,-8,34112.42
2024-03-25,65,MT,Centro-Oeste,Familia,49.9,8158,50,4,48,-2,94014.83
2024-03-25,65,MT,Centro-Oeste,HBO,34.9,5096,30,2,32,-4,41074.0
2024-03-25,65,MT,Centro-Oeste,Telecine,29.9,4076,22,1,25,-4,28146.05
2024-03-25,65,MT,Centro-Oeste,Premiere,24.9,3058,16,2,16,-2,17585.27
2024-03-25,65,MS,Centro-Oeste,Familia,49.9,6238,35,3,34,-2,71888.27
2024-03-25,65,MS,Centro-Oeste,HBO,34.9,3898,21,1,22,-2,31418.06
2024-03-25,65,MS,Centro-Oeste,Telecine,29.9,3120,20,1,19,0,21544.57
2024-03-25,65,MS,Centro-Oeste,Premiere,24.9,2338,13,1,14,-2,13444.85
2024-03-25,65,DF,Centro-Oeste,Familia,49.9,6717,37,3,37,-3,77408.38
2024-03-25,65,DF,Centro-Oeste,HBO,34.9,4198,23,1,24,-2,33836.07
2024-03-25,65,DF,Centro-Oeste,Telecine,29.9,3356,16,1,19,-4,23174.23
2024-03-25,65,DF,Centro-Oeste,Premiere,24.9,2515,11,1,15,-5,14462.7
2024-03-25,65,AM,Norte,Familia,49.9,9591,56,6,59,-9,110529.08
2024-03-25,65,AM,Norte,HBO,34.9,5999,35,2,34,-1,48352.22
2024-03-25,65,AM,Norte,Telecine,29.9,4798,27,1,28,-2,33131.69
2024-03-25,65,AM,Norte,Premiere,24.9,3595,19,2,22,-5,20673.33
2024-03-25,65,PA,Norte,Familia,49.9,20144,104,11,109,-16,232144.48
2024-03-25,65,PA,Norte,HBO,34.9,12599,78,6,73,-1,101548.52
2024-03-25,65,PA,Norte,Telecine,29.9,10076,56,4,56,-4,69577.92
2024-03-25,65,PA,Norte,Premiere,24.9,7551,36,4,41,-9,43422.61
2024-03-25,65,RO,Norte,Familia,49.9,3837,19,1,21,-3,44218.55
2024-03-25,65,RO,Norte,HBO,34.9,2399,14,1,14,-1,19336.05
2024-03-25,65,RO,Norte,Telecine,29.9,1921,11,0,10,1,13265.1
2024-03-25,65,RO,Norte,Premiere,24.9,1439,7,0,8,-1,8275.08
2024-03-25,65,AC,Norte,Familia,49.9,1920,12,1,11,0,22126.56
2024-03-25,65,AC,Norte,HBO,34.9,1200,7,0,7,0,9672.06
2024-03-25,65,AC,Norte,Telecine,29.9,960,5,0,5,0,6629.1
2024-03-25,65,AC,Norte,Premiere,24.9,719,3,0,4,-1,4134.67
2024-03-25,65,RR,Norte,Familia,49.9,1441,8,0,7,1,16606.44
2024-03-25,65,RR,Norte,HBO,34.9,901,5,0,4,1,7262.1
2024-03-25,65,RR,Norte,Telecine,29.9,720,4,0,4,0,4971.82
2024-03-25,65,RR,Norte,Premiere,24.9,540,2,0,2,0,3105.31
2024-03-25,65,AP,Norte,Familia,49.9,1919,10,1,10,-1,22115.03
2024-03-25,65,AP,Norte,HBO,34.9,1200,6,0,6,0,9672.06
2024-03-25,65,AP,Norte,Telecine,29.9,960,5,0,5,0,6629.1
2024-03-25,65,AP,Norte,Premiere,24.9,719,3,0,4,-1,4134.67
2024-03-25,65,TO,Norte,Familia,49.9,3356,19,2,21,-4,38675.38
2024-03-25,65,TO,Norte,HBO,34.9,2100,12,0,12,0,16926.1
2024-03-25,65,TO,Norte,Telecine,29.9,1680,9,0,9,0,11600.92
2024-03-25,65,TO,Norte,Premiere,24.9,1259,6,0,7,-1,7239.98
2024-04-01,66,SP,Sudeste,Familia,49.9,104602,592,60,570,-38,1205459.54
2024-04-01,66,SP,Sudeste,HBO,34.9,65372,399,30,397,-28,526901.34
2024-04-01,66,SP,Sudeste,Telecine,29.9,52354,333,19,280,34,361520.69
2024-04-01,66,SP,Sudeste,Premiere,24.9,39277,290,37,216,37,225865.43
2024-04-01,66,RJ,Sudeste,Familia,49.9,39329,228,21,238,-31,453237.21
2024-04-01,66,RJ,Sudeste,HBO,34.9,24578,133,11,144,-22,198099.82
2024-04-01,66,RJ,Sudeste,Telecine,29.9,19687,124,8,109,7,135944.87
2024-04-01,66,RJ,Sudeste,Premiere,24.9,14765,104,14,85,5,84907.27
2024-04-01,66,MG,Sudeste,Familia,49.9,48962,306,36,268,2,564250.3
2024-04-01,66,MG,Sudeste,HBO,34.9,30581,179,14,183,-18,246484.27
2024-04-01,66,MG,Sudeste,Telecine,29.9,24467,141,11,143,-13,168952.26
2024-04-01,66,MG,Sudeste,Premiere,24.9,18364,117,14,98,5,105603.6
2024-04-01,66,ES,Sudeste,Familia,49.9,9126,66,6,54,6,105170.3
2024-04-01,66,ES,Sudeste,HBO,34.9,5704,36,2,30,4,45974.5
2024-04-01,66,ES,Sudeste,Telecine,29.9,4560,25,1,24,0,31488.22
2024-04-01,66,ES,Sudeste,Premiere,24.9,3421,23,3,19,1,19672.73
2024-04-01,66,PR,Sul,Familia,49.9,26876,177,19,162,-4,309725.73
2024-04-01,66,PR,Sul,HBO,34.9,16790,95,7,98,-10,135328.18
2024-04-01,66,PR,Sul,Telecine,29.9,13435,83,6,82,-5,92772.86
2024-04-01,66,PR,Sul,Premiere,24.9,10088,75,11,56,8,58011.82
2024-04-01,66,SC,Sul,Familia,49.9,17268,96,10,98,-12,199000.74
2024-04-01,66,SC,Sul,HBO,34.9,10797,64,5,62,-3,87024.32
2024-04-01,66,SC,Sul,Telecine,29.9,8647,55,3,45,7,59710.23
2024-04-01,66,SC,Sul,Premiere,24.9,6480,44,6,38,0,37263.74
2024-04-01,66,RS,Sul,Familia,49.9,26853,135,15,147,-27,309460.67
2024-04-01,66,RS,Sul,HBO,34.9,16785,82,7,90,-15,135287.88
2024-04-01,66,RS,Sul,Telecine,29.9,13442,90,6,82,2,92821.2
2024-04-01,66,RS,Sul,Premiere,24.9,10078,63,9,56,-2,57954.32
2024-04-01,66,BA,Nordeste,Familia,49.9,34523,200,24,213,-37,397851.66
2024-04-01,66,BA,Nordeste,HBO,34.9,21599,124,11,114,-1,174088.94
2024-04-01,66,BA,Nordeste,Telecine,29.9,17289,119,8,102,9,119385.94
2024-04-01,66,BA,Nordeste,Premiere,24.9,12966,91,13,72,6,74561.99
2024-04-01,66,CE,Nordeste,Familia,49.9,21592,123,11,120,-8,248831.59
2024-04-01,66,CE,Nordeste,HBO,34.9,13496,76,5,75,-4,108778.38
2024-04-01,66,CE,Nordeste,Telecine,29.9,10804,68,5,59,4,74604.99
2024-04-01,66,CE,Nordeste,Premiere,24.9,8107,56,6,43,7,46619.93
2024-04-01,66,PE,Nordeste,Familia,49.9,23022,137,13,142,-18,265311.27
2024-04-01,66,PE,Nordeste,HBO,34.9,14393,88,6,89,-7,116008.24
2024-04-01,66,PE,Nordeste,Telecine,29.9,11509,64,4,71,-11,79473.23
2024-04-01,66,PE,Nordeste,Premiere,24.9,8635,53,8,50,-5,49656.24
2024-04-01,66,MA,Nordeste,Familia,49.9,16306,93,11,96,-14,187914.41
2024-04-01,66,MA,Nordeste,HBO,34.9,10192,54,4,58,-8,82147.99
2024-04-01,66,MA,Nordeste,Telecine,29.9,8147,39,2,50,-13,56257.58
2024-04-01,66,MA,Nordeste,Premiere,24.9,6123,44,6,35,3,35210.79
2024-04-01,66,PB,Nordeste,Familia,49.9,9593,52,6,53,-7,110552.12
2024-04-01,66,PB,Nordeste,HBO,34.9,5996,34,2,36,-4,48328.04
2024-04-01,66,PB,Nordeste,Telecine,29.9,4801,30,1,28,1,33152.4
2024-04-01,66,PB,Nordeste,Premiere,24.9,3603,25,3,19,3,20719.33
2024-04-01,66,RN,Nordeste,Familia,49.9,8640,54,6,48,0,99569.52
2024-04-01,66,RN,Nordeste,HBO,34.9,5402,33,2,29,2,43540.37
2024-04-01,66,RN,Nordeste,Telecine,29.9,4320,25,1,24,0,29830.95
2024-04-01,66,RN,Nordeste,Premiere,24.9,3244,24,3,17,4,18654.87
2024-04-01,66,AL,Nordeste,Familia,49.9,7681,46,5,40,1,88517.76
2024-04-01,66,AL,Nordeste,HBO,34.9,4798,26,1,27,-2,38672.1
2024-04-01,66,AL,Nordeste,Telecine,29.9,3840,21,1,20,0,26516.4
2024-04-01,66,AL,Nordeste,Premiere,24.9,2883,20,2,15,3,16578.91
2024-04-01,66,SE,Nordeste,Familia,49.9,5284,34,3,27,4,60894.13
2024-04-01,66,SE,Nordeste,HBO,34.9,3299,18,1,18,-1,26590.09
2024-04-01,66,SE,Nordeste,Telecine,29.9,2639,15,1,15,-1,18223.12
2024-04-01,66,SE,Nordeste,Premiere,24.9,1980,13,1,12,0,11386.14
2024-04-01,66,PI,Nordeste,Familia,49.9,7685,52,5,42,5,88563.86
2024-04-01,66,PI,Nordeste,HBO,34.9,4800,28,2,26,0,38688.22
2024-04-01,66,PI,Nordeste,Telecine,29.9,3835,18,1,22,-5,26481.87
2024-04-01,66,PI,Nordeste,Premiere,24.9,2880,19,2,17,0,16561.66
2024-04-01,66,GO,Centro-Oeste,Familia,49.9,15827,80,7,86,-13,182394.3
2024-04-01,66,GO,Centro-Oeste,HBO,34.9,9889,54,3,62,-11,79705.8
2024-04-01,66,GO,Centro-Oeste,Telecine,29.9,7922,45,2,41,2,54703.88
2024-04-01,66,GO,Centro-Oeste,Premiere,24.9,5943,40,5,32,3,34175.68
2024-04-01,66,MT,Centro-Oeste,Familia,49.9,8150,39,4,45,-10,93922.63
2024-04-01,66,MT,Centro-Oeste,HBO,34.9,5098,30,2,30,-2,41090.12
2024-04-01,66,MT,Centro-Oeste,Telecine,29.9,4082,26,1,23,2,28187.48
2024-04-01,66,MT,Centro-Oeste,Premiere,24.9,3059,20,2,19,-1,17591.02
2024-04-01,66,MS,Centro-Oeste,Familia,49.9,6241,39,3,35,1,71922.84
2024-04-01,66,MS,Centro-Oeste,HBO,34.9,3900,23,2,21,0,31434.18
2024-04-01,66,MS,Centro-Oeste,Telecine,29.9,3118,18,1,19,-2,21530.76
2024-04-01,66,MS,Centro-Oeste,Premiere,24.9,2342,16,2,12,2,13467.85
2024-04-01,66,DF,Centro-Oeste,Familia,49.9,6721,41,5,35,1,77454.48
2024-04-01,66,DF,Centro-Oeste,HBO,34.9,4200,23,1,22,0,33852.19
2024-04-01,66,DF,Centro-Oeste,Telecine,29.9,3360,19,1,18,0,23201.85
2024-04-01,66,DF,Centro-Oeste,Premiere,24.9,2520,17,2,15,0,14491.45
2024-04-01,66,AM,Norte,Familia,49.9,9590,53,5,58,-10,110517.55
2024-04-01,66,AM,Norte,HBO,34.9,6002,35,2,31,2,48376.4
2024-04-01,66,AM,Norte,Telecine,29.9,4800,29,2,27,0,33145.5
2024-04-01,66,AM,Norte,Premiere,24.9,3601,23,2,20,1,20707.83
2024-04-01,66,PA,Norte,Familia,49.9,20155,121,11,115,-5,232271.25
2024-04-01,66,PA,Norte,HBO,34.9,12601,79,7,71,1,101564.64
2024-04-01,66,PA,Norte,Telecine,29.9,10071,57,4,62,-9,69543.39
2024-04-01,66,PA,Norte,Premiere,24.9,7562,53,8,43,2,43485.87
2024-04-01,66,RO,Norte,Familia,49.9,3838,21,2,21,-2,44230.07
2024-04-01,66,RO,Norte,HBO,34.9,2398,13,0,15,-2,19327.99
2024-04-01,66,RO,Norte,Telecine,29.9,1920,10,0,10,0,13258.2
2024-04-01,66,RO,Norte,Premiere,24.9,1442,11,1,8,2,8292.33
2024-04-01,66,AC,Norte,Familia,49.9,1920,11,1,10,0,22126.56
2024-04-01,66,AC,Norte,HBO,34.9,1200,7,0,7,0,9672.06
2024-04-01,66,AC,Norte,Telecine,29.9,961,6,0,5,1,6636.0
2024-04-01,66,AC,Norte,Premiere,24.9,721,5,0,4,1,4146.17
2024-04-01,66,RR,Norte,Familia,49.9,1441,8,0,7,1,16606.44
2024-04-01,66,RR,Norte,HBO,34.9,900,5,0,5,0,7254.04
2024-04-01,66,RR,Norte,Telecine,29.9,719,3,0,4,-1,4964.92
2024-04-01,66,RR,Norte,Premiere,24.9,541,4,0,3,1,3111.06
2024-04-01,66,AP,Norte,Familia,49.9,1920,12,1,11,0,22126.56
2024-04-01,66,AP,Norte,HBO,34.9,1199,6,0,7,-1,9664.0
2024-04-01,66,AP,Norte,Telecine,29.9,960,5,0,5,0,6629.1
2024-04-01,66,AP,Norte,Premiere,24.9,721,4,0,3,1,4146.17
2024-04-01,66,TO,Norte,Familia,49.9,3360,21,2,19,0,38721.48
2024-04-01,66,TO,Norte,HBO,34.9,2099,10,0,11,-1,16918.04
2024-04-01,66,TO,Norte,Telecine,29.9,1682,10,0,8,2,11614.73
2024-04-01,66,TO,Norte,Premiere,24.9,1261,9,1,7,1,7251.48
2024-04-08,67,SP,Sudeste,Familia,49.9,104544,569,56,609,-96,1204791.13
2024-04-08,67,SP,Sudeste,HBO,34.9,65407,384,31,346,7,527183.44
2024-04-08,67,SP,Sudeste,Telecine,29.9,52295,302,23,304,-25,361113.28
2024-04-08,67,SP,Sudeste,Premiere,24.9,39224,234,35,215,-16,225560.65
2024-04-08,67,RJ,Sudeste,Familia,49.9,39320,228,26,242,-40,453133.49
2024-04-08,67,RJ,Sudeste,HBO,34.9,24586,135,10,139,-14,198164.3
2024-04-08,67,RJ,Sudeste,Telecine,29.9,19688,122,8,106,8,135951.78
2024-04-08,67,RJ,Sudeste,Premiere,24.9,14759,103,14,90,-1,84872.77
2024-04-08,67,MG,Sudeste,Familia,49.9,48887,218,24,267,-73,563385.98
2024-04-08,67,MG,Sudeste,HBO,34.9,30598,194,14,181,-1,246621.29
2024-04-08,67,MG,Sudeste,Telecine,29.9,24484,149,9,136,4,169069.65
2024-04-08,67,MG,Sudeste,Premiere,24.9,18360,137,21,115,1,105580.6
2024-04-08,67,ES,Sudeste,Familia,49.9,9116,55,6,53,-4,105055.06
2024-04-08,67,ES,Sudeste,HBO,34.9,5695,31,2,34,-5,45901.96
2024-04-08,67,ES,Sudeste,Telecine,29.9,4557,26,1,28,-3,31467.51
2024-04-08,67,ES,Sudeste,Premiere,24.9,3423,23,2,18,3,19684.23
2024-04-08,67,PR,Sul,Familia,49.9,26855,148,18,155,-25,309483.72
2024-04-08,67,PR,Sul,HBO,34.9,16811,111,7,93,11,135497.44
2024-04-08,67,PR,Sul,Telecine,29.9,13430,73,4,79,-10,92738.34
2024-04-08,67,PR,Sul,Premiere,24.9,10082,68,9,57,2,57977.32
2024-04-08,67,SC,Sul,Familia,49.9,17283,109,13,93,3,199173.6
2024-04-08,67,SC,Sul,HBO,34.9,10788,58,4,66,-12,86951.78
2024-04-08,67,SC,Sul,Telecine,29.9,8640,55,3,52,0,59661.89
2024-04-08,67,SC,Sul,Premiere,24.9,6482,41,4,35,2,37275.24
2024-04-08,67,RS,Sul,Familia,49.9,26889,166,16,141,9,309875.54
2024-04-08,67,RS,Sul,HBO,34.9,16792,92,8,92,-8,135344.3
2024-04-08,67,RS,Sul,Telecine,29.9,13442,87,6,79,2,92821.2
2024-04-08,67,RS,Sul,Premiere,24.9,10077,68,9,62,-3,57948.57
2024-04-08,67,BA,Nordeste,Familia,49.9,34574,218,22,182,14,398439.4
2024-04-08,67,BA,Nordeste,HBO,34.9,21605,140,9,126,5,174137.3
2024-04-08,67,BA,Nordeste,Telecine,29.9,17263,98,7,108,-17,119206.4
2024-04-08,67,BA,Nordeste,Premiere,24.9,12958,81,11,72,-2,74515.98
2024-04-08,67,CE,Nordeste,Familia,49.9,21575,116,13,128,-25,248635.68
2024-04-08,67,CE,Nordeste,HBO,34.9,13500,83,7,76,0,108810.62
2024-04-08,67,CE,Nordeste,Telecine,29.9,10802,65,5,58,2,74591.18
2024-04-08,67,CE,Nordeste,Premiere,24.9,8101,55,8,46,1,46585.43
2024-04-08,67,PE,Nordeste,Familia,49.9,23031,153,18,144,-9,265414.99
2024-04-08,67,PE,Nordeste,HBO,34.9,14405,89,6,78,5,116104.97
2024-04-08,67,PE,Nordeste,Telecine,29.9,11517,71,5,69,-3,79528.48
2024-04-08,67,PE,Nordeste,Premiere,24.9,8636,50,6,48,-4,49661.99
2024-04-08,67,MA,Nordeste,Familia,49.9,16323,102,11,88,3,188110.32
2024-04-08,67,MA,Nordeste,HBO,34.9,10200,59,4,55,0,82212.47
2024-04-08,67,MA,Nordeste,Telecine,29.9,8149,42,3,50,-11,56271.39
2024-04-08,67,MA,Nordeste,Premiere,24.9,6126,44,6,32,6,35228.04
2024-04-08,67,PB,Nordeste,Familia,49.9,9595,55,5,55,-5,110575.17
2024-04-08,67,PB,Nordeste,HBO,34.9,5993,30,2,35,-7,48303.86
2024-04-08,67,PB,Nordeste,Telecine,29.9,4801,32,1,30,1,33152.4
2024-04-08,67,PB,Nordeste,Premiere,24.9,3603,24,2,19,3,20719.33
2024-04-08,67,RN,Nordeste,Familia,49.9,8631,50,5,54,-9,99465.8
2024-04-08,67,RN,Nordeste,HBO,34.9,5396,32,2,34,-4,43492.01
2024-04-08,67,RN,Nordeste,Telecine,29.9,4320,26,2,24,0,29830.95
2024-04-08,67,RN,Nordeste,Premiere,24.9,3241,22,3,18,1,18637.62
2024-04-08,67,AL,Nordeste,Familia,49.9,7678,45,5,42,-2,88483.19
2024-04-08,67,AL,Nordeste,HBO,34.9,4796,25,1,28,-4,38655.98
2024-04-08,67,AL,Nordeste,Telecine,29.9,3840,21,1,20,0,26516.4
2024-04-08,67,AL,Nordeste,Premiere,24.9,2878,17,2,17,-2,16550.16
2024-04-08,67,SE,Nordeste,Familia,49.9,5272,27,2,33,-8,60755.84
2024-04-08,67,SE,Nordeste,HBO,34.9,3302,21,1,18,2,26614.27
2024-04-08,67,SE,Nordeste,Telecine,29.9,2639,13,0,14,-1,18223.12
2024-04-08,67,SE,Nordeste,Premiere,24.9,1980,13,2,11,0,11386.14
2024-04-08,67,PI,Nordeste,Familia,49.9,7667,39,4,48,-13,88356.42
2024-04-08,67,PI,Nordeste,HBO,34.9,4797,26,2,27,-3,38664.04
2024-04-08,67,PI,Nordeste,Telecine,29.9,3834,19,1,24,-6,26474.97
2024-04-08,67,PI,Nordeste,Premiere,24.9,2881,18,2,15,1,16567.41
2024-04-08,67,GO,Centro-Oeste,Familia,49.9,15833,103,11,99,-7,182463.44
2024-04-08,67,GO,Centro-Oeste,HBO,34.9,9893,56,4,59,-7,79738.04
2024-04-08,67,GO,Centro-Oeste,Telecine,29.9,7924,48,3,41,4,54717.69
2024-04-08,67,GO,Centro-Oeste,Premiere,24.9,5950,46,5,31,10,34215.94
2024-04-08,67,MT,Centro-Oeste,Familia,49.9,8159,48,4,45,-1,94026.35
2024-04-08,67,MT,Centro-Oeste,HBO,34.9,5093,25,1,31,-7,41049.82
2024-04-08,67,MT,Centro-Oeste,Telecine,29.9,4080,24,1,23,0,28173.67
2024-04-08,67,MT,Centro-Oeste,Premiere,24.9,3061,20,2,17,1,17602.52
2024-04-08,67,MS,Centro-Oeste,Familia,49.9,6237,37,3,37,-3,71876.74
2024-04-08,67,MS,Centro-Oeste,HBO,34.9,3896,21,1,24,-4,31401.94
2024-04-08,67,MS,Centro-Oeste,Telecine,29.9,3120,18,1,17,0,21544.57
2024-04-08,67,MS,Centro-Oeste,Premiere,24.9,2341,17,2,14,1,13462.1
2024-04-08,67,DF,Centro-Oeste,Familia,49.9,6719,38,4,35,-1,77431.43
2024-04-08,67,DF,Centro-Oeste,HBO,34.9,4199,27,2,26,-1,33844.13
2024-04-08,67,DF,Centro-Oeste,Telecine,29.9,3357,17,1,19,-3,23181.13
2024-04-08,67,DF,Centro-Oeste,Premiere,24.9,2519,15,2,14,-1,14485.7
2024-04-08,67,AM,Norte,Familia,49.9,9597,56,6,53,-3,110598.22
2024-04-08,67,AM,Norte,HBO,34.9,6001,35,2,32,1,48368.34
2024-04-08,67,AM,Norte,Telecine,29.9,4800,28,1,27,0,33145.5
2024-04-08,67,AM,Norte,Premiere,24.9,3600,24,3,21,0,20702.08
2024-04-08,67,PA,Norte,Familia,49.9,20154,114,13,107,-6,232259.72
2024-04-08,67,PA,Norte,HBO,34.9,12589,62,5,68,-11,101467.92
2024-04-08,67,PA,Norte,Telecine,29.9,10075,57,3,59,-5,69571.02
2024-04-08,67,PA,Norte,Premiere,24.9,7566,55,7,42,6,43508.87
2024-04-08,67,RO,Norte,Familia,49.9,3838,22,2,22,-2,44230.07
2024-04-08,67,RO,Norte,HBO,34.9,2397,13,1,15,-3,19319.93
2024-04-08,67,RO,Norte,Telecine,29.9,1920,11,0,11,0,13258.2
2024-04-08,67,RO,Norte,Premiere,24.9,1440,8,0,8,0,8280.83
2024-04-08,67,AC,Norte,Familia,49.9,1919,11,1,11,-1,22115.03
2024-04-08,67,AC,Norte,HBO,34.9,1199,5,0,6,-1,9664.0
2024-04-08,67,AC,Norte,Telecine,29.9,960,5,0,5,0,6629.1
2024-04-08,67,AC,Norte,Premiere,24.9,721,4,0,3,1,4146.17
2024-04-08,67,RR,Norte,Familia,49.9,1441,9,0,8,1,16606.44
2024-04-08,67,RR,Norte,HBO,34.9,901,5,0,4,1,7262.1
2024-04-08,67,RR,Norte,Telecine,29.9,720,4,0,4,0,4971.82
2024-04-08,67,RR,Norte,Premiere,24.9,540,3,0,3,0,3105.31
2024-04-08,67,AP,Norte,Familia,49.9,1921,12,1,10,1,22138.08
2024-04-08,67,AP,Norte,HBO,34.9,1200,6,0,6,0,9672.06
2024-04-08,67,AP,Norte,Telecine,29.9,959,5,0,6,-1,6622.19
2024-04-08,67,AP,Norte,Premiere,24.9,720,4,0,4,0,4140.42
2024-04-08,67,TO,Norte,Familia,49.9,3356,19,2,21,-4,38675.38
2024-04-08,67,TO,Norte,HBO,34.9,2100,11,0,11,0,16926.1
2024-04-08,67,TO,Norte,Telecine,29.9,1681,10,0,9,1,11607.83
2024-04-08,67,TO,Norte,Premiere,24.9,1260,8,1,7,0,7245.73
2024-04-15,68,SP,Sudeste,Familia,49.9,104554,566,59,593,-86,1204906.37
2024-04-15,68,SP,Sudeste,HBO,34.9,65373,370,33,364,-27,526909.4
2024-04-15,68,SP,Sudeste,Telecine,29.9,52307,331,24,320,-13,361196.14
2024-04-15,68,SP,Sudeste,Premiere,24.9,39210,248,39,239,-30,225480.14
2024-04-15,68,RJ,Sudeste,Familia,49.9,39363,247,27,217,3,453629.03
2024-04-15,68,RJ,Sudeste,HBO,34.9,24593,137,10,134,-7,198220.72
2024-04-15,68,RJ,Sudeste,Telecine,29.9,19662,110,6,122,-18,135772.24
2024-04-15,68,RJ,Sudeste,Premiere,24.9,14754,95,15,86,-6,84844.02
2024-04-15,68,MG,Sudeste,Familia,49.9,48916,272,33,283,-44,563720.18
2024-04-15,68,MG,Sudeste,HBO,34.9,30604,181,12,164,5,246669.65
2024-04-15,68,MG,Sudeste,Telecine,29.9,24481,138,9,128,1,169048.94
2024-04-15,68,MG,Sudeste,Premiere,24.9,18363,120,15,101,4,105597.85
2024-04-15,68,ES,Sudeste,Familia,49.9,9118,55,6,51,-2,105078.11
2024-04-15,68,ES,Sudeste,HBO,34.9,5696,29,2,31,-4,45910.02
2024-04-15,68,ES,Sudeste,Telecine,29.9,4558,24,1,25,-2,31474.41
2024-04-15,68,ES,Sudeste,Premiere,24.9,3420,20,2,18,0,19666.97
2024-04-15,68,PR,Sul,Familia,49.9,26850,141,15,156,-30,309426.1
2024-04-15,68,PR,Sul,HBO,34.9,16807,106,8,91,7,135465.2
2024-04-15,68,PR,Sul,Telecine,29.9,13431,80,5,84,-9,92745.24
2024-04-15,68,PR,Sul,Premiere,24.9,10083,70,10,57,3,57983.07
2024-04-15,68,SC,Sul,Familia,49.9,17273,100,9,98,-7,199058.36
2024-04-15,68,SC,Sul,HBO,34.9,10786,55,4,65,-14,86935.66
2024-04-15,68,SC,Sul,Telecine,29.9,8639,51,3,49,-1,59654.99
2024-04-15,68,SC,Sul,Premiere,24.9,6477,41,6,38,-3,37246.49
2024-04-15,68,RS,Sul,Familia,49.9,26850,142,14,158,-30,309426.1
2024-04-15,68,RS,Sul,HBO,34.9,16777,84,6,101,-23,135223.39
2024-04-15,68,RS,Sul,Telecine,29.9,13433,70,4,73,-7,92759.05
2024-04-15,68,RS,Sul,Premiere,24.9,10080,67,9,58,0,57965.82
2024-04-15,68,BA,Nordeste,Familia,49.9,34545,224,22,217,-15,398105.2
2024-04-15,68,BA,Nordeste,HBO,34.9,21596,124,9,119,-4,174064.76
2024-04-15,68,BA,Nordeste,Telecine,29.9,17276,107,7,104,-4,119296.17
2024-04-15,68,BA,Nordeste,Premiere,24.9,12958,89,13,78,-2,74515.98
2024-04-15,68,CE,Nordeste,Familia,49.9,21579,130,15,136,-21,248681.78
2024-04-15,68,CE,Nordeste,HBO,34.9,13507,84,6,71,7,108867.04
2024-04-15,68,CE,Nordeste,Telecine,29.9,10792,58,3,63,-8,74522.12
2024-04-15,68,CE,Nordeste,Premiere,24.9,8099,53,6,48,-1,46573.93
2024-04-15,68,PE,Nordeste,Familia,49.9,23032,128,15,121,-8,265426.51
2024-04-15,68,PE,Nordeste,HBO,34.9,14395,90,7,88,-5,116024.36
2024-04-15,68,PE,Nordeste,Telecine,29.9,11506,59,3,70,-14,79452.52
2024-04-15,68,PE,Nordeste,Premiere,24.9,8636,52,8,48,-4,49661.99
2024-04-15,68,MA,Nordeste,Familia,49.9,16293,85,9,103,-27,187764.6
2024-04-15,68,MA,Nordeste,HBO,34.9,10191,59,4,64,-9,82139.93
2024-04-15,68,MA,Nordeste,Telecine,29.9,8153,44,2,49,-7,56299.01
2024-04-15,68,MA,Nordeste,Premiere,24.9,6120,38,5,33,0,35193.53
2024-04-15,68,PB,Nordeste,Familia,49.9,9593,52,5,54,-7,110552.12
2024-04-15,68,PB,Nordeste,HBO,34.9,6002,37,2,33,2,48376.4
2024-04-15,68,PB,Nordeste,Telecine,29.9,4800,29,2,27,0,33145.5
2024-04-15,68,PB,Nordeste,Premiere,24.9,3599,23,3,21,-1,20696.33
2024-04-15,68,RN,Nordeste,Familia,49.9,8637,54,6,51,-3,99534.94
2024-04-15,68,RN,Nordeste,HBO,34.9,5394,28,2,32,-6,43475.89
2024-04-15,68,RN,Nordeste,Telecine,29.9,4319,26,1,26,-1,29824.04
2024-04-15,68,RN,Nordeste,Premiere,24.9,3241,20,2,17,1,18637.62
2024-04-15,68,AL,Nordeste,Familia,49.9,7671,38,4,43,-9,88402.52
2024-04-15,68,AL,Nordeste,HBO,34.9,4802,30,2,26,2,38704.34
2024-04-15,68,AL,Nordeste,Telecine,29.9,3838,21,1,22,-2,26502.59
2024-04-15,68,AL,Nordeste,Premiere,24.9,2877,17,2,18,-3,16544.41
2024-04-15,68,SE,Nordeste,Familia,49.9,5281,31,3,27,1,60859.56
2024-04-15,68,SE,Nordeste,HBO,34.9,3301,19,1,17,1,26606.21
2024-04-15,68,SE,Nordeste,Telecine,29.9,2641,17,1,15,1,18236.93
2024-04-15,68,SE,Nordeste,Premiere,24.9,1981,15,2,12,1,11391.89
2024-04-15,68,PI,Nordeste,Familia,49.9,7677,42,4,41,-3,88471.66
2024-04-15,68,PI,Nordeste,HBO,34.9,4795,25,2,28,-5,38647.92
2024-04-15,68,PI,Nordeste,Telecine,29.9,3842,23,1,20,2,26530.21
2024-04-15,68,PI,Nordeste,Premiere,24.9,2878,17,2,17,-2,16550.16
2024-04-15,68,GO,Centro-Oeste,Familia,49.9,15822,75,7,86,-18,182336.67
2024-04-15,68,GO,Centro-Oeste,HBO,34.9,9894,58,4,60,-6,79746.1
2024-04-15,68,GO,Centro-Oeste,Telecine,29.9,7914,44,2,48,-6,54648.64
2024-04-15,68,GO,Centro-Oeste,Premiere,24.9,5941,37,4,32,1,34164.18
2024-04-15,68,MT,Centro-Oeste,Familia,49.9,8151,39,4,44,-9,93934.16
2024-04-15,68,MT,Centro-Oeste,HBO,34.9,5098,32,2,32,-2,41090.12
2024-04-15,68,MT,Centro-Oeste,Telecine,29.9,4077,22,1,24,-3,28152.96
2024-04-15,68,MT,Centro-Oeste,Premiere,24.9,3060,20,2,18,0,17596.77
2024-04-15,68,MS,Centro-Oeste,Familia,49.9,6235,37,4,38,-5,71853.7
2024-04-15,68,MS,Centro-Oeste,HBO,34.9,3900,22,1,21,0,31434.18
2024-04-15,68,MS,Centro-Oeste,Telecine,29.9,3122,19,1,16,2,21558.38
2024-04-15,68,MS,Centro-Oeste,Premiere,24.9,2344,19,2,13,4,13479.35
2024-04-15,68,DF,Centro-Oeste,Familia,49.9,6715,34,3,36,-5,77385.33
2024-04-15,68,DF,Centro-Oeste,HBO,34.9,4199,25,2,24,-1,33844.13
2024-04-15,68,DF,Centro-Oeste,Telecine,29.9,3357,17,1,19,-3,23181.13
2024-04-15,68,DF,Centro-Oeste,Premiere,24.9,2520,17,2,15,0,14491.45
2024-04-15,68,AM,Norte,Familia,49.9,9592,58,6,60,-8,110540.6
2024-04-15,68,AM,Norte,HBO,34.9,5993,32,2,37,-7,48303.86
2024-04-15,68,AM,Norte,Telecine,29.9,4797,27,2,28,-3,33124.78
2024-04-15,68,AM,Norte,Premiere,24.9,3600,22,2,20,0,20702.08
2024-04-15,68,PA,Norte,Familia,49.9,20159,122,12,111,-1,232317.34
2024-04-15,68,PA,Norte,HBO,34.9,12588,63,4,71,-12,101459.86
2024-04-15,68,PA,Norte,Telecine,29.9,10066,48,3,59,-14,69508.87
2024-04-15,68,PA,Norte,Premiere,24.9,7556,45,6,43,-4,43451.36
2024-04-15,68,RO,Norte,Familia,49.9,3838,21,2,21,-2,44230.07
2024-04-15,68,RO,Norte,HBO,34.9,2401,14,1,12,1,19352.17
2024-04-15,68,RO,Norte,Telecine,29.9,1921,12,0,11,1,13265.1
2024-04-15,68,RO,Norte,Premiere,24.9,1441,9,1,7,1,8286.58
2024-04-15,68,AC,Norte,Familia,49.9,1920,11,1,10,0,22126.56
2024-04-15,68,AC,Norte,HBO,34.9,1200,6,0,6,0,9672.06
2024-04-15,68,AC,Norte,Telecine,29.9,960,5,0,5,0,6629.1
2024-04-15,68,AC,Norte,Premiere,24.9,722,5,0,3,2,4151.92
2024-04-15,68,RR,Norte,Familia,49.9,1440,8,0,8,0,16594.92
2024-04-15,68,RR,Norte,HBO,34.9,900,4,0,4,0,7254.04
2024-04-15,68,RR,Norte,Telecine,29.9,720,4,0,4,0,4971.82
2024-04-15,68,RR,Norte,Premiere,24.9,540,3,0,3,0,3105.31
2024-04-15,68,AP,Norte,Familia,49.9,1918,9,0,11,-2,22103.51
2024-04-15,68,AP,Norte,HBO,34.9,1200,6,0,6,0,9672.06
2024-04-15,68,AP,Norte,Telecine,29.9,960,5,0,5,0,6629.1
2024-04-15,68,AP,Norte,Premiere,24.9,720,4,0,4,0,4140.42
2024-04-15,68,TO,Norte,Familia,49.9,3359,18,2,17,-1,38709.95
2024-04-15,68,TO,Norte,HBO,34.9,2099,12,1,12,-1,16918.04
2024-04-15,68,TO,Norte,Telecine,29.9,1680,10,0,10,0,11600.92
2024-04-15,68,TO,Norte,Premiere,24.9,1261,8,0,7,1,7251.48
2024-04-22,69,SP,Sudeste,Familia,49.9,104644,637,79,554,4,1205943.56
2024-04-22,69,SP,Sudeste,HBO,34.9,65381,355,29,345,-19,526973.88
2024-04-22,69,SP,Sudeste,Telecine,29.9,52315,301,19,287,-5,361251.39
2024-04-22,69,SP,Sudeste,Premiere,24.9,39241,248,38,209,1,225658.41
2024-04-22,69,RJ,Sudeste,Familia,49.9,39352,236,22,222,-8,453502.26
2024-04-22,69,RJ,Sudeste,HBO,34.9,24587,145,10,148,-13,198172.36
2024-04-22,69,RJ,Sudeste,Telecine,29.9,19671,109,6,112,-9,135834.39
2024-04-22,69,RJ,Sudeste,Premiere,24.9,14752,95,14,89,-8,84832.52
2024-04-22,69,MG,Sudeste,Familia,49.9,48872,244,26,306,-88,563213.12
2024-04-22,69,MG,Sudeste,HBO,34.9,30570,164,13,180,-29,246395.61
2024-04-22,69,MG,Sudeste,Telecine,29.9,24461,132,7,144,-19,168910.83
2024-04-22,69,MG,Sudeste,Premiere,24.9,18365,133,20,107,6,105609.35
2024-04-22,69,ES,Sudeste,Familia,49.9,9111,49,4,54,-9,104997.44
2024-04-22,69,ES,Sudeste,HBO,34.9,5693,30,2,35,-7,45885.84
2024-04-22,69,ES,Sudeste,Telecine,29.9,4563,28,1,24,3,31508.94
2024-04-22,69,ES,Sudeste,Premiere,24.9,3420,23,3,20,0,19666.97
2024-04-22,69,PR,Sul,Familia,49.9,26844,137,14,159,-36,309356.95
2024-04-22,69,PR,Sul,HBO,34.9,16801,107,7,99,1,135416.84
2024-04-22,69,PR,Sul,Telecine,29.9,13452,88,6,70,12,92890.25
2024-04-22,69,PR,Sul,Premiere,24.9,10076,68,9,63,-4,57942.82
2024-04-22,69,SC,Sul,Familia,49.9,17266,99,9,104,-14,198977.69
2024-04-22,69,SC,Sul,HBO,34.9,10793,60,4,63,-7,86992.08
2024-04-22,69,SC,Sul,Telecine,29.9,8633,47,3,51,-7,59613.56
2024-04-22,69,SC,Sul,Premiere,24.9,6484,45,6,35,4,37286.74
2024-04-22,69,RS,Sul,Familia,49.9,26870,157,15,152,-10,309656.58
2024-04-22,69,RS,Sul,HBO,34.9,16781,85,6,98,-19,135255.64
2024-04-22,69,RS,Sul,Telecine,29.9,13440,80,6,74,0,92807.39
2024-04-22,69,RS,Sul,Premiere,24.9,10077,62,9,56,-3,57948.57
2024-04-22,69,BA,Nordeste,Familia,49.9,34519,202,25,218,-41,397805.57
2024-04-22,69,BA,Nordeste,HBO,34.9,21575,116,10,131,-25,173895.5
2024-04-22,69,BA,Nordeste,Telecine,29.9,17272,100,7,101,-8,119268.55
2024-04-22,69,BA,Nordeste,Premiere,24.9,12972,99,13,74,12,74596.49
2024-04-22,69,CE,Nordeste,Familia,49.9,21598,150,17,135,-2,248900.74
2024-04-22,69,CE,Nordeste,HBO,34.9,13499,84,7,78,-1,108802.56
2024-04-22,69,CE,Nordeste,Telecine,29.9,10795,63,4,64,-5,74542.84
2024-04-22,69,CE,Nordeste,Premiere,24.9,8093,50,6,51,-7,46539.42
2024-04-22,69,PE,Nordeste,Familia,49.9,23021,131,12,138,-19,265299.75
2024-04-22,69,PE,Nordeste,HBO,34.9,14393,86,7,86,-7,116008.24
2024-04-22,69,PE,Nordeste,Telecine,29.9,11526,71,4,61,6,79590.62
2024-04-22,69,PE,Nordeste,Premiere,24.9,8639,57,8,50,-1,49679.24
2024-04-22,69,MA,Nordeste,Familia,49.9,16307,98,9,102,-13,187925.94
2024-04-22,69,MA,Nordeste,HBO,34.9,10190,56,5,61,-10,82131.87
2024-04-22,69,MA,Nordeste,Telecine,29.9,8157,48,3,48,-3,56326.63
2024-04-22,69,MA,Nordeste,Premiere,24.9,6121,41,5,35,1,35199.28
2024-04-22,69,PB,Nordeste,Familia,49.9,9587,51,5,59,-13,110482.98
2024-04-22,69,PB,Nordeste,HBO,34.9,5995,32,2,35,-5,48319.98
2024-04-22,69,PB,Nordeste,Telecine,29.9,4802,29,2,25,2,33159.31
2024-04-22,69,PB,Nordeste,Premiere,24.9,3603,25,3,19,3,20719.33
2024-04-22,69,RN,Nordeste,Familia,49.9,8632,48,5,51,-8,99477.32
2024-04-22,69,RN,Nordeste,HBO,34.9,5399,30,2,29,-1,43516.19
2024-04-22,69,RN,Nordeste,Telecine,29.9,4314,22,1,27,-6,29789.52
2024-04-22,69,RN,Nordeste,Premiere,24.9,3238,20,3,19,-2,18620.37
2024-04-22,69,AL,Nordeste,Familia,49.9,7679,48,5,44,-1,88494.71
2024-04-22,69,AL,Nordeste,HBO,34.9,4796,24,1,27,-4,38655.98
2024-04-22,69,AL,Nordeste,Telecine,29.9,3837,21,1,23,-3,26495.68
2024-04-22,69,AL,Nordeste,Premiere,24.9,2880,20,2,18,0,16561.66
2024-04-22,69,SE,Nordeste,Familia,49.9,5274,28,2,32,-6,60778.89
2024-04-22,69,SE,Nordeste,HBO,34.9,3301,19,1,17,1,26606.21
2024-04-22,69,SE,Nordeste,Telecine,29.9,2641,16,1,14,1,18236.93
2024-04-22,69,SE,Nordeste,Premiere,24.9,1979,11,1,11,-1,11380.39
2024-04-22,69,PI,Nordeste,Familia,49.9,7678,46,5,43,-2,88483.19
2024-04-22,69,PI,Nordeste,HBO,34.9,4801,27,1,25,1,38696.28
2024-04-22,69,PI,Nordeste,Telecine,29.9,3841,22,1,20,1,26523.3
2024-04-22,69,PI,Nordeste,Premiere,24.9,2878,17,2,17,-2,16550.16
2024-04-22,69,GO,Centro-Oeste,Familia,49.9,15836,90,9,85,-4,182498.01
2024-04-22,69,GO,Centro-Oeste,HBO,34.9,9892,53,3,58,-8,79729.98
2024-04-22,69,GO,Centro-Oeste,Telecine,29.9,7917,40,2,41,-3,54669.35
2024-04-22,69,GO,Centro-Oeste,Premiere,24.9,5937,35,4,34,-3,34141.18
2024-04-22,69,MT,Centro-Oeste,Familia,49.9,8150,40,4,46,-10,93922.63
2024-04-22,69,MT,Centro-Oeste,HBO,34.9,5097,28,2,29,-3,41082.06
2024-04-22,69,MT,Centro-Oeste,Telecine,29.9,4079,24,1,24,-1,28166.77
2024-04-22,69,MT,Centro-Oeste,Premiere,24.9,3058,18,2,18,-2,17585.27
2024-04-22,69,MS,Centro-Oeste,Familia,49.9,6242,43,5,36,2,71934.36
2024-04-22,69,MS,Centro-Oeste,HBO,34.9,3896,19,1,22,-4,31401.94
2024-04-22,69,MS,Centro-Oeste,Telecine,29.9,3120,18,1,17,0,21544.57
2024-04-22,69,MS,Centro-Oeste,Premiere,24.9,2341,15,2,12,1,13462.1
2024-04-22,69,DF,Centro-Oeste,Familia,49.9,6724,45,4,37,4,77489.05
2024-04-22,69,DF,Centro-Oeste,HBO,34.9,4196,22,1,25,-4,33819.95
2024-04-22,69,DF,Centro-Oeste,Telecine,29.9,3359,19,1,19,-1,23194.94
2024-04-22,69,DF,Centro-Oeste,Premiere,24.9,2519,16,2,15,-1,14485.7
2024-04-22,69,AM,Norte,Familia,49.9,9595,50,5,50,-5,110575.17
2024-04-22,69,AM,Norte,HBO,34.9,5997,31,2,32,-3,48336.1
2024-04-22,69,AM,Norte,Telecine,29.9,4799,29,2,28,-1,33138.59
2024-04-22,69,AM,Norte,Premiere,24.9,3603,26,3,20,3,20719.33
2024-04-22,69,PA,Norte,Familia,49.9,20153,126,14,119,-7,232248.2
2024-04-22,69,PA,Norte,HBO,34.9,12592,68,5,71,-8,101492.1
2024-04-22,69,PA,Norte,Telecine,29.9,10081,62,4,57,1,69612.45
2024-04-22,69,PA,Norte,Premiere,24.9,7567,52,6,39,7,43514.62
2024-04-22,69,RO,Norte,Familia,49.9,3843,25,2,20,3,44287.69
2024-04-22,69,RO,Norte,HBO,34.9,2399,12,0,13,-1,19336.05
2024-04-22,69,RO,Norte,Telecine,29.9,1920,11,0,11,0,13258.2
2024-04-22,69,RO,Norte,Premiere,24.9,1441,9,1,7,1,8286.58
2024-04-22,69,AC,Norte,Familia,49.9,1919,11,1,11,-1,22115.03
2024-04-22,69,AC,Norte,HBO,34.9,1200,6,0,6,0,9672.06
2024-04-22,69,AC,Norte,Telecine,29.9,960,5,0,5,0,6629.1
2024-04-22,69,AC,Norte,Premiere,24.9,721,4,0,3,1,4146.17
2024-04-22,69,RR,Norte,Familia,49.9,1440,8,0,8,0,16594.92
2024-04-22,69,RR,Norte,HBO,34.9,900,5,0,5,0,7254.04
2024-04-22,69,RR,Norte,Telecine,29.9,720,4,0,4,0,4971.82
2024-04-22,69,RR,Norte,Premiere,24.9,540,3,0,3,0,3105.31
2024-04-22,69,AP,Norte,Familia,49.9,1919,11,1,11,-1,22115.03
2024-04-22,69,AP,Norte,HBO,34.9,1200,6,0,6,0,9672.06
2024-04-22,69,AP,Norte,Telecine,29.9,960,5,0,5,0,6629.1
2024-04-22,69,AP,Norte,Premiere,24.9,721,5,0,4,1,4146.17
2024-04-22,69,TO,Norte,Familia,49.9,3355,18,2,21,-5,38663.86
2024-04-22,69,TO,Norte,HBO,34.9,2099,10,0,11,-1,16918.04
2024-04-22,69,TO,Norte,Telecine,29.9,1680,9,0,9,0,11600.92
2024-04-22,69,TO,Norte,Premiere,24.9,1260,7,0,7,0,7245.73
2024-04-29,70,SP,Sudeste,Familia,49.9,104649,656,74,573,9,1206001.18
2024-04-29,70,SP,Sudeste,HBO,34.9,65371,405,29,405,-29,526893.28
2024-04-29,70,SP,Sudeste,Telecine,29.9,52287,285,20,298,-33,361058.04
2024-04-29,70,SP,Sudeste,Premiere,24.9,39255,277,34,228,15,225738.91
2024-04-29,70,RJ,Sudeste,Familia,49.9,39326,221,24,231,-34,453202.63
2024-04-29,70,RJ,Sudeste,HBO,34.9,24593,141,9,139,-7,198220.72
2024-04-29,70,RJ,Sudeste,Telecine,29.9,19687,120,8,105,7,135944.87
2024-04-29,70,RJ,Sudeste,Premiere,24.9,14764,96,11,81,4,84901.52
2024-04-29,70,MG,Sudeste,Familia,49.9,48931,275,27,277,-29,563893.05
2024-04-29,70,MG,Sudeste,HBO,34.9,30620,196,15,160,21,246798.61
2024-04-29,70,MG,Sudeste,Telecine,29.9,24455,128,7,146,-25,168869.4
2024-04-29,70,MG,Sudeste,Premiere,24.9,18368,137,20,108,9,105626.61
2024-04-29,70,ES,Sudeste,Familia,49.9,9116,55,5,54,-4,105055.06
2024-04-29,70,ES,Sudeste,HBO,34.9,5695,27,2,30,-5,45901.96
2024-04-29,70,ES,Sudeste,Telecine,29.9,4560,29,1,28,0,31488.22
2024-04-29,70,ES,Sudeste,Premiere,24.9,3423,24,3,18,3,19684.23
2024-04-29,70,PR,Sul,Familia,49.9,26854,156,18,164,-26,309472.19
2024-04-29,70,PR,Sul,HBO,34.9,16802,105,8,95,2,135424.9
2024-04-29,70,PR,Sul,Telecine,29.9,13438,78,5,75,-2,92793.58
2024-04-29,70,PR,Sul,Premiere,24.9,10075,68,10,63,-5,57937.07
2024-04-29,70,SC,Sul,Familia,49.9,17266,105,10,109,-14,198977.69
2024-04-29,70,SC,Sul,HBO,34.9,10800,61,5,56,0,87048.5
2024-04-29,70,SC,Sul,Telecine,29.9,8636,53,3,54,-4,59634.27
2024-04-29,70,SC,Sul,Premiere,24.9,6478,41,5,38,-2,37252.24
2024-04-29,70,RS,Sul,Familia,49.9,26857,161,18,166,-23,309506.77
2024-04-29,70,RS,Sul,HBO,34.9,16800,97,8,89,0,135408.78
2024-04-29,70,RS,Sul,Telecine,29.9,13436,80,5,79,-4,92779.77
2024-04-29,70,RS,Sul,Premiere,24.9,10088,72,9,55,8,58011.82
2024-04-29,70,BA,Nordeste,Familia,49.9,34503,179,19,217,-57,397621.18
2024-04-29,70,BA,Nordeste,HBO,34.9,21580,126,11,135,-20,173935.8
2024-04-29,70,BA,Nordeste,Telecine,29.9,17262,97,7,108,-18,119199.49
2024-04-29,70,BA,Nordeste,Premiere,24.9,12963,94,14,77,3,74544.73
2024-04-29,70,CE,Nordeste,Familia,49.9,21595,138,15,128,-5,248866.17
2024-04-29,70,CE,Nordeste,HBO,34.9,13499,78,5,74,-1,108802.56
2024-04-29,70,CE,Nordeste,Telecine,29.9,10804,73,4,65,4,74604.99
2024-04-29,70,CE,Nordeste,Premiere,24.9,8096,51,6,49,-4,46556.67
2024-04-29,70,PE,Nordeste,Familia,49.9,23024,138,14,140,-16,265334.32
2024-04-29,70,PE,Nordeste,HBO,34.9,14389,80,6,85,-11,115976.0
2024-04-29,70,PE,Nordeste,Telecine,29.9,11516,60,4,60,-4,79521.57
2024-04-29,70,PE,Nordeste,Premiere,24.9,8646,62,7,49,6,49719.49
2024-04-29,70,MA,Nordeste,Familia,49.9,16304,95,10,101,-16,187891.36
2024-04-29,70,MA,Nordeste,HBO,34.9,10200,65,4,61,0,82212.47
2024-04-29,70,MA,Nordeste,Telecine,29.9,8152,46,3,51,-8,56292.1
2024-04-29,70,MA,Nordeste,Premiere,24.9,6123,42,6,33,3,35210.79
2024-04-29,70,PB,Nordeste,Familia,49.9,9596,55,5,54,-4,110586.7
2024-04-29,70,PB,Nordeste,HBO,34.9,5995,34,2,37,-5,48319.98
2024-04-29,70,PB,Nordeste,Telecine,29.9,4804,30,1,25,4,33173.12
2024-04-29,70,PB,Nordeste,Premiere,24.9,3602,23,3,18,2,20713.58
2024-04-29,70,RN,Nordeste,Familia,49.9,8638,54,5,51,-2,99546.47
2024-04-29,70,RN,Nordeste,HBO,34.9,5401,31,2,28,1,43532.31
2024-04-29,70,RN,Nordeste,Telecine,29.9,4321,27,1,25,1,29837.85
2024-04-29,70,RN,Nordeste,Premiere,24.9,3240,22,3,19,0,18631.87
2024-04-29,70,AL,Nordeste,Familia,49.9,7676,47,5,46,-4,88460.14
2024-04-29,70,AL,Nordeste,HBO,34.9,4799,26,2,25,-1,38680.16
2024-04-29,70,AL,Nordeste,Telecine,29.9,3838,22,1,23,-2,26502.59
2024-04-29,70,AL,Nordeste,Premiere,24.9,2884,23,3,16,4,16584.67
2024-04-29,70,SE,Nordeste,Familia,49.9,5277,33,3,33,-3,60813.46
2024-04-29,70,SE,Nordeste,HBO,34.9,3295,14,1,18,-5,26557.85
2024-04-29,70,SE,Nordeste,Telecine,29.9,2642,18,1,15,2,18243.83
2024-04-29,70,SE,Nordeste,Premiere,24.9,1982,13,1,10,2,11397.64
2024-04-29,70,PI,Nordeste,Familia,49.9,7671,42,4,47,-9,88402.52
2024-04-29,70,PI,Nordeste,HBO,34.9,4793,24,1,30,-7,38631.8
2024-04-29,70,PI,Nordeste,Telecine,29.9,3840,20,1,19,0,26516.4
2024-04-29,70,PI,Nordeste,Premiere,24.9,2879,19,2,18,-1,16555.91
2024-04-29,70,GO,Centro-Oeste,Familia,49.9,15827,87,9,91,-13,182394.3
2024-04-29,70,GO,Centro-Oeste,HBO,34.9,9897,57,4,56,-3,79770.28
2024-04-29,70,GO,Centro-Oeste,Telecine,29.9,7917,48,3,48,-3,54669.35
2024-04-29,70,GO,Centro-Oeste,Premiere,24.9,5939,35,5,31,-1,34152.68
2024-04-29,70,MT,Centro-Oeste,Familia,49.9,8156,44,4,44,-4,93991.78
2024-04-29,70,MT,Centro-Oeste,HBO,34.9,5098,30,2,30,-2,41090.12
2024-04-29,70,MT,Centro-Oeste,Telecine,29.9,4077,21,1,23,-3,28152.96
2024-04-29,70,MT,Centro-Oeste,Premiere,24.9,3063,21,2,16,3,17614.02
2024-04-29,70,MS,Centro-Oeste,Familia,49.9,6234,37,4,39,-6,71842.17
2024-04-29,70,MS,Centro-Oeste,HBO,34.9,3900,23,1,22,0,31434.18
2024-04-29,70,MS,Centro-Oeste,Telecine,29.9,3121,21,1,19,1,21551.48
2024-04-29,70,MS,Centro-Oeste,Premiere,24.9,2341,15,1,13,1,13462.1
2024-04-29,70,DF,Centro-Oeste,Familia,49.9,6725,47,4,38,5,77500.58
2024-04-29,70,DF,Centro-Oeste,HBO,34.9,4199,25,1,25,-1,33844.13
2024-04-29,70,DF,Centro-Oeste,Telecine,29.9,3358,20,1,21,-2,23188.04
2024-04-29,70,DF,Centro-Oeste,Premiere,24.9,2523,18,2,13,3,14508.71
2024-04-29,70,AM,Norte,Familia,49.9,9589,53,5,59,-11,110506.03
2024-04-29,70,AM,Norte,HBO,34.9,5993,32,2,37,-7,48303.86
2024-04-29,70,AM,Norte,Telecine,29.9,4803,29,1,25,3,33166.21
2024-04-29,70,AM,Norte,Premiere,24.9,3599,21,3,19,-1,20696.33
2024-04-29,70,PA,Norte,Familia,49.9,20166,129,15,108,6,232398.01
2024-04-29,70,PA,Norte,HBO,34.9,12594,81,7,80,-6,101508.22
2024-04-29,70,PA,Norte,Telecine,29.9,10080,61,4,57,0,69605.54
2024-04-29,70,PA,Norte,Premiere,24.9,7561,53,7,45,1,43480.12
2024-04-29,70,RO,Norte,Familia,49.9,3842,24,2,20,2,44276.17
2024-04-29,70,RO,Norte,HBO,34.9,2400,14,1,13,0,19344.11
2024-04-29,70,RO,Norte,Telecine,29.9,1920,11,0,11,0,13258.2
2024-04-29,70,RO,Norte,Premiere,24.9,1441,9,1,7,1,8286.58
2024-04-29,70,AC,Norte,Familia,49.9,1919,9,0,10,-1,22115.03
2024-04-29,70,AC,Norte,HBO,34.9,1200,6,0,6,0,9672.06
2024-04-29,70,AC,Norte,Telecine,29.9,961,6,0,5,1,6636.0
2024-04-29,70,AC,Norte,Premiere,24.9,722,5,0,3,2,4151.92
2024-04-29,70,RR,Norte,Familia,49.9,1440,7,0,7,0,16594.92
2024-04-29,70,RR,Norte,HBO,34.9,900,5,0,5,0,7254.04
2024-04-29,70,RR,Norte,Telecine,29.9,721,4,0,3,1,4978.73
2024-04-29,70,RR,Norte,Premiere,24.9,540,3,0,3,0,3105.31
2024-04-29,70,AP,Norte,Familia,49.9,1920,12,1,11,0,22126.56
2024-04-29,70,AP,Norte,HBO,34.9,1200,7,0,7,0,9672.06
2024-04-29,70,AP,Norte,Telecine,29.9,959,4,0,5,-1,6622.19
2024-04-29,70,AP,Norte,Premiere,24.9,721,5,0,4,1,4146.17
2024-04-29,70,TO,Norte,Familia,49.9,3358,19,1,20,-2,38698.43
2024-04-29,70,TO,Norte,HBO,34.9,2100,11,0,11,0,16926.1
2024-04-29,70,TO,Norte,Telecine,29.9,1679,9,0,10,-1,11594.02
2024-04-29,70,TO,Norte,Premiere,24.9,1260,7,0,7,0,7245.73
2024-05-06,71,SP,Sudeste,Familia,49.9,104548,592,56,628,-92,1204837.23
2024-05-06,71,SP,Sudeste,HBO,34.9,65349,359,30,380,-51,526715.96
2024-05-06,71,SP,Sudeste,Telecine,29.9,52325,336,24,307,5,361320.44
2024-05-06,71,SP,Sudeste,Premiere,24.9,39221,234,30,223,-19,225543.39
2024-05-06,71,RJ,Sudeste,Familia,49.9,39328,232,25,239,-32,453225.68
2024-05-06,71,RJ,Sudeste,HBO,34.9,24584,126,9,133,-16,198148.18
2024-05-06,71,RJ,Sudeste,Telecine,29.9,19667,107,8,112,-13,135806.77
2024-05-06,71,RJ,Sudeste,Premiere,24.9,14744,91,14,93,-16,84786.51
2024-05-06,71,MG,Sudeste,Familia,49.9,48934,313,36,303,-26,563927.62
2024-05-06,71,MG,Sudeste,HBO,34.9,30572,183,16,194,-27,246411.73
2024-05-06,71,MG,Sudeste,Telecine,29.9,24459,138,10,149,-21,168897.02
2024-05-06,71,MG,Sudeste,Premiere,24.9,18336,104,13,114,-23,105442.59
2024-05-06,71,ES,Sudeste,Familia,49.9,9115,52,4,53,-5,105043.53
2024-05-06,71,ES,Sudeste,HBO,34.9,5691,28,2,35,-9,45869.72
2024-05-06,71,ES,Sudeste,Telecine,29.9,4556,22,1,25,-4,31460.6
2024-05-06,71,ES,Sudeste,Premiere,24.9,3418,18,2,18,-2,19655.47
2024-05-06,71,PR,Sul,Familia,49.9,26859,143,15,149,-21,309529.82
2024-05-06,71,PR,Sul,HBO,34.9,16790,84,6,88,-10,135328.18
2024-05-06,71,PR,Sul,Telecine,29.9,13439,82,6,77,-1,92800.48
2024-05-06,71,PR,Sul,Premiere,24.9,10074,65,10,61,-6,57931.32
2024-05-06,71,SC,Sul,Familia,49.9,17271,93,10,92,-9,199035.31
2024-05-06,71,SC,Sul,HBO,34.9,10794,66,5,67,-6,87000.14
2024-05-06,71,SC,Sul,Telecine,29.9,8641,51,3,47,1,59668.8
2024-05-06,71,SC,Sul,Premiere,24.9,6481,42,5,36,1,37269.49
2024-05-06,71,RS,Sul,Familia,49.9,26884,163,19,140,4,309817.92
2024-05-06,71,RS,Sul,HBO,34.9,16816,116,8,92,16,135537.74
2024-05-06,71,RS,Sul,Telecine,29.9,13444,81,6,71,4,92835.01
2024-05-06,71,RS,Sul,Premiere,24.9,10088,75,9,58,8,58011.82
2024-05-06,71,BA,Nordeste,Familia,49.9,34521,191,21,209,-39,397828.61
2024-05-06,71,BA,Nordeste,HBO,34.9,21569,114,9,136,-31,173847.14
2024-05-06,71,BA,Nordeste,Telecine,29.9,17255,89,5,109,-25,119151.15
2024-05-06,71,BA,Nordeste,Premiere,24.9,12967,88,10,71,7,74567.74
2024-05-06,71,CE,Nordeste,Familia,49.9,21594,127,12,121,-6,248854.64
2024-05-06,71,CE,Nordeste,HBO,34.9,13496,75,6,73,-4,108778.38
2024-05-06,71,CE,Nordeste,Telecine,29.9,10797,60,3,60,-3,74556.65
2024-05-06,71,CE,Nordeste,Premiere,24.9,8103,51,6,42,3,46596.93
2024-05-06,71,PE,Nordeste,Familia,49.9,23021,132,16,135,-19,265299.75
2024-05-06,71,PE,Nordeste,HBO,34.9,14397,87,6,84,-3,116040.48
2024-05-06,71,PE,Nordeste,Telecine,29.9,11522,71,4,65,2,79563.0
2024-05-06,71,PE,Nordeste,Premiere,24.9,8650,62,7,45,10,49742.49
2024-05-06,71,MA,Nordeste,Familia,49.9,16316,106,12,98,-4,188029.65
2024-05-06,71,MA,Nordeste,HBO,34.9,10198,58,5,55,-2,82196.35
2024-05-06,71,MA,Nordeste,Telecine,29.9,8160,47,3,44,0,56347.34
2024-05-06,71,MA,Nordeste,Premiere,24.9,6121,37,4,32,1,35199.28
2024-05-06,71,PB,Nordeste,Familia,49.9,9594,55,6,55,-6,110563.65
2024-05-06,71,PB,Nordeste,HBO,34.9,5999,36,3,34,-1,48352.22
2024-05-06,71,PB,Nordeste,Telecine,29.9,4798,27,2,27,-2,33131.69
2024-05-06,71,PB,Nordeste,Premiere,24.9,3600,23,3,20,0,20702.08
2024-05-06,71,RN,Nordeste,Familia,49.9,8635,47,5,47,-5,99511.89
2024-05-06,71,RN,Nordeste,HBO,34.9,5402,34,2,30,2,43540.37
2024-05-06,71,RN,Nordeste,Telecine,29.9,4318,25,1,26,-2,29817.14
2024-05-06,71,RN,Nordeste,Premiere,24.9,3242,21,2,17,2,18643.37
2024-05-06,71,AL,Nordeste,Familia,49.9,7679,44,4,41,-1,88494.71
2024-05-06,71,AL,Nordeste,HBO,34.9,4796,28,2,30,-4,38655.98
2024-05-06,71,AL,Nordeste,Telecine,29.9,3836,21,1,24,-4,26488.78
2024-05-06,71,AL,Nordeste,Premiere,24.9,2879,17,2,16,-1,16555.91
2024-05-06,71,SE,Nordeste,Familia,49.9,5271,27,3,33,-9,60744.32
2024-05-06,71,SE,Nordeste,HBO,34.9,3300,20,1,19,0,26598.15
2024-05-06,71,SE,Nordeste,Telecine,29.9,2638,15,1,16,-2,18216.21
2024-05-06,71,SE,Nordeste,Premiere,24.9,1983,14,1,10,3,11403.39
2024-05-06,71,PI,Nordeste,Familia,49.9,7673,39,4,42,-7,88425.57
2024-05-06,71,PI,Nordeste,HBO,34.9,4798,27,2,27,-2,38672.1
2024-05-06,71,PI,Nordeste,Telecine,29.9,3838,20,1,21,-2,26502.59
2024-05-06,71,PI,Nordeste,Premiere,24.9,2879,18,2,17,-1,16555.91
2024-05-06,71,GO,Centro-Oeste,Familia,49.9,15843,104,12,89,3,182578.68
2024-05-06,71,GO,Centro-Oeste,HBO,34.9,9892,49,4,53,-8,79729.98
2024-05-06,71,GO,Centro-Oeste,Telecine,29.9,7919,45,2,44,-1,54683.16
2024-05-06,71,GO,Centro-Oeste,Premiere,24.9,5937,39,5,37,-3,34141.18
2024-05-06,71,MT,Centro-Oeste,Familia,49.9,8160,46,4,42,0,94037.88
2024-05-06,71,MT,Centro-Oeste,HBO,34.9,5101,29,2,26,1,41114.3
2024-05-06,71,MT,Centro-Oeste,Telecine,29.9,4080,23,1,22,0,28173.67
2024-05-06,71,MT,Centro-Oeste,Premiere,24.9,3060,19,2,17,0,17596.77
2024-05-06,71,MS,Centro-Oeste,Familia,49.9,6239,34,3,32,-1,71899.79
2024-05-06,71,MS,Centro-Oeste,HBO,34.9,3899,22,1,22,-1,31426.12
2024-05-06,71,MS,Centro-Oeste,Telecine,29.9,3116,16,1,19,-4,21516.95
2024-05-06,71,MS,Centro-Oeste,Premiere,24.9,2340,14,1,13,0,13456.35
2024-05-06,71,DF,Centro-Oeste,Familia,49.9,6718,43,4,41,-2,77419.91
2024-05-06,71,DF,Centro-Oeste,HBO,34.9,4197,23,1,25,-3,33828.01
2024-05-06,71,DF,Centro-Oeste,Telecine,29.9,3356,18,1,21,-4,23174.23
2024-05-06,71,DF,Centro-Oeste,Premiere,24.9,2520,16,2,14,0,14491.45
2024-05-06,71,AM,Norte,Familia,49.9,9595,60,6,59,-5,110575.17
2024-05-06,71,AM,Norte,HBO,34.9,6001,34,2,31,1,48368.34
2024-05-06,71,AM,Norte,Telecine,29.9,4802,28,1,25,2,33159.31
2024-05-06,71,AM,Norte,Premiere,24.9,3599,23,3,21,-1,20696.33
2024-05-06,71,PA,Norte,Familia,49.9,20138,108,12,118,-22,232075.33
2024-05-06,71,PA,Norte,HBO,34.9,12589,60,5,66,-11,101467.92
2024-05-06,71,PA,Norte,Telecine,29.9,10075,55,4,56,-5,69571.02
2024-05-06,71,PA,Norte,Premiere,24.9,7557,45,5,43,-3,43457.11
2024-05-06,71,RO,Norte,Familia,49.9,3838,21,2,21,-2,44230.07
2024-05-06,71,RO,Norte,HBO,34.9,2397,11,0,14,-3,19319.93
2024-05-06,71,RO,Norte,Telecine,29.9,1920,11,0,11,0,13258.2
2024-05-06,71,RO,Norte,Premiere,24.9,1440,8,1,7,0,8280.83
2024-05-06,71,AC,Norte,Familia,49.9,1919,10,1,10,-1,22115.03
2024-05-06,71,AC,Norte,HBO,34.9,1200,7,0,7,0,9672.06
2024-05-06,71,AC,Norte,Telecine,29.9,959,4,0,5,-1,6622.19
2024-05-06,71,AC,Norte,Premiere,24.9,721,5,0,4,1,4146.17
2024-05-06,71,RR,Norte,Familia,49.9,1440,8,0,8,0,16594.92
2024-05-06,71,RR,Norte,HBO,34.9,901,5,0,4,1,7262.1
2024-05-06,71,RR,Norte,Telecine,29.9,721,4,0,3,1,4978.73
2024-05-06,71,RR,Norte,Premiere,24.9,540,3,0,3,0,3105.31
2024-05-06,71,AP,Norte,Familia,49.9,1919,10,0,11,-1,22115.03
2024-05-06,71,AP,Norte,HBO,34.9,1199,6,0,7,-1,9664.0
2024-05-06,71,AP,Norte,Telecine,29.9,960,5,0,5,0,6629.1
2024-05-06,71,AP,Norte,Premiere,24.9,720,4,0,4,0,4140.42
2024-05-06,71,TO,Norte,Familia,49.9,3360,22,2,20,0,38721.48
2024-05-06,71,TO,Norte,HBO,34.9,2097,9,0,12,-3,16901.92
2024-05-06,71,TO,Norte,Telecine,29.9,1679,9,0,10,-1,11594.02
2024-05-06,71,TO,Norte,Premiere,24.9,1260,8,1,7,0,7245.73
2024-05-13,72,SP,Sudeste,Familia,49.9,104498,579,63,658,-142,1204261.02
2024-05-13,72,SP,Sudeste,HBO,34.9,65349,369,30,390,-51,526715.96
2024-05-13,72,SP,Sudeste,Telecine,29.9,52292,317,21,324,-28,361092.56
2024-05-13,72,SP,Sudeste,Premiere,24.9,39236,259,32,231,-4,225629.65
2024-05-13,72,RJ,Sudeste,Familia,49.9,39370,246,23,213,10,453709.7
2024-05-13,72,RJ,Sudeste,HBO,34.9,24581,145,10,154,-19,198124.0
2024-05-13,72,RJ,Sudeste,Telecine,29.9,19678,131,10,123,-2,135882.73
2024-05-13,72,RJ,Sudeste,Premiere,24.9,14766,114,16,92,6,84913.03
2024-05-13,72,MG,Sudeste,Familia,49.9,48897,261,32,292,-63,563501.22
2024-05-13,72,MG,Sudeste,HBO,34.9,30591,189,14,183,-8,246564.87
2024-05-13,72,MG,Sudeste,Telecine,29.9,24452,131,9,150,-28,168848.68
2024-05-13,72,MG,Sudeste,Premiere,24.9,18362,120,17,100,3,105592.1
2024-05-13,72,ES,Sudeste,Familia,49.9,9112,47,4,51,-8,105008.96
2024-05-13,72,ES,Sudeste,HBO,34.9,5693,30,2,35,-7,45885.84
2024-05-13,72,ES,Sudeste,Telecine,29.9,4562,30,2,26,2,31502.03
2024-05-13,72,ES,Sudeste,Premiere,24.9,3420,22,3,19,0,19666.97
2024-05-13,72,PR,Sul,Familia,49.9,26862,162,18,162,-18,309564.39
2024-05-13,72,PR,Sul,HBO,34.9,16775,78,5,98,-25,135207.27
2024-05-13,72,PR,Sul,Telecine,29.9,13432,73,5,76,-8,92752.15
2024-05-13,72,PR,Sul,Premiere,24.9,10081,64,7,56,1,57971.57
2024-05-13,72,SC,Sul,Familia,49.9,17274,104,11,99,-6,199069.88
2024-05-13,72,SC,Sul,HBO,34.9,10802,65,5,58,2,87064.62
2024-05-13,72,SC,Sul,Telecine,29.9,8637,48,3,48,-3,59641.18
2024-05-13,72,SC,Sul,Premiere,24.9,6479,43,6,38,-1,37257.99
2024-05-13,72,RS,Sul,Familia,49.9,26886,164,15,143,6,309840.97
2024-05-13,72,RS,Sul,HBO,34.9,16778,86,7,101,-22,135231.45
2024-05-13,72,RS,Sul,Telecine,29.9,13426,76,6,84,-14,92710.72
2024-05-13,72,RS,Sul,Premiere,24.9,10069,57,7,61,-11,57902.56
2024-05-13,72,BA,Nordeste,Familia,49.9,34533,205,22,210,-27,397966.91
2024-05-13,72,BA,Nordeste,HBO,34.9,21591,125,10,124,-9,174024.46
2024-05-13,72,BA,Nordeste,Telecine,29.9,17271,94,5,98,-9,119261.64
2024-05-13,72,BA,Nordeste,Premiere,24.9,12963,91,14,74,3,74544.73
2024-05-13,72,CE,Nordeste,Familia,49.9,21604,138,13,121,4,248969.88
2024-05-13,72,CE,Nordeste,HBO,34.9,13495,87,7,85,-5,108770.32
2024-05-13,72,CE,Nordeste,Telecine,29.9,10798,60,3,59,-2,74563.56
2024-05-13,72,CE,Nordeste,Premiere,24.9,8096,49,6,47,-4,46556.67
2024-05-13,72,PE,Nordeste,Familia,49.9,23006,125,14,145,-34,265126.88
2024-05-13,72,PE,Nordeste,HBO,34.9,14387,78,5,86,-13,115959.88
2024-05-13,72,PE,Nordeste,Telecine,29.9,11513,67,4,70,-7,79500.85
2024-05-13,72,PE,Nordeste,Premiere,24.9,8640,56,6,50,0,49684.99
2024-05-13,72,MA,Nordeste,Familia,49.9,16297,80,8,95,-23,187810.69
2024-05-13,72,MA,Nordeste,HBO,34.9,10202,60,5,53,2,82228.59
2024-05-13,72,MA,Nordeste,Telecine,29.9,8152,42,2,48,-8,56292.1
2024-05-13,72,MA,Nordeste,Premiere,24.9,6122,41,5,34,2,35205.03
2024-05-13,72,PB,Nordeste,Familia,49.9,9595,61,6,60,-5,110575.17
2024-05-13,72,PB,Nordeste,HBO,34.9,5993,31,2,36,-7,48303.86
2024-05-13,72,PB,Nordeste,Telecine,29.9,4800,27,1,26,0,33145.5
2024-05-13,72,PB,Nordeste,Premiere,24.9,3600,21,2,19,0,20702.08
2024-05-13,72,RN,Nordeste,Familia,49.9,8640,53,5,48,0,99569.52
2024-05-13,72,RN,Nordeste,HBO,34.9,5402,33,2,29,2,43540.37
2024-05-13,72,RN,Nordeste,Telecine,29.9,4321,25,1,23,1,29837.85
2024-05-13,72,RN,Nordeste,Premiere,24.9,3243,23,3,17,3,18649.12
2024-05-13,72,AL,Nordeste,Familia,49.9,7680,48,5,43,0,88506.24
2024-05-13,72,AL,Nordeste,HBO,34.9,4796,24,2,26,-4,38655.98
2024-05-13,72,AL,Nordeste,Telecine,29.9,3836,20,1,23,-4,26488.78
2024-05-13,72,AL,Nordeste,Premiere,24.9,2880,19,2,17,0,16561.66
2024-05-13,72,SE,Nordeste,Familia,49.9,5273,29,3,33,-7,60767.37
2024-05-13,72,SE,Nordeste,HBO,34.9,3301,19,1,17,1,26606.21
2024-05-13,72,SE,Nordeste,Telecine,29.9,2639,14,0,15,-1,18223.12
2024-05-13,72,SE,Nordeste,Premiere,24.9,1981,12,1,10,1,11391.89
2024-05-13,72,PI,Nordeste,Familia,49.9,7670,40,4,46,-10,88390.99
2024-05-13,72,PI,Nordeste,HBO,34.9,4795,21,1,25,-5,38647.92
2024-05-13,72,PI,Nordeste,Telecine,29.9,3837,21,1,23,-3,26495.68
2024-05-13,72,PI,Nordeste,Premiere,24.9,2878,18,2,18,-2,16550.16
2024-05-13,72,GO,Centro-Oeste,Familia,49.9,15807,70,8,95,-33,182163.81
2024-05-13,72,GO,Centro-Oeste,HBO,34.9,9887,53,4,62,-13,79689.68
2024-05-13,72,GO,Centro-Oeste,Telecine,29.9,7919,50,3,48,-1,54683.16
2024-05-13,72,GO,Centro-Oeste,Premiere,24.9,5942,38,4,32,2,34169.93
2024-05-13,72,MT,Centro-Oeste,Familia,49.9,8154,43,4,45,-6,93968.73
2024-05-13,72,MT,Centro-Oeste,HBO,34.9,5098,31,2,31,-2,41090.12
2024-05-13,72,MT,Centro-Oeste,Telecine,29.9,4083,25,1,21,3,28194.39
2024-05-13,72,MT,Centro-Oeste,Premiere,24.9,3062,21,2,17,2,17608.27
2024-05-13,72,MS,Centro-Oeste,Familia,49.9,6232,32,3,37,-8,71819.12
2024-05-13,72,MS,Centro-Oeste,HBO,34.9,3897,21,1,23,-3,31410.0
2024-05-13,72,MS,Centro-Oeste,Telecine,29.9,3121,19,1,17,1,21551.48
2024-05-13,72,MS,Centro-Oeste,Premiere,24.9,2340,16,2,14,0,13456.35
2024-05-13,72,DF,Centro-Oeste,Familia,49.9,6720,43,4,39,0,77442.96
2024-05-13,72,DF,Centro-Oeste,HBO,34.9,4198,25,1,26,-2,33836.07
2024-05-13,72,DF,Centro-Oeste,Telecine,29.9,3360,19,1,18,0,23201.85
2024-05-13,72,DF,Centro-Oeste,Premiere,24.9,2520,17,2,15,0,14491.45
2024-05-13,72,AM,Norte,Familia,49.9,9589,48,5,54,-11,110506.03
2024-05-13,72,AM,Norte,HBO,34.9,5996,32,2,34,-4,48328.04
2024-05-13,72,AM,Norte,Telecine,29.9,4802,29,1,26,2,33159.31
2024-05-13,72,AM,Norte,Premiere,24.9,3599,24,3,22,-1,20696.33
2024-05-13,72,PA,Norte,Familia,49.9,20139,104,11,114,-21,232086.86
2024-05-13,72,PA,Norte,HBO,34.9,12581,64,5,78,-19,101403.44
2024-05-13,72,PA,Norte,Telecine,29.9,10084,68,4,60,4,69633.16
2024-05-13,72,PA,Norte,Premiere,24.9,7561,50,7,42,1,43480.12
2024-05-13,72,RO,Norte,Familia,49.9,3842,25,2,21,2,44276.17
2024-05-13,72,RO,Norte,HBO,34.9,2398,12,1,13,-2,19327.99
2024-05-13,72,RO,Norte,Telecine,29.9,1917,9,0,12,-3,13237.48
2024-05-13,72,RO,Norte,Premiere,24.9,1440,9,1,8,0,8280.83
2024-05-13,72,AC,Norte,Familia,49.9,1921,12,1,10,1,22138.08
2024-05-13,72,AC,Norte,HBO,34.9,1200,6,0,6,0,9672.06
2024-05-13,72,AC,Norte,Telecine,29.9,960,5,0,5,0,6629.1
2024-05-13,72,AC,Norte,Premiere,24.9,721,5,0,4,1,4146.17
2024-05-13,72,RR,Norte,Familia,49.9,1438,6,0,8,-2,16571.87
2024-05-13,72,RR,Norte,HBO,34.9,901,5,0,4,1,7262.1
2024-05-13,72,RR,Norte,Telecine,29.9,720,4,0,4,0,4971.82
2024-05-13,72,RR,Norte,Premiere,24.9,540,3,0,3,0,3105.31
2024-05-13,72,AP,Norte,Familia,49.9,1921,12,1,10,1,22138.08
2024-05-13,72,AP,Norte,HBO,34.9,1198,5,0,7,-2,9655.94
2024-05-13,72,AP,Norte,Telecine,29.9,960,5,0,5,0,6629.1
2024-05-13,72,AP,Norte,Premiere,24.9,720,4,0,4,0,4140.42
2024-05-13,72,TO,Norte,Familia,49.9,3360,20,1,19,0,38721.48
2024-05-13,72,TO,Norte,HBO,34.9,2099,12,1,12,-1,16918.04
2024-05-13,72,TO,Norte,Telecine,29.9,1680,9,0,9,0,11600.92
2024-05-13,72,TO,Norte,Premiere,24.9,1260,7,0,7,0,7245.73
2024-05-20,73,SP,Sudeste,Familia,49.9,104549,593,57,627,-91,1204848.75
2024-05-20,73,SP,Sudeste,HBO,34.9,65274,288,22,392,-126,526111.45
2024-05-20,73,SP,Sudeste,Telecine,29.9,52348,329,22,279,28,361479.26
2024-05-20,73,SP,Sudeste,Premiere,24.9,39237,255,31,227,-3,225635.4
2024-05-20,73,RJ,Sudeste,Familia,49.9,39359,244,28,217,-1,453582.93
2024-05-20,73,RJ,Sudeste,HBO,34.9,24597,148,12,139,-3,198252.96
2024-05-20,73,RJ,Sudeste,Telecine,29.9,19685,122,9,108,5,135931.06
2024-05-20,73,RJ,Sudeste,Premiere,24.9,14756,85,12,77,-4,84855.52
2024-05-20,73,MG,Sudeste,Familia,49.9,48929,297,28,300,-31,563870.0
2024-05-20,73,MG,Sudeste,HBO,34.9,30552,148,12,183,-47,246250.53
2024-05-20,73,MG,Sudeste,Telecine,29.9,24471,131,8,132,-9,168979.88
2024-05-20,73,MG,Sudeste,Premiere,24.9,18353,122,16,112,-6,105540.35
2024-05-20,73,ES,Sudeste,Familia,49.9,9120,54,5,49,0,105101.15
2024-05-20,73,ES,Sudeste,HBO,34.9,5699,31,2,30,-1,45934.2
2024-05-20,73,ES,Sudeste,Telecine,29.9,4554,23,1,28,-6,31446.79
2024-05-20,73,ES,Sudeste,Premiere,24.9,3421,23,2,20,1,19672.73
2024-05-20,73,PR,Sul,Familia,49.9,26866,143,15,142,-14,309610.48
2024-05-20,73,PR,Sul,HBO,34.9,16802,110,9,99,2,135424.9
2024-05-20,73,PR,Sul,Telecine,29.9,13440,82,5,77,0,92807.39
2024-05-20,73,PR,Sul,Premiere,24.9,10084,73,10,59,4,57988.82
2024-05-20,73,SC,Sul,Familia,49.9,17284,107,10,93,4,199185.13
2024-05-20,73,SC,Sul,HBO,34.9,10795,63,5,63,-5,87008.2
2024-05-20,73,SC,Sul,Telecine,29.9,8639,48,3,46,-1,59654.99
2024-05-20,73,SC,Sul,Premiere,24.9,6482,43,5,36,2,37275.24
2024-05-20,73,RS,Sul,Familia,49.9,26856,151,17,158,-24,309495.24
2024-05-20,73,RS,Sul,HBO,34.9,16784,87,6,97,-16,135279.82
2024-05-20,73,RS,Sul,Telecine,29.9,13430,70,4,76,-10,92738.34
2024-05-20,73,RS,Sul,Premiere,24.9,10083,72,10,59,3,57983.07
2024-05-20,73,BA,Nordeste,Familia,49.9,34536,186,18,192,-24,398001.48
2024-05-20,73,BA,Nordeste,HBO,34.9,21575,122,10,137,-25,173895.5
2024-05-20,73,BA,Nordeste,Telecine,29.9,17266,98,6,106,-14,119227.11
2024-05-20,73,BA,Nordeste,Premiere,24.9,12955,87,12,80,-5,74498.73
2024-05-20,73,CE,Nordeste,Familia,49.9,21585,116,11,120,-15,248750.92
2024-05-20,73,CE,Nordeste,HBO,34.9,13488,76,6,82,-12,108713.9
2024-05-20,73,CE,Nordeste,Telecine,29.9,10791,57,4,62,-9,74515.22
2024-05-20,73,CE,Nordeste,Premiere,24.9,8098,53,6,49,-2,46568.18
2024-05-20,73,PE,Nordeste,Familia,49.9,23048,143,14,121,8,265610.9
2024-05-20,73,PE,Nordeste,HBO,34.9,14399,84,6,79,-1,116056.61
2024-05-20,73,PE,Nordeste,Telecine,29.9,11507,61,4,70,-13,79459.42
2024-05-20,73,PE,Nordeste,Premiere,24.9,8637,57,8,52,-3,49667.74
2024-05-20,73,MA,Nordeste,Familia,49.9,16319,99,10,90,-1,188064.23
2024-05-20,73,MA,Nordeste,HBO,34.9,10194,56,4,58,-6,82164.11
2024-05-20,73,MA,Nordeste,Telecine,29.9,8161,46,2,43,1,56354.25
2024-05-20,73,MA,Nordeste,Premiere,24.9,6124,45,6,35,4,35216.54
2024-05-20,73,PB,Nordeste,Familia,49.9,9594,53,5,54,-6,110563.65
2024-05-20,73,PB,Nordeste,HBO,34.9,5997,33,2,34,-3,48336.1
2024-05-20,73,PB,Nordeste,Telecine,29.9,4797,26,1,28,-3,33124.78
2024-05-20,73,PB,Nordeste,Premiere,24.9,3600,23,3,20,0,20702.08
2024-05-20,73,RN,Nordeste,Familia,49.9,8626,44,4,54,-14,99408.18
2024-05-20,73,RN,Nordeste,HBO,34.9,5396,30,2,32,-4,43492.01
2024-05-20,73,RN,Nordeste,Telecine,29.9,4317,24,1,26,-3,29810.23
2024-05-20,73,RN,Nordeste,Premiere,24.9,3240,21,2,19,0,18631.87
2024-05-20,73,AL,Nordeste,Familia,49.9,7677,48,4,47,-3,88471.66
2024-05-20,73,AL,Nordeste,HBO,34.9,4800,29,2,27,0,38688.22
2024-05-20,73,AL,Nordeste,Telecine,29.9,3841,22,1,20,1,26523.3
2024-05-20,73,AL,Nordeste,Premiere,24.9,2881,18,2,15,1,16567.41
2024-05-20,73,SE,Nordeste,Familia,49.9,5275,29,3,31,-5,60790.42
2024-05-20,73,SE,Nordeste,HBO,34.9,3298,18,1,19,-2,26582.03
2024-05-20,73,SE,Nordeste,Telecine,29.9,2640,13,0,13,0,18230.02
2024-05-20,73,SE,Nordeste,Premiere,24.9,1979,12,1,12,-1,11380.39
2024-05-20,73,PI,Nordeste,Familia,49.9,7686,51,5,40,6,88575.38
2024-05-20,73,PI,Nordeste,HBO,34.9,4796,23,1,26,-4,38655.98
2024-05-20,73,PI,Nordeste,Telecine,29.9,3839,21,1,21,-1,26509.49
2024-05-20,73,PI,Nordeste,Premiere,24.9,2879,17,2,16,-1,16555.91
2024-05-20,73,GO,Centro-Oeste,Familia,49.9,15835,97,11,91,-5,182486.49
2024-05-20,73,GO,Centro-Oeste,HBO,34.9,9899,56,4,53,-1,79786.4
2024-05-20,73,GO,Centro-Oeste,Telecine,29.9,7918,47,3,46,-2,54676.26
2024-05-20,73,GO,Centro-Oeste,Premiere,24.9,5946,43,6,31,6,34192.93
2024-05-20,73,MT,Centro-Oeste,Familia,49.9,8157,49,5,47,-3,94003.3
2024-05-20,73,MT,Centro-Oeste,HBO,34.9,5102,31,2,27,2,41122.36
2024-05-20,73,MT,Centro-Oeste,Telecine,29.9,4076,19,1,22,-4,28146.05
2024-05-20,73,MT,Centro-Oeste,Premiere,24.9,3061,19,2,16,1,17602.52
2024-05-20,73,MS,Centro-Oeste,Familia,49.9,6234,35,3,38,-6,71842.17
2024-05-20,73,MS,Centro-Oeste,HBO,34.9,3897,21,1,23,-3,31410.0
2024-05-20,73,MS,Centro-Oeste,Telecine,29.9,3119,15,0,16,-1,21537.67
2024-05-20,73,MS,Centro-Oeste,Premiere,24.9,2341,14,1,12,1,13462.1
2024-05-20,73,DF,Centro-Oeste,Familia,49.9,6715,39,3,41,-5,77385.33
2024-05-20,73,DF,Centro-Oeste,HBO,34.9,4202,28,2,24,2,33868.31
2024-05-20,73,DF,Centro-Oeste,Telecine,29.9,3360,19,1,18,0,23201.85
2024-05-20,73,DF,Centro-Oeste,Premiere,24.9,2518,15,2,15,-2,14479.95
2024-05-20,73,AM,Norte,Familia,49.9,9592,56,5,59,-8,110540.6
2024-05-20,73,AM,Norte,HBO,34.9,5996,33,2,35,-4,48328.04
2024-05-20,73,AM,Norte,Telecine,29.9,4796,26,1,29,-4,33117.88
2024-05-20,73,AM,Norte,Premiere,24.9,3602,24,3,19,2,20713.58
2024-05-20,73,PA,Norte,Familia,49.9,20164,124,14,106,4,232374.97
2024-05-20,73,PA,Norte,HBO,34.9,12601,74,5,68,1,101564.64
2024-05-20,73,PA,Norte,Telecine,29.9,10078,61,4,59,-2,69591.73
2024-05-20,73,PA,Norte,Premiere,24.9,7558,47,7,42,-2,43462.86
2024-05-20,73,RO,Norte,Familia,49.9,3834,18,1,23,-6,44183.97
2024-05-20,73,RO,Norte,HBO,34.9,2398,12,0,14,-2,19327.99
2024-05-20,73,RO,Norte,Telecine,29.9,1918,9,0,11,-2,13244.39
2024-05-20,73,RO,Norte,Premiere,24.9,1440,9,1,8,0,8280.83
2024-05-20,73,AC,Norte,Familia,49.9,1921,12,1,10,1,22138.08
2024-05-20,73,AC,Norte,HBO,34.9,1200,6,0,6,0,9672.06
2024-05-20,73,AC,Norte,Telecine,29.9,960,5,0,5,0,6629.1
2024-05-20,73,AC,Norte,Premiere,24.9,721,5,0,4,1,4146.17
2024-05-20,73,RR,Norte,Familia,49.9,1440,7,0,7,0,16594.92
2024-05-20,73,RR,Norte,HBO,34.9,900,5,0,5,0,7254.04
2024-05-20,73,RR,Norte,Telecine,29.9,719,3,0,4,-1,4964.92
2024-05-20,73,RR,Norte,Premiere,24.9,540,2,0,2,0,3105.31
2024-05-20,73,AP,Norte,Familia,49.9,1919,11,1,11,-1,22115.03
2024-05-20,73,AP,Norte,HBO,34.9,1201,7,0,6,1,9680.12
2024-05-20,73,AP,Norte,Telecine,29.9,960,5,0,5,0,6629.1
2024-05-20,73,AP,Norte,Premiere,24.9,720,4,0,4,0,4140.42
2024-05-20,73,TO,Norte,Familia,49.9,3359,20,2,19,-1,38709.95
2024-05-20,73,TO,Norte,HBO,34.9,2100,12,0,12,0,16926.1
2024-05-20,73,TO,Norte,Telecine,29.9,1682,11,0,9,2,11614.73
2024-05-20,73,TO,Norte,Premiere,24.9,1262,9,1,6,2,7257.23
2024-05-27,74,SP,Sudeste,Familia,49.9,104544,568,67,597,-96,1204791.13
2024-05-27,74,SP,Sudeste,HBO,34.9,65375,370,31,364,-25,526925.52
2024-05-27,74,SP,Sudeste,Telecine,29.9,52323,303,24,276,3,361306.63
2024-05-27,74,SP,Sudeste,Premiere,24.9,39243,280,39,238,3,225669.91
2024-05-27,74,RJ,Sudeste,Familia,49.9,39335,220,27,218,-25,453306.35
2024-05-27,74,RJ,Sudeste,HBO,34.9,24590,141,10,141,-10,198196.54
2024-05-27,74,RJ,Sudeste,Telecine,29.9,19686,126,8,112,6,135937.97
2024-05-27,74,RJ,Sudeste,Premiere,24.9,14762,99,14,83,2,84890.02
2024-05-27,74,MG,Sudeste,Familia,49.9,48901,266,26,299,-59,563547.32
2024-05-27,74,MG,Sudeste,HBO,34.9,30563,169,13,192,-36,246339.19
2024-05-27,74,MG,Sudeste,Telecine,29.9,24458,139,11,150,-22,168890.12
2024-05-27,74,MG,Sudeste,Premiere,24.9,18351,107,16,99,-8,105528.85
2024-05-27,74,ES,Sudeste,Familia,49.9,9111,49,5,53,-9,104997.44
2024-05-27,74,ES,Sudeste,HBO,34.9,5699,35,2,34,-1,45934.2
2024-05-27,74,ES,Sudeste,Telecine,29.9,4557,25,1,27,-3,31467.51
2024-05-27,74,ES,Sudeste,Premiere,24.9,3421,22,2,19,1,19672.73
2024-05-27,74,PR,Sul,Familia,49.9,26864,151,19,148,-16,309587.44
2024-05-27,74,PR,Sul,HBO,34.9,16780,88,7,101,-20,135247.58
2024-05-27,74,PR,Sul,Telecine,29.9,13446,83,5,72,6,92848.82
2024-05-27,74,PR,Sul,Premiere,24.9,10081,65,8,56,1,57971.57
2024-05-27,74,SC,Sul,Familia,49.9,17256,91,10,105,-24,198862.45
2024-05-27,74,SC,Sul,HBO,34.9,10800,63,5,58,0,87048.5
2024-05-27,74,SC,Sul,Telecine,29.9,8632,45,2,51,-8,59606.65
2024-05-27,74,SC,Sul,Premiere,24.9,6477,43,6,40,-3,37246.49
2024-05-27,74,RS,Sul,Familia,49.9,26870,166,20,156,-10,309656.58
2024-05-27,74,RS,Sul,HBO,34.9,16802,114,8,104,2,135424.9
2024-05-27,74,RS,Sul,Telecine,29.9,13439,75,5,71,-1,92800.48
2024-05-27,74,RS,Sul,Premiere,24.9,10080,65,8,57,0,57965.82
2024-05-27,74,BA,Nordeste,Familia,49.9,34547,201,20,194,-13,398128.24
2024-05-27,74,BA,Nordeste,HBO,34.9,21589,124,8,127,-11,174008.34
2024-05-27,74,BA,Nordeste,Telecine,29.9,17270,98,6,102,-10,119254.73
2024-05-27,74,BA,Nordeste,Premiere,24.9,12974,96,13,69,14,74607.99
2024-05-27,74,CE,Nordeste,Familia,49.9,21564,110,13,133,-36,248508.91
2024-05-27,74,CE,Nordeste,HBO,34.9,13475,64,5,84,-25,108609.12
2024-05-27,74,CE,Nordeste,Telecine,29.9,10800,64,3,61,0,74577.37
2024-05-27,74,CE,Nordeste,Premiere,24.9,8099,54,8,47,-1,46573.93
2024-05-27,74,PE,Nordeste,Familia,49.9,23027,126,13,126,-13,265368.89
2024-05-27,74,PE,Nordeste,HBO,34.9,14387,75,5,83,-13,115959.88
2024-05-27,74,PE,Nordeste,Telecine,29.9,11512,68,5,71,-8,79493.95
2024-05-27,74,PE,Nordeste,Premiere,24.9,8643,59,8,48,3,49702.24
2024-05-27,74,MA,Nordeste,Familia,49.9,16303,94,9,102,-17,187879.84
2024-05-27,74,MA,Nordeste,HBO,34.9,10191,57,4,62,-9,82139.93
2024-05-27,74,MA,Nordeste,Telecine,29.9,8149,43,3,51,-11,56271.39
2024-05-27,74,MA,Nordeste,Premiere,24.9,6114,37,5,38,-6,35159.03
2024-05-27,74,PB,Nordeste,Familia,49.9,9597,57,6,54,-3,110598.22
2024-05-27,74,PB,Nordeste,HBO,34.9,5997,36,2,37,-3,48336.1
2024-05-27,74,PB,Nordeste,Telecine,29.9,4798,25,2,25,-2,33131.69
2024-05-27,74,PB,Nordeste,Premiere,24.9,3599,22,3,20,-1,20696.33
2024-05-27,74,RN,Nordeste,Familia,49.9,8641,54,5,48,1,99581.04
2024-05-27,74,RN,Nordeste,HBO,34.9,5396,30,2,32,-4,43492.01
2024-05-27,74,RN,Nordeste,Telecine,29.9,4322,26,1,23,2,29844.76
2024-05-27,74,RN,Nordeste,Premiere,24.9,3241,22,3,18,1,18637.62
2024-05-27,74,AL,Nordeste,Familia,49.9,7679,48,4,45,-1,88494.71
2024-05-27,74,AL,Nordeste,HBO,34.9,4800,26,1,25,0,38688.22
2024-05-27,74,AL,Nordeste,Telecine,29.9,3841,24,1,22,1,26523.3
2024-05-27,74,AL,Nordeste,Premiere,24.9,2881,18,2,15,1,16567.41
2024-05-27,74,SE,Nordeste,Familia,49.9,5281,32,3,28,1,60859.56
2024-05-27,74,SE,Nordeste,HBO,34.9,3298,18,1,19,-2,26582.03
2024-05-27,74,SE,Nordeste,Telecine,29.9,2638,14,0,16,-2,18216.21
2024-05-27,74,SE,Nordeste,Premiere,24.9,1978,11,1,12,-2,11374.64
2024-05-27,74,PI,Nordeste,Familia,49.9,7669,40,4,47,-11,88379.47
2024-05-27,74,PI,Nordeste,HBO,34.9,4801,27,1,25,1,38696.28
2024-05-27,74,PI,Nordeste,Telecine,29.9,3839,20,1,20,-1,26509.49
2024-05-27,74,PI,Nordeste,Premiere,24.9,2877,16,2,17,-3,16544.41
2024-05-27,74,GO,Centro-Oeste,Familia,49.9,15839,102,11,92,-1,182532.59
2024-05-27,74,GO,Centro-Oeste,HBO,34.9,9890,50,3,57,-10,79713.86
2024-05-27,74,GO,Centro-Oeste,Telecine,29.9,7920,45,3,42,0,54690.07
2024-05-27,74,GO,Centro-Oeste,Premiere,24.9,5942,38,4,32,2,34169.93
2024-05-27,74,MT,Centro-Oeste,Familia,49.9,8156,46,5,45,-4,93991.78
2024-05-27,74,MT,Centro-Oeste,HBO,34.9,5095,27,2,30,-5,41065.94
2024-05-27,74,MT,Centro-Oeste,Telecine,29.9,4079,24,1,24,-1,28166.77
2024-05-27,74,MT,Centro-Oeste,Premiere,24.9,3061,20,3,16,1,17602.52
2024-05-27,74,MS,Centro-Oeste,Familia,49.9,6235,38,4,39,-5,71853.7
2024-05-27,74,MS,Centro-Oeste,HBO,34.9,3899,22,1,22,-1,31426.12
2024-05-27,74,MS,Centro-Oeste,Telecine,29.9,3120,17,1,16,0,21544.57
2024-05-27,74,MS,Centro-Oeste,Premiere,24.9,2339,15,2,14,-1,13450.6
2024-05-27,74,DF,Centro-Oeste,Familia,49.9,6713,37,3,41,-7,77362.29
2024-05-27,74,DF,Centro-Oeste,HBO,34.9,4200,23,1,22,0,33852.19
2024-05-27,74,DF,Centro-Oeste,Telecine,29.9,3357,18,1,20,-3,23181.13
2024-05-27,74,DF,Centro-Oeste,Premiere,24.9,2519,16,2,15,-1,14485.7
2024-05-27,74,AM,Norte,Familia,49.9,9597,64,7,60,-3,110598.22
2024-05-27,74,AM,Norte,HBO,34.9,5999,33,2,32,-1,48352.22
2024-05-27,74,AM,Norte,Telecine,29.9,4801,29,2,26,1,33152.4
2024-05-27,74,AM,Norte,Premiere,24.9,3601,23,3,19,1,20707.83
2024-05-27,74,PA,Norte,Familia,49.9,20149,130,15,126,-11,232202.1
2024-05-27,74,PA,Norte,HBO,34.9,12595,76,5,76,-5,101516.28
2024-05-27,74,PA,Norte,Telecine,29.9,10079,57,3,55,-1,69598.64
2024-05-27,74,PA,Norte,Premiere,24.9,7558,46,6,42,-2,43462.86
2024-05-27,74,RO,Norte,Familia,49.9,3837,18,1,20,-3,44218.55
2024-05-27,74,RO,Norte,HBO,34.9,2402,15,1,12,2,19360.23
2024-05-27,74,RO,Norte,Telecine,29.9,1922,12,0,10,2,13272.01
2024-05-27,74,RO,Norte,Premiere,24.9,1441,9,1,7,1,8286.58
2024-05-27,74,AC,Norte,Familia,49.9,1919,11,1,11,-1,22115.03
2024-05-27,74,AC,Norte,HBO,34.9,1200,6,0,6,0,9672.06
2024-05-27,74,AC,Norte,Telecine,29.9,959,4,0,5,-1,6622.19
2024-05-27,74,AC,Norte,Premiere,24.9,721,4,0,3,1,4146.17
2024-05-27,74,RR,Norte,Familia,49.9,1439,7,0,8,-1,16583.39
2024-05-27,74,RR,Norte,HBO,34.9,900,5,0,5,0,7254.04
2024-05-27,74,RR,Norte,Telecine,29.9,720,3,0,3,0,4971.82
2024-05-27,74,RR,Norte,Premiere,24.9,541,3,0,2,1,3111.06
2024-05-27,74,AP,Norte,Familia,49.9,1920,11,1,10,0,22126.56
2024-05-27,74,AP,Norte,HBO,34.9,1200,6,0,6,0,9672.06
2024-05-27,74,AP,Norte,Telecine,29.9,959,4,0,5,-1,6622.19
2024-05-27,74,AP,Norte,Premiere,24.9,720,4,0,4,0,4140.42
2024-05-27,74,TO,Norte,Familia,49.9,3358,20,2,20,-2,38698.43
2024-05-27,74,TO,Norte,HBO,34.9,2100,11,0,11,0,16926.1
2024-05-27,74,TO,Norte,Telecine,29.9,1681,10,0,9,1,11607.83
2024-05-27,74,TO,Norte,Premiere,24.9,1261,8,1,6,1,7251.48
2024-06-03,75,SP,Sudeste,Familia,49.9,104666,674,75,573,26,1206197.09
2024-06-03,75,SP,Sudeste,HBO,34.9,65360,391,32,399,-40,526804.62
2024-06-03,75,SP,Sudeste,Telecine,29.9,52322,344,26,316,2,361299.72
2024-06-03,75,SP,Sudeste,Premiere,24.9,39242,272,39,231,2,225664.16
2024-06-03,75,RJ,Sudeste,Familia,49.9,39351,235,29,215,-9,453490.74
2024-06-03,75,RJ,Sudeste,HBO,34.9,24596,148,12,140,-4,198244.9
2024-06-03,75,RJ,Sudeste,Telecine,29.9,19664,103,7,112,-16,135786.05
2024-06-03,75,RJ,Sudeste,Premiere,24.9,14769,110,13,88,9,84930.28
2024-06-03,75,MG,Sudeste,Familia,49.9,48948,303,36,279,-12,564088.96
2024-06-03,75,MG,Sudeste,HBO,34.9,30591,175,13,170,-8,246564.87
2024-06-03,75,MG,Sudeste,Telecine,29.9,24481,159,11,147,1,169048.94
2024-06-03,75,MG,Sudeste,Premiere,24.9,18354,122,17,110,-5,105546.1
2024-06-03,75,ES,Sudeste,Familia,49.9,9126,60,6,48,6,105170.3
2024-06-03,75,ES,Sudeste,HBO,34.9,5703,35,2,30,3,45966.44
2024-06-03,75,ES,Sudeste,Telecine,29.9,4560,28,2,26,0,31488.22
2024-06-03,75,ES,Sudeste,Premiere,24.9,3422,24,2,20,2,19678.48
2024-06-03,75,PR,Sul,Familia,49.9,26857,142,13,152,-23,309506.77
2024-06-03,75,PR,Sul,HBO,34.9,16803,105,7,95,3,135432.96
2024-06-03,75,PR,Sul,Telecine,29.9,13441,86,5,80,1,92814.3
2024-06-03,75,PR,Sul,Premiere,24.9,10086,70,8,56,6,58000.32
2024-06-03,75,SC,Sul,Familia,49.9,17278,105,13,94,-2,199115.98
2024-06-03,75,SC,Sul,HBO,34.9,10784,54,4,66,-16,86919.54
2024-06-03,75,SC,Sul,Telecine,29.9,8643,57,3,51,3,59682.61
2024-06-03,75,SC,Sul,Premiere,24.9,6477,39,5,37,-3,37246.49
2024-06-03,75,RS,Sul,Familia,49.9,26866,166,16,164,-14,309610.48
2024-06-03,75,RS,Sul,HBO,34.9,16792,94,7,95,-8,135344.3
2024-06-03,75,RS,Sul,Telecine,29.9,13429,78,5,84,-11,92731.43
2024-06-03,75,RS,Sul,Premiere,24.9,10080,66,10,56,0,57965.82
2024-06-03,75,BA,Nordeste,Familia,49.9,34557,216,23,196,-3,398243.49
2024-06-03,75,BA,Nordeste,HBO,34.9,21599,135,10,126,-1,174088.94
2024-06-03,75,BA,Nordeste,Telecine,29.9,17270,101,6,105,-10,119254.73
2024-06-03,75,BA,Nordeste,Premiere,24.9,12956,85,12,77,-4,74504.48
2024-06-03,75,CE,Nordeste,Familia,49.9,21597,139,15,127,-3,248889.21
2024-06-03,75,CE,Nordeste,HBO,34.9,13493,76,6,77,-7,108754.2
2024-06-03,75,CE,Nordeste,Telecine,29.9,10795,65,4,66,-5,74542.84
2024-06-03,75,CE,Nordeste,Premiere,24.9,8105,59,7,47,5,46608.43
2024-06-03,75,PE,Nordeste,Familia,49.9,23023,125,15,127,-17,265322.79
2024-06-03,75,PE,Nordeste,HBO,34.9,14381,75,6,88,-19,115911.52
2024-06-03,75,PE,Nordeste,Telecine,29.9,11524,73,4,65,4,79576.81
2024-06-03,75,PE,Nordeste,Premiere,24.9,8638,55,8,49,-2,49673.49
2024-06-03,75,MA,Nordeste,Familia,49.9,16305,90,9,96,-15,187902.89
2024-06-03,75,MA,Nordeste,HBO,34.9,10197,58,4,57,-3,82188.29
2024-06-03,75,MA,Nordeste,Telecine,29.9,8161,46,3,42,1,56354.25
2024-06-03,75,MA,Nordeste,Premiere,24.9,6126,46,7,33,6,35228.04
2024-06-03,75,PB,Nordeste,Familia,49.9,9593,58,6,59,-7,110552.12
2024-06-03,75,PB,Nordeste,HBO,34.9,6002,37,3,32,2,48376.4
2024-06-03,75,PB,Nordeste,Telecine,29.9,4802,28,1,25,2,33159.31
2024-06-03,75,PB,Nordeste,Premiere,24.9,3603,27,3,21,3,20719.33
2024-06-03,75,RN,Nordeste,Familia,49.9,8646,59,7,46,6,99638.66
2024-06-03,75,RN,Nordeste,HBO,34.9,5395,28,2,31,-5,43483.95
2024-06-03,75,RN,Nordeste,Telecine,29.9,4318,23,1,24,-2,29817.14
2024-06-03,75,RN,Nordeste,Premiere,24.9,3243,23,3,17,3,18649.12
2024-06-03,75,AL,Nordeste,Familia,49.9,7673,44,4,47,-7,88425.57
2024-06-03,75,AL,Nordeste,HBO,34.9,4801,28,2,25,1,38696.28
2024-06-03,75,AL,Nordeste,Telecine,29.9,3840,22,1,21,0,26516.4
2024-06-03,75,AL,Nordeste,Premiere,24.9,2882,20,3,15,2,16573.16
2024-06-03,75,SE,Nordeste,Familia,49.9,5277,32,3,32,-3,60813.46
2024-06-03,75,SE,Nordeste,HBO,34.9,3297,16,1,18,-3,26573.97
2024-06-03,75,SE,Nordeste,Telecine,29.9,2641,16,1,14,1,18236.93
2024-06-03,75,SE,Nordeste,Premiere,24.9,1983,15,2,10,3,11403.39
2024-06-03,75,PI,Nordeste,Familia,49.9,7676,44,4,44,-4,88460.14
2024-06-03,75,PI,Nordeste,HBO,34.9,4801,30,2,27,1,38696.28
2024-06-03,75,PI,Nordeste,Telecine,29.9,3844,26,1,21,4,26544.02
2024-06-03,75,PI,Nordeste,Premiere,24.9,2881,21,3,17,1,16567.41
2024-06-03,75,GO,Centro-Oeste,Familia,49.9,15832,96,10,94,-8,182451.92
2024-06-03,75,GO,Centro-Oeste,HBO,34.9,9901,57,5,51,1,79802.52
2024-06-03,75,GO,Centro-Oeste,Telecine,29.9,7922,47,3,42,2,54703.88
2024-06-03,75,GO,Centro-Oeste,Premiere,24.9,5940,41,5,36,0,34158.43
2024-06-03,75,MT,Centro-Oeste,Familia,49.9,8160,48,4,44,0,94037.88
2024-06-03,75,MT,Centro-Oeste,HBO,34.9,5101,32,2,29,1,41114.3
2024-06-03,75,MT,Centro-Oeste,Telecine,29.9,4075,21,1,25,-5,28139.15
2024-06-03,75,MT,Centro-Oeste,Premiere,24.9,3063,21,2,16,3,17614.02
2024-06-03,75,MS,Centro-Oeste,Familia,49.9,6239,34,3,32,-1,71899.79
2024-06-03,75,MS,Centro-Oeste,HBO,34.9,3899,23,2,22,-1,31426.12
2024-06-03,75,MS,Centro-Oeste,Telecine,29.9,3121,20,1,18,1,21551.48
2024-06-03,75,MS,Centro-Oeste,Premiere,24.9,2341,17,2,14,1,13462.1
2024-06-03,75,DF,Centro-Oeste,Familia,49.9,6717,37,4,36,-3,77408.38
2024-06-03,75,DF,Centro-Oeste,HBO,34.9,4199,22,1,22,-1,33844.13
2024-06-03,75,DF,Centro-Oeste,Telecine,29.9,3359,19,1,19,-1,23194.94
2024-06-03,75,DF,Centro-Oeste,Premiere,24.9,2521,17,2,14,1,14497.21
2024-06-03,75,AM,Norte,Familia,49.9,9600,54,5,49,0,110632.79
2024-06-03,75,AM,Norte,HBO,34.9,6002,36,2,32,2,48376.4
2024-06-03,75,AM,Norte,Telecine,29.9,4798,29,1,30,-2,33131.69
2024-06-03,75,AM,Norte,Premiere,24.9,3599,23,3,21,-1,20696.33
2024-06-03,75,PA,Norte,Familia,49.9,20130,106,11,125,-30,231983.14
2024-06-03,75,PA,Norte,HBO,34.9,12588,71,5,78,-12,101459.86
2024-06-03,75,PA,Norte,Telecine,29.9,10080,64,4,60,0,69605.54
2024-06-03,75,PA,Norte,Premiere,24.9,7563,51,7,41,3,43491.62
2024-06-03,75,RO,Norte,Familia,49.9,3839,22,2,21,-1,44241.59
2024-06-03,75,RO,Norte,HBO,34.9,2402,16,1,13,2,19360.23
2024-06-03,75,RO,Norte,Telecine,29.9,1920,11,0,11,0,13258.2
2024-06-03,75,RO,Norte,Premiere,24.9,1442,10,1,7,2,8292.33
2024-06-03,75,AC,Norte,Familia,49.9,1919,12,1,12,-1,22115.03
2024-06-03,75,AC,Norte,HBO,34.9,1202,8,0,6,2,9688.18
2024-06-03,75,AC,Norte,Telecine,29.9,960,5,0,5,0,6629.1
2024-06-03,75,AC,Norte,Premiere,24.9,720,4,0,4,0,4140.42
2024-06-03,75,RR,Norte,Familia,49.9,1440,8,0,8,0,16594.92
2024-06-03,75,RR,Norte,HBO,34.9,900,5,0,5,0,7254.04
2024-06-03,75,RR,Norte,Telecine,29.9,719,3,0,4,-1,4964.92
2024-06-03,75,RR,Norte,Premiere,24.9,540,3,0,3,0,3105.31
2024-06-03,75,AP,Norte,Familia,49.9,1920,11,1,10,0,22126.56
2024-06-03,75,AP,Norte,HBO,34.9,1200,7,0,7,0,9672.06
2024-06-03,75,AP,Norte,Telecine,29.9,960,5,0,5,0,6629.1
2024-06-03,75,AP,Norte,Premiere,24.9,720,4,0,4,0,4140.42
2024-06-03,75,TO,Norte,Familia,49.9,3360,19,2,17,0,38721.48
2024-06-03,75,TO,Norte,HBO,34.9,2102,13,0,11,2,16942.22
2024-06-03,75,TO,Norte,Telecine,29.9,1679,9,0,10,-1,11594.02
2024-06-03,75,TO,Norte,Premiere,24.9,1260,8,1,7,0,7245.73
2024-06-10,76,SP,Sudeste,Familia,49.9,104610,642,76,596,-30,1205551.73
2024-06-10,76,SP,Sudeste,HBO,34.9,65438,410,28,344,38,527433.3
2024-06-10,76,SP,Sudeste,Telecine,29.9,52280,299,23,316,-40,361009.7
2024-06-10,76,SP,Sudeste,Premiere,24.9,39275,306,36,235,35,225853.93
2024-06-10,76,RJ,Sudeste,Familia,49.9,39327,238,27,244,-33,453214.16
2024-06-10,76,RJ,Sudeste,HBO,34.9,24577,137,10,150,-23,198091.76
2024-06-10,76,RJ,Sudeste,Telecine,29.9,19672,118,8,118,-8,135841.29
2024-06-10,76,RJ,Sudeste,Premiere,24.9,14770,114,13,91,10,84936.03
2024-06-10,76,MG,Sudeste,Familia,49.9,48946,286,36,264,-14,564065.91
2024-06-10,76,MG,Sudeste,HBO,34.9,30612,201,18,170,13,246734.13
2024-06-10,76,MG,Sudeste,Telecine,29.9,24487,149,11,131,7,169090.37
2024-06-10,76,MG,Sudeste,Premiere,24.9,18388,144,18,97,29,105741.62
2024-06-10,76,ES,Sudeste,Familia,49.9,9112,54,6,56,-8,105008.96
2024-06-10,76,ES,Sudeste,HBO,34.9,5704,37,3,30,4,45974.5
2024-06-10,76,ES,Sudeste,Telecine,29.9,4559,28,2,27,-1,31481.32
2024-06-10,76,ES,Sudeste,Premiere,24.9,3424,24,2,18,4,19689.98
2024-06-10,76,PR,Sul,Familia,49.9,26847,133,16,150,-33,309391.52
2024-06-10,76,PR,Sul,HBO,34.9,16797,102,9,96,-3,135384.6
2024-06-10,76,PR,Sul,Telecine,29.9,13433,76,4,79,-7,92759.05
2024-06-10,76,PR,Sul,Premiere,24.9,10091,73,10,52,11,58029.08
2024-06-10,76,SC,Sul,Familia,49.9,17296,127,12,99,16,199323.42
2024-06-10,76,SC,Sul,HBO,34.9,10810,72,6,56,10,87129.1
2024-06-10,76,SC,Sul,Telecine,29.9,8644,55,4,47,4,59689.52
2024-06-10,76,SC,Sul,Premiere,24.9,6489,50,7,34,9,37315.5
2024-06-10,76,RS,Sul,Familia,49.9,26851,150,18,161,-29,309437.62
2024-06-10,76,RS,Sul,HBO,34.9,16808,101,6,87,8,135473.26
2024-06-10,76,RS,Sul,Telecine,29.9,13433,78,5,80,-7,92759.05
2024-06-10,76,RS,Sul,Premiere,24.9,10076,69,10,63,-4,57942.82
2024-06-10,76,BA,Nordeste,Familia,49.9,34551,217,23,203,-9,398174.34
2024-06-10,76,BA,Nordeste,HBO,34.9,21567,111,10,134,-33,173831.02
2024-06-10,76,BA,Nordeste,Telecine,29.9,17270,104,8,106,-10,119254.73
2024-06-10,76,BA,Nordeste,Premiere,24.9,12960,89,11,78,0,74527.48
2024-06-10,76,CE,Nordeste,Familia,49.9,21583,130,13,134,-17,248727.88
2024-06-10,76,CE,Nordeste,HBO,34.9,13516,96,8,72,16,108939.58
2024-06-10,76,CE,Nordeste,Telecine,29.9,10809,72,5,58,9,74639.52
2024-06-10,76,CE,Nordeste,Premiere,24.9,8109,61,9,43,9,46631.43
2024-06-10,76,PE,Nordeste,Familia,49.9,23051,160,17,132,11,265645.47
2024-06-10,76,PE,Nordeste,HBO,34.9,14403,96,8,85,3,116088.85
2024-06-10,76,PE,Nordeste,Telecine,29.9,11521,65,3,61,1,79556.1
2024-06-10,76,PE,Nordeste,Premiere,24.9,8640,61,9,52,0,49684.99
2024-06-10,76,MA,Nordeste,Familia,49.9,16317,99,11,91,-3,188041.18
2024-06-10,76,MA,Nordeste,HBO,34.9,10200,63,4,59,0,82212.47
2024-06-10,76,MA,Nordeste,Telecine,29.9,8162,54,3,49,2,56361.15
2024-06-10,76,MA,Nordeste,Premiere,24.9,6120,40,6,34,0,35193.53
2024-06-10,76,PB,Nordeste,Familia,49.9,9608,65,7,50,8,110724.99
2024-06-10,76,PB,Nordeste,HBO,34.9,6002,36,3,31,2,48376.4
2024-06-10,76,PB,Nordeste,Telecine,29.9,4803,29,1,25,3,33166.21
2024-06-10,76,PB,Nordeste,Premiere,24.9,3602,24,3,19,2,20713.58
2024-06-10,76,RN,Nordeste,Familia,49.9,8640,53,5,48,0,99569.52
2024-06-10,76,RN,Nordeste,HBO,34.9,5398,32,2,32,-2,43508.13
2024-06-10,76,RN,Nordeste,Telecine,29.9,4323,28,1,24,3,29851.66
2024-06-10,76,RN,Nordeste,Premiere,24.9,3242,23,2,19,2,18643.37
2024-06-10,76,AL,Nordeste,Familia,49.9,7677,47,5,45,-3,88471.66
2024-06-10,76,AL,Nordeste,HBO,34.9,4795,27,2,30,-5,38647.92
2024-06-10,76,AL,Nordeste,Telecine,29.9,3839,22,1,22,-1,26509.49
2024-06-10,76,AL,Nordeste,Premiere,24.9,2880,19,2,17,0,16561.66
2024-06-10,76,SE,Nordeste,Familia,49.9,5280,33,3,30,0,60848.04
2024-06-10,76,SE,Nordeste,HBO,34.9,3299,20,1,20,-1,26590.09
2024-06-10,76,SE,Nordeste,Telecine,29.9,2642,18,1,15,2,18243.83
2024-06-10,76,SE,Nordeste,Premiere,24.9,1982,15,2,11,2,11397.64
2024-06-10,76,PI,Nordeste,Familia,49.9,7682,53,5,46,2,88529.28
2024-06-10,76,PI,Nordeste,HBO,34.9,4797,29,2,30,-3,38664.04
2024-06-10,76,PI,Nordeste,Telecine,29.9,3839,22,1,22,-1,26509.49
2024-06-10,76,PI,Nordeste,Premiere,24.9,2883,20,2,15,3,16578.91
2024-06-10,76,GO,Centro-Oeste,Familia,49.9,15824,90,10,96,-16,182359.72
2024-06-10,76,GO,Centro-Oeste,HBO,34.9,9908,68,5,55,8,79858.94
2024-06-10,76,GO,Centro-Oeste,Telecine,29.9,7911,43,3,49,-9,54627.92
2024-06-10,76,GO,Centro-Oeste,Premiere,24.9,5951,48,6,31,11,34221.69
2024-06-10,76,MT,Centro-Oeste,Familia,49.9,8156,49,5,48,-4,93991.78
2024-06-10,76,MT,Centro-Oeste,HBO,34.9,5097,29,2,30,-3,41082.06
2024-06-10,76,MT,Centro-Oeste,Telecine,29.9,4081,25,1,23,1,28180.58
2024-06-10,76,MT,Centro-Oeste,Premiere,24.9,3061,22,3,18,1,17602.52
2024-06-10,76,MS,Centro-Oeste,Familia,49.9,6236,35,3,36,-4,71865.22
2024-06-10,76,MS,Centro-Oeste,HBO,34.9,3899,20,1,20,-1,31426.12
2024-06-10,76,MS,Centro-Oeste,Telecine,29.9,3118,17,1,18,-2,21530.76
2024-06-10,76,MS,Centro-Oeste,Premiere,24.9,2342,16,2,12,2,13467.85
2024-06-10,76,DF,Centro-Oeste,Familia,49.9,6721,44,4,39,1,77454.48
2024-06-10,76,DF,Centro-Oeste,HBO,34.9,4203,28,2,23,3,33876.37
2024-06-10,76,DF,Centro-Oeste,Telecine,29.9,3360,19,1,18,0,23201.85
2024-06-10,76,DF,Centro-Oeste,Premiere,24.9,2520,17,2,15,0,14491.45
2024-06-10,76,AM,Norte,Familia,49.9,9592,59,7,60,-8,110540.6
2024-06-10,76,AM,Norte,HBO,34.9,6001,37,2,34,1,48368.34
2024-06-10,76,AM,Norte,Telecine,29.9,4802,30,2,26,2,33159.31
2024-06-10,76,AM,Norte,Premiere,24.9,3603,24,3,18,3,20719.33
2024-06-10,76,PA,Norte,Familia,49.9,20146,119,12,121,-14,232167.53
2024-06-10,76,PA,Norte,HBO,34.9,12602,79,5,72,2,101572.7
2024-06-10,76,PA,Norte,Telecine,29.9,10088,69,5,56,8,69660.79
2024-06-10,76,PA,Norte,Premiere,24.9,7560,49,6,43,0,43474.36
2024-06-10,76,RO,Norte,Familia,49.9,3843,25,2,20,3,44287.69
2024-06-10,76,RO,Norte,HBO,34.9,2402,15,1,12,2,19360.23
2024-06-10,76,RO,Norte,Telecine,29.9,1921,11,0,10,1,13265.1
2024-06-10,76,RO,Norte,Premiere,24.9,1441,10,1,8,1,8286.58
2024-06-10,76,AC,Norte,Familia,49.9,1919,11,1,11,-1,22115.03
2024-06-10,76,AC,Norte,HBO,34.9,1199,6,0,7,-1,9664.0
2024-06-10,76,AC,Norte,Telecine,29.9,962,6,0,4,2,6642.91
2024-06-10,76,AC,Norte,Premiere,24.9,721,5,0,4,1,4146.17
2024-06-10,76,RR,Norte,Familia,49.9,1440,8,0,8,0,16594.92
2024-06-10,76,RR,Norte,HBO,34.9,901,5,0,4,1,7262.1
2024-06-10,76,RR,Norte,Telecine,29.9,720,4,0,4,0,4971.82
2024-06-10,76,RR,Norte,Premiere,24.9,540,3,0,3,0,3105.31
2024-06-10,76,AP,Norte,Familia,49.9,1922,13,1,10,2,22149.61
2024-06-10,76,AP,Norte,HBO,34.9,1202,8,0,6,2,9688.18
2024-06-10,76,AP,Norte,Telecine,29.9,961,6,0,5,1,6636.0
2024-06-10,76,AP,Norte,Premiere,24.9,722,5,0,3,2,4151.92
2024-06-10,76,TO,Norte,Familia,49.9,3361,22,2,19,1,38733.0
2024-06-10,76,TO,Norte,HBO,34.9,2101,12,0,11,1,16934.16
2024-06-10,76,TO,Norte,Telecine,29.9,1680,9,0,9,0,11600.92
2024-06-10,76,TO,Norte,Premiere,24.9,1260,8,1,7,0,7245.73
2024-06-17,77,SP,Sudeste,Familia,49.9,104556,566,59,591,-84,1204929.42
2024-06-17,77,SP,Sudeste,HBO,34.9,65392,413,33,388,-8,527062.54
2024-06-17,77,SP,Sudeste,Telecine,29.9,52308,330,23,319,-12,361203.05
2024-06-17,77,SP,Sudeste,Premiere,24.9,39225,263,40,238,-15,225566.4
2024-06-17,77,RJ,Sudeste,Familia,49.9,39365,247,29,213,5,453652.08
2024-06-17,77,RJ,Sudeste,HBO,34.9,24600,142,11,131,0,198277.14
2024-06-17,77,RJ,Sudeste,Telecine,29.9,19679,112,7,106,-1,135889.63
2024-06-17,77,RJ,Sudeste,Premiere,24.9,14777,111,17,77,17,84976.28
2024-06-17,77,MG,Sudeste,Familia,49.9,48954,281,31,256,-6,564158.11
2024-06-17,77,MG,Sudeste,HBO,34.9,30589,193,16,187,-10,246548.75
2024-06-17,77,MG,Sudeste,Telecine,29.9,24465,146,10,151,-15,168938.45
2024-06-17,77,MG,Sudeste,Premiere,24.9,18359,127,15,112,0,105574.85
2024-06-17,77,ES,Sudeste,Familia,49.9,9119,53,5,49,-1,105089.63
2024-06-17,77,ES,Sudeste,HBO,34.9,5701,33,2,30,1,45950.32
2024-06-17,77,ES,Sudeste,Telecine,29.9,4560,28,1,27,0,31488.22
2024-06-17,77,ES,Sudeste,Premiere,24.9,3420,22,2,20,0,19666.97
2024-06-17,77,PR,Sul,Familia,49.9,26872,171,18,161,-8,309679.63
2024-06-17,77,PR,Sul,HBO,34.9,16786,92,8,98,-14,135295.94
2024-06-17,77,PR,Sul,Telecine,29.9,13440,81,5,76,0,92807.39
2024-06-17,77,PR,Sul,Premiere,24.9,10075,67,10,62,-5,57937.07
2024-06-17,77,SC,Sul,Familia,49.9,17276,102,10,96,-4,199092.93
2024-06-17,77,SC,Sul,HBO,34.9,10794,63,5,64,-6,87000.14
2024-06-17,77,SC,Sul,Telecine,29.9,8641,56,4,51,1,59668.8
2024-06-17,77,SC,Sul,Premiere,24.9,6488,48,5,35,8,37309.75
2024-06-17,77,RS,Sul,Familia,49.9,26869,163,15,159,-11,309645.06
2024-06-17,77,RS,Sul,HBO,34.9,16790,102,8,104,-10,135328.18
2024-06-17,77,RS,Sul,Telecine,29.9,13448,84,6,70,8,92862.63
2024-06-17,77,RS,Sul,Premiere,24.9,10089,74,9,56,9,58017.58
2024-06-17,77,BA,Nordeste,Familia,49.9,34547,225,24,214,-13,398128.24
2024-06-17,77,BA,Nordeste,HBO,34.9,21607,130,11,112,7,174153.42
2024-06-17,77,BA,Nordeste,Telecine,29.9,17282,105,8,95,2,119337.6
2024-06-17,77,BA,Nordeste,Premiere,24.9,12955,86,13,78,-5,74498.73
2024-06-17,77,CE,Nordeste,Familia,49.9,21589,134,16,129,-11,248797.02
2024-06-17,77,CE,Nordeste,HBO,34.9,13495,80,6,79,-5,108770.32
2024-06-17,77,CE,Nordeste,Telecine,29.9,10798,62,4,60,-2,74563.56
2024-06-17,77,CE,Nordeste,Premiere,24.9,8110,63,8,45,10,46637.18
2024-06-17,77,PE,Nordeste,Familia,49.9,23020,137,12,145,-20,265288.22
2024-06-17,77,PE,Nordeste,HBO,34.9,14411,100,7,82,11,116153.33
2024-06-17,77,PE,Nordeste,Telecine,29.9,11520,66,4,62,0,79549.19
2024-06-17,77,PE,Nordeste,Premiere,24.9,8639,58,8,51,-1,49679.24
2024-06-17,77,MA,Nordeste,Familia,49.9,16306,96,11,99,-14,187914.41
2024-06-17,77,MA,Nordeste,HBO,34.9,10194,62,5,63,-6,82164.11
2024-06-17,77,MA,Nordeste,Telecine,29.9,8164,49,3,42,4,56374.97
2024-06-17,77,MA,Nordeste,Premiere,24.9,6123,41,6,32,3,35210.79
2024-06-17,77,PB,Nordeste,Familia,49.9,9599,58,5,54,-1,110621.27
2024-06-17,77,PB,Nordeste,HBO,34.9,5992,30,2,36,-8,48295.8
2024-06-17,77,PB,Nordeste,Telecine,29.9,4799,27,1,27,-1,33138.59
2024-06-17,77,PB,Nordeste,Premiere,24.9,3601,24,3,20,1,20707.83
2024-06-17,77,RN,Nordeste,Familia,49.9,8633,48,5,50,-7,99488.85
2024-06-17,77,RN,Nordeste,HBO,34.9,5398,32,2,32,-2,43508.13
2024-06-17,77,RN,Nordeste,Telecine,29.9,4324,29,1,24,4,29858.57
2024-06-17,77,RN,Nordeste,Premiere,24.9,3240,22,3,19,0,18631.87
2024-06-17,77,AL,Nordeste,Familia,49.9,7675,48,6,47,-5,88448.61
2024-06-17,77,AL,Nordeste,HBO,34.9,4802,30,2,26,2,38704.34
2024-06-17,77,AL,Nordeste,Telecine,29.9,3839,20,1,20,-1,26509.49
2024-06-17,77,AL,Nordeste,Premiere,24.9,2881,21,3,17,1,16567.41
2024-06-17,77,SE,Nordeste,Familia,49.9,5281,34,3,30,1,60859.56
2024-06-17,77,SE,Nordeste,HBO,34.9,3298,17,1,18,-2,26582.03
2024-06-17,77,SE,Nordeste,Telecine,29.9,2641,15,0,14,1,18236.93
2024-06-17,77,SE,Nordeste,Premiere,24.9,1981,14,2,11,1,11391.89
2024-06-17,77,PI,Nordeste,Familia,49.9,7676,46,5,45,-4,88460.14
2024-06-17,77,PI,Nordeste,HBO,34.9,4798,30,2,30,-2,38672.1
2024-06-17,77,PI,Nordeste,Telecine,29.9,3842,26,2,22,2,26530.21
2024-06-17,77,PI,Nordeste,Premiere,24.9,2880,20,3,17,0,16561.66
2024-06-17,77,GO,Centro-Oeste,Familia,49.9,15834,103,12,97,-6,182474.97
2024-06-17,77,GO,Centro-Oeste,HBO,34.9,9892,56,4,60,-8,79729.98
2024-06-17,77,GO,Centro-Oeste,Telecine,29.9,7920,48,3,45,0,54690.07
2024-06-17,77,GO,Centro-Oeste,Premiere,24.9,5946,48,7,35,6,34192.93
2024-06-17,77,MT,Centro-Oeste,Familia,49.9,8162,55,6,47,2,94060.92
2024-06-17,77,MT,Centro-Oeste,HBO,34.9,5097,30,2,31,-3,41082.06
2024-06-17,77,MT,Centro-Oeste,Telecine,29.9,4081,26,1,24,1,28180.58
2024-06-17,77,MT,Centro-Oeste,Premiere,24.9,3060,18,2,16,0,17596.77
2024-06-17,77,MS,Centro-Oeste,Familia,49.9,6238,37,4,35,-2,71888.27
2024-06-17,77,MS,Centro-Oeste,HBO,34.9,3903,28,2,23,3,31458.36
2024-06-17,77,MS,Centro-Oeste,Telecine,29.9,3121,20,1,18,1,21551.48
2024-06-17,77,MS,Centro-Oeste,Premiere,24.9,2342,16,1,13,2,13467.85
2024-06-17,77,DF,Centro-Oeste,Familia,49.9,6717,42,4,41,-3,77408.38
2024-06-17,77,DF,Centro-Oeste,HBO,34.9,4204,28,2,22,4,33884.43
2024-06-17,77,DF,Centro-Oeste,Telecine,29.9,3360,21,1,20,0,23201.85
2024-06-17,77,DF,Centro-Oeste,Premiere,24.9,2519,16,2,15,-1,14485.7
2024-06-17,77,AM,Norte,Familia,49.9,9594,55,6,55,-6,110563.65
2024-06-17,77,AM,Norte,HBO,34.9,6004,41,3,34,4,48392.52
2024-06-17,77,AM,Norte,Telecine,29.9,4794,24,1,29,-6,33104.06
2024-06-17,77,AM,Norte,Premiere,24.9,3604,27,4,19,4,20725.08
2024-06-17,77,PA,Norte,Familia,49.9,20160,135,12,123,0,232328.87
2024-06-17,77,PA,Norte,HBO,34.9,12595,78,5,78,-5,101516.28
2024-06-17,77,PA,Norte,Telecine,29.9,10073,59,4,62,-7,69557.21
2024-06-17,77,PA,Norte,Premiere,24.9,7562,51,8,41,2,43485.87
2024-06-17,77,RO,Norte,Familia,49.9,3838,21,2,21,-2,44230.07
2024-06-17,77,RO,Norte,HBO,34.9,2399,14,1,14,-1,19336.05
2024-06-17,77,RO,Norte,Telecine,29.9,1922,12,0,10,2,13272.01
2024-06-17,77,RO,Norte,Premiere,24.9,1441,10,1,8,1,8286.58
2024-06-17,77,AC,Norte,Familia,49.9,1922,13,1,10,2,22149.61
2024-06-17,77,AC,Norte,HBO,34.9,1202,8,0,6,2,9688.18
2024-06-17,77,AC,Norte,Telecine,29.9,961,6,0,5,1,6636.0
2024-06-17,77,AC,Norte,Premiere,24.9,721,5,0,4,1,4146.17
2024-06-17,77,RR,Norte,Familia,49.9,1439,8,0,9,-1,16583.39
2024-06-17,77,RR,Norte,HBO,34.9,901,5,0,4,1,7262.1
2024-06-17,77,RR,Norte,Telecine,29.9,720,3,0,3,0,4971.82
2024-06-17,77,RR,Norte,Premiere,24.9,540,3,0,3,0,3105.31
2024-06-17,77,AP,Norte,Familia,49.9,1920,11,1,10,0,22126.56
2024-06-17,77,AP,Norte,HBO,34.9,1200,6,0,6,0,9672.06
2024-06-17,77,AP,Norte,Telecine,29.9,960,5,0,5,0,6629.1
2024-06-17,77,AP,Norte,Premiere,24.9,722,5,0,3,2,4151.92
2024-06-17,77,TO,Norte,Familia,49.9,3357,19,2,20,-3,38686.91
2024-06-17,77,TO,Norte,HBO,34.9,2099,12,0,13,-1,16918.04
2024-06-17,77,TO,Norte,Telecine,29.9,1682,10,0,8,2,11614.73
2024-06-17,77,TO,Norte,Premiere,24.9,1261,7,0,6,1,7251.48
2024-06-24,78,SP,Sudeste,Familia,49.9,104686,681,71,564,46,1206427.58
2024-06-24,78,SP,Sudeste,HBO,34.9,65417,452,37,398,17,527264.04
2024-06-24,78,SP,Sudeste,Telecine,29.9,52363,342,27,272,43,361582.84
2024-06-24,78,SP,Sudeste,Premiere,24.9,39262,262,34,206,22,225779.17
2024-06-24,78,RJ,Sudeste,Familia,49.9,39353,229,28,208,-7,453513.79
2024-06-24,78,RJ,Sudeste,HBO,34.9,24584,134,11,139,-16,198148.18
2024-06-24,78,RJ,Sudeste,Telecine,29.9,19673,123,7,123,-7,135848.2
2024-06-24,78,RJ,Sudeste,Premiere,24.9,14775,115,14,86,15,84964.78
2024-06-24,78,MG,Sudeste,Familia,49.9,48957,334,42,295,-3,564192.68
2024-06-24,78,MG,Sudeste,HBO,34.9,30595,193,14,183,-4,246597.11
2024-06-24,78,MG,Sudeste,Telecine,29.9,24503,164,12,129,23,169200.85
2024-06-24,78,MG,Sudeste,Premiere,24.9,18374,140,17,108,15,105661.11
2024-06-24,78,ES,Sudeste,Familia,49.9,9112,56,7,57,-8,105008.96
2024-06-24,78,ES,Sudeste,HBO,34.9,5699,37,3,35,-1,45934.2
2024-06-24,78,ES,Sudeste,Telecine,29.9,4560,28,1,27,0,31488.22
2024-06-24,78,ES,Sudeste,Premiere,24.9,3424,25,3,18,4,19689.98
2024-06-24,78,PR,Sul,Familia,49.9,26877,163,18,148,-3,309737.25
2024-06-24,78,PR,Sul,HBO,34.9,16799,110,8,103,-1,135400.72
2024-06-24,78,PR,Sul,Telecine,29.9,13434,84,6,84,-6,92765.96
2024-06-24,78,PR,Sul,Premiere,24.9,10086,68,8,54,6,58000.32
2024-06-24,78,SC,Sul,Familia,49.9,17293,119,13,93,13,199288.85
2024-06-24,78,SC,Sul,HBO,34.9,10794,66,5,67,-6,87000.14
2024-06-24,78,SC,Sul,Telecine,29.9,8650,59,3,46,10,59730.95
2024-06-24,78,SC,Sul,Premiere,24.9,6485,48,6,37,5,37292.49
2024-06-24,78,RS,Sul,Familia,49.9,26870,171,19,162,-10,309656.58
2024-06-24,78,RS,Sul,HBO,34.9,16784,91,6,101,-16,135279.82
2024-06-24,78,RS,Sul,Telecine,29.9,13447,84,5,72,7,92855.73
2024-06-24,78,RS,Sul,Premiere,24.9,10087,69,8,54,7,58006.07
2024-06-24,78,BA,Nordeste,Familia,49.9,34553,226,25,208,-7,398197.39
2024-06-24,78,BA,Nordeste,HBO,34.9,21599,135,10,126,-1,174088.94
2024-06-24,78,BA,Nordeste,Telecine,29.9,17285,105,6,94,5,119358.31
2024-06-24,78,BA,Nordeste,Premiere,24.9,12963,86,10,73,3,74544.73
2024-06-24,78,CE,Nordeste,Familia,49.9,21587,130,15,128,-13,248773.97
2024-06-24,78,CE,Nordeste,HBO,34.9,13510,90,7,73,10,108891.22
2024-06-24,78,CE,Nordeste,Telecine,29.9,10809,72,4,59,9,74639.52
2024-06-24,78,CE,Nordeste,Premiere,24.9,8105,63,8,50,5,46608.43
2024-06-24,78,PE,Nordeste,Familia,49.9,23018,134,12,144,-22,265265.17
2024-06-24,78,PE,Nordeste,HBO,34.9,14393,79,5,81,-7,116008.24
2024-06-24,78,PE,Nordeste,Telecine,29.9,11525,72,5,62,5,79583.72
2024-06-24,78,PE,Nordeste,Premiere,24.9,8642,65,9,54,2,49696.49
2024-06-24,78,MA,Nordeste,Familia,49.9,16310,89,8,91,-10,187960.51
2024-06-24,78,MA,Nordeste,HBO,34.9,10207,65,5,53,7,82268.89
2024-06-24,78,MA,Nordeste,Telecine,29.9,8167,52,3,42,7,56395.68
2024-06-24,78,MA,Nordeste,Premiere,24.9,6128,50,7,35,8,35239.54
2024-06-24,78,PB,Nordeste,Familia,49.9,9600,61,6,55,0,110632.79
2024-06-24,78,PB,Nordeste,HBO,34.9,6001,37,2,34,1,48368.34
2024-06-24,78,PB,Nordeste,Telecine,29.9,4798,28,2,28,-2,33131.69
2024-06-24,78,PB,Nordeste,Premiere,24.9,3604,26,3,19,4,20725.08
2024-06-24,78,RN,Nordeste,Familia,49.9,8641,57,5,51,1,99581.04
2024-06-24,78,RN,Nordeste,HBO,34.9,5398,30,2,30,-2,43508.13
2024-06-24,78,RN,Nordeste,Telecine,29.9,4320,27,1,26,0,29830.95
2024-06-24,78,RN,Nordeste,Premiere,24.9,3243,24,3,18,3,18649.12
2024-06-24,78,AL,Nordeste,Familia,49.9,7675,42,5,42,-5,88448.61
2024-06-24,78,AL,Nordeste,HBO,34.9,4805,33,2,26,5,38728.52
2024-06-24,78,AL,Nordeste,Telecine,29.9,3840,23,1,22,0,26516.4
2024-06-24,78,AL,Nordeste,Premiere,24.9,2880,19,2,17,0,16561.66
2024-06-24,78,SE,Nordeste,Familia,49.9,5285,41,4,32,5,60905.66
2024-06-24,78,SE,Nordeste,HBO,34.9,3304,22,1,17,4,26630.39
2024-06-24,78,SE,Nordeste,Telecine,29.9,2642,17,1,14,2,18243.83
2024-06-24,78,SE,Nordeste,Premiere,24.9,1981,13,1,11,1,11391.89
2024-06-24,78,PI,Nordeste,Familia,49.9,7671,44,5,48,-9,88402.52
2024-06-24,78,PI,Nordeste,HBO,34.9,4803,33,2,28,3,38712.4
2024-06-24,78,PI,Nordeste,Telecine,29.9,3837,21,1,23,-3,26495.68
2024-06-24,78,PI,Nordeste,Premiere,24.9,2883,20,2,15,3,16578.91
2024-06-24,78,GO,Centro-Oeste,Familia,49.9,15843,107,12,92,3,182578.68
2024-06-24,78,GO,Centro-Oeste,HBO,34.9,9890,54,4,60,-10,79713.86
2024-06-24,78,GO,Centro-Oeste,Telecine,29.9,7924,57,4,49,4,54717.69
2024-06-24,78,GO,Centro-Oeste,Premiere,24.9,5947,44,5,32,7,34198.68
2024-06-24,78,MT,Centro-Oeste,Familia,49.9,8161,51,5,45,1,94049.4
2024-06-24,78,MT,Centro-Oeste,HBO,34.9,5098,31,2,31,-2,41090.12
2024-06-24,78,MT,Centro-Oeste,Telecine,29.9,4080,24,1,23,0,28173.67
2024-06-24,78,MT,Centro-Oeste,Premiere,24.9,3063,22,3,16,3,17614.02
2024-06-24,78,MS,Centro-Oeste,Familia,49.9,6244,42,4,34,4,71957.41
2024-06-24,78,MS,Centro-Oeste,HBO,34.9,3899,24,1,24,-1,31426.12
2024-06-24,78,MS,Centro-Oeste,Telecine,29.9,3119,19,1,19,-1,21537.67
2024-06-24,78,MS,Centro-Oeste,Premiere,24.9,2342,16,1,13,2,13467.85
2024-06-24,78,DF,Centro-Oeste,Familia,49.9,6721,44,4,39,1,77454.48
2024-06-24,78,DF,Centro-Oeste,HBO,34.9,4198,25,1,26,-2,33836.07
2024-06-24,78,DF,Centro-Oeste,Telecine,29.9,3364,23,1,18,4,23229.47
2024-06-24,78,DF,Centro-Oeste,Premiere,24.9,2523,19,2,14,3,14508.71
2024-06-24,78,AM,Norte,Familia,49.9,9601,59,7,51,1,110644.32
2024-06-24,78,AM,Norte,HBO,34.9,6002,38,3,33,2,48376.4
2024-06-24,78,AM,Norte,Telecine,29.9,4798,28,2,28,-2,33131.69
2024-06-24,78,AM,Norte,Premiere,24.9,3599,22,3,20,-1,20696.33
2024-06-24,78,PA,Norte,Familia,49.9,20157,132,14,121,-3,232294.3
2024-06-24,78,PA,Norte,HBO,34.9,12594,67,5,68,-6,101508.22
2024-06-24,78,PA,Norte,Telecine,29.9,10078,60,4,58,-2,69591.73
2024-06-24,78,PA,Norte,Premiere,24.9,7563,55,7,45,3,43491.62
2024-06-24,78,RO,Norte,Familia,49.9,3842,25,2,21,2,44276.17
2024-06-24,78,RO,Norte,HBO,34.9,2400,15,1,14,0,19344.11
2024-06-24,78,RO,Norte,Telecine,29.9,1922,12,0,10,2,13272.01
2024-06-24,78,RO,Norte,Premiere,24.9,1441,10,1,8,1,8286.58
2024-06-24,78,AC,Norte,Familia,49.9,1920,11,1,10,0,22126.56
2024-06-24,78,AC,Norte,HBO,34.9,1201,7,0,6,1,9680.12
2024-06-24,78,AC,Norte,Telecine,29.9,960,6,0,6,0,6629.1
2024-06-24,78,AC,Norte,Premiere,24.9,721,5,0,4,1,4146.17
2024-06-24,78,RR,Norte,Familia,49.9,1440,9,1,8,0,16594.92
2024-06-24,78,RR,Norte,HBO,34.9,901,5,0,4,1,7262.1
2024-06-24,78,RR,Norte,Telecine,29.9,720,4,0,4,0,4971.82
2024-06-24,78,RR,Norte,Premiere,24.9,540,3,0,3,0,3105.31
2024-06-24,78,AP,Norte,Familia,49.9,1920,11,1,10,0,22126.56
2024-06-24,78,AP,Norte,HBO,34.9,1200,7,0,7,0,9672.06
2024-06-24,78,AP,Norte,Telecine,29.9,961,6,0,5,1,6636.0
2024-06-24,78,AP,Norte,Premiere,24.9,721,5,0,4,1,4146.17
2024-06-24,78,TO,Norte,Familia,49.9,3363,23,2,18,3,38756.05
2024-06-24,78,TO,Norte,HBO,34.9,2101,12,0,11,1,16934.16
2024-06-24,78,TO,Norte,Telecine,29.9,1682,11,0,9,2,11614.73
2024-06-24,78,TO,Norte,Premiere,24.9,1261,9,1,7,1,7251.48
2024-07-01,79,SP,Sudeste,Familia,49.9,104633,629,59,577,-7,1205816.79
2024-07-01,79,SP,Sudeste,HBO,34.9,65382,409,32,395,-18,526981.94
2024-07-01,79,SP,Sudeste,Telecine,29.9,52354,340,20,286,34,361520.69
2024-07-01,79,SP,Sudeste,Premiere,24.9,39270,288,38,220,30,225825.17
2024-07-01,79,RJ,Sudeste,Familia,49.9,39365,251,29,217,5,453652.08
2024-07-01,79,RJ,Sudeste,HBO,34.9,24611,151,11,129,11,198365.8
2024-07-01,79,RJ,Sudeste,Telecine,29.9,19672,119,8,119,-8,135841.29
2024-07-01,79,RJ,Sudeste,Premiere,24.9,14760,101,13,88,0,84878.52
2024-07-01,79,MG,Sudeste,Familia,49.9,48983,309,29,257,23,564492.31
2024-07-01,79,MG,Sudeste,HBO,34.9,30581,176,15,179,-18,246484.27
2024-07-01,79,MG,Sudeste,Telecine,29.9,24472,148,9,147,-8,168986.79
2024-07-01,79,MG,Sudeste,Premiere,24.9,18359,125,16,109,0,105574.85
2024-07-01,79,ES,Sudeste,Familia,49.9,9121,56,5,50,1,105112.68
2024-07-01,79,ES,Sudeste,HBO,34.9,5697,34,2,35,-3,45918.08
2024-07-01,79,ES,Sudeste,Telecine,29.9,4558,27,2,27,-2,31474.41
2024-07-01,79,ES,Sudeste,Premiere,24.9,3422,24,3,19,2,19678.48
2024-07-01,79,PR,Sul,Familia,49.9,26875,154,15,144,-5,309714.2
2024-07-01,79,PR,Sul,HBO,34.9,16816,112,8,88,16,135537.74
2024-07-01,79,PR,Sul,Telecine,29.9,13444,84,6,74,4,92835.01
2024-07-01,79,PR,Sul,Premiere,24.9,10078,69,10,61,-2,57954.32
2024-07-01,79,SC,Sul,Familia,49.9,17272,99,11,96,-8,199046.84
2024-07-01,79,SC,Sul,HBO,34.9,10795,64,5,64,-5,87008.2
2024-07-01,79,SC,Sul,Telecine,29.9,8639,53,3,51,-1,59654.99
2024-07-01,79,SC,Sul,Premiere,24.9,6487,48,7,34,7,37304.0
2024-07-01,79,RS,Sul,Familia,49.9,26876,169,19,154,-4,309725.73
2024-07-01,79,RS,Sul,HBO,34.9,16815,110,8,87,15,135529.68
2024-07-01,79,RS,Sul,Telecine,29.9,13435,79,5,79,-5,92772.86
2024-07-01,79,RS,Sul,Premiere,24.9,10088,71,10,53,8,58011.82
2024-07-01,79,BA,Nordeste,Familia,49.9,34559,203,24,180,-1,398266.54
2024-07-01,79,BA,Nordeste,HBO,34.9,21628,159,12,119,28,174322.68
2024-07-01,79,BA,Nordeste,Telecine,29.9,17294,113,8,91,14,119420.46
2024-07-01,79,BA,Nordeste,Premiere,24.9,12968,90,13,69,8,74573.49
2024-07-01,79,CE,Nordeste,Familia,49.9,21584,128,15,129,-16,248739.4
2024-07-01,79,CE,Nordeste,HBO,34.9,13510,88,6,72,10,108891.22
2024-07-01,79,CE,Nordeste,Telecine,29.9,10791,58,4,63,-9,74515.22
2024-07-01,79,CE,Nordeste,Premiere,24.9,8107,58,7,44,7,46619.93
2024-07-01,79,PE,Nordeste,Familia,49.9,23030,145,14,141,-10,265403.46
2024-07-01,79,PE,Nordeste,HBO,34.9,14408,91,6,77,8,116129.15
2024-07-01,79,PE,Nordeste,Telecine,29.9,11521,78,5,72,1,79556.1
2024-07-01,79,PE,Nordeste,Premiere,24.9,8644,62,9,49,4,49707.99
2024-07-01,79,MA,Nordeste,Familia,49.9,16319,102,11,92,-1,188064.23
2024-07-01,79,MA,Nordeste,HBO,34.9,10192,58,5,61,-8,82147.99
2024-07-01,79,MA,Nordeste,Telecine,29.9,8161,49,3,45,1,56354.25
2024-07-01,79,MA,Nordeste,Premiere,24.9,6122,45,6,37,2,35205.03
2024-07-01,79,PB,Nordeste,Familia,49.9,9609,70,7,54,9,110736.51
2024-07-01,79,PB,Nordeste,HBO,34.9,6004,38,3,31,4,48392.52
2024-07-01,79,PB,Nordeste,Telecine,29.9,4800,29,2,27,0,33145.5
2024-07-01,79,PB,Nordeste,Premiere,24.9,3604,28,3,21,4,20725.08
2024-07-01,79,RN,Nordeste,Familia,49.9,8642,57,6,49,2,99592.56
2024-07-01,79,RN,Nordeste,HBO,34.9,5406,36,2,28,6,43572.61
2024-07-01,79,RN,Nordeste,Telecine,29.9,4320,27,1,26,0,29830.95
2024-07-01,79,RN,Nordeste,Premiere,24.9,3242,24,3,19,2,18643.37
2024-07-01,79,AL,Nordeste,Familia,49.9,7681,51,4,46,1,88517.76
2024-07-01,79,AL,Nordeste,HBO,34.9,4801,29,2,26,1,38696.28
2024-07-01,79,AL,Nordeste,Telecine,29.9,3842,23,1,20,2,26530.21
2024-07-01,79,AL,Nordeste,Premiere,24.9,2882,22,3,17,2,16573.16
2024-07-01,79,SE,Nordeste,Familia,49.9,5278,32,3,31,-2,60824.99
2024-07-01,79,SE,Nordeste,HBO,34.9,3300,20,1,19,0,26598.15
2024-07-01,79,SE,Nordeste,Telecine,29.9,2640,16,1,15,0,18230.02
2024-07-01,79,SE,Nordeste,Premiere,24.9,1980,14,2,12,0,11386.14
2024-07-01,79,PI,Nordeste,Familia,49.9,7680,47,5,42,0,88506.24
2024-07-01,79,PI,Nordeste,HBO,34.9,4798,29,2,29,-2,38672.1
2024-07-01,79,PI,Nordeste,Telecine,29.9,3839,23,1,23,-1,26509.49
2024-07-01,79,PI,Nordeste,Premiere,24.9,2879,19,2,18,-1,16555.91
2024-07-01,79,GO,Centro-Oeste,Familia,49.9,15837,102,10,95,-3,182509.54
2024-07-01,79,GO,Centro-Oeste,HBO,34.9,9907,64,4,53,7,79850.88
2024-07-01,79,GO,Centro-Oeste,Telecine,29.9,7916,46,3,47,-4,54662.45
2024-07-01,79,GO,Centro-Oeste,Premiere,24.9,5940,42,6,36,0,34158.43
2024-07-01,79,MT,Centro-Oeste,Familia,49.9,8162,59,7,50,2,94060.92
2024-07-01,79,MT,Centro-Oeste,HBO,34.9,5104,33,2,27,4,41138.48
2024-07-01,79,MT,Centro-Oeste,Telecine,29.9,4081,27,1,25,1,28180.58
2024-07-01,79,MT,Centro-Oeste,Premiere,24.9,3064,22,3,15,4,17619.77
2024-07-01,79,MS,Centro-Oeste,Familia,49.9,6243,42,4,35,3,71945.89
2024-07-01,79,MS,Centro-Oeste,HBO,34.9,3903,26,1,22,3,31458.36
2024-07-01,79,MS,Centro-Oeste,Telecine,29.9,3119,19,1,19,-1,21537.67
2024-07-01,79,MS,Centro-Oeste,Premiere,24.9,2341,16,2,13,1,13462.1
2024-07-01,79,DF,Centro-Oeste,Familia,49.9,6722,45,4,39,2,77466.0
2024-07-01,79,DF,Centro-Oeste,HBO,34.9,4200,27,2,25,0,33852.19
2024-07-01,79,DF,Centro-Oeste,Telecine,29.9,3360,19,1,18,0,23201.85
2024-07-01,79,DF,Centro-Oeste,Premiere,24.9,2522,18,2,14,2,14502.96
2024-07-01,79,AM,Norte,Familia,49.9,9595,59,6,58,-5,110575.17
2024-07-01,79,AM,Norte,HBO,34.9,6004,37,2,31,4,48392.52
2024-07-01,79,AM,Norte,Telecine,29.9,4802,29,1,26,2,33159.31
2024-07-01,79,AM,Norte,Premiere,24.9,3603,27,3,21,3,20719.33
2024-07-01,79,PA,Norte,Familia,49.9,20153,130,12,125,-7,232248.2
2024-07-01,79,PA,Norte,HBO,34.9,12603,77,5,69,3,101580.76
2024-07-01,79,PA,Norte,Telecine,29.9,10074,61,4,63,-6,69564.11
2024-07-01,79,PA,Norte,Premiere,24.9,7562,53,7,44,2,43485.87
2024-07-01,79,RO,Norte,Familia,49.9,3840,26,3,23,0,44253.12
2024-07-01,79,RO,Norte,HBO,34.9,2404,17,1,12,4,19376.35
2024-07-01,79,RO,Norte,Telecine,29.9,1921,12,0,11,1,13265.1
2024-07-01,79,RO,Norte,Premiere,24.9,1442,10,1,7,2,8292.33
2024-07-01,79,AC,Norte,Familia,49.9,1922,13,1,10,2,22149.61
2024-07-01,79,AC,Norte,HBO,34.9,1201,7,0,6,1,9680.12
2024-07-01,79,AC,Norte,Telecine,29.9,961,6,0,5,1,6636.0
2024-07-01,79,AC,Norte,Premiere,24.9,722,5,0,3,2,4151.92
2024-07-01,79,RR,Norte,Familia,49.9,1441,8,0,7,1,16606.44
2024-07-01,79,RR,Norte,HBO,34.9,900,5,0,5,0,7254.04
2024-07-01,79,RR,Norte,Telecine,29.9,720,4,0,4,0,4971.82
2024-07-01,79,RR,Norte,Premiere,24.9,541,3,0,2,1,3111.06
2024-07-01,79,AP,Norte,Familia,49.9,1920,12,1,11,0,22126.56
2024-07-01,79,AP,Norte,HBO,34.9,1200,6,0,6,0,9672.06
2024-07-01,79,AP,Norte,Telecine,29.9,961,6,0,5,1,6636.0
2024-07-01,79,AP,Norte,Premiere,24.9,720,4,0,4,0,4140.42
2024-07-01,79,TO,Norte,Familia,49.9,3362,20,1,17,2,38744.53
2024-07-01,79,TO,Norte,HBO,34.9,2100,11,0,11,0,16926.1
2024-07-01,79,TO,Norte,Telecine,29.9,1680,10,0,10,0,11600.92
2024-07-01,79,TO,Norte,Premiere,24.9,1262,10,1,7,2,7257.23
2024-07-08,80,SP,Sudeste,Familia,49.9,104636,669,82,591,-4,1205851.36
2024-07-08,80,SP,Sudeste,HBO,34.9,65346,386,29,411,-54,526691.78
2024-07-08,80,SP,Sudeste,Telecine,29.9,52296,287,21,290,-24,361120.18
2024-07-08,80,SP,Sudeste,Premiere,24.9,39278,304,38,228,38,225871.18
2024-07-08,80,RJ,Sudeste,Familia,49.9,39355,264,28,241,-5,453536.84
2024-07-08,80,RJ,Sudeste,HBO,34.9,24598,153,11,144,-2,198261.02
2024-07-08,80,RJ,Sudeste,Telecine,29.9,19681,116,8,107,1,135903.44
2024-07-08,80,RJ,Sudeste,Premiere,24.9,14760,95,14,81,0,84878.52
2024-07-08,80,MG,Sudeste,Familia,49.9,48916,281,32,293,-44,563720.18
2024-07-08,80,MG,Sudeste,HBO,34.9,30609,200,15,175,10,246709.95
2024-07-08,80,MG,Sudeste,Telecine,29.9,24494,156,10,132,14,169138.71
2024-07-08,80,MG,Sudeste,Premiere,24.9,18361,128,17,109,2,105586.35
2024-07-08,80,ES,Sudeste,Familia,49.9,9121,57,6,50,1,105112.68
2024-07-08,80,ES,Sudeste,HBO,34.9,5699,35,2,34,-1,45934.2
2024-07-08,80,ES,Sudeste,Telecine,29.9,4558,27,1,28,-2,31474.41
2024-07-08,80,ES,Sudeste,Premiere,24.9,3423,25,3,19,3,19684.23
2024-07-08,80,PR,Sul,Familia,49.9,26851,155,16,168,-29,309437.62
2024-07-08,80,PR,Sul,HBO,34.9,16784,94,8,102,-16,135279.82
2024-07-08,80,PR,Sul,Telecine,29.9,13440,80,5,75,0,92807.39
2024-07-08,80,PR,Sul,Premiere,24.9,10082,71,10,59,2,57977.32
2024-07-08,80,SC,Sul,Familia,49.9,17277,111,10,104,-3,199104.46
2024-07-08,80,SC,Sul,HBO,34.9,10796,66,5,65,-4,87016.26
2024-07-08,80,SC,Sul,Telecine,29.9,8634,49,3,52,-6,59620.46
2024-07-08,80,SC,Sul,Premiere,24.9,6481,43,5,37,1,37269.49
2024-07-08,80,RS,Sul,Familia,49.9,26882,170,19,149,2,309794.87
2024-07-08,80,RS,Sul,HBO,34.9,16781,91,7,103,-19,135255.64
2024-07-08,80,RS,Sul,Telecine,29.9,13448,84,5,71,8,92862.63
2024-07-08,80,RS,Sul,Premiere,24.9,10084,68,9,55,4,57988.82
2024-07-08,80,BA,Nordeste,Familia,49.9,34541,212,23,208,-19,398059.1
2024-07-08,80,BA,Nordeste,HBO,34.9,21581,123,9,133,-19,173943.86
2024-07-08,80,BA,Nordeste,Telecine,29.9,17279,106,7,100,-1,119316.88
2024-07-08,80,BA,Nordeste,Premiere,24.9,12972,95,11,72,12,74596.49
2024-07-08,80,CE,Nordeste,Familia,49.9,21596,138,14,128,-4,248877.69
2024-07-08,80,CE,Nordeste,HBO,34.9,13487,74,5,82,-13,108705.84
2024-07-08,80,CE,Nordeste,Telecine,29.9,10806,68,4,58,6,74618.8
2024-07-08,80,CE,Nordeste,Premiere,24.9,8108,60,9,43,8,46625.68
2024-07-08,80,PE,Nordeste,Familia,49.9,23044,143,14,125,4,265564.8
2024-07-08,80,PE,Nordeste,HBO,34.9,14393,80,6,81,-7,116008.24
2024-07-08,80,PE,Nordeste,Telecine,29.9,11518,71,4,69,-2,79535.38
2024-07-08,80,PE,Nordeste,Premiere,24.9,8639,56,6,51,-1,49679.24
2024-07-08,80,MA,Nordeste,Familia,49.9,16311,84,8,85,-9,187972.03
2024-07-08,80,MA,Nordeste,HBO,34.9,10196,56,4,56,-4,82180.23
2024-07-08,80,MA,Nordeste,Telecine,29.9,8162,51,3,46,2,56361.15
2024-07-08,80,MA,Nordeste,Premiere,24.9,6120,43,5,38,0,35193.53
2024-07-08,80,PB,Nordeste,Familia,49.9,9598,63,6,59,-2,110609.75
2024-07-08,80,PB,Nordeste,HBO,34.9,6004,40,3,33,4,48392.52
2024-07-08,80,PB,Nordeste,Telecine,29.9,4796,26,1,29,-4,33117.88
2024-07-08,80,PB,Nordeste,Premiere,24.9,3605,28,3,20,5,20730.83
2024-07-08,80,RN,Nordeste,Familia,49.9,8629,48,5,54,-11,99442.75
2024-07-08,80,RN,Nordeste,HBO,34.9,5398,29,2,29,-2,43508.13
2024-07-08,80,RN,Nordeste,Telecine,29.9,4320,23,1,22,0,29830.95
2024-07-08,80,RN,Nordeste,Premiere,24.9,3243,23,2,18,3,18649.12
2024-07-08,80,AL,Nordeste,Familia,49.9,7676,42,5,41,-4,88460.14
2024-07-08,80,AL,Nordeste,HBO,34.9,4798,28,2,28,-2,38672.1
2024-07-08,80,AL,Nordeste,Telecine,29.9,3838,22,1,23,-2,26502.59
2024-07-08,80,AL,Nordeste,Premiere,24.9,2880,17,2,15,0,16561.66
2024-07-08,80,SE,Nordeste,Familia,49.9,5282,33,3,28,2,60871.09
2024-07-08,80,SE,Nordeste,HBO,34.9,3298,19,1,20,-2,26582.03
2024-07-08,80,SE,Nordeste,Telecine,29.9,2640,15,1,14,0,18230.02
2024-07-08,80,SE,Nordeste,Premiere,24.9,1980,13,1,12,0,11386.14
2024-07-08,80,PI,Nordeste,Familia,49.9,7671,44,5,48,-9,88402.52
2024-07-08,80,PI,Nordeste,HBO,34.9,4798,28,2,28,-2,38672.1
2024-07-08,80,PI,Nordeste,Telecine,29.9,3841,22,1,20,1,26523.3
2024-07-08,80,PI,Nordeste,Premiere,24.9,2882,21,2,17,2,16573.16
2024-07-08,80,GO,Centro-Oeste,Familia,49.9,15830,94,11,93,-10,182428.87
2024-07-08,80,GO,Centro-Oeste,HBO,34.9,9892,54,4,58,-8,79729.98
2024-07-08,80,GO,Centro-Oeste,Telecine,29.9,7924,48,3,41,4,54717.69
2024-07-08,80,GO,Centro-Oeste,Premiere,24.9,5942,39,5,32,2,34169.93
2024-07-08,80,MT,Centro-Oeste,Familia,49.9,8162,58,6,50,2,94060.92
2024-07-08,80,MT,Centro-Oeste,HBO,34.9,5103,34,2,29,3,41130.42
2024-07-08,80,MT,Centro-Oeste,Telecine,29.9,4084,26,1,21,4,28201.29
2024-07-08,80,MT,Centro-Oeste,Premiere,24.9,3059,20,2,19,-1,17591.02
2024-07-08,80,MS,Centro-Oeste,Familia,49.9,6239,36,3,34,-1,71899.79
2024-07-08,80,MS,Centro-Oeste,HBO,34.9,3900,23,1,22,0,31434.18
2024-07-08,80,MS,Centro-Oeste,Telecine,29.9,3121,19,1,17,1,21551.48
2024-07-08,80,MS,Centro-Oeste,Premiere,24.9,2340,14,2,12,0,13456.35
2024-07-08,80,DF,Centro-Oeste,Familia,49.9,6714,36,3,39,-6,77373.81
2024-07-08,80,DF,Centro-Oeste,HBO,34.9,4199,24,1,24,-1,33844.13
2024-07-08,80,DF,Centro-Oeste,Telecine,29.9,3359,19,1,19,-1,23194.94
2024-07-08,80,DF,Centro-Oeste,Premiere,24.9,2520,16,2,14,0,14491.45
2024-07-08,80,AM,Norte,Familia,49.9,9600,58,7,51,0,110632.79
2024-07-08,80,AM,Norte,HBO,34.9,6001,37,3,33,1,48368.34
2024-07-08,80,AM,Norte,Telecine,29.9,4794,26,2,30,-6,33104.06
2024-07-08,80,AM,Norte,Premiere,24.9,3600,23,2,21,0,20702.08
2024-07-08,80,PA,Norte,Familia,49.9,20134,112,11,127,-26,232029.24
2024-07-08,80,PA,Norte,HBO,34.9,12605,78,6,67,5,101596.88
2024-07-08,80,PA,Norte,Telecine,29.9,10078,58,4,56,-2,69591.73
2024-07-08,80,PA,Norte,Premiere,24.9,7564,50,6,40,4,43497.37
2024-07-08,80,RO,Norte,Familia,49.9,3840,22,2,20,0,44253.12
2024-07-08,80,RO,Norte,HBO,34.9,2400,14,1,13,0,19344.11
2024-07-08,80,RO,Norte,Telecine,29.9,1919,10,0,11,-1,13251.29
2024-07-08,80,RO,Norte,Premiere,24.9,1442,10,1,7,2,8292.33
2024-07-08,80,AC,Norte,Familia,49.9,1919,10,1,10,-1,22115.03
2024-07-08,80,AC,Norte,HBO,34.9,1201,7,0,6,1,9680.12
2024-07-08,80,AC,Norte,Telecine,29.9,961,6,0,5,1,6636.0
2024-07-08,80,AC,Norte,Premiere,24.9,720,4,0,4,0,4140.42
2024-07-08,80,RR,Norte,Familia,49.9,1440,8,0,8,0,16594.92
2024-07-08,80,RR,Norte,HBO,34.9,901,5,0,4,1,7262.1
2024-07-08,80,RR,Norte,Telecine,29.9,721,4,0,3,1,4978.73
2024-07-08,80,RR,Norte,Premiere,24.9,541,4,0,3,1,3111.06
2024-07-08,80,AP,Norte,Familia,49.9,1919,11,1,11,-1,22115.03
2024-07-08,80,AP,Norte,HBO,34.9,1200,6,0,6,0,9672.06
2024-07-08,80,AP,Norte,Telecine,29.9,960,5,0,5,0,6629.1
2024-07-08,80,AP,Norte,Premiere,24.9,721,5,0,4,1,4146.17
2024-07-08,80,TO,Norte,Familia,49.9,3356,17,2,19,-4,38675.38
2024-07-08,80,TO,Norte,HBO,34.9,2101,14,1,12,1,16934.16
2024-07-08,80,TO,Norte,Telecine,29.9,1680,10,0,10,0,11600.92
2024-07-08,80,TO,Norte,Premiere,24.9,1261,8,1,6,1,7251.48
2024-07-15,81,SP,Sudeste,Familia,49.9,104528,611,73,650,-112,1204606.74
2024-07-15,81,SP,Sudeste,HBO,34.9,65343,352,25,384,-57,526667.6
2024-07-15,81,SP,Sudeste,Telecine,29.9,52300,315,22,313,-20,361147.81
2024-07-15,81,SP,Sudeste,Premiere,24.9,39235,256,30,231,-5,225623.9
2024-07-15,81,RJ,Sudeste,Familia,49.9,39299,207,22,246,-61,452891.48
2024-07-15,81,RJ,Sudeste,HBO,34.9,24572,134,9,153,-28,198051.45
2024-07-15,81,RJ,Sudeste,Telecine,29.9,19697,133,7,109,17,136013.93
2024-07-15,81,RJ,Sudeste,Premiere,24.9,14769,103,14,80,9,84930.28
2024-07-15,81,MG,Sudeste,Familia,49.9,48964,305,36,265,4,564273.35
2024-07-15,81,MG,Sudeste,HBO,34.9,30568,173,12,192,-31,246379.49
2024-07-15,81,MG,Sudeste,Telecine,29.9,24465,140,10,145,-15,168938.45
2024-07-15,81,MG,Sudeste,Premiere,24.9,18341,99,12,105,-18,105471.34
2024-07-15,81,ES,Sudeste,Familia,49.9,9123,59,6,50,3,105135.73
2024-07-15,81,ES,Sudeste,HBO,34.9,5699,32,2,31,-1,45934.2
2024-07-15,81,ES,Sudeste,Telecine,29.9,4555,25,2,28,-5,31453.7
2024-07-15,81,ES,Sudeste,Premiere,24.9,3422,24,3,19,2,19678.48
2024-07-15,81,PR,Sul,Familia,49.9,26856,162,17,169,-24,309495.24
2024-07-15,81,PR,Sul,HBO,34.9,16792,90,7,91,-8,135344.3
2024-07-15,81,PR,Sul,Telecine,29.9,13445,83,5,73,5,92841.92
2024-07-15,81,PR,Sul,Premiere,24.9,10087,68,8,53,7,58006.07
2024-07-15,81,SC,Sul,Familia,49.9,17268,109,12,109,-12,199000.74
2024-07-15,81,SC,Sul,HBO,34.9,10810,74,5,59,10,87129.1
2024-07-15,81,SC,Sul,Telecine,29.9,8633,44,3,48,-7,59613.56
2024-07-15,81,SC,Sul,Premiere,24.9,6485,46,7,34,5,37292.49
2024-07-15,81,RS,Sul,Familia,49.9,26854,154,19,161,-26,309472.19
2024-07-15,81,RS,Sul,HBO,34.9,16801,98,7,90,1,135416.84
2024-07-15,81,RS,Sul,Telecine,29.9,13428,70,4,78,-12,92724.53
2024-07-15,81,RS,Sul,Premiere,24.9,10082,67,8,57,2,57977.32
2024-07-15,81,BA,Nordeste,Familia,49.9,34551,225,25,209,-9,398174.34
2024-07-15,81,BA,Nordeste,HBO,34.9,21598,138,10,130,-2,174080.88
2024-07-15,81,BA,Nordeste,Telecine,29.9,17271,90,5,94,-9,119261.64
2024-07-15,81,BA,Nordeste,Premiere,24.9,12961,95,13,81,1,74533.23
2024-07-15,81,CE,Nordeste,Familia,49.9,21593,128,12,123,-7,248843.12
2024-07-15,81,CE,Nordeste,HBO,34.9,13501,92,8,83,1,108818.68
2024-07-15,81,CE,Nordeste,Telecine,29.9,10789,57,4,64,-11,74501.41
2024-07-15,81,CE,Nordeste,Premiere,24.9,8097,55,8,50,-3,46562.42
2024-07-15,81,PE,Nordeste,Familia,49.9,23030,144,15,139,-10,265403.46
2024-07-15,81,PE,Nordeste,HBO,34.9,14395,79,6,78,-5,116024.36
2024-07-15,81,PE,Nordeste,Telecine,29.9,11512,67,4,71,-8,79493.95
2024-07-15,81,PE,Nordeste,Premiere,24.9,8638,53,7,48,-2,49673.49
2024-07-15,81,MA,Nordeste,Familia,49.9,16331,105,10,84,11,188202.52
2024-07-15,81,MA,Nordeste,HBO,34.9,10192,60,4,64,-8,82147.99
2024-07-15,81,MA,Nordeste,Telecine,29.9,8164,50,3,43,4,56374.97
2024-07-15,81,MA,Nordeste,Premiere,24.9,6124,47,6,37,4,35216.54
2024-07-15,81,PB,Nordeste,Familia,49.9,9601,58,6,51,1,110644.32
2024-07-15,81,PB,Nordeste,HBO,34.9,6007,41,3,31,7,48416.7
2024-07-15,81,PB,Nordeste,Telecine,29.9,4796,27,1,30,-4,33117.88
2024-07-15,81,PB,Nordeste,Premiere,24.9,3601,24,3,20,1,20707.83
2024-07-15,81,RN,Nordeste,Familia,49.9,8635,48,4,49,-5,99511.89
2024-07-15,81,RN,Nordeste,HBO,34.9,5397,28,2,29,-3,43500.07
2024-07-15,81,RN,Nordeste,Telecine,29.9,4325,30,2,23,5,29865.47
2024-07-15,81,RN,Nordeste,Premiere,24.9,3242,24,3,19,2,18643.37
2024-07-15,81,AL,Nordeste,Familia,49.9,7679,43,4,40,-1,88494.71
2024-07-15,81,AL,Nordeste,HBO,34.9,4801,33,2,30,1,38696.28
2024-07-15,81,AL,Nordeste,Telecine,29.9,3842,23,1,20,2,26530.21
2024-07-15,81,AL,Nordeste,Premiere,24.9,2880,19,2,17,0,16561.66
2024-07-15,81,SE,Nordeste,Familia,49.9,5278,30,3,29,-2,60824.99
2024-07-15,81,SE,Nordeste,HBO,34.9,3300,19,1,18,0,26598.15
2024-07-15,81,SE,Nordeste,Telecine,29.9,2640,16,1,15,0,18230.02
2024-07-15,81,SE,Nordeste,Premiere,24.9,1980,13,1,12,0,11386.14
2024-07-15,81,PI,Nordeste,Familia,49.9,7674,39,4,41,-6,88437.09
2024-07-15,81,PI,Nordeste,HBO,34.9,4802,29,2,25,2,38704.34
2024-07-15,81,PI,Nordeste,Telecine,29.9,3839,21,1,21,-1,26509.49
2024-07-15,81,PI,Nordeste,Premiere,24.9,2879,18,2,17,-1,16555.91
2024-07-15,81,GO,Centro-Oeste,Familia,49.9,15843,103,9,91,3,182578.68
2024-07-15,81,GO,Centro-Oeste,HBO,34.9,9906,67,5,56,6,79842.82
2024-07-15,81,GO,Centro-Oeste,Telecine,29.9,7923,49,3,43,3,54710.79
2024-07-15,81,GO,Centro-Oeste,Premiere,24.9,5944,40,4,32,4,34181.43
2024-07-15,81,MT,Centro-Oeste,Familia,49.9,8157,50,6,47,-3,94003.3
2024-07-15,81,MT,Centro-Oeste,HBO,34.9,5101,32,2,29,1,41114.3
2024-07-15,81,MT,Centro-Oeste,Telecine,29.9,4083,25,1,21,3,28194.39
2024-07-15,81,MT,Centro-Oeste,Premiere,24.9,3059,18,2,17,-1,17591.02
2024-07-15,81,MS,Centro-Oeste,Familia,49.9,6244,40,4,32,4,71957.41
2024-07-15,81,MS,Centro-Oeste,HBO,34.9,3899,24,1,24,-1,31426.12
2024-07-15,81,MS,Centro-Oeste,Telecine,29.9,3119,17,1,17,-1,21537.67
2024-07-15,81,MS,Centro-Oeste,Premiere,24.9,2339,15,2,14,-1,13450.6
2024-07-15,81,DF,Centro-Oeste,Familia,49.9,6719,41,4,38,-1,77431.43
2024-07-15,81,DF,Centro-Oeste,HBO,34.9,4200,26,1,25,0,33852.19
2024-07-15,81,DF,Centro-Oeste,Telecine,29.9,3360,19,1,18,0,23201.85
2024-07-15,81,DF,Centro-Oeste,Premiere,24.9,2520,16,2,14,0,14491.45
2024-07-15,81,AM,Norte,Familia,49.9,9608,68,7,53,8,110724.99
2024-07-15,81,AM,Norte,HBO,34.9,5999,37,2,36,-1,48352.22
2024-07-15,81,AM,Norte,Telecine,29.9,4803,30,2,25,3,33166.21
2024-07-15,81,AM,Norte,Premiere,24.9,3600,25,3,22,0,20702.08
2024-07-15,81,PA,Norte,Familia,49.9,20155,116,13,108,-5,232271.25
2024-07-15,81,PA,Norte,HBO,34.9,12589,74,6,79,-11,101467.92
2024-07-15,81,PA,Norte,Telecine,29.9,10073,57,3,61,-7,69557.21
2024-07-15,81,PA,Norte,Premiere,24.9,7557,50,7,46,-3,43457.11
2024-07-15,81,RO,Norte,Familia,49.9,3838,23,2,23,-2,44230.07
2024-07-15,81,RO,Norte,HBO,34.9,2399,14,1,14,-1,19336.05
2024-07-15,81,RO,Norte,Telecine,29.9,1920,11,0,11,0,13258.2
2024-07-15,81,RO,Norte,Premiere,24.9,1439,8,1,8,-1,8275.08
2024-07-15,81,AC,Norte,Familia,49.9,1922,13,1,10,2,22149.61
2024-07-15,81,AC,Norte,HBO,34.9,1202,8,0,6,2,9688.18
2024-07-15,81,AC,Norte,Telecine,29.9,961,6,0,5,1,6636.0
2024-07-15,81,AC,Norte,Premiere,24.9,720,4,0,4,0,4140.42
2024-07-15,81,RR,Norte,Familia,49.9,1440,8,0,8,0,16594.92
2024-07-15,81,RR,Norte,HBO,34.9,900,5,0,5,0,7254.04
2024-07-15,81,RR,Norte,Telecine,29.9,720,4,0,4,0,4971.82
2024-07-15,81,RR,Norte,Premiere,24.9,541,3,0,2,1,3111.06
2024-07-15,81,AP,Norte,Familia,49.9,1920,12,1,11,0,22126.56
2024-07-15,81,AP,Norte,HBO,34.9,1201,8,0,7,1,9680.12
2024-07-15,81,AP,Norte,Telecine,29.9,961,6,0,5,1,6636.0
2024-07-15,81,AP,Norte,Premiere,24.9,722,5,0,3,2,4151.92
2024-07-15,81,TO,Norte,Familia,49.9,3356,18,2,20,-4,38675.38
2024-07-15,81,TO,Norte,HBO,34.9,2097,10,0,13,-3,16901.92
2024-07-15,81,TO,Norte,Telecine,29.9,1681,10,0,9,1,11607.83
2024-07-15,81,TO,Norte,Premiere,24.9,1260,8,1,7,0,7245.73
2024-07-22,82,SP,Sudeste,Familia,49.9,104624,626,78,564,-16,1205713.07
2024-07-22,82,SP,Sudeste,HBO,34.9,65406,408,33,369,6,527175.38
2024-07-22,82,SP,Sudeste,Telecine,29.9,52382,370,27,281,62,361714.04
2024-07-22,82,SP,Sudeste,Premiere,24.9,39227,262,36,239,-13,225577.9
2024-07-22,82,RJ,Sudeste,Familia,49.9,39346,223,23,214,-14,453433.12
2024-07-22,82,RJ,Sudeste,HBO,34.9,24603,151,10,138,3,198301.32
2024-07-22,82,RJ,Sudeste,Telecine,29.9,19663,115,8,124,-17,135779.15
2024-07-22,82,RJ,Sudeste,Premiere,24.9,14760,106,16,90,0,84878.52
2024-07-22,82,MG,Sudeste,Familia,49.9,48939,310,30,301,-21,563985.24
2024-07-22,82,MG,Sudeste,HBO,34.9,30570,170,14,185,-29,246395.61
2024-07-22,82,MG,Sudeste,Telecine,29.9,24479,146,10,137,-1,169035.13
2024-07-22,82,MG,Sudeste,Premiere,24.9,18379,136,19,97,20,105689.86
2024-07-22,82,ES,Sudeste,Familia,49.9,9116,56,5,55,-4,105055.06
2024-07-22,82,ES,Sudeste,HBO,34.9,5698,32,2,32,-2,45926.14
2024-07-22,82,ES,Sudeste,Telecine,29.9,4558,26,1,27,-2,31474.41
2024-07-22,82,ES,Sudeste,Premiere,24.9,3426,26,3,17,6,19701.48
2024-07-22,82,PR,Sul,Familia,49.9,26878,163,17,148,-2,309748.78
2024-07-22,82,PR,Sul,HBO,34.9,16790,101,8,103,-10,135328.18
2024-07-22,82,PR,Sul,Telecine,29.9,13443,85,5,77,3,92828.11
2024-07-22,82,PR,Sul,Premiere,24.9,10075,66,9,62,-5,57937.07
2024-07-22,82,SC,Sul,Familia,49.9,17276,97,9,92,-4,199092.93
2024-07-22,82,SC,Sul,HBO,34.9,10810,75,6,59,10,87129.1
2024-07-22,82,SC,Sul,Telecine,29.9,8644,56,3,49,4,59689.52
2024-07-22,82,SC,Sul,Premiere,24.9,6480,42,5,37,0,37263.74
2024-07-22,82,RS,Sul,Familia,49.9,26857,160,19,164,-23,309506.77
2024-07-22,82,RS,Sul,HBO,34.9,16811,109,8,90,11,135497.44
2024-07-22,82,RS,Sul,Telecine,29.9,13443,78,5,70,3,92828.11
2024-07-22,82,RS,Sul,Premiere,24.9,10083,66,10,53,3,57983.07
2024-07-22,82,BA,Nordeste,Familia,49.9,34532,206,21,213,-28,397955.38
2024-07-22,82,BA,Nordeste,HBO,34.9,21604,131,10,117,4,174129.24
2024-07-22,82,BA,Nordeste,Telecine,29.9,17275,109,8,106,-5,119289.26
2024-07-22,82,BA,Nordeste,Premiere,24.9,12967,94,13,74,7,74567.74
2024-07-22,82,CE,Nordeste,Familia,49.9,21574,121,13,134,-26,248624.16
2024-07-22,82,CE,Nordeste,HBO,34.9,13490,80,6,84,-10,108730.02
2024-07-22,82,CE,Nordeste,Telecine,29.9,10805,74,5,64,5,74611.89
2024-07-22,82,CE,Nordeste,Premiere,24.9,8103,54,7,44,3,46596.93
2024-07-22,82,PE,Nordeste,Familia,49.9,23039,143,15,129,-1,265507.18
2024-07-22,82,PE,Nordeste,HBO,34.9,14391,85,7,87,-9,115992.12
2024-07-22,82,PE,Nordeste,Telecine,29.9,11515,70,4,71,-5,79514.67
2024-07-22,82,PE,Nordeste,Premiere,24.9,8641,65,10,54,1,49690.74
2024-07-22,82,MA,Nordeste,Familia,49.9,16307,96,9,100,-13,187925.94
2024-07-22,82,MA,Nordeste,HBO,34.9,10199,65,5,61,-1,82204.41
2024-07-22,82,MA,Nordeste,Telecine,29.9,8165,54,3,46,5,56381.87
2024-07-22,82,MA,Nordeste,Premiere,24.9,6117,40,5,38,-3,35176.28
2024-07-22,82,PB,Nordeste,Familia,49.9,9598,61,6,57,-2,110609.75
2024-07-22,82,PB,Nordeste,HBO,34.9,5994,33,2,37,-6,48311.92
2024-07-22,82,PB,Nordeste,Telecine,29.9,4801,29,2,26,1,33152.4
2024-07-22,82,PB,Nordeste,Premiere,24.9,3602,25,3,20,2,20713.58
2024-07-22,82,RN,Nordeste,Familia,49.9,8635,52,5,52,-5,99511.89
2024-07-22,82,RN,Nordeste,HBO,34.9,5404,34,2,28,4,43556.49
2024-07-22,82,RN,Nordeste,Telecine,29.9,4321,28,1,26,1,29837.85
2024-07-22,82,RN,Nordeste,Premiere,24.9,3240,21,3,18,0,18631.87
2024-07-22,82,AL,Nordeste,Familia,49.9,7678,47,4,45,-2,88483.19
2024-07-22,82,AL,Nordeste,HBO,34.9,4803,31,2,26,3,38712.4
2024-07-22,82,AL,Nordeste,Telecine,29.9,3838,22,1,23,-2,26502.59
2024-07-22,82,AL,Nordeste,Premiere,24.9,2880,18,2,16,0,16561.66
2024-07-22,82,SE,Nordeste,Familia,49.9,5279,28,2,27,-1,60836.51
2024-07-22,82,SE,Nordeste,HBO,34.9,3299,18,1,18,-1,26590.09
2024-07-22,82,SE,Nordeste,Telecine,29.9,2641,18,1,16,1,18236.93
2024-07-22,82,SE,Nordeste,Premiere,24.9,1980,14,2,12,0,11386.14
2024-07-22,82,PI,Nordeste,Familia,49.9,7682,48,5,41,2,88529.28
2024-07-22,82,PI,Nordeste,HBO,34.9,4802,32,2,28,2,38704.34
2024-07-22,82,PI,Nordeste,Telecine,29.9,3844,27,1,22,4,26544.02
2024-07-22,82,PI,Nordeste,Premiere,24.9,2881,20,2,17,1,16567.41
2024-07-22,82,GO,Centro-Oeste,Familia,49.9,15841,97,11,85,1,182555.64
2024-07-22,82,GO,Centro-Oeste,HBO,34.9,9899,63,4,60,-1,79786.4
2024-07-22,82,GO,Centro-Oeste,Telecine,29.9,7916,45,3,46,-4,54662.45
2024-07-22,82,GO,Centro-Oeste,Premiere,24.9,5946,47,6,35,6,34192.93
2024-07-22,82,MT,Centro-Oeste,Familia,49.9,8162,53,4,47,2,94060.92
2024-07-22,82,MT,Centro-Oeste,HBO,34.9,5099,29,2,28,-1,41098.18
2024-07-22,82,MT,Centro-Oeste,Telecine,29.9,4082,29,2,25,2,28187.48
2024-07-22,82,MT,Centro-Oeste,Premiere,24.9,3062,22,3,17,2,17608.27
2024-07-22,82,MS,Centro-Oeste,Familia,49.9,6236,37,3,38,-4,71865.22
2024-07-22,82,MS,Centro-Oeste,HBO,34.9,3901,24,1,22,1,31442.24
2024-07-22,82,MS,Centro-Oeste,Telecine,29.9,3119,18,1,18,-1,21537.67
2024-07-22,82,MS,Centro-Oeste,Premiere,24.9,2340,15,2,13,0,13456.35
2024-07-22,82,DF,Centro-Oeste,Familia,49.9,6721,46,5,40,1,77454.48
2024-07-22,82,DF,Centro-Oeste,HBO,34.9,4201,26,2,23,1,33860.25
2024-07-22,82,DF,Centro-Oeste,Telecine,29.9,3362,20,1,17,2,23215.66
2024-07-22,82,DF,Centro-Oeste,Premiere,24.9,2520,16,2,14,0,14491.45
2024-07-22,82,AM,Norte,Familia,49.9,9592,48,5,51,-8,110540.6
2024-07-22,82,AM,Norte,HBO,34.9,6000,35,2,33,0,48360.28
2024-07-22,82,AM,Norte,Telecine,29.9,4801,31,2,28,1,33152.4
2024-07-22,82,AM,Norte,Premiere,24.9,3606,28,3,19,6,20736.58
2024-07-22,82,PA,Norte,Familia,49.9,20163,140,15,122,3,232363.44
2024-07-22,82,PA,Norte,HBO,34.9,12611,83,6,66,11,101645.24
2024-07-22,82,PA,Norte,Telecine,29.9,10085,61,3,53,5,69640.07
2024-07-22,82,PA,Norte,Premiere,24.9,7563,56,8,45,3,43491.62
2024-07-22,82,RO,Norte,Familia,49.9,3840,24,2,22,0,44253.12
2024-07-22,82,RO,Norte,HBO,34.9,2399,15,1,15,-1,19336.05
2024-07-22,82,RO,Norte,Telecine,29.9,1921,12,0,11,1,13265.1
2024-07-22,82,RO,Norte,Premiere,24.9,1441,10,1,8,1,8286.58
2024-07-22,82,AC,Norte,Familia,49.9,1920,12,1,11,0,22126.56
2024-07-22,82,AC,Norte,HBO,34.9,1201,7,0,6,1,9680.12
2024-07-22,82,AC,Norte,Telecine,29.9,961,6,0,5,1,6636.0
2024-07-22,82,AC,Norte,Premiere,24.9,722,5,0,3,2,4151.92
2024-07-22,82,RR,Norte,Familia,49.9,1442,9,0,7,2,16617.97
2024-07-22,82,RR,Norte,HBO,34.9,900,5,0,5,0,7254.04
2024-07-22,82,RR,Norte,Telecine,29.9,720,4,0,4,0,4971.82
2024-07-22,82,RR,Norte,Premiere,24.9,541,3,0,2,1,3111.06
2024-07-22,82,AP,Norte,Familia,49.9,1919,11,1,11,-1,22115.03
2024-07-22,82,AP,Norte,HBO,34.9,1200,7,0,7,0,9672.06
2024-07-22,82,AP,Norte,Telecine,29.9,960,5,0,5,0,6629.1
2024-07-22,82,AP,Norte,Premiere,24.9,721,5,0,4,1,4146.17
2024-07-22,82,TO,Norte,Familia,49.9,3358,19,2,19,-2,38698.43
2024-07-22,82,TO,Norte,HBO,34.9,2102,13,0,11,2,16942.22
2024-07-22,82,TO,Norte,Telecine,29.9,1679,9,0,10,-1,11594.02
2024-07-22,82,TO,Norte,Premiere,24.9,1262,9,1,6,2,7257.23
2024-07-29,83,SP,Sudeste,Familia,49.9,104655,681,71,595,15,1206070.32
2024-07-29,83,SP,Sudeste,HBO,34.9,65358,376,29,389,-42,526788.5
2024-07-29,83,SP,Sudeste,Telecine,29.9,52327,339,24,308,7,361334.25
2024-07-29,83,SP,Sudeste,Premiere,24.9,39230,252,34,228,-10,225595.15
2024-07-29,83,RJ,Sudeste,Familia,49.9,39343,246,29,234,-17,453398.55
2024-07-29,83,RJ,Sudeste,HBO,34.9,24612,156,11,133,12,198373.86
2024-07-29,83,RJ,Sudeste,Telecine,29.9,19685,120,8,107,5,135931.06
2024-07-29,83,RJ,Sudeste,Premiere,24.9,14768,101,12,81,8,84924.53
2024-07-29,83,MG,Sudeste,Familia,49.9,48926,304,35,303,-34,563835.43
2024-07-29,83,MG,Sudeste,HBO,34.9,30606,181,14,160,7,246685.77
2024-07-29,83,MG,Sudeste,Telecine,29.9,24477,156,10,149,-3,169021.32
2024-07-29,83,MG,Sudeste,Premiere,24.9,18364,120,16,99,5,105603.6
2024-07-29,83,ES,Sudeste,Familia,49.9,9118,55,5,52,-2,105078.11
2024-07-29,83,ES,Sudeste,HBO,34.9,5699,36,2,35,-1,45934.2
2024-07-29,83,ES,Sudeste,Telecine,29.9,4558,27,2,27,-2,31474.41
2024-07-29,83,ES,Sudeste,Premiere,24.9,3422,24,3,19,2,19678.48
2024-07-29,83,PR,Sul,Familia,49.9,26876,165,16,153,-4,309725.73
2024-07-29,83,PR,Sul,HBO,34.9,16807,109,9,93,7,135465.2
2024-07-29,83,PR,Sul,Telecine,29.9,13431,69,4,74,-9,92745.24
2024-07-29,83,PR,Sul,Premiere,24.9,10076,69,10,63,-4,57942.82
2024-07-29,83,SC,Sul,Familia,49.9,17253,90,9,108,-27,198827.88
2024-07-29,83,SC,Sul,HBO,34.9,10798,65,5,62,-2,87032.38
2024-07-29,83,SC,Sul,Telecine,29.9,8640,52,3,49,0,59661.89
2024-07-29,83,SC,Sul,Premiere,24.9,6483,47,7,37,3,37280.99
2024-07-29,83,RS,Sul,Familia,49.9,26876,171,20,155,-4,309725.73
2024-07-29,83,RS,Sul,HBO,34.9,16818,114,8,88,18,135553.86
2024-07-29,83,RS,Sul,Telecine,29.9,13442,86,5,79,2,92821.2
2024-07-29,83,RS,Sul,Premiere,24.9,10088,69,9,52,8,58011.82
2024-07-29,83,BA,Nordeste,Familia,49.9,34554,207,24,189,-6,398208.91
2024-07-29,83,BA,Nordeste,HBO,34.9,21613,136,11,112,13,174201.78
2024-07-29,83,BA,Nordeste,Telecine,29.9,17266,100,6,108,-14,119227.11
2024-07-29,83,BA,Nordeste,Premiere,24.9,12973,95,12,70,13,74602.24
2024-07-29,83,CE,Nordeste,Familia,49.9,21604,131,13,114,4,248969.88
2024-07-29,83,CE,Nordeste,HBO,34.9,13505,85,7,73,5,108850.92
2024-07-29,83,CE,Nordeste,Telecine,29.9,10803,71,4,64,3,74598.08
2024-07-29,83,CE,Nordeste,Premiere,24.9,8104,58,8,46,4,46602.68
2024-07-29,83,PE,Nordeste,Familia,49.9,23028,150,17,145,-12,265380.42
2024-07-29,83,PE,Nordeste,HBO,34.9,14413,103,9,81,13,116169.45
2024-07-29,83,PE,Nordeste,Telecine,29.9,11522,72,4,66,2,79563.0
2024-07-29,83,PE,Nordeste,Premiere,24.9,8639,61,8,54,-1,49679.24
2024-07-29,83,MA,Nordeste,Familia,49.9,16315,97,9,93,-5,188018.13
2024-07-29,83,MA,Nordeste,HBO,34.9,10205,66,4,57,5,82252.77
2024-07-29,83,MA,Nordeste,Telecine,29.9,8164,56,3,49,4,56374.97
2024-07-29,83,MA,Nordeste,Premiere,24.9,6125,46,6,35,5,35222.29
2024-07-29,83,PB,Nordeste,Familia,49.9,9590,53,5,58,-10,110517.55
2024-07-29,83,PB,Nordeste,HBO,34.9,6002,35,2,31,2,48376.4
2024-07-29,83,PB,Nordeste,Telecine,29.9,4800,26,1,25,0,33145.5
2024-07-29,83,PB,Nordeste,Premiere,24.9,3602,23,2,19,2,20713.58
2024-07-29,83,RN,Nordeste,Familia,49.9,8637,53,5,51,-3,99534.94
2024-07-29,83,RN,Nordeste,HBO,34.9,5398,30,2,30,-2,43508.13
2024-07-29,83,RN,Nordeste,Telecine,29.9,4320,27,1,26,0,29830.95
2024-07-29,83,RN,Nordeste,Premiere,24.9,3241,21,3,17,1,18637.62
2024-07-29,83,AL,Nordeste,Familia,49.9,7675,45,4,46,-5,88448.61
2024-07-29,83,AL,Nordeste,HBO,34.9,4803,31,2,26,3,38712.4
2024-07-29,83,AL,Nordeste,Telecine,29.9,3841,24,1,22,1,26523.3
2024-07-29,83,AL,Nordeste,Premiere,24.9,2884,21,2,15,4,16584.67
2024-07-29,83,SE,Nordeste,Familia,49.9,5273,29,3,33,-7,60767.37
2024-07-29,83,SE,Nordeste,HBO,34.9,3299,19,1,19,-1,26590.09
2024-07-29,83,SE,Nordeste,Telecine,29.9,2642,16,0,14,2,18243.83
2024-07-29,83,SE,Nordeste,Premiere,24.9,1983,14,1,10,3,11403.39
2024-07-29,83,PI,Nordeste,Familia,49.9,7677,44,4,43,-3,88471.66
2024-07-29,83,PI,Nordeste,HBO,34.9,4802,33,2,29,2,38704.34
2024-07-29,83,PI,Nordeste,Telecine,29.9,3842,24,1,21,2,26530.21
2024-07-29,83,PI,Nordeste,Premiere,24.9,2883,21,3,15,3,16578.91
2024-07-29,83,GO,Centro-Oeste,Familia,49.9,15839,98,10,89,-1,182532.59
2024-07-29,83,GO,Centro-Oeste,HBO,34.9,9897,54,4,53,-3,79770.28
2024-07-29,83,GO,Centro-Oeste,Telecine,29.9,7919,48,3,46,-1,54683.16
2024-07-29,83,GO,Centro-Oeste,Premiere,24.9,5938,37,4,35,-2,34146.93
2024-07-29,83,MT,Centro-Oeste,Familia,49.9,8158,53,5,50,-2,94014.83
2024-07-29,83,MT,Centro-Oeste,HBO,34.9,5104,33,2,27,4,41138.48
2024-07-29,83,MT,Centro-Oeste,Telecine,29.9,4081,23,1,21,1,28180.58
2024-07-29,83,MT,Centro-Oeste,Premiere,24.9,3060,20,2,18,0,17596.77
2024-07-29,83,MS,Centro-Oeste,Familia,49.9,6242,41,4,35,2,71934.36
2024-07-29,83,MS,Centro-Oeste,HBO,34.9,3900,24,1,23,0,31434.18
2024-07-29,83,MS,Centro-Oeste,Telecine,29.9,3119,18,1,18,-1,21537.67
2024-07-29,83,MS,Centro-Oeste,Premiere,24.9,2343,17,2,12,3,13473.6
2024-07-29,83,DF,Centro-Oeste,Familia,49.9,6726,46,5,35,6,77512.1
2024-07-29,83,DF,Centro-Oeste,HBO,34.9,4201,26,2,23,1,33860.25
2024-07-29,83,DF,Centro-Oeste,Telecine,29.9,3358,18,1,19,-2,23188.04
2024-07-29,83,DF,Centro-Oeste,Premiere,24.9,2521,18,2,15,1,14497.21
2024-07-29,83,AM,Norte,Familia,49.9,9594,56,5,57,-6,110563.65
2024-07-29,83,AM,Norte,HBO,34.9,6002,36,2,32,2,48376.4
2024-07-29,83,AM,Norte,Telecine,29.9,4802,29,1,26,2,33159.31
2024-07-29,83,AM,Norte,Premiere,24.9,3601,25,3,21,1,20707.83
2024-07-29,83,PA,Norte,Familia,49.9,20134,103,10,119,-26,232029.24
2024-07-29,83,PA,Norte,HBO,34.9,12595,75,6,74,-5,101516.28
2024-07-29,83,PA,Norte,Telecine,29.9,10084,64,4,56,4,69633.16
2024-07-29,83,PA,Norte,Premiere,24.9,7563,52,6,43,3,43491.62
2024-07-29,83,RO,Norte,Familia,49.9,3839,23,2,22,-1,44241.59
2024-07-29,83,RO,Norte,HBO,34.9,2400,16,1,15,0,19344.11
2024-07-29,83,RO,Norte,Telecine,29.9,1922,12,0,10,2,13272.01
2024-07-29,83,RO,Norte,Premiere,24.9,1441,10,1,8,1,8286.58
2024-07-29,83,AC,Norte,Familia,49.9,1919,10,1,10,-1,22115.03
2024-07-29,83,AC,Norte,HBO,34.9,1200,6,0,6,0,9672.06
2024-07-29,83,AC,Norte,Telecine,29.9,960,5,0,5,0,6629.1
2024-07-29,83,AC,Norte,Premiere,24.9,721,5,0,4,1,4146.17
2024-07-29,83,RR,Norte,Familia,49.9,1442,9,0,7,2,16617.97
2024-07-29,83,RR,Norte,HBO,34.9,900,5,0,5,0,7254.04
2024-07-29,83,RR,Norte,Telecine,29.9,720,4,0,4,0,4971.82
2024-07-29,83,RR,Norte,Premiere,24.9,540,3,0,3,0,3105.31
2024-07-29,83,AP,Norte,Familia,49.9,1919,10,1,10,-1,22115.03
2024-07-29,83,AP,Norte,HBO,34.9,1201,8,0,7,1,9680.12
2024-07-29,83,AP,Norte,Telecine,29.9,960,6,0,6,0,6629.1
2024-07-29,83,AP,Norte,Premiere,24.9,721,5,0,4,1,4146.17
2024-07-29,83,TO,Norte,Familia,49.9,3359,19,2,18,-1,38709.95
2024-07-29,83,TO,Norte,HBO,34.9,2101,12,0,11,1,16934.16
2024-07-29,83,TO,Norte,Telecine,29.9,1681,10,0,9,1,11607.83
2024-07-29,83,TO,Norte,Premiere,24.9,1261,9,1,7,1,7251.48
2024-08-05,84,SP,Sudeste,Familia,49.9,104550,602,62,630,-90,1204860.28
2024-08-05,84,SP,Sudeste,HBO,34.9,65427,475,38,410,27,527344.64
2024-08-05,84,SP,Sudeste,Telecine,29.9,52270,289,19,320,-50,360940.65
2024-08-05,84,SP,Sudeste,Premiere,24.9,39232,246,30,224,-8,225606.65
2024-08-05,84,RJ,Sudeste,Familia,49.9,39328,218,23,227,-32,453225.68
2024-08-05,84,RJ,Sudeste,HBO,34.9,24592,143,9,142,-8,198212.66
2024-08-05,84,RJ,Sudeste,Telecine,29.9,19676,128,8,124,-4,135868.91
2024-08-05,84,RJ,Sudeste,Premiere,24.9,14780,119,15,84,20,84993.53
2024-08-05,84,MG,Sudeste,Familia,49.9,48932,290,32,286,-28,563904.57
2024-08-05,84,MG,Sudeste,HBO,34.9,30576,177,13,187,-23,246443.97
2024-08-05,84,MG,Sudeste,Telecine,29.9,24480,151,9,142,0,169042.03
2024-08-05,84,MG,Sudeste,Premiere,24.9,18355,126,17,113,-4,105551.85
2024-08-05,84,ES,Sudeste,Familia,49.9,9121,53,5,47,1,105112.68
2024-08-05,84,ES,Sudeste,HBO,34.9,5693,31,2,36,-7,45885.84
2024-08-05,84,ES,Sudeste,Telecine,29.9,4559,25,1,25,-1,31481.32
2024-08-05,84,ES,Sudeste,Premiere,24.9,3421,23,3,19,1,19672.73
2024-08-05,84,PR,Sul,Familia,49.9,26890,180,21,149,10,309887.07
2024-08-05,84,PR,Sul,HBO,34.9,16779,92,8,105,-21,135239.52
2024-08-05,84,PR,Sul,Telecine,29.9,13452,90,5,73,12,92890.25
2024-08-05,84,PR,Sul,Premiere,24.9,10074,61,8,59,-6,57931.32
2024-08-05,84,SC,Sul,Familia,49.9,17271,93,10,92,-9,199035.31
2024-08-05,84,SC,Sul,HBO,34.9,10807,70,5,58,7,87104.92
2024-08-05,84,SC,Sul,Telecine,29.9,8636,50,3,51,-4,59634.27
2024-08-05,84,SC,Sul,Premiere,24.9,6482,42,6,34,2,37275.24
2024-08-05,84,RS,Sul,Familia,49.9,26871,174,21,162,-9,309668.11
2024-08-05,84,RS,Sul,HBO,34.9,16790,98,7,101,-10,135328.18
2024-08-05,84,RS,Sul,Telecine,29.9,13429,74,5,80,-11,92731.43
2024-08-05,84,RS,Sul,Premiere,24.9,10085,65,7,53,5,57994.57
2024-08-05,84,BA,Nordeste,Familia,49.9,34551,210,23,196,-9,398174.34
2024-08-05,84,BA,Nordeste,HBO,34.9,21589,130,11,130,-11,174008.34
2024-08-05,84,BA,Nordeste,Telecine,29.9,17264,87,5,98,-16,119213.3
2024-08-05,84,BA,Nordeste,Premiere,24.9,12968,92,12,72,8,74573.49
2024-08-05,84,CE,Nordeste,Familia,49.9,21586,114,13,115,-14,248762.45
2024-08-05,84,CE,Nordeste,HBO,34.9,13492,79,6,81,-8,108746.14
2024-08-05,84,CE,Nordeste,Telecine,29.9,10783,52,3,66,-17,74459.98
2024-08-05,84,CE,Nordeste,Premiere,24.9,8098,53,8,47,-2,46568.18
2024-08-05,84,PE,Nordeste,Familia,49.9,23048,151,16,127,8,265610.9
2024-08-05,84,PE,Nordeste,HBO,34.9,14396,87,7,84,-4,116032.42
2024-08-05,84,PE,Nordeste,Telecine,29.9,11523,77,5,69,3,79569.91
2024-08-05,84,PE,Nordeste,Premiere,24.9,8646,62,7,49,6,49719.49
2024-08-05,84,MA,Nordeste,Familia,49.9,16305,96,11,100,-15,187902.89
2024-08-05,84,MA,Nordeste,HBO,34.9,10199,61,5,57,-1,82204.41
2024-08-05,84,MA,Nordeste,Telecine,29.9,8159,51,3,49,-1,56340.44
2024-08-05,84,MA,Nordeste,Premiere,24.9,6118,37,5,34,-2,35182.03
2024-08-05,84,PB,Nordeste,Familia,49.9,9597,56,5,54,-3,110598.22
2024-08-05,84,PB,Nordeste,HBO,34.9,6004,40,3,33,4,48392.52
2024-08-05,84,PB,Nordeste,Telecine,29.9,4798,26,1,27,-2,33131.69
2024-08-05,84,PB,Nordeste,Premiere,24.9,3598,22,2,22,-2,20690.58
2024-08-05,84,RN,Nordeste,Familia,49.9,8633,52,5,54,-7,99488.85
2024-08-05,84,RN,Nordeste,HBO,34.9,5393,28,2,33,-7,43467.83
2024-08-05,84,RN,Nordeste,Telecine,29.9,4323,26,1,22,3,29851.66
2024-08-05,84,RN,Nordeste,Premiere,24.9,3243,23,3,17,3,18649.12
2024-08-05,84,AL,Nordeste,Familia,49.9,7677,40,3,40,-3,88471.66
2024-08-05,84,AL,Nordeste,HBO,34.9,4794,25,1,30,-6,38639.86
2024-08-05,84,AL,Nordeste,Telecine,29.9,3843,26,1,22,3,26537.11
2024-08-05,84,AL,Nordeste,Premiere,24.9,2881,20,3,16,1,16567.41
2024-08-05,84,SE,Nordeste,Familia,49.9,5279,31,3,29,-1,60836.51
2024-08-05,84,SE,Nordeste,HBO,34.9,3300,18,1,17,0,26598.15
2024-08-05,84,SE,Nordeste,Telecine,29.9,2638,14,0,16,-2,18216.21
2024-08-05,84,SE,Nordeste,Premiere,24.9,1979,12,1,12,-1,11380.39
2024-08-05,84,PI,Nordeste,Familia,49.9,7680,48,6,42,0,88506.24
2024-08-05,84,PI,Nordeste,HBO,34.9,4801,27,1,25,1,38696.28
2024-08-05,84,PI,Nordeste,Telecine,29.9,3840,21,1,20,0,26516.4
2024-08-05,84,PI,Nordeste,Premiere,24.9,2883,20,2,15,3,16578.91
2024-08-05,84,GO,Centro-Oeste,Familia,49.9,15838,106,12,96,-2,182521.06
2024-08-05,84,GO,Centro-Oeste,HBO,34.9,9890,51,4,57,-10,79713.86
2024-08-05,84,GO,Centro-Oeste,Telecine,29.9,7924,51,3,44,4,54717.69
2024-08-05,84,GO,Centro-Oeste,Premiere,24.9,5943,42,5,34,3,34175.68
2024-08-05,84,MT,Centro-Oeste,Familia,49.9,8155,50,5,50,-5,93980.25
2024-08-05,84,MT,Centro-Oeste,HBO,34.9,5094,24,1,29,-6,41057.88
2024-08-05,84,MT,Centro-Oeste,Telecine,29.9,4075,20,1,24,-5,28139.15
2024-08-05,84,MT,Centro-Oeste,Premiere,24.9,3062,22,2,18,2,17608.27
2024-08-05,84,MS,Centro-Oeste,Familia,49.9,6237,37,4,36,-3,71876.74
2024-08-05,84,MS,Centro-Oeste,HBO,34.9,3899,24,1,24,-1,31426.12
2024-08-05,84,MS,Centro-Oeste,Telecine,29.9,3118,17,1,18,-2,21530.76
2024-08-05,84,MS,Centro-Oeste,Premiere,24.9,2340,15,1,14,0,13456.35
2024-08-05,84,DF,Centro-Oeste,Familia,49.9,6721,42,4,37,1,77454.48
2024-08-05,84,DF,Centro-Oeste,HBO,34.9,4200,24,1,23,0,33852.19
2024-08-05,84,DF,Centro-Oeste,Telecine,29.9,3360,20,1,19,0,23201.85
2024-08-05,84,DF,Centro-Oeste,Premiere,24.9,2522,17,2,13,2,14502.96
2024-08-05,84,AM,Norte,Familia,49.9,9589,53,6,58,-11,110506.03
2024-08-05,84,AM,Norte,HBO,34.9,5998,35,2,35,-2,48344.16
2024-08-05,84,AM,Norte,Telecine,29.9,4798,29,2,29,-2,33131.69
2024-08-05,84,AM,Norte,Premiere,24.9,3601,23,3,19,1,20707.83
2024-08-05,84,PA,Norte,Familia,49.9,20155,123,15,113,-5,232271.25
2024-08-05,84,PA,Norte,HBO,34.9,12590,74,6,78,-10,101475.98
2024-08-05,84,PA,Norte,Telecine,29.9,10082,62,4,56,2,69619.35
2024-08-05,84,PA,Norte,Premiere,24.9,7560,49,6,43,0,43474.36
2024-08-05,84,RO,Norte,Familia,49.9,3839,22,2,21,-1,44241.59
2024-08-05,84,RO,Norte,HBO,34.9,2400,15,1,14,0,19344.11
2024-08-05,84,RO,Norte,Telecine,29.9,1919,10,0,11,-1,13251.29
2024-08-05,84,RO,Norte,Premiere,24.9,1440,9,1,8,0,8280.83
2024-08-05,84,AC,Norte,Familia,49.9,1919,11,1,11,-1,22115.03
2024-08-05,84,AC,Norte,HBO,34.9,1200,7,0,7,0,9672.06
2024-08-05,84,AC,Norte,Telecine,29.9,960,5,0,5,0,6629.1
2024-08-05,84,AC,Norte,Premiere,24.9,721,5,0,4,1,4146.17
2024-08-05,84,RR,Norte,Familia,49.9,1441,9,0,8,1,16606.44
2024-08-05,84,RR,Norte,HBO,34.9,900,5,0,5,0,7254.04
2024-08-05,84,RR,Norte,Telecine,29.9,720,4,0,4,0,4971.82
2024-08-05,84,RR,Norte,Premiere,24.9,540,3,0,3,0,3105.31
2024-08-05,84,AP,Norte,Familia,49.9,1920,11,1,10,0,22126.56
2024-08-05,84,AP,Norte,HBO,34.9,1202,8,0,6,2,9688.18
2024-08-05,84,AP,Norte,Telecine,29.9,960,5,0,5,0,6629.1
2024-08-05,84,AP,Norte,Premiere,24.9,720,4,0,4,0,4140.42
2024-08-05,84,TO,Norte,Familia,49.9,3357,18,2,19,-3,38686.91
2024-08-05,84,TO,Norte,HBO,34.9,2099,11,0,12,-1,16918.04
2024-08-05,84,TO,Norte,Telecine,29.9,1679,9,0,10,-1,11594.02
2024-08-05,84,TO,Norte,Premiere,24.9,1261,9,1,7,1,7251.48
2024-08-12,85,SP,Sudeste,Familia,49.9,104574,571,68,569,-66,1205136.86
2024-08-12,85,SP,Sudeste,HBO,34.9,65372,373,32,369,-28,526901.34
2024-08-12,85,SP,Sudeste,Telecine,29.9,52323,313,25,285,3,361306.63
2024-08-12,85,SP,Sudeste,Premiere,24.9,39221,253,37,235,-19,225543.39
2024-08-12,85,RJ,Sudeste,Familia,49.9,39332,234,28,234,-28,453271.78
2024-08-12,85,RJ,Sudeste,HBO,34.9,24612,158,13,133,12,198373.86
2024-08-12,85,RJ,Sudeste,Telecine,29.9,19685,115,7,103,5,135931.06
2024-08-12,85,RJ,Sudeste,Premiere,24.9,14749,95,13,93,-11,84815.27
2024-08-12,85,MG,Sudeste,Familia,49.9,48863,223,23,297,-97,563109.4
2024-08-12,85,MG,Sudeste,HBO,34.9,30545,151,12,193,-54,246194.11
2024-08-12,85,MG,Sudeste,Telecine,29.9,24470,139,8,141,-10,168972.98
2024-08-12,85,MG,Sudeste,Premiere,24.9,18347,117,16,113,-12,105505.84
2024-08-12,85,ES,Sudeste,Familia,49.9,9112,49,5,52,-8,105008.96
2024-08-12,85,ES,Sudeste,HBO,34.9,5697,31,2,32,-3,45918.08
2024-08-12,85,ES,Sudeste,Telecine,29.9,4557,26,2,27,-3,31467.51
2024-08-12,85,ES,Sudeste,Premiere,24.9,3418,21,3,20,-2,19655.47
2024-08-12,85,PR,Sul,Familia,49.9,26861,154,18,155,-19,309552.86
2024-08-12,85,PR,Sul,HBO,34.9,16804,101,8,89,4,135441.02
2024-08-12,85,PR,Sul,Telecine,29.9,13436,73,5,72,-4,92779.77
2024-08-12,85,PR,Sul,Premiere,24.9,10069,58,8,61,-11,57902.56
2024-08-12,85,SC,Sul,Familia,49.9,17262,94,9,103,-18,198931.59
2024-08-12,85,SC,Sul,HBO,34.9,10795,58,4,59,-5,87008.2
2024-08-12,85,SC,Sul,Telecine,29.9,8630,44,3,51,-10,59592.84
2024-08-12,85,SC,Sul,Premiere,24.9,6479,39,4,36,-1,37257.99
2024-08-12,85,RS,Sul,Familia,49.9,26858,141,15,148,-22,309518.29
2024-08-12,85,RS,Sul,HBO,34.9,16778,89,6,105,-22,135231.45
2024-08-12,85,RS,Sul,Telecine,29.9,13445,86,5,76,5,92841.92
2024-08-12,85,RS,Sul,Premiere,24.9,10077,59,7,55,-3,57948.57
2024-08-12,85,BA,Nordeste,Familia,49.9,34513,185,22,210,-47,397736.42
2024-08-12,85,BA,Nordeste,HBO,34.9,21590,117,9,118,-10,174016.4
2024-08-12,85,BA,Nordeste,Telecine,29.9,17290,112,6,96,10,119392.84
2024-08-12,85,BA,Nordeste,Premiere,24.9,12959,79,9,71,-1,74521.73
2024-08-12,85,CE,Nordeste,Familia,49.9,21587,121,12,122,-13,248773.97
2024-08-12,85,CE,Nordeste,HBO,34.9,13498,74,5,71,-2,108794.5
2024-08-12,85,CE,Nordeste,Telecine,29.9,10798,58,3,57,-2,74563.56
2024-08-12,85,CE,Nordeste,Premiere,24.9,8100,49,6,43,0,46579.68
2024-08-12,85,PE,Nordeste,Familia,49.9,23047,146,14,125,7,265599.38
2024-08-12,85,PE,Nordeste,HBO,34.9,14399,81,6,76,-1,116056.61
2024-08-12,85,PE,Nordeste,Telecine,29.9,11519,64,4,61,-1,79542.29
2024-08-12,85,PE,Nordeste,Premiere,24.9,8641,64,9,54,1,49690.74
2024-08-12,85,MA,Nordeste,Familia,49.9,16296,85,10,99,-24,187799.17
2024-08-12,85,MA,Nordeste,HBO,34.9,10198,58,4,56,-2,82196.35
2024-08-12,85,MA,Nordeste,Telecine,29.9,8157,45,2,46,-3,56326.63
2024-08-12,85,MA,Nordeste,Premiere,24.9,6118,38,5,35,-2,35182.03
2024-08-12,85,PB,Nordeste,Familia,49.9,9595,59,6,58,-5,110575.17
2024-08-12,85,PB,Nordeste,HBO,34.9,5999,34,2,33,-1,48352.22
2024-08-12,85,PB,Nordeste,Telecine,29.9,4796,26,1,29,-4,33117.88
2024-08-12,85,PB,Nordeste,Premiere,24.9,3604,26,3,19,4,20725.08
2024-08-12,85,RN,Nordeste,Familia,49.9,8637,52,6,49,-3,99534.94
2024-08-12,85,RN,Nordeste,HBO,34.9,5398,29,2,29,-2,43508.13
2024-08-12,85,RN,Nordeste,Telecine,29.9,4318,22,1,23,-2,29817.14
2024-08-12,85,RN,Nordeste,Premiere,24.9,3241,22,3,18,1,18637.62
2024-08-12,85,AL,Nordeste,Familia,49.9,7683,49,5,41,3,88540.81
2024-08-12,85,AL,Nordeste,HBO,34.9,4796,23,1,26,-4,38655.98
2024-08-12,85,AL,Nordeste,Telecine,29.9,3838,22,1,23,-2,26502.59
2024-08-12,85,AL,Nordeste,Premiere,24.9,2877,17,2,18,-3,16544.41
2024-08-12,85,SE,Nordeste,Familia,49.9,5275,31,3,33,-5,60790.42
2024-08-12,85,SE,Nordeste,HBO,34.9,3299,19,1,19,-1,26590.09
2024-08-12,85,SE,Nordeste,Telecine,29.9,2640,14,0,14,0,18230.02
2024-08-12,85,SE,Nordeste,Premiere,24.9,1980,12,1,11,0,11386.14
2024-08-12,85,PI,Nordeste,Familia,49.9,7667,38,4,47,-13,88356.42
2024-08-12,85,PI,Nordeste,HBO,34.9,4799,26,1,26,-1,38680.16
2024-08-12,85,PI,Nordeste,Telecine,29.9,3838,22,1,23,-2,26502.59
2024-08-12,85,PI,Nordeste,Premiere,24.9,2880,19,2,17,0,16561.66
2024-08-12,85,GO,Centro-Oeste,Familia,49.9,15835,97,9,93,-5,182486.49
2024-08-12,85,GO,Centro-Oeste,HBO,34.9,9899,55,4,52,-1,79786.4
2024-08-12,85,GO,Centro-Oeste,Telecine,29.9,7913,43,2,48,-7,54641.73
2024-08-12,85,GO,Centro-Oeste,Premiere,24.9,5937,38,5,36,-3,34141.18
2024-08-12,85,MT,Centro-Oeste,Familia,49.9,8150,45,4,51,-10,93922.63
2024-08-12,85,MT,Centro-Oeste,HBO,34.9,5094,25,1,30,-6,41057.88
2024-08-12,85,MT,Centro-Oeste,Telecine,29.9,4075,20,1,24,-5,28139.15
2024-08-12,85,MT,Centro-Oeste,Premiere,24.9,3059,19,2,18,-1,17591.02
2024-08-12,85,MS,Centro-Oeste,Familia,49.9,6232,31,3,36,-8,71819.12
2024-08-12,85,MS,Centro-Oeste,HBO,34.9,3898,20,1,21,-2,31418.06
2024-08-12,85,MS,Centro-Oeste,Telecine,29.9,3117,17,1,19,-3,21523.86
2024-08-12,85,MS,Centro-Oeste,Premiere,24.9,2339,13,1,13,-1,13450.6
2024-08-12,85,DF,Centro-Oeste,Familia,49.9,6716,36,4,36,-4,77396.86
2024-08-12,85,DF,Centro-Oeste,HBO,34.9,4201,26,2,23,1,33860.25
2024-08-12,85,DF,Centro-Oeste,Telecine,29.9,3361,20,1,18,1,23208.75
2024-08-12,85,DF,Centro-Oeste,Premiere,24.9,2520,17,2,15,0,14491.45
2024-08-12,85,AM,Norte,Familia,49.9,9590,53,5,58,-10,110517.55
2024-08-12,85,AM,Norte,HBO,34.9,5994,30,2,34,-6,48311.92
2024-08-12,85,AM,Norte,Telecine,29.9,4800,29,1,28,0,33145.5
2024-08-12,85,AM,Norte,Premiere,24.9,3600,23,2,21,0,20702.08
2024-08-12,85,PA,Norte,Familia,49.9,20167,128,13,108,7,232409.54
2024-08-12,85,PA,Norte,HBO,34.9,12586,66,6,74,-14,101443.74
2024-08-12,85,PA,Norte,Telecine,29.9,10077,57,4,56,-3,69584.83
2024-08-12,85,PA,Norte,Premiere,24.9,7558,46,6,42,-2,43462.86
2024-08-12,85,RO,Norte,Familia,49.9,3837,21,2,22,-3,44218.55
2024-08-12,85,RO,Norte,HBO,34.9,2398,14,1,15,-2,19327.99
2024-08-12,85,RO,Norte,Telecine,29.9,1918,10,0,12,-2,13244.39
2024-08-12,85,RO,Norte,Premiere,24.9,1440,9,1,8,0,8280.83
2024-08-12,85,AC,Norte,Familia,49.9,1919,10,1,10,-1,22115.03
2024-08-12,85,AC,Norte,HBO,34.9,1201,7,0,6,1,9680.12
2024-08-12,85,AC,Norte,Telecine,29.9,960,5,0,5,0,6629.1
2024-08-12,85,AC,Norte,Premiere,24.9,720,4,0,4,0,4140.42
2024-08-12,85,RR,Norte,Familia,49.9,1440,7,0,7,0,16594.92
2024-08-12,85,RR,Norte,HBO,34.9,900,5,0,5,0,7254.04
2024-08-12,85,RR,Norte,Telecine,29.9,720,3,0,3,0,4971.82
2024-08-12,85,RR,Norte,Premiere,24.9,540,3,0,3,0,3105.31
2024-08-12,85,AP,Norte,Familia,49.9,1918,9,1,10,-2,22103.51
2024-08-12,85,AP,Norte,HBO,34.9,1199,6,0,7,-1,9664.0
2024-08-12,85,AP,Norte,Telecine,29.9,960,5,0,5,0,6629.1
2024-08-12,85,AP,Norte,Premiere,24.9,720,4,0,4,0,4140.42
2024-08-12,85,TO,Norte,Familia,49.9,3357,20,2,21,-3,38686.91
2024-08-12,85,TO,Norte,HBO,34.9,2101,12,0,11,1,16934.16
2024-08-12,85,TO,Norte,Telecine,29.9,1682,10,0,8,2,11614.73
2024-08-12,85,TO,Norte,Premiere,24.9,1260,7,0,7,0,7245.73
2024-08-19,86,SP,Sudeste,Familia,49.9,104573,551,52,566,-67,1205125.33
2024-08-19,86,SP,Sudeste,HBO,34.9,65403,381,32,346,3,527151.2
2024-08-19,86,SP,Sudeste,Telecine,29.9,52287,279,17,295,-33,361058.04
2024-08-19,86,SP,Sudeste,Premiere,24.9,39264,267,32,211,24,225790.67
2024-08-19,86,RJ,Sudeste,Familia,49.9,39335,206,24,207,-25,453306.35
2024-08-19,86,RJ,Sudeste,HBO,34.9,24568,130,11,151,-32,198019.21
2024-08-19,86,RJ,Sudeste,Telecine,29.9,19674,108,8,106,-6,135855.1
2024-08-19,86,RJ,Sudeste,Premiere,24.9,14776,106,13,77,16,84970.53
2024-08-19,86,MG,Sudeste,Familia,49.9,48939,283,35,269,-21,563985.24
2024-08-19,86,MG,Sudeste,HBO,34.9,30577,184,16,190,-22,246452.03
2024-08-19,86,MG,Sudeste,Telecine,29.9,24458,143,11,154,-22,168890.12
2024-08-19,86,MG,Sudeste,Premiere,24.9,18368,130,17,104,9,105626.61
2024-08-19,86,ES,Sudeste,Familia,49.9,9116,49,5,48,-4,105055.06
2024-08-19,86,ES,Sudeste,HBO,34.9,5704,36,2,30,4,45974.5
2024-08-19,86,ES,Sudeste,Telecine,29.9,4559,24,1,24,-1,31481.32
2024-08-19,86,ES,Sudeste,Premiere,24.9,3418,21,3,20,-2,19655.47
2024-08-19,86,PR,Sul,Familia,49.9,26850,137,13,154,-30,309426.1
2024-08-19,86,PR,Sul,HBO,34.9,16795,98,6,97,-5,135368.48
2024-08-19,86,PR,Sul,Telecine,29.9,13432,81,6,83,-8,92752.15
2024-08-19,86,PR,Sul,Premiere,24.9,10083,68,10,55,3,57983.07
2024-08-19,86,SC,Sul,Familia,49.9,17259,83,8,96,-21,198897.02
2024-08-19,86,SC,Sul,HBO,34.9,10795,62,4,63,-5,87008.2
2024-08-19,86,SC,Sul,Telecine,29.9,8630,44,2,52,-10,59592.84
2024-08-19,86,SC,Sul,Premiere,24.9,6490,50,6,34,10,37321.25
2024-08-19,86,RS,Sul,Familia,49.9,26857,140,13,150,-23,309506.77
2024-08-19,86,RS,Sul,HBO,34.9,16803,111,9,99,3,135432.96
2024-08-19,86,RS,Sul,Telecine,29.9,13423,71,5,83,-17,92690.0
2024-08-19,86,RS,Sul,Premiere,24.9,10075,65,9,61,-5,57937.07
2024-08-19,86,BA,Nordeste,Familia,49.9,34553,231,28,210,-7,398197.39
2024-08-19,86,BA,Nordeste,HBO,34.9,21595,128,11,122,-5,174056.7
2024-08-19,86,BA,Nordeste,Telecine,29.9,17285,103,8,90,5,119358.31
2024-08-19,86,BA,Nordeste,Premiere,24.9,12959,92,13,80,-1,74521.73
2024-08-19,86,CE,Nordeste,Familia,49.9,21597,131,15,119,-3,248889.21
2024-08-19,86,CE,Nordeste,HBO,34.9,13488,72,5,79,-12,108713.9
2024-08-19,86,CE,Nordeste,Telecine,29.9,10800,60,3,57,0,74577.37
2024-08-19,86,CE,Nordeste,Premiere,24.9,8103,54,7,44,3,46596.93
2024-08-19,86,PE,Nordeste,Familia,49.9,23043,140,16,121,3,265553.28
2024-08-19,86,PE,Nordeste,HBO,34.9,14407,94,7,80,7,116121.09
2024-08-19,86,PE,Nordeste,Telecine,29.9,11525,70,5,60,5,79583.72
2024-08-19,86,PE,Nordeste,Premiere,24.9,8642,61,9,50,2,49696.49
2024-08-19,86,MA,Nordeste,Familia,49.9,16320,95,10,85,0,188075.75
2024-08-19,86,MA,Nordeste,HBO,34.9,10204,65,5,56,4,82244.71
2024-08-19,86,MA,Nordeste,Telecine,29.9,8153,47,3,51,-7,56299.01
2024-08-19,86,MA,Nordeste,Premiere,24.9,6118,42,6,38,-2,35182.03
2024-08-19,86,PB,Nordeste,Familia,49.9,9593,54,5,56,-7,110552.12
2024-08-19,86,PB,Nordeste,HBO,34.9,6003,36,2,31,3,48384.46
2024-08-19,86,PB,Nordeste,Telecine,29.9,4799,29,2,28,-1,33138.59
2024-08-19,86,PB,Nordeste,Premiere,24.9,3604,27,3,20,4,20725.08
2024-08-19,86,RN,Nordeste,Familia,49.9,8639,53,5,49,-1,99557.99
2024-08-19,86,RN,Nordeste,HBO,34.9,5399,31,2,30,-1,43516.19
2024-08-19,86,RN,Nordeste,Telecine,29.9,4318,23,1,24,-2,29817.14
2024-08-19,86,RN,Nordeste,Premiere,24.9,3239,20,3,18,-1,18626.12
2024-08-19,86,AL,Nordeste,Familia,49.9,7671,42,4,47,-9,88402.52
2024-08-19,86,AL,Nordeste,HBO,34.9,4794,25,1,30,-6,38639.86
2024-08-19,86,AL,Nordeste,Telecine,29.9,3843,24,1,20,3,26537.11
2024-08-19,86,AL,Nordeste,Premiere,24.9,2880,18,2,16,0,16561.66
2024-08-19,86,SE,Nordeste,Familia,49.9,5278,29,3,28,-2,60824.99
2024-08-19,86,SE,Nordeste,HBO,34.9,3295,16,1,20,-5,26557.85
2024-08-19,86,SE,Nordeste,Telecine,29.9,2642,17,1,14,2,18243.83
2024-08-19,86,SE,Nordeste,Premiere,24.9,1980,13,1,12,0,11386.14
2024-08-19,86,PI,Nordeste,Familia,49.9,7681,49,5,43,1,88517.76
2024-08-19,86,PI,Nordeste,HBO,34.9,4800,27,2,25,0,38688.22
2024-08-19,86,PI,Nordeste,Telecine,29.9,3839,21,1,21,-1,26509.49
2024-08-19,86,PI,Nordeste,Premiere,24.9,2878,18,2,18,-2,16550.16
2024-08-19,86,GO,Centro-Oeste,Familia,49.9,15817,82,9,96,-23,182279.05
2024-08-19,86,GO,Centro-Oeste,HBO,34.9,9894,55,3,58,-6,79746.1
2024-08-19,86,GO,Centro-Oeste,Telecine,29.9,7921,46,2,43,1,54696.97
2024-08-19,86,GO,Centro-Oeste,Premiere,24.9,5936,38,5,37,-4,34135.43
2024-08-19,86,MT,Centro-Oeste,Familia,49.9,8162,49,5,42,2,94060.92
2024-08-19,86,MT,Centro-Oeste,HBO,34.9,5097,30,2,31,-3,41082.06
2024-08-19,86,MT,Centro-Oeste,Telecine,29.9,4080,23,1,22,0,28173.67
2024-08-19,86,MT,Centro-Oeste,Premiere,24.9,3060,19,2,17,0,17596.77
2024-08-19,86,MS,Centro-Oeste,Familia,49.9,6232,32,3,37,-8,71819.12
2024-08-19,86,MS,Centro-Oeste,HBO,34.9,3901,24,1,22,1,31442.24
2024-08-19,86,MS,Centro-Oeste,Telecine,29.9,3119,19,1,19,-1,21537.67
2024-08-19,86,MS,Centro-Oeste,Premiere,24.9,2341,15,2,12,1,13462.1
2024-08-19,86,DF,Centro-Oeste,Familia,49.9,6716,40,4,40,-4,77396.86
2024-08-19,86,DF,Centro-Oeste,HBO,34.9,4194,20,1,25,-6,33803.83
2024-08-19,86,DF,Centro-Oeste,Telecine,29.9,3358,20,1,21,-2,23188.04
2024-08-19,86,DF,Centro-Oeste,Premiere,24.9,2523,18,2,13,3,14508.71
2024-08-19,86,AM,Norte,Familia,49.9,9597,54,6,51,-3,110598.22
2024-08-19,86,AM,Norte,HBO,34.9,6002,36,2,32,2,48376.4
2024-08-19,86,AM,Norte,Telecine,29.9,4796,26,1,29,-4,33117.88
2024-08-19,86,AM,Norte,Premiere,24.9,3598,23,3,22,-2,20690.58
2024-08-19,86,PA,Norte,Familia,49.9,20144,115,14,117,-16,232144.48
2024-08-19,86,PA,Norte,HBO,34.9,12599,80,6,75,-1,101548.52
2024-08-19,86,PA,Norte,Telecine,29.9,10085,62,4,53,5,69640.07
2024-08-19,86,PA,Norte,Premiere,24.9,7563,48,5,40,3,43491.62
2024-08-19,86,RO,Norte,Familia,49.9,3835,20,2,23,-5,44195.5
2024-08-19,86,RO,Norte,HBO,34.9,2398,13,0,15,-2,19327.99
2024-08-19,86,RO,Norte,Telecine,29.9,1920,11,0,11,0,13258.2
2024-08-19,86,RO,Norte,Premiere,24.9,1440,9,1,8,0,8280.83
2024-08-19,86,AC,Norte,Familia,49.9,1918,11,1,12,-2,22103.51
2024-08-19,86,AC,Norte,HBO,34.9,1200,7,0,7,0,9672.06
2024-08-19,86,AC,Norte,Telecine,29.9,960,5,0,5,0,6629.1
2024-08-19,86,AC,Norte,Premiere,24.9,721,4,0,3,1,4146.17
2024-08-19,86,RR,Norte,Familia,49.9,1440,9,1,8,0,16594.92
2024-08-19,86,RR,Norte,HBO,34.9,901,5,0,4,1,7262.1
2024-08-19,86,RR,Norte,Telecine,29.9,720,4,0,4,0,4971.82
2024-08-19,86,RR,Norte,Premiere,24.9,540,3,0,3,0,3105.31
2024-08-19,86,AP,Norte,Familia,49.9,1919,10,0,11,-1,22115.03
2024-08-19,86,AP,Norte,HBO,34.9,1201,7,0,6,1,9680.12
2024-08-19,86,AP,Norte,Telecine,29.9,960,5,0,5,0,6629.1
2024-08-19,86,AP,Norte,Premiere,24.9,720,4,0,4,0,4140.42
2024-08-19,86,TO,Norte,Familia,49.9,3358,18,1,19,-2,38698.43
2024-08-19,86,TO,Norte,HBO,34.9,2100,13,1,12,0,16926.1
2024-08-19,86,TO,Norte,Telecine,29.9,1679,8,0,9,-1,11594.02
2024-08-19,86,TO,Norte,Premiere,24.9,1260,8,1,7,0,7245.73
2024-08-26,87,SP,Sudeste,Familia,49.9,104579,602,59,604,-61,1205194.48
2024-08-26,87,SP,Sudeste,HBO,34.9,65420,396,29,347,20,527288.22
2024-08-26,87,SP,Sudeste,Telecine,29.9,52287,315,21,327,-33,361058.04
2024-08-26,87,SP,Sudeste,Premiere,24.9,39221,219,29,209,-19,225543.39
2024-08-26,87,RJ,Sudeste,Familia,49.9,39325,230,25,240,-35,453191.11
2024-08-26,87,RJ,Sudeste,HBO,34.9,24582,138,9,147,-18,198132.06
2024-08-26,87,RJ,Sudeste,Telecine,29.9,19684,115,8,103,4,135924.16
2024-08-26,87,RJ,Sudeste,Premiere,24.9,14758,97,13,86,-2,84867.02
2024-08-26,87,MG,Sudeste,Familia,49.9,48917,282,33,292,-43,563731.71
2024-08-26,87,MG,Sudeste,HBO,34.9,30586,179,14,178,-13,246524.57
2024-08-26,87,MG,Sudeste,Telecine,29.9,24465,130,9,136,-15,168938.45
2024-08-26,87,MG,Sudeste,Premiere,24.9,18357,115,15,102,-2,105563.35
2024-08-26,87,ES,Sudeste,Familia,49.9,9116,58,7,55,-4,105055.06
2024-08-26,87,ES,Sudeste,HBO,34.9,5697,30,2,31,-3,45918.08
2024-08-26,87,ES,Sudeste,Telecine,29.9,4559,26,1,26,-1,31481.32
2024-08-26,87,ES,Sudeste,Premiere,24.9,3422,21,2,17,2,19678.48
2024-08-26,87,PR,Sul,Familia,49.9,26846,130,14,150,-34,309380.0
2024-08-26,87,PR,Sul,HBO,34.9,16805,99,7,87,5,135449.08
2024-08-26,87,PR,Sul,Telecine,29.9,13435,76,4,77,-5,92772.86
2024-08-26,87,PR,Sul,Premiere,24.9,10083,68,9,56,3,57983.07
2024-08-26,87,SC,Sul,Familia,49.9,17282,110,11,97,2,199162.08
2024-08-26,87,SC,Sul,HBO,34.9,10788,55,4,63,-12,86951.78
2024-08-26,87,SC,Sul,Telecine,29.9,8638,50,3,49,-2,59648.08
2024-08-26,87,SC,Sul,Premiere,24.9,6481,41,5,35,1,37269.49
2024-08-26,87,RS,Sul,Familia,49.9,26839,134,16,159,-41,309299.33
2024-08-26,87,RS,Sul,HBO,34.9,16790,91,7,94,-10,135328.18
2024-08-26,87,RS,Sul,Telecine,29.9,13432,80,5,83,-8,92752.15
2024-08-26,87,RS,Sul,Premiere,24.9,10076,66,9,61,-4,57942.82
2024-08-26,87,BA,Nordeste,Familia,49.9,34537,194,18,199,-23,398013.0
2024-08-26,87,BA,Nordeste,HBO,34.9,21599,130,9,122,-1,174088.94
2024-08-26,87,BA,Nordeste,Telecine,29.9,17285,103,7,91,5,119358.31
2024-08-26,87,BA,Nordeste,Premiere,24.9,12967,92,12,73,7,74567.74
2024-08-26,87,CE,Nordeste,Familia,49.9,21592,119,14,113,-8,248831.59
2024-08-26,87,CE,Nordeste,HBO,34.9,13497,85,7,81,-3,108786.44
2024-08-26,87,CE,Nordeste,Telecine,29.9,10803,63,4,56,3,74598.08
2024-08-26,87,CE,Nordeste,Premiere,24.9,8109,58,7,42,9,46631.43
2024-08-26,87,PE,Nordeste,Familia,49.9,23018,131,15,138,-22,265265.17
2024-08-26,87,PE,Nordeste,HBO,34.9,14388,85,7,90,-12,115967.94
2024-08-26,87,PE,Nordeste,Telecine,29.9,11513,64,5,66,-7,79500.85
2024-08-26,87,PE,Nordeste,Premiere,24.9,8638,59,9,52,-2,49673.49
2024-08-26,87,MA,Nordeste,Familia,49.9,16322,100,9,89,2,188098.8
2024-08-26,87,MA,Nordeste,HBO,34.9,10198,61,5,58,-2,82196.35
2024-08-26,87,MA,Nordeste,Telecine,29.9,8150,43,3,50,-10,56278.29
2024-08-26,87,MA,Nordeste,Premiere,24.9,6115,38,5,38,-5,35164.78
2024-08-26,87,PB,Nordeste,Familia,49.9,9594,53,6,53,-6,110563.65
2024-08-26,87,PB,Nordeste,HBO,34.9,5997,34,2,35,-3,48336.1
2024-08-26,87,PB,Nordeste,Telecine,29.9,4799,25,1,25,-1,33138.59
2024-08-26,87,PB,Nordeste,Premiere,24.9,3598,22,2,22,-2,20690.58
2024-08-26,87,RN,Nordeste,Familia,49.9,8633,50,6,51,-7,99488.85
2024-08-26,87,RN,Nordeste,HBO,34.9,5396,26,1,29,-4,43492.01
2024-08-26,87,RN,Nordeste,Telecine,29.9,4322,26,1,23,2,29844.76
2024-08-26,87,RN,Nordeste,Premiere,24.9,3240,20,2,18,0,18631.87
2024-08-26,87,AL,Nordeste,Familia,49.9,7677,43,4,42,-3,88471.66
2024-08-26,87,AL,Nordeste,HBO,34.9,4796,26,2,28,-4,38655.98
2024-08-26,87,AL,Nordeste,Telecine,29.9,3840,23,1,22,0,26516.4
2024-08-26,87,AL,Nordeste,Premiere,24.9,2882,19,2,15,2,16573.16
2024-08-26,87,SE,Nordeste,Familia,49.9,5279,30,2,29,-1,60836.51
2024-08-26,87,SE,Nordeste,HBO,34.9,3302,20,1,17,2,26614.27
2024-08-26,87,SE,Nordeste,Telecine,29.9,2640,16,1,15,0,18230.02
2024-08-26,87,SE,Nordeste,Premiere,24.9,1981,12,1,10,1,11391.89
2024-08-26,87,PI,Nordeste,Familia,49.9,7675,40,4,41,-5,88448.61
2024-08-26,87,PI,Nordeste,HBO,34.9,4797,24,2,25,-3,38664.04
2024-08-26,87,PI,Nordeste,Telecine,29.9,3839,20,1,20,-1,26509.49
2024-08-26,87,PI,Nordeste,Premiere,24.9,2882,19,2,15,2,16573.16
2024-08-26,87,GO,Centro-Oeste,Familia,49.9,15836,91,9,86,-4,182498.01
2024-08-26,87,GO,Centro-Oeste,HBO,34.9,9900,59,4,55,0,79794.46
2024-08-26,87,GO,Centro-Oeste,Telecine,29.9,7910,38,2,46,-10,54621.02
2024-08-26,87,GO,Centro-Oeste,Premiere,24.9,5940,38,5,33,0,34158.43
2024-08-26,87,MT,Centro-Oeste,Familia,49.9,8159,47,5,43,-1,94026.35
2024-08-26,87,MT,Centro-Oeste,HBO,34.9,5094,28,2,32,-6,41057.88
2024-08-26,87,MT,Centro-Oeste,Telecine,29.9,4078,23,1,24,-2,28159.86
2024-08-26,87,MT,Centro-Oeste,Premiere,24.9,3059,18,2,17,-1,17591.02
2024-08-26,87,MS,Centro-Oeste,Familia,49.9,6233,30,3,34,-7,71830.65
2024-08-26,87,MS,Centro-Oeste,HBO,34.9,3897,22,1,24,-3,31410.0
2024-08-26,87,MS,Centro-Oeste,Telecine,29.9,3119,16,1,16,-1,21537.67
2024-08-26,87,MS,Centro-Oeste,Premiere,24.9,2340,15,2,13,0,13456.35
2024-08-26,87,DF,Centro-Oeste,Familia,49.9,6715,34,4,35,-5,77385.33
2024-08-26,87,DF,Centro-Oeste,HBO,34.9,4195,21,1,25,-5,33811.89
2024-08-26,87,DF,Centro-Oeste,Telecine,29.9,3360,19,1,18,0,23201.85
2024-08-26,87,DF,Centro-Oeste,Premiere,24.9,2518,14,1,15,-2,14479.95
2024-08-26,87,AM,Norte,Familia,49.9,9597,55,6,52,-3,110598.22
2024-08-26,87,AM,Norte,HBO,34.9,5995,31,2,34,-5,48319.98
2024-08-26,87,AM,Norte,Telecine,29.9,4801,27,1,25,1,33152.4
2024-08-26,87,AM,Norte,Premiere,24.9,3599,23,3,21,-1,20696.33
2024-08-26,87,PA,Norte,Familia,49.9,20164,130,15,111,4,232374.97
2024-08-26,87,PA,Norte,HBO,34.9,12592,74,5,77,-8,101492.1
2024-08-26,87,PA,Norte,Telecine,29.9,10071,49,3,55,-9,69543.39
2024-08-26,87,PA,Norte,Premiere,24.9,7564,50,6,40,4,43497.37
2024-08-26,87,RO,Norte,Familia,49.9,3839,21,2,20,-1,44241.59
2024-08-26,87,RO,Norte,HBO,34.9,2398,13,1,14,-2,19327.99
2024-08-26,87,RO,Norte,Telecine,29.9,1918,10,0,12,-2,13244.39
2024-08-26,87,RO,Norte,Premiere,24.9,1440,8,1,7,0,8280.83
2024-08-26,87,AC,Norte,Familia,49.9,1919,10,1,10,-1,22115.03
2024-08-26,87,AC,Norte,HBO,34.9,1199,5,0,6,-1,9664.0
2024-08-26,87,AC,Norte,Telecine,29.9,960,5,0,5,0,6629.1
2024-08-26,87,AC,Norte,Premiere,24.9,720,4,0,4,0,4140.42
2024-08-26,87,RR,Norte,Familia,49.9,1439,7,0,8,-1,16583.39
2024-08-26,87,RR,Norte,HBO,34.9,899,4,0,5,-1,7245.98
2024-08-26,87,RR,Norte,Telecine,29.9,721,4,0,3,1,4978.73
2024-08-26,87,RR,Norte,Premiere,24.9,540,3,0,3,0,3105.31
2024-08-26,87,AP,Norte,Familia,49.9,1919,11,1,11,-1,22115.03
2024-08-26,87,AP,Norte,HBO,34.9,1201,7,0,6,1,9680.12
2024-08-26,87,AP,Norte,Telecine,29.9,960,5,0,5,0,6629.1
2024-08-26,87,AP,Norte,Premiere,24.9,720,4,0,4,0,4140.42
2024-08-26,87,TO,Norte,Familia,49.9,3359,17,1,17,-1,38709.95
2024-08-26,87,TO,Norte,HBO,34.9,2100,11,0,11,0,16926.1
2024-08-26,87,TO,Norte,Telecine,29.9,1680,8,0,8,0,11600.92
2024-08-26,87,TO,Norte,Premiere,24.9,1260,8,1,7,0,7245.73
2024-09-02,88,SP,Sudeste,Familia,49.9,104604,601,75,562,-36,1205482.59
2024-09-02,88,SP,Sudeste,HBO,34.9,65344,369,31,394,-56,526675.66
2024-09-02,88,SP,Sudeste,Telecine,29.9,52275,285,18,312,-45,360975.17
2024-09-02,88,SP,Sudeste,Premiere,24.9,39253,281,35,233,13,225727.41
2024-09-02,88,RJ,Sudeste,Familia,49.9,39284,190,19,247,-76,452718.61
2024-09-02,88,RJ,Sudeste,HBO,34.9,24590,144,11,143,-10,198196.54
2024-09-02,88,RJ,Sudeste,Telecine,29.9,19685,118,9,104,5,135931.06
2024-09-02,88,RJ,Sudeste,Premiere,24.9,14766,103,15,82,6,84913.03
2024-09-02,88,MG,Sudeste,Familia,49.9,48952,299,30,277,-8,564135.06
2024-09-02,88,MG,Sudeste,HBO,34.9,30608,186,15,162,9,246701.89
2024-09-02,88,MG,Sudeste,Telecine,29.9,24474,140,11,135,-6,169000.6
2024-09-02,88,MG,Sudeste,Premiere,24.9,18372,128,18,97,13,105649.61
2024-09-02,88,ES,Sudeste,Familia,49.9,9119,51,5,47,-1,105089.63
2024-09-02,88,ES,Sudeste,HBO,34.9,5698,29,2,29,-2,45926.14
2024-09-02,88,ES,Sudeste,Telecine,29.9,4561,26,1,24,1,31495.13
2024-09-02,88,ES,Sudeste,Premiere,24.9,3423,25,3,19,3,19684.23
2024-09-02,88,PR,Sul,Familia,49.9,26878,153,14,141,-2,309748.78
2024-09-02,88,PR,Sul,HBO,34.9,16798,95,6,91,-2,135392.66
2024-09-02,88,PR,Sul,Telecine,29.9,13437,72,4,71,-3,92786.67
2024-09-02,88,PR,Sul,Premiere,24.9,10088,74,10,56,8,58011.82
2024-09-02,88,SC,Sul,Familia,49.9,17285,112,12,95,5,199196.65
2024-09-02,88,SC,Sul,HBO,34.9,10804,68,5,59,4,87080.74
2024-09-02,88,SC,Sul,Telecine,29.9,8635,52,3,54,-5,59627.37
2024-09-02,88,SC,Sul,Premiere,24.9,6483,45,6,36,3,37280.99
2024-09-02,88,RS,Sul,Familia,49.9,26856,161,19,166,-24,309495.24
2024-09-02,88,RS,Sul,HBO,34.9,16792,93,7,94,-8,135344.3
2024-09-02,88,RS,Sul,Telecine,29.9,13445,87,5,77,5,92841.92
2024-09-02,88,RS,Sul,Premiere,24.9,10080,72,10,62,0,57965.82
2024-09-02,88,BA,Nordeste,Familia,49.9,34522,199,22,215,-38,397840.14
2024-09-02,88,BA,Nordeste,HBO,34.9,21596,139,12,131,-4,174064.76
2024-09-02,88,BA,Nordeste,Telecine,29.9,17275,108,6,107,-5,119289.26
2024-09-02,88,BA,Nordeste,Premiere,24.9,12956,83,10,77,-4,74504.48
2024-09-02,88,CE,Nordeste,Familia,49.9,21613,141,15,113,13,249073.6
2024-09-02,88,CE,Nordeste,HBO,34.9,13500,83,7,76,0,108810.62
2024-09-02,88,CE,Nordeste,Telecine,29.9,10802,72,5,65,2,74591.18
2024-09-02,88,CE,Nordeste,Premiere,24.9,8102,58,8,48,2,46591.18
2024-09-02,88,PE,Nordeste,Familia,49.9,23021,137,16,140,-19,265299.75
2024-09-02,88,PE,Nordeste,HBO,34.9,14398,86,6,82,-2,116048.55
2024-09-02,88,PE,Nordeste,Telecine,29.9,11513,67,3,71,-7,79500.85
2024-09-02,88,PE,Nordeste,Premiere,24.9,8637,50,6,47,-3,49667.74
2024-09-02,88,MA,Nordeste,Familia,49.9,16302,92,10,100,-18,187868.31
2024-09-02,88,MA,Nordeste,HBO,34.9,10197,64,5,62,-3,82188.29
2024-09-02,88,MA,Nordeste,Telecine,29.9,8152,39,2,45,-8,56292.1
2024-09-02,88,MA,Nordeste,Premiere,24.9,6122,41,5,34,2,35205.03
2024-09-02,88,PB,Nordeste,Familia,49.9,9594,59,6,59,-6,110563.65
2024-09-02,88,PB,Nordeste,HBO,34.9,5994,32,2,36,-6,48311.92
2024-09-02,88,PB,Nordeste,Telecine,29.9,4797,27,1,29,-3,33124.78
2024-09-02,88,PB,Nordeste,Premiere,24.9,3601,24,3,20,1,20707.83
2024-09-02,88,RN,Nordeste,Familia,49.9,8638,50,5,47,-2,99546.47
2024-09-02,88,RN,Nordeste,HBO,34.9,5400,31,2,29,0,43524.25
2024-09-02,88,RN,Nordeste,Telecine,29.9,4321,28,1,26,1,29837.85
2024-09-02,88,RN,Nordeste,Premiere,24.9,3242,23,2,19,2,18643.37
2024-09-02,88,AL,Nordeste,Familia,49.9,7680,44,4,40,0,88506.24
2024-09-02,88,AL,Nordeste,HBO,34.9,4800,28,2,26,0,38688.22
2024-09-02,88,AL,Nordeste,Telecine,29.9,3839,24,1,24,-1,26509.49
2024-09-02,88,AL,Nordeste,Premiere,24.9,2880,19,2,17,0,16561.66
2024-09-02,88,SE,Nordeste,Familia,49.9,5278,31,3,30,-2,60824.99
2024-09-02,88,SE,Nordeste,HBO,34.9,3298,19,1,20,-2,26582.03
2024-09-02,88,SE,Nordeste,Telecine,29.9,2639,15,1,15,-1,18223.12
2024-09-02,88,SE,Nordeste,Premiere,24.9,1982,13,1,10,2,11397.64
2024-09-02,88,PI,Nordeste,Familia,49.9,7676,40,4,40,-4,88460.14
2024-09-02,88,PI,Nordeste,HBO,34.9,4803,30,2,25,3,38712.4
2024-09-02,88,PI,Nordeste,Telecine,29.9,3842,24,1,21,2,26530.21
2024-09-02,88,PI,Nordeste,Premiere,24.9,2878,17,2,17,-2,16550.16
2024-09-02,88,GO,Centro-Oeste,Familia,49.9,15824,93,10,99,-16,182359.72
2024-09-02,88,GO,Centro-Oeste,HBO,34.9,9891,57,5,61,-9,79721.92
2024-09-02,88,GO,Centro-Oeste,Telecine,29.9,7916,48,3,49,-4,54662.45
2024-09-02,88,GO,Centro-Oeste,Premiere,24.9,5941,41,5,35,1,34164.18
2024-09-02,88,MT,Centro-Oeste,Familia,49.9,8153,42,4,45,-7,93957.21
2024-09-02,88,MT,Centro-Oeste,HBO,34.9,5094,26,2,30,-6,41057.88
2024-09-02,88,MT,Centro-Oeste,Telecine,29.9,4077,22,1,24,-3,28152.96
2024-09-02,88,MT,Centro-Oeste,Premiere,24.9,3062,22,2,18,2,17608.27
2024-09-02,88,MS,Centro-Oeste,Familia,49.9,6246,44,4,34,6,71980.46
2024-09-02,88,MS,Centro-Oeste,HBO,34.9,3902,25,2,21,2,31450.3
2024-09-02,88,MS,Centro-Oeste,Telecine,29.9,3121,20,1,18,1,21551.48
2024-09-02,88,MS,Centro-Oeste,Premiere,24.9,2339,14,1,14,-1,13450.6
2024-09-02,88,DF,Centro-Oeste,Familia,49.9,6719,46,5,42,-1,77431.43
2024-09-02,88,DF,Centro-Oeste,HBO,34.9,4196,22,1,25,-4,33819.95
2024-09-02,88,DF,Centro-Oeste,Telecine,29.9,3362,22,1,19,2,23215.66
2024-09-02,88,DF,Centro-Oeste,Premiere,24.9,2520,15,1,14,0,14491.45
2024-09-02,88,AM,Norte,Familia,49.9,9586,51,5,60,-14,110471.45
2024-09-02,88,AM,Norte,HBO,34.9,5999,36,3,34,-1,48352.22
2024-09-02,88,AM,Norte,Telecine,29.9,4800,28,1,27,0,33145.5
2024-09-02,88,AM,Norte,Premiere,24.9,3601,25,3,21,1,20707.83
2024-09-02,88,PA,Norte,Familia,49.9,20153,119,12,114,-7,232248.2
2024-09-02,88,PA,Norte,HBO,34.9,12594,76,5,77,-6,101508.22
2024-09-02,88,PA,Norte,Telecine,29.9,10079,57,4,54,-1,69598.64
2024-09-02,88,PA,Norte,Premiere,24.9,7562,52,8,42,2,43485.87
2024-09-02,88,RO,Norte,Familia,49.9,3836,21,2,23,-4,44207.02
2024-09-02,88,RO,Norte,HBO,34.9,2399,14,1,14,-1,19336.05
2024-09-02,88,RO,Norte,Telecine,29.9,1922,12,0,10,2,13272.01
2024-09-02,88,RO,Norte,Premiere,24.9,1440,9,1,8,0,8280.83
2024-09-02,88,AC,Norte,Familia,49.9,1919,11,1,11,-1,22115.03
2024-09-02,88,AC,Norte,HBO,34.9,1199,6,0,7,-1,9664.0
2024-09-02,88,AC,Norte,Telecine,29.9,961,6,0,5,1,6636.0
2024-09-02,88,AC,Norte,Premiere,24.9,720,4,0,4,0,4140.42
2024-09-02,88,RR,Norte,Familia,49.9,1441,9,1,7,1,16606.44
2024-09-02,88,RR,Norte,HBO,34.9,901,6,0,5,1,7262.1
2024-09-02,88,RR,Norte,Telecine,29.9,720,4,0,4,0,4971.82
2024-09-02,88,RR,Norte,Premiere,24.9,540,3,0,3,0,3105.31
2024-09-02,88,AP,Norte,Familia,49.9,1920,12,1,11,0,22126.56
2024-09-02,88,AP,Norte,HBO,34.9,1200,7,0,7,0,9672.06
2024-09-02,88,AP,Norte,Telecine,29.9,960,5,0,5,0,6629.1
2024-09-02,88,AP,Norte,Premiere,24.9,720,4,0,4,0,4140.42
2024-09-02,88,TO,Norte,Familia,49.9,3359,18,2,17,-1,38709.95
2024-09-02,88,TO,Norte,HBO,34.9,2101,12,0,11,1,16934.16
2024-09-02,88,TO,Norte,Telecine,29.9,1681,9,0,8,1,11607.83
2024-09-02,88,TO,Norte,Premiere,24.9,1260,8,1,7,0,7245.73
2024-09-09,89,SP,Sudeste,Familia,49.9,104548,552,67,577,-92,1204837.23
2024-09-09,89,SP,Sudeste,HBO,34.9,65402,397,27,368,2,527143.14
2024-09-09,89,SP,Sudeste,Telecine,29.9,52311,330,23,316,-9,361223.76
2024-09-09,89,SP,Sudeste,Premiere,24.9,39243,245,30,212,3,225669.91
2024-09-09,89,RJ,Sudeste,Familia,49.9,39362,257,28,227,2,453617.51
2024-09-09,89,RJ,Sudeste,HBO,34.9,24597,152,11,144,-3,198252.96
2024-09-09,89,RJ,Sudeste,Telecine,29.9,19685,123,7,111,5,135931.06
2024-09-09,89,RJ,Sudeste,Premiere,24.9,14748,95,14,93,-12,84809.52
2024-09-09,89,MG,Sudeste,Familia,49.9,48980,318,36,262,20,564457.74
2024-09-09,89,MG,Sudeste,HBO,34.9,30592,195,16,186,-7,246572.93
2024-09-09,89,MG,Sudeste,Telecine,29.9,24465,147,11,151,-15,168938.45
2024-09-09,89,MG,Sudeste,Premiere,24.9,18368,128,18,101,9,105626.61
2024-09-09,89,ES,Sudeste,Familia,49.9,9108,51,6,57,-12,104962.86
2024-09-09,89,ES,Sudeste,HBO,34.9,5702,36,2,32,2,45958.38
2024-09-09,89,ES,Sudeste,Telecine,29.9,4560,27,1,26,0,31488.22
2024-09-09,89,ES,Sudeste,Premiere,24.9,3420,20,2,18,0,19666.97
2024-09-09,89,PR,Sul,Familia,49.9,26872,157,14,151,-8,309679.63
2024-09-09,89,PR,Sul,HBO,34.9,16786,85,6,93,-14,135295.94
2024-09-09,89,PR,Sul,Telecine,29.9,13433,73,4,76,-7,92759.05
2024-09-09,89,PR,Sul,Premiere,24.9,10084,67,9,54,4,57988.82
2024-09-09,89,SC,Sul,Familia,49.9,17277,103,10,96,-3,199104.46
2024-09-09,89,SC,Sul,HBO,34.9,10794,62,5,63,-6,87000.14
2024-09-09,89,SC,Sul,Telecine,29.9,8636,53,3,54,-4,59634.27
2024-09-09,89,SC,Sul,Premiere,24.9,6481,42,5,36,1,37269.49
2024-09-09,89,RS,Sul,Familia,49.9,26863,155,14,158,-17,309575.91
2024-09-09,89,RS,Sul,HBO,34.9,16794,107,7,106,-6,135360.42
2024-09-09,89,RS,Sul,Telecine,29.9,13425,69,4,80,-15,92703.81
2024-09-09,89,RS,Sul,Premiere,24.9,10083,64,7,54,3,57983.07
2024-09-09,89,BA,Nordeste,Familia,49.9,34563,210,21,186,3,398312.63
2024-09-09,89,BA,Nordeste,HBO,34.9,21596,118,9,113,-4,174064.76
2024-09-09,89,BA,Nordeste,Telecine,29.9,17294,115,8,93,14,119420.46
2024-09-09,89,BA,Nordeste,Premiere,24.9,12956,83,10,77,-4,74504.48
2024-09-09,89,CE,Nordeste,Familia,49.9,21581,124,14,129,-19,248704.83
2024-09-09,89,CE,Nordeste,HBO,34.9,13499,82,6,77,-1,108802.56
2024-09-09,89,CE,Nordeste,Telecine,29.9,10802,63,4,57,2,74591.18
2024-09-09,89,CE,Nordeste,Premiere,24.9,8097,47,6,44,-3,46562.42
2024-09-09,89,PE,Nordeste,Familia,49.9,23018,140,16,146,-22,265265.17
2024-09-09,89,PE,Nordeste,HBO,34.9,14391,90,8,91,-9,115992.12
2024-09-09,89,PE,Nordeste,Telecine,29.9,11511,64,4,69,-9,79487.04
2024-09-09,89,PE,Nordeste,Premiere,24.9,8640,60,8,52,0,49684.99
2024-09-09,89,MA,Nordeste,Familia,49.9,16297,85,8,100,-23,187810.69
2024-09-09,89,MA,Nordeste,HBO,34.9,10186,53,4,63,-14,82099.63
2024-09-09,89,MA,Nordeste,Telecine,29.9,8154,46,3,49,-6,56305.91
2024-09-09,89,MA,Nordeste,Premiere,24.9,6114,36,4,38,-6,35159.03
2024-09-09,89,PB,Nordeste,Familia,49.9,9588,51,5,58,-12,110494.5
2024-09-09,89,PB,Nordeste,HBO,34.9,5995,31,2,34,-5,48319.98
2024-09-09,89,PB,Nordeste,Telecine,29.9,4796,24,1,27,-4,33117.88
2024-09-09,89,PB,Nordeste,Premiere,24.9,3597,21,3,21,-3,20684.83
2024-09-09,89,RN,Nordeste,Familia,49.9,8632,49,5,52,-8,99477.32
2024-09-09,89,RN,Nordeste,HBO,34.9,5400,31,2,29,0,43524.25
2024-09-09,89,RN,Nordeste,Telecine,29.9,4318,24,1,25,-2,29817.14
2024-09-09,89,RN,Nordeste,Premiere,24.9,3241,20,2,17,1,18637.62
2024-09-09,89,AL,Nordeste,Familia,49.9,7672,44,5,47,-8,88414.04
2024-09-09,89,AL,Nordeste,HBO,34.9,4797,25,2,26,-3,38664.04
2024-09-09,89,AL,Nordeste,Telecine,29.9,3839,22,1,22,-1,26509.49
2024-09-09,89,AL,Nordeste,Premiere,24.9,2882,19,2,15,2,16573.16
2024-09-09,89,SE,Nordeste,Familia,49.9,5278,32,3,31,-2,60824.99
2024-09-09,89,SE,Nordeste,HBO,34.9,3299,18,1,18,-1,26590.09
2024-09-09,89,SE,Nordeste,Telecine,29.9,2639,14,0,15,-1,18223.12
2024-09-09,89,SE,Nordeste,Premiere,24.9,1981,13,1,11,1,11391.89
2024-09-09,89,PI,Nordeste,Familia,49.9,7673,45,5,47,-7,88425.57
2024-09-09,89,PI,Nordeste,HBO,34.9,4797,25,2,26,-3,38664.04
2024-09-09,89,PI,Nordeste,Telecine,29.9,3837,20,1,22,-3,26495.68
2024-09-09,89,PI,Nordeste,Premiere,24.9,2880,20,2,18,0,16561.66
2024-09-09,89,GO,Centro-Oeste,Familia,49.9,15823,87,10,94,-17,182348.2
2024-09-09,89,GO,Centro-Oeste,HBO,34.9,9891,56,4,61,-9,79721.92
2024-09-09,89,GO,Centro-Oeste,Telecine,29.9,7920,44,2,42,0,54690.07
2024-09-09,89,GO,Centro-Oeste,Premiere,24.9,5943,40,6,31,3,34175.68
2024-09-09,89,MT,Centro-Oeste,Familia,49.9,8152,44,4,48,-8,93945.68
2024-09-09,89,MT,Centro-Oeste,HBO,34.9,5101,30,2,27,1,41114.3
2024-09-09,89,MT,Centro-Oeste,Telecine,29.9,4078,24,1,25,-2,28159.86
2024-09-09,89,MT,Centro-Oeste,Premiere,24.9,3059,20,2,19,-1,17591.02
2024-09-09,89,MS,Centro-Oeste,Familia,49.9,6240,36,3,33,0,71911.32
2024-09-09,89,MS,Centro-Oeste,HBO,34.9,3899,23,1,23,-1,31426.12
2024-09-09,89,MS,Centro-Oeste,Telecine,29.9,3121,18,1,16,1,21551.48
2024-09-09,89,MS,Centro-Oeste,Premiere,24.9,2340,15,2,13,0,13456.35
2024-09-09,89,DF,Centro-Oeste,Familia,49.9,6716,39,4,39,-4,77396.86
2024-09-09,89,DF,Centro-Oeste,HBO,34.9,4202,25,2,21,2,33868.31
2024-09-09,89,DF,Centro-Oeste,Telecine,29.9,3359,18,1,18,-1,23194.94
2024-09-09,89,DF,Centro-Oeste,Premiere,24.9,2519,15,2,14,-1,14485.7
2024-09-09,89,AM,Norte,Familia,49.9,9587,50,5,58,-13,110482.98
2024-09-09,89,AM,Norte,HBO,34.9,6003,38,3,32,3,48384.46
2024-09-09,89,AM,Norte,Telecine,29.9,4800,28,2,26,0,33145.5
2024-09-09,89,AM,Norte,Premiere,24.9,3604,24,2,18,4,20725.08
2024-09-09,89,PA,Norte,Familia,49.9,20146,106,11,109,-14,232167.53
2024-09-09,89,PA,Norte,HBO,34.9,12582,59,4,73,-18,101411.5
2024-09-09,89,PA,Norte,Telecine,29.9,10072,56,4,60,-8,69550.3
2024-09-09,89,PA,Norte,Premiere,24.9,7554,47,6,47,-6,43439.86
2024-09-09,89,RO,Norte,Familia,49.9,3839,21,2,20,-1,44241.59
2024-09-09,89,RO,Norte,HBO,34.9,2399,13,0,14,-1,19336.05
2024-09-09,89,RO,Norte,Telecine,29.9,1921,12,0,11,1,13265.1
2024-09-09,89,RO,Norte,Premiere,24.9,1441,9,1,7,1,8286.58
2024-09-09,89,AC,Norte,Familia,49.9,1920,12,1,11,0,22126.56
2024-09-09,89,AC,Norte,HBO,34.9,1200,7,0,7,0,9672.06
2024-09-09,89,AC,Norte,Telecine,29.9,961,6,0,5,1,6636.0
2024-09-09,89,AC,Norte,Premiere,24.9,721,5,0,4,1,4146.17
2024-09-09,89,RR,Norte,Familia,49.9,1441,9,0,8,1,16606.44
2024-09-09,89,RR,Norte,HBO,34.9,899,4,0,5,-1,7245.98
2024-09-09,89,RR,Norte,Telecine,29.9,720,4,0,4,0,4971.82
2024-09-09,89,RR,Norte,Premiere,24.9,541,3,0,2,1,3111.06
2024-09-09,89,AP,Norte,Familia,49.9,1921,12,1,10,1,22138.08
2024-09-09,89,AP,Norte,HBO,34.9,1201,7,0,6,1,9680.12
2024-09-09,89,AP,Norte,Telecine,29.9,960,5,0,5,0,6629.1
2024-09-09,89,AP,Norte,Premiere,24.9,721,4,0,3,1,4146.17
2024-09-09,89,TO,Norte,Familia,49.9,3357,19,1,21,-3,38686.91
2024-09-09,89,TO,Norte,HBO,34.9,2098,11,1,12,-2,16909.98
2024-09-09,89,TO,Norte,Telecine,29.9,1680,9,0,9,0,11600.92
2024-09-09,89,TO,Norte,Premiere,24.9,1260,8,1,7,0,7245.73
2024-09-16,90,SP,Sudeste,Familia,49.9,104715,697,76,546,75,1206761.78
2024-09-16,90,SP,Sudeste,HBO,34.9,65370,348,30,348,-30,526885.22
2024-09-16,90,SP,Sudeste,Telecine,29.9,52362,365,27,296,42,361575.94
2024-09-16,90,SP,Sudeste,Premiere,24.9,39240,245,36,209,0,225652.66
2024-09-16,90,RJ,Sudeste,Familia,49.9,39350,250,30,230,-10,453479.21
2024-09-16,90,RJ,Sudeste,HBO,34.9,24607,150,11,132,7,198333.56
2024-09-16,90,RJ,Sudeste,Telecine,29.9,19670,120,7,123,-10,135827.48
2024-09-16,90,RJ,Sudeste,Premiere,24.9,14755,85,13,77,-5,84849.77
2024-09-16,90,MG,Sudeste,Familia,49.9,48963,319,32,284,3,564261.82
2024-09-16,90,MG,Sudeste,HBO,34.9,30604,184,14,165,5,246669.65
2024-09-16,90,MG,Sudeste,Telecine,29.9,24472,153,10,151,-8,168986.79
2024-09-16,90,MG,Sudeste,Premiere,24.9,18350,106,16,99,-9,105523.09
2024-09-16,90,ES,Sudeste,Familia,49.9,9117,54,5,52,-3,105066.58
2024-09-16,90,ES,Sudeste,HBO,34.9,5700,31,2,29,0,45942.26
2024-09-16,90,ES,Sudeste,Telecine,29.9,4562,26,1,23,2,31502.03
2024-09-16,90,ES,Sudeste,Premiere,24.9,3418,20,2,20,-2,19655.47
2024-09-16,90,PR,Sul,Familia,49.9,26879,167,20,148,-1,309760.3
2024-09-16,90,PR,Sul,HBO,34.9,16785,89,7,97,-15,135287.88
2024-09-16,90,PR,Sul,Telecine,29.9,13436,78,6,76,-4,92779.77
2024-09-16,90,PR,Sul,Premiere,24.9,10080,70,9,61,0,57965.82
2024-09-16,90,SC,Sul,Familia,49.9,17271,107,11,105,-9,199035.31
2024-09-16,90,SC,Sul,HBO,34.9,10808,70,6,56,8,87112.98
2024-09-16,90,SC,Sul,Telecine,29.9,8639,54,3,52,-1,59654.99
2024-09-16,90,SC,Sul,Premiere,24.9,6479,44,6,39,-1,37257.99
2024-09-16,90,RS,Sul,Familia,49.9,26879,161,15,147,-1,309760.3
2024-09-16,90,RS,Sul,HBO,34.9,16792,101,8,101,-8,135344.3
2024-09-16,90,RS,Sul,Telecine,29.9,13430,75,4,81,-10,92738.34
2024-09-16,90,RS,Sul,Premiere,24.9,10073,66,10,63,-7,57925.57
2024-09-16,90,BA,Nordeste,Familia,49.9,34526,179,19,194,-34,397886.24
2024-09-16,90,BA,Nordeste,HBO,34.9,21582,112,9,121,-18,173951.92
2024-09-16,90,BA,Nordeste,Telecine,29.9,17285,101,6,90,5,119358.31
2024-09-16,90,BA,Nordeste,Premiere,24.9,12964,85,11,70,4,74550.48
2024-09-16,90,CE,Nordeste,Familia,49.9,21561,109,12,136,-39,248474.34
2024-09-16,90,CE,Nordeste,HBO,34.9,13491,77,6,80,-9,108738.08
2024-09-16,90,CE,Nordeste,Telecine,29.9,10800,62,3,59,0,74577.37
2024-09-16,90,CE,Nordeste,Premiere,24.9,8102,57,7,48,2,46591.18
2024-09-16,90,PE,Nordeste,Familia,49.9,23031,131,15,125,-9,265414.99
2024-09-16,90,PE,Nordeste,HBO,34.9,14399,86,7,80,-1,116056.61
2024-09-16,90,PE,Nordeste,Telecine,29.9,11524,70,4,62,4,79576.81
2024-09-16,90,PE,Nordeste,Premiere,24.9,8639,57,7,51,-1,49679.24
2024-09-16,90,MA,Nordeste,Familia,49.9,16327,106,12,87,7,188156.42
2024-09-16,90,MA,Nordeste,HBO,34.9,10199,65,5,61,-1,82204.41
2024-09-16,90,MA,Nordeste,Telecine,29.9,8161,45,2,42,1,56354.25
2024-09-16,90,MA,Nordeste,Premiere,24.9,6128,47,5,34,8,35239.54
2024-09-16,90,PB,Nordeste,Familia,49.9,9592,55,5,58,-8,110540.6
2024-09-16,90,PB,Nordeste,HBO,34.9,5997,32,2,33,-3,48336.1
2024-09-16,90,PB,Nordeste,Telecine,29.9,4797,29,2,30,-3,33124.78
2024-09-16,90,PB,Nordeste,Premiere,24.9,3600,24,2,22,0,20702.08
2024-09-16,90,RN,Nordeste,Familia,49.9,8629,49,6,54,-11,99442.75
2024-09-16,90,RN,Nordeste,HBO,34.9,5395,31,2,34,-5,43483.95
2024-09-16,90,RN,Nordeste,Telecine,29.9,4322,26,1,23,2,29844.76
2024-09-16,90,RN,Nordeste,Premiere,24.9,3239,20,3,18,-1,18626.12
2024-09-16,90,AL,Nordeste,Familia,49.9,7676,47,4,47,-4,88460.14
2024-09-16,90,AL,Nordeste,HBO,34.9,4797,25,1,27,-3,38664.04
2024-09-16,90,AL,Nordeste,Telecine,29.9,3841,24,1,22,1,26523.3
2024-09-16,90,AL,Nordeste,Premiere,24.9,2878,17,2,17,-2,16550.16
2024-09-16,90,SE,Nordeste,Familia,49.9,5274,30,3,33,-6,60778.89
2024-09-16,90,SE,Nordeste,HBO,34.9,3300,19,1,18,0,26598.15
2024-09-16,90,SE,Nordeste,Telecine,29.9,2637,13,0,16,-3,18209.31
2024-09-16,90,SE,Nordeste,Premiere,24.9,1979,12,1,12,-1,11380.39
2024-09-16,90,PI,Nordeste,Familia,49.9,7676,42,4,42,-4,88460.14
2024-09-16,90,PI,Nordeste,HBO,34.9,4799,25,1,25,-1,38680.16
2024-09-16,90,PI,Nordeste,Telecine,29.9,3840,24,1,23,0,26516.4
2024-09-16,90,PI,Nordeste,Premiere,24.9,2879,18,2,17,-1,16555.91
2024-09-16,90,GO,Centro-Oeste,Familia,49.9,15829,84,10,85,-11,182417.34
2024-09-16,90,GO,Centro-Oeste,HBO,34.9,9895,56,4,57,-5,79754.16
2024-09-16,90,GO,Centro-Oeste,Telecine,29.9,7917,48,3,48,-3,54669.35
2024-09-16,90,GO,Centro-Oeste,Premiere,24.9,5939,39,6,34,-1,34152.68
2024-09-16,90,MT,Centro-Oeste,Familia,49.9,8159,48,5,44,-1,94026.35
2024-09-16,90,MT,Centro-Oeste,HBO,34.9,5096,29,2,31,-4,41074.0
2024-09-16,90,MT,Centro-Oeste,Telecine,29.9,4082,24,1,21,2,28187.48
2024-09-16,90,MT,Centro-Oeste,Premiere,24.9,3058,20,3,19,-2,17585.27
2024-09-16,90,MS,Centro-Oeste,Familia,49.9,6232,33,3,38,-8,71819.12
2024-09-16,90,MS,Centro-Oeste,HBO,34.9,3898,20,1,21,-2,31418.06
2024-09-16,90,MS,Centro-Oeste,Telecine,29.9,3117,17,1,19,-3,21523.86
2024-09-16,90,MS,Centro-Oeste,Premiere,24.9,2341,17,2,14,1,13462.1
2024-09-16,90,DF,Centro-Oeste,Familia,49.9,6720,40,4,36,0,77442.96
2024-09-16,90,DF,Centro-Oeste,HBO,34.9,4202,24,1,21,2,33868.31
2024-09-16,90,DF,Centro-Oeste,Telecine,29.9,3362,21,1,18,2,23215.66
2024-09-16,90,DF,Centro-Oeste,Premiere,24.9,2523,18,2,13,3,14508.71
2024-09-16,90,AM,Norte,Familia,49.9,9601,57,5,51,1,110644.32
2024-09-16,90,AM,Norte,HBO,34.9,5999,36,3,34,-1,48352.22
2024-09-16,90,AM,Norte,Telecine,29.9,4800,26,1,25,0,33145.5
2024-09-16,90,AM,Norte,Premiere,24.9,3600,25,3,22,0,20702.08
2024-09-16,90,PA,Norte,Familia,49.9,20151,113,14,108,-9,232225.15
2024-09-16,90,PA,Norte,HBO,34.9,12595,74,6,73,-5,101516.28
2024-09-16,90,PA,Norte,Telecine,29.9,10070,55,3,62,-10,69536.49
2024-09-16,90,PA,Norte,Premiere,24.9,7559,49,7,43,-1,43468.61
2024-09-16,90,RO,Norte,Familia,49.9,3835,17,1,21,-5,44195.5
2024-09-16,90,RO,Norte,HBO,34.9,2398,13,1,14,-2,19327.99
2024-09-16,90,RO,Norte,Telecine,29.9,1921,12,0,11,1,13265.1
2024-09-16,90,RO,Norte,Premiere,24.9,1440,9,1,8,0,8280.83
2024-09-16,90,AC,Norte,Familia,49.9,1917,10,1,12,-3,22091.99
2024-09-16,90,AC,Norte,HBO,34.9,1201,7,0,6,1,9680.12
2024-09-16,90,AC,Norte,Telecine,29.9,961,6,0,5,1,6636.0
2024-09-16,90,AC,Norte,Premiere,24.9,720,4,0,4,0,4140.42
2024-09-16,90,RR,Norte,Familia,49.9,1440,8,0,8,0,16594.92
2024-09-16,90,RR,Norte,HBO,34.9,901,5,0,4,1,7262.1
2024-09-16,90,RR,Norte,Telecine,29.9,720,4,0,4,0,4971.82
2024-09-16,90,RR,Norte,Premiere,24.9,540,3,0,3,0,3105.31
2024-09-16,90,AP,Norte,Familia,49.9,1918,10,1,11,-2,22103.51
2024-09-16,90,AP,Norte,HBO,34.9,1201,7,0,6,1,9680.12
2024-09-16,90,AP,Norte,Telecine,29.9,960,5,0,5,0,6629.1
2024-09-16,90,AP,Norte,Premiere,24.9,720,4,0,4,0,4140.42
2024-09-16,90,TO,Norte,Familia,49.9,3361,20,2,17,1,38733.0
2024-09-16,90,TO,Norte,HBO,34.9,2098,11,0,13,-2,16909.98
2024-09-16,90,TO,Norte,Telecine,29.9,1680,9,0,9,0,11600.92
2024-09-16,90,TO,Norte,Premiere,24.9,1260,8,1,7,0,7245.73
2024-09-23,91,SP,Sudeste,Familia,49.9,104416,460,44,640,-224,1203316.03
2024-09-23,91,SP,Sudeste,HBO,34.9,65401,398,34,363,1,527135.08
2024-09-23,91,SP,Sudeste,Telecine,29.9,52262,284,16,326,-58,360885.4
2024-09-23,91,SP,Sudeste,Premiere,24.9,39240,239,35,204,0,225652.66
2024-09-23,91,RJ,Sudeste,Familia,49.9,39332,220,20,228,-28,453271.78
2024-09-23,91,RJ,Sudeste,HBO,34.9,24592,138,9,137,-8,198212.66
2024-09-23,91,RJ,Sudeste,Telecine,29.9,19674,114,7,113,-6,135855.1
2024-09-23,91,RJ,Sudeste,Premiere,24.9,14750,94,12,92,-10,84821.02
2024-09-23,91,MG,Sudeste,Familia,49.9,48885,240,29,286,-75,563362.93
2024-09-23,91,MG,Sudeste,HBO,34.9,30552,154,11,190,-47,246250.53
2024-09-23,91,MG,Sudeste,Telecine,29.9,24476,138,10,132,-4,169014.41
2024-09-23,91,MG,Sudeste,Premiere,24.9,18365,121,16,99,6,105609.35
2024-09-23,91,ES,Sudeste,Familia,49.9,9112,50,6,52,-8,105008.96
2024-09-23,91,ES,Sudeste,HBO,34.9,5690,27,2,35,-10,45861.66
2024-09-23,91,ES,Sudeste,Telecine,29.9,4559,23,1,23,-1,31481.32
2024-09-23,91,ES,Sudeste,Premiere,24.9,3418,19,2,19,-2,19655.47
2024-09-23,91,PR,Sul,Familia,49.9,26842,144,13,169,-38,309333.9
2024-09-23,91,PR,Sul,HBO,34.9,16785,91,6,100,-15,135287.88
2024-09-23,91,PR,Sul,Telecine,29.9,13428,70,4,78,-12,92724.53
2024-09-23,91,PR,Sul,Premiere,24.9,10073,60,7,60,-7,57925.57
2024-09-23,91,SC,Sul,Familia,49.9,17270,97,9,98,-10,199023.79
2024-09-23,91,SC,Sul,HBO,34.9,10793,66,5,68,-7,86992.08
2024-09-23,91,SC,Sul,Telecine,29.9,8637,50,3,50,-3,59641.18
2024-09-23,91,SC,Sul,Premiere,24.9,6478,39,5,36,-2,37252.24
2024-09-23,91,RS,Sul,Familia,49.9,26850,143,16,157,-30,309426.1
2024-09-23,91,RS,Sul,HBO,34.9,16774,83,6,103,-26,135199.21
2024-09-23,91,RS,Sul,Telecine,29.9,13434,74,4,76,-6,92765.96
2024-09-23,91,RS,Sul,Premiere,24.9,10086,68,9,53,6,58000.32
2024-09-23,91,BA,Nordeste,Familia,49.9,34514,188,22,212,-46,397747.94
2024-09-23,91,BA,Nordeste,HBO,34.9,21583,116,9,124,-17,173959.98
2024-09-23,91,BA,Nordeste,Telecine,29.9,17272,107,8,107,-8,119268.55
2024-09-23,91,BA,Nordeste,Premiere,24.9,12960,80,12,68,0,74527.48
2024-09-23,91,CE,Nordeste,Familia,49.9,21591,128,12,125,-9,248820.07
2024-09-23,91,CE,Nordeste,HBO,34.9,13491,67,5,71,-9,108738.08
2024-09-23,91,CE,Nordeste,Telecine,29.9,10791,61,4,66,-9,74515.22
2024-09-23,91,CE,Nordeste,Premiere,24.9,8093,48,7,48,-7,46539.42
2024-09-23,91,PE,Nordeste,Familia,49.9,23028,141,16,137,-12,265380.42
2024-09-23,91,PE,Nordeste,HBO,34.9,14374,63,5,84,-26,115855.1
2024-09-23,91,PE,Nordeste,Telecine,29.9,11516,64,4,64,-4,79521.57
2024-09-23,91,PE,Nordeste,Premiere,24.9,8639,60,9,52,-1,49679.24
2024-09-23,91,MA,Nordeste,Familia,49.9,16298,74,7,89,-22,187822.22
2024-09-23,91,MA,Nordeste,HBO,34.9,10197,59,5,57,-3,82188.29
2024-09-23,91,MA,Nordeste,Telecine,29.9,8151,42,2,49,-9,56285.2
2024-09-23,91,MA,Nordeste,Premiere,24.9,6120,38,5,33,0,35193.53
2024-09-23,91,PB,Nordeste,Familia,49.9,9590,50,6,54,-10,110517.55
2024-09-23,91,PB,Nordeste,HBO,34.9,5993,31,2,36,-7,48303.86
2024-09-23,91,PB,Nordeste,Telecine,29.9,4794,24,1,29,-6,33104.06
2024-09-23,91,PB,Nordeste,Premiere,24.9,3600,23,3,20,0,20702.08
2024-09-23,91,RN,Nordeste,Familia,49.9,8635,47,5,47,-5,99511.89
2024-09-23,91,RN,Nordeste,HBO,34.9,5401,31,2,28,1,43532.31
2024-09-23,91,RN,Nordeste,Telecine,29.9,4314,21,1,26,-6,29789.52
2024-09-23,91,RN,Nordeste,Premiere,24.9,3239,19,2,18,-1,18626.12
2024-09-23,91,AL,Nordeste,Familia,49.9,7676,48,5,47,-4,88460.14
2024-09-23,91,AL,Nordeste,HBO,34.9,4797,26,2,27,-3,38664.04
2024-09-23,91,AL,Nordeste,Telecine,29.9,3841,23,1,21,1,26523.3
2024-09-23,91,AL,Nordeste,Premiere,24.9,2879,16,1,16,-1,16555.91
2024-09-23,91,SE,Nordeste,Familia,49.9,5278,28,3,27,-2,60824.99
2024-09-23,91,SE,Nordeste,HBO,34.9,3299,17,1,17,-1,26590.09
2024-09-23,91,SE,Nordeste,Telecine,29.9,2637,12,0,15,-3,18209.31
2024-09-23,91,SE,Nordeste,Premiere,24.9,1982,13,1,10,2,11397.64
2024-09-23,91,PI,Nordeste,Familia,49.9,7665,37,4,48,-15,88333.37
2024-09-23,91,PI,Nordeste,HBO,34.9,4795,26,2,29,-5,38647.92
2024-09-23,91,PI,Nordeste,Telecine,29.9,3834,17,1,22,-6,26474.97
2024-09-23,91,PI,Nordeste,Premiere,24.9,2878,16,2,16,-2,16550.16
2024-09-23,91,GO,Centro-Oeste,Familia,49.9,15831,97,11,95,-9,182440.39
2024-09-23,91,GO,Centro-Oeste,HBO,34.9,9887,52,4,61,-13,79689.68
2024-09-23,91,GO,Centro-Oeste,Telecine,29.9,7917,47,3,47,-3,54669.35
2024-09-23,91,GO,Centro-Oeste,Premiere,24.9,5943,38,4,31,3,34175.68
2024-09-23,91,MT,Centro-Oeste,Familia,49.9,8164,52,5,43,4,94083.97
2024-09-23,91,MT,Centro-Oeste,HBO,34.9,5104,32,2,26,4,41138.48
2024-09-23,91,MT,Centro-Oeste,Telecine,29.9,4082,24,1,21,2,28187.48
2024-09-23,91,MT,Centro-Oeste,Premiere,24.9,3057,17,2,18,-3,17579.52
2024-09-23,91,MS,Centro-Oeste,Familia,49.9,6235,31,3,33,-5,71853.7
2024-09-23,91,MS,Centro-Oeste,HBO,34.9,3899,21,1,21,-1,31426.12
2024-09-23,91,MS,Centro-Oeste,Telecine,29.9,3117,14,1,16,-3,21523.86
2024-09-23,91,MS,Centro-Oeste,Premiere,24.9,2338,13,1,14,-2,13444.85
2024-09-23,91,DF,Centro-Oeste,Familia,49.9,6713,31,3,35,-7,77362.29
2024-09-23,91,DF,Centro-Oeste,HBO,34.9,4196,20,1,23,-4,33819.95
2024-09-23,91,DF,Centro-Oeste,Telecine,29.9,3360,19,1,18,0,23201.85
2024-09-23,91,DF,Centro-Oeste,Premiere,24.9,2520,15,2,13,0,14491.45
2024-09-23,91,AM,Norte,Familia,49.9,9592,51,6,53,-8,110540.6
2024-09-23,91,AM,Norte,HBO,34.9,5997,35,2,36,-3,48336.1
2024-09-23,91,AM,Norte,Telecine,29.9,4799,27,2,26,-1,33138.59
2024-09-23,91,AM,Norte,Premiere,24.9,3600,23,2,21,0,20702.08
2024-09-23,91,PA,Norte,Familia,49.9,20125,104,12,127,-35,231925.52
2024-09-23,91,PA,Norte,HBO,34.9,12598,71,5,68,-2,101540.46
2024-09-23,91,PA,Norte,Telecine,29.9,10073,55,3,59,-7,69557.21
2024-09-23,91,PA,Norte,Premiere,24.9,7565,55,7,43,5,43503.12
2024-09-23,91,RO,Norte,Familia,49.9,3834,18,2,22,-6,44183.97
2024-09-23,91,RO,Norte,HBO,34.9,2399,14,1,14,-1,19336.05
2024-09-23,91,RO,Norte,Telecine,29.9,1919,9,0,10,-1,13251.29
2024-09-23,91,RO,Norte,Premiere,24.9,1439,8,1,8,-1,8275.08
2024-09-23,91,AC,Norte,Familia,49.9,1919,11,1,11,-1,22115.03
2024-09-23,91,AC,Norte,HBO,34.9,1201,7,0,6,1,9680.12
2024-09-23,91,AC,Norte,Telecine,29.9,960,5,0,5,0,6629.1
2024-09-23,91,AC,Norte,Premiere,24.9,720,4,0,4,0,4140.42
2024-09-23,91,RR,Norte,Familia,49.9,1440,7,0,7,0,16594.92
2024-09-23,91,RR,Norte,HBO,34.9,900,5,0,5,0,7254.04
2024-09-23,91,RR,Norte,Telecine,29.9,720,3,0,3,0,4971.82
2024-09-23,91,RR,Norte,Premiere,24.9,540,3,0,3,0,3105.31
2024-09-23,91,AP,Norte,Familia,49.9,1918,9,1,10,-2,22103.51
2024-09-23,91,AP,Norte,HBO,34.9,1200,6,0,6,0,9672.06
2024-09-23,91,AP,Norte,Telecine,29.9,960,5,0,5,0,6629.1
2024-09-23,91,AP,Norte,Premiere,24.9,720,4,0,4,0,4140.42
2024-09-23,91,TO,Norte,Familia,49.9,3356,17,1,20,-4,38675.38
2024-09-23,91,TO,Norte,HBO,34.9,2100,11,0,11,0,16926.1
2024-09-23,91,TO,Norte,Telecine,29.9,1678,8,0,10,-2,11587.11
2024-09-23,91,TO,Norte,Premiere,24.9,1261,7,0,6,1,7251.48
2024-09-30,92,SP,Sudeste,Familia,49.9,104568,577,61,588,-72,1205067.71
2024-09-30,92,SP,Sudeste,HBO,34.9,65441,422,35,346,41,527457.48
2024-09-30,92,SP,Sudeste,Telecine,29.9,52320,302,18,284,0,361285.91
2024-09-30,92,SP,Sudeste,Premiere,24.9,39228,262,37,237,-12,225583.65
2024-09-30,92,RJ,Sudeste,Familia,49.9,39322,232,22,248,-38,453156.54
2024-09-30,92,RJ,Sudeste,HBO,34.9,24614,172,12,146,14,198389.98
2024-09-30,92,RJ,Sudeste,Telecine,29.9,19685,121,7,109,5,135931.06
2024-09-30,92,RJ,Sudeste,Premiere,24.9,14767,106,12,87,7,84918.78
2024-09-30,92,MG,Sudeste,Familia,49.9,48960,330,30,300,0,564227.25
2024-09-30,92,MG,Sudeste,HBO,34.9,30615,195,16,163,16,246758.31
2024-09-30,92,MG,Sudeste,Telecine,29.9,24501,162,11,130,21,169187.04
2024-09-30,92,MG,Sudeste,Premiere,24.9,18350,116,14,111,-9,105523.09
2024-09-30,92,ES,Sudeste,Familia,49.9,9114,53,6,53,-6,105032.01
2024-09-30,92,ES,Sudeste,HBO,34.9,5699,33,2,32,-1,45934.2
2024-09-30,92,ES,Sudeste,Telecine,29.9,4565,31,2,24,5,31522.75
2024-09-30,92,ES,Sudeste,Premiere,24.9,3425,25,3,17,5,19695.73
2024-09-30,92,PR,Sul,Familia,49.9,26884,170,16,150,4,309817.92
2024-09-30,92,PR,Sul,HBO,34.9,16816,117,8,93,16,135537.74
2024-09-30,92,PR,Sul,Telecine,29.9,13445,82,4,73,5,92841.92
2024-09-30,92,PR,Sul,Premiere,24.9,10083,71,8,60,3,57983.07
2024-09-30,92,SC,Sul,Familia,49.9,17274,106,12,100,-6,199069.88
2024-09-30,92,SC,Sul,HBO,34.9,10796,65,5,64,-4,87016.26
2024-09-30,92,SC,Sul,Telecine,29.9,8641,53,3,49,1,59668.8
2024-09-30,92,SC,Sul,Premiere,24.9,6480,40,5,35,0,37263.74
2024-09-30,92,RS,Sul,Familia,49.9,26869,165,19,157,-11,309645.06
2024-09-30,92,RS,Sul,HBO,34.9,16792,106,8,106,-8,135344.3
2024-09-30,92,RS,Sul,Telecine,29.9,13441,90,6,83,1,92814.3
2024-09-30,92,RS,Sul,Premiere,24.9,10074,66,10,62,-6,57931.32
2024-09-30,92,BA,Nordeste,Familia,49.9,34556,207,22,189,-4,398231.96
2024-09-30,92,BA,Nordeste,HBO,34.9,21592,120,10,118,-8,174032.52
2024-09-30,92,BA,Nordeste,Telecine,29.9,17274,102,6,102,-6,119282.36
2024-09-30,92,BA,Nordeste,Premiere,24.9,12971,92,13,68,11,74590.74
2024-09-30,92,CE,Nordeste,Familia,49.9,21585,134,16,133,-15,248750.92
2024-09-30,92,CE,Nordeste,HBO,34.9,13497,88,7,84,-3,108786.44
2024-09-30,92,CE,Nordeste,Telecine,29.9,10804,66,4,58,4,74604.99
2024-09-30,92,CE,Nordeste,Premiere,24.9,8101,57,8,48,1,46585.43
2024-09-30,92,PE,Nordeste,Familia,49.9,23023,129,14,132,-17,265322.79
2024-09-30,92,PE,Nordeste,HBO,34.9,14396,78,5,77,-4,116032.42
2024-09-30,92,PE,Nordeste,Telecine,29.9,11511,65,4,70,-9,79487.04
2024-09-30,92,PE,Nordeste,Premiere,24.9,8649,64,9,46,9,49736.74
2024-09-30,92,MA,Nordeste,Familia,49.9,16322,100,11,87,2,188098.8
2024-09-30,92,MA,Nordeste,HBO,34.9,10190,57,4,63,-10,82131.87
2024-09-30,92,MA,Nordeste,Telecine,29.9,8163,49,2,44,3,56368.06
2024-09-30,92,MA,Nordeste,Premiere,24.9,6126,44,5,33,6,35228.04
2024-09-30,92,PB,Nordeste,Familia,49.9,9605,70,6,59,5,110690.42
2024-09-30,92,PB,Nordeste,HBO,34.9,5998,35,2,35,-2,48344.16
2024-09-30,92,PB,Nordeste,Telecine,29.9,4800,28,1,27,0,33145.5
2024-09-30,92,PB,Nordeste,Premiere,24.9,3603,25,3,19,3,20719.33
2024-09-30,92,RN,Nordeste,Familia,49.9,8636,50,5,49,-4,99523.42
2024-09-30,92,RN,Nordeste,HBO,34.9,5404,37,3,30,4,43556.49
2024-09-30,92,RN,Nordeste,Telecine,29.9,4318,25,1,26,-2,29817.14
2024-09-30,92,RN,Nordeste,Premiere,24.9,3245,25,3,17,5,18660.62
2024-09-30,92,AL,Nordeste,Familia,49.9,7679,44,4,41,-1,88494.71
2024-09-30,92,AL,Nordeste,HBO,34.9,4799,30,2,29,-1,38680.16
2024-09-30,92,AL,Nordeste,Telecine,29.9,3837,22,1,24,-3,26495.68
2024-09-30,92,AL,Nordeste,Premiere,24.9,2880,19,2,17,0,16561.66
2024-09-30,92,SE,Nordeste,Familia,49.9,5281,35,4,30,1,60859.56
2024-09-30,92,SE,Nordeste,HBO,34.9,3299,20,1,20,-1,26590.09
2024-09-30,92,SE,Nordeste,Telecine,29.9,2642,17,1,14,2,18243.83
2024-09-30,92,SE,Nordeste,Premiere,24.9,1982,14,2,10,2,11397.64
2024-09-30,92,PI,Nordeste,Familia,49.9,7679,49,5,45,-1,88494.71
2024-09-30,92,PI,Nordeste,HBO,34.9,4801,29,2,26,1,38696.28
2024-09-30,92,PI,Nordeste,Telecine,29.9,3844,25,1,20,4,26544.02
2024-09-30,92,PI,Nordeste,Premiere,24.9,2885,22,2,15,5,16590.42
2024-09-30,92,GO,Centro-Oeste,Familia,49.9,15840,98,12,86,0,182544.11
2024-09-30,92,GO,Centro-Oeste,HBO,34.9,9905,60,4,51,5,79834.76
2024-09-30,92,GO,Centro-Oeste,Telecine,29.9,7925,52,4,43,5,54724.6
2024-09-30,92,GO,Centro-Oeste,Premiere,24.9,5943,40,5,32,3,34175.68
2024-09-30,92,MT,Centro-Oeste,Familia,49.9,8158,53,6,49,-2,94014.83
2024-09-30,92,MT,Centro-Oeste,HBO,34.9,5099,29,2,28,-1,41098.18
2024-09-30,92,MT,Centro-Oeste,Telecine,29.9,4083,25,1,21,3,28194.39
2024-09-30,92,MT,Centro-Oeste,Premiere,24.9,3062,21,3,16,2,17608.27
2024-09-30,92,MS,Centro-Oeste,Familia,49.9,6235,37,4,38,-5,71853.7
2024-09-30,92,MS,Centro-Oeste,HBO,34.9,3900,21,1,20,0,31434.18
2024-09-30,92,MS,Centro-Oeste,Telecine,29.9,3119,17,1,17,-1,21537.67
2024-09-30,92,MS,Centro-Oeste,Premiere,24.9,2341,15,2,12,1,13462.1
2024-09-30,92,DF,Centro-Oeste,Familia,49.9,6718,40,4,38,-2,77419.91
2024-09-30,92,DF,Centro-Oeste,HBO,34.9,4201,27,2,24,1,33860.25
2024-09-30,92,DF,Centro-Oeste,Telecine,29.9,3362,21,1,18,2,23215.66
2024-09-30,92,DF,Centro-Oeste,Premiere,24.9,2523,21,3,15,3,14508.71
2024-09-30,92,AM,Norte,Familia,49.9,9587,48,4,57,-13,110482.98
2024-09-30,92,AM,Norte,HBO,34.9,6004,37,2,31,4,48392.52
2024-09-30,92,AM,Norte,Telecine,29.9,4802,28,1,25,2,33159.31
2024-09-30,92,AM,Norte,Premiere,24.9,3606,28,4,18,6,20736.58
2024-09-30,92,PA,Norte,Familia,49.9,20145,118,11,122,-15,232156.0
2024-09-30,92,PA,Norte,HBO,34.9,12605,80,6,69,5,101596.88
2024-09-30,92,PA,Norte,Telecine,29.9,10079,59,4,56,-1,69598.64
2024-09-30,92,PA,Norte,Premiere,24.9,7561,52,7,44,1,43480.12
2024-09-30,92,RO,Norte,Familia,49.9,3842,25,2,21,2,44276.17
2024-09-30,92,RO,Norte,HBO,34.9,2402,15,1,12,2,19360.23
2024-09-30,92,RO,Norte,Telecine,29.9,1921,12,0,11,1,13265.1
2024-09-30,92,RO,Norte,Premiere,24.9,1441,10,1,8,1,8286.58
2024-09-30,92,AC,Norte,Familia,49.9,1920,11,1,10,0,22126.56
2024-09-30,92,AC,Norte,HBO,34.9,1200,7,0,7,0,9672.06
2024-09-30,92,AC,Norte,Telecine,29.9,960,5,0,5,0,6629.1
2024-09-30,92,AC,Norte,Premiere,24.9,721,5,0,4,1,4146.17
2024-09-30,92,RR,Norte,Familia,49.9,1441,8,0,7,1,16606.44
2024-09-30,92,RR,Norte,HBO,34.9,901,5,0,4,1,7262.1
2024-09-30,92,RR,Norte,Telecine,29.9,720,4,0,4,0,4971.82
2024-09-30,92,RR,Norte,Premiere,24.9,541,4,0,3,1,3111.06
2024-09-30,92,AP,Norte,Familia,49.9,1918,10,0,12,-2,22103.51
2024-09-30,92,AP,Norte,HBO,34.9,1200,6,0,6,0,9672.06
2024-09-30,92,AP,Norte,Telecine,29.9,959,5,0,6,-1,6622.19
2024-09-30,92,AP,Norte,Premiere,24.9,720,4,0,4,0,4140.42
2024-09-30,92,TO,Norte,Familia,49.9,3356,18,1,21,-4,38675.38
2024-09-30,92,TO,Norte,HBO,34.9,2099,11,0,12,-1,16918.04
2024-09-30,92,TO,Norte,Telecine,29.9,1681,9,0,8,1,11607.83
2024-09-30,92,TO,Norte,Premiere,24.9,1261,9,1,7,1,7251.48
2024-10-07,93,SP,Sudeste,Familia,49.9,104559,576,68,589,-81,1204964.0
2024-10-07,93,SP,Sudeste,HBO,34.9,65416,407,30,361,16,527255.98
2024-10-07,93,SP,Sudeste,Telecine,29.9,52274,304,22,328,-46,360968.27
2024-10-07,93,SP,Sudeste,Premiere,24.9,39243,256,40,213,3,225669.91
2024-10-07,93,RJ,Sudeste,Familia,49.9,39330,237,23,244,-30,453248.73
2024-10-07,93,RJ,Sudeste,HBO,34.9,24592,148,12,144,-8,198212.66
2024-10-07,93,RJ,Sudeste,Telecine,29.9,19677,109,6,106,-3,135875.82
2024-10-07,93,RJ,Sudeste,Premiere,24.9,14765,103,15,83,5,84907.27
2024-10-07,93,MG,Sudeste,Familia,49.9,48937,321,35,309,-23,563962.19
2024-10-07,93,MG,Sudeste,HBO,34.9,30623,201,14,163,24,246822.79
2024-10-07,93,MG,Sudeste,Telecine,29.9,24453,134,10,151,-27,168855.59
2024-10-07,93,MG,Sudeste,Premiere,24.9,18349,119,15,114,-10,105517.34
2024-10-07,93,ES,Sudeste,Familia,49.9,9116,57,5,56,-4,105055.06
2024-10-07,93,ES,Sudeste,HBO,34.9,5703,35,3,29,3,45966.44
2024-10-07,93,ES,Sudeste,Telecine,29.9,4561,27,2,24,1,31495.13
2024-10-07,93,ES,Sudeste,Premiere,24.9,3421,23,3,19,1,19672.73
2024-10-07,93,PR,Sul,Familia,49.9,26864,144,16,144,-16,309587.44
2024-10-07,93,PR,Sul,HBO,34.9,16793,101,8,100,-7,135352.36
2024-10-07,93,PR,Sul,Telecine,29.9,13430,78,5,83,-10,92738.34
2024-10-07,93,PR,Sul,Premiere,24.9,10079,68,9,60,-1,57960.07
2024-10-07,93,SC,Sul,Familia,49.9,17270,104,11,103,-10,199023.79
2024-10-07,93,SC,Sul,HBO,34.9,10796,60,5,59,-4,87016.26
2024-10-07,93,SC,Sul,Telecine,29.9,8638,50,3,49,-2,59648.08
2024-10-07,93,SC,Sul,Premiere,24.9,6485,52,6,41,5,37292.49
2024-10-07,93,RS,Sul,Familia,49.9,26865,155,18,152,-15,309598.96
2024-10-07,93,RS,Sul,HBO,34.9,16792,92,6,94,-8,135344.3
2024-10-07,93,RS,Sul,Telecine,29.9,13442,88,6,80,2,92821.2
2024-10-07,93,RS,Sul,Premiere,24.9,10086,74,9,59,6,58000.32
2024-10-07,93,BA,Nordeste,Familia,49.9,34553,214,20,201,-7,398197.39
2024-10-07,93,BA,Nordeste,HBO,34.9,21576,116,8,132,-24,173903.56
2024-10-07,93,BA,Nordeste,Telecine,29.9,17283,107,6,98,3,119344.5
2024-10-07,93,BA,Nordeste,Premiere,24.9,12958,90,13,79,-2,74515.98
2024-10-07,93,CE,Nordeste,Familia,49.9,21608,138,13,117,8,249015.98
2024-10-07,93,CE,Nordeste,HBO,34.9,13506,86,5,75,6,108858.98
2024-10-07,93,CE,Nordeste,Telecine,29.9,10799,69,4,66,-1,74570.46
2024-10-07,93,CE,Nordeste,Premiere,24.9,8101,59,9,49,1,46585.43
2024-10-07,93,PE,Nordeste,Familia,49.9,23032,137,15,130,-8,265426.51
2024-10-07,93,PE,Nordeste,HBO,34.9,14401,87,6,80,1,116072.73
2024-10-07,93,PE,Nordeste,Telecine,29.9,11515,65,4,66,-5,79514.67
2024-10-07,93,PE,Nordeste,Premiere,24.9,8641,57,7,49,1,49690.74
2024-10-07,93,MA,Nordeste,Familia,49.9,16317,109,13,99,-3,188041.18
2024-10-07,93,MA,Nordeste,HBO,34.9,10200,59,5,54,0,82212.47
2024-10-07,93,MA,Nordeste,Telecine,29.9,8158,44,2,44,-2,56333.53
2024-10-07,93,MA,Nordeste,Premiere,24.9,6117,37,4,36,-3,35176.28
2024-10-07,93,PB,Nordeste,Familia,49.9,9602,64,6,56,2,110655.84
2024-10-07,93,PB,Nordeste,HBO,34.9,5992,28,1,35,-8,48295.8
2024-10-07,93,PB,Nordeste,Telecine,29.9,4806,35,2,27,6,33186.93
2024-10-07,93,PB,Nordeste,Premiere,24.9,3605,27,3,19,5,20730.83
2024-10-07,93,RN,Nordeste,Familia,49.9,8642,58,5,51,2,99592.56
2024-10-07,93,RN,Nordeste,HBO,34.9,5400,36,3,33,0,43524.25
2024-10-07,93,RN,Nordeste,Telecine,29.9,4321,26,1,24,1,29837.85
2024-10-07,93,RN,Nordeste,Premiere,24.9,3242,21,2,17,2,18643.37
2024-10-07,93,AL,Nordeste,Familia,49.9,7680,48,5,43,0,88506.24
2024-10-07,93,AL,Nordeste,HBO,34.9,4798,30,2,30,-2,38672.1
2024-10-07,93,AL,Nordeste,Telecine,29.9,3838,21,1,22,-2,26502.59
2024-10-07,93,AL,Nordeste,Premiere,24.9,2881,21,3,17,1,16567.41
2024-10-07,93,SE,Nordeste,Familia,49.9,5279,30,3,28,-1,60836.51
2024-10-07,93,SE,Nordeste,HBO,34.9,3300,20,1,19,0,26598.15
2024-10-07,93,SE,Nordeste,Telecine,29.9,2640,16,1,15,0,18230.02
2024-10-07,93,SE,Nordeste,Premiere,24.9,1983,14,1,10,3,11403.39
2024-10-07,93,PI,Nordeste,Familia,49.9,7672,44,5,47,-8,88414.04
2024-10-07,93,PI,Nordeste,HBO,34.9,4799,29,2,28,-1,38680.16
2024-10-07,93,PI,Nordeste,Telecine,29.9,3839,23,1,23,-1,26509.49
2024-10-07,93,PI,Nordeste,Premiere,24.9,2881,20,3,16,1,16567.41
2024-10-07,93,GO,Centro-Oeste,Familia,49.9,15829,99,10,100,-11,182417.34
2024-10-07,93,GO,Centro-Oeste,HBO,34.9,9906,69,5,58,6,79842.82
2024-10-07,93,GO,Centro-Oeste,Telecine,29.9,7916,45,3,46,-4,54662.45
2024-10-07,93,GO,Centro-Oeste,Premiere,24.9,5934,36,5,37,-6,34123.93
2024-10-07,93,MT,Centro-Oeste,Familia,49.9,8162,49,4,43,2,94060.92
2024-10-07,93,MT,Centro-Oeste,HBO,34.9,5100,31,2,29,0,41106.24
2024-10-07,93,MT,Centro-Oeste,Telecine,29.9,4082,24,1,21,2,28187.48
2024-10-07,93,MT,Centro-Oeste,Premiere,24.9,3061,20,2,17,1,17602.52
2024-10-07,93,MS,Centro-Oeste,Familia,49.9,6236,31,2,33,-4,71865.22
2024-10-07,93,MS,Centro-Oeste,HBO,34.9,3903,25,1,21,3,31458.36
2024-10-07,93,MS,Centro-Oeste,Telecine,29.9,3118,17,1,18,-2,21530.76
2024-10-07,93,MS,Centro-Oeste,Premiere,24.9,2343,17,2,12,3,13473.6
2024-10-07,93,DF,Centro-Oeste,Familia,49.9,6721,41,4,36,1,77454.48
2024-10-07,93,DF,Centro-Oeste,HBO,34.9,4202,25,1,22,2,33868.31
2024-10-07,93,DF,Centro-Oeste,Telecine,29.9,3361,20,1,18,1,23208.75
2024-10-07,93,DF,Centro-Oeste,Premiere,24.9,2521,17,2,14,1,14497.21
2024-10-07,93,AM,Norte,Familia,49.9,9601,63,6,56,1,110644.32
2024-10-07,93,AM,Norte,HBO,34.9,5995,33,2,36,-5,48319.98
2024-10-07,93,AM,Norte,Telecine,29.9,4803,32,2,27,3,33166.21
2024-10-07,93,AM,Norte,Premiere,24.9,3603,27,3,21,3,20719.33
2024-10-07,93,PA,Norte,Familia,49.9,20156,112,10,106,-4,232282.77
2024-10-07,93,PA,Norte,HBO,34.9,12601,81,7,73,1,101564.64
2024-10-07,93,PA,Norte,Telecine,29.9,10083,67,4,60,3,69626.26
2024-10-07,93,PA,Norte,Premiere,24.9,7564,51,6,41,4,43497.37
2024-10-07,93,RO,Norte,Familia,49.9,3837,23,2,24,-3,44218.55
2024-10-07,93,RO,Norte,HBO,34.9,2400,14,1,13,0,19344.11
2024-10-07,93,RO,Norte,Telecine,29.9,1920,10,0,10,0,13258.2
2024-10-07,93,RO,Norte,Premiere,24.9,1439,8,1,8,-1,8275.08
2024-10-07,93,AC,Norte,Familia,49.9,1918,10,0,12,-2,22103.51
2024-10-07,93,AC,Norte,HBO,34.9,1201,8,0,7,1,9680.12
2024-10-07,93,AC,Norte,Telecine,29.9,960,5,0,5,0,6629.1
2024-10-07,93,AC,Norte,Premiere,24.9,721,4,0,3,1,4146.17
2024-10-07,93,RR,Norte,Familia,49.9,1441,8,0,7,1,16606.44
2024-10-07,93,RR,Norte,HBO,34.9,901,5,0,4,1,7262.1
2024-10-07,93,RR,Norte,Telecine,29.9,720,4,0,4,0,4971.82
2024-10-07,93,RR,Norte,Premiere,24.9,540,3,0,3,0,3105.31
2024-10-07,93,AP,Norte,Familia,49.9,1919,10,0,11,-1,22115.03
2024-10-07,93,AP,Norte,HBO,34.9,1201,7,0,6,1,9680.12
2024-10-07,93,AP,Norte,Telecine,29.9,960,5,0,5,0,6629.1
2024-10-07,93,AP,Norte,Premiere,24.9,720,4,0,4,0,4140.42
2024-10-07,93,TO,Norte,Familia,49.9,3360,22,2,20,0,38721.48
2024-10-07,93,TO,Norte,HBO,34.9,2100,11,0,11,0,16926.1
2024-10-07,93,TO,Norte,Telecine,29.9,1680,10,0,10,0,11600.92
2024-10-07,93,TO,Norte,Premiere,24.9,1260,8,1,7,0,7245.73
2024-10-14,94,SP,Sudeste,Familia,49.9,104513,523,51,599,-127,1204433.88
2024-10-14,94,SP,Sudeste,HBO,34.9,65380,366,32,354,-20,526965.82
2024-10-14,94,SP,Sudeste,Telecine,29.9,52313,313,22,298,-7,361237.58
2024-10-14,94,SP,Sudeste,Premiere,24.9,39221,260,38,241,-19,225543.39
2024-10-14,94,RJ,Sudeste,Familia,49.9,39336,244,26,242,-24,453317.88
2024-10-14,94,RJ,Sudeste,HBO,34.9,24589,144,13,142,-11,198188.48
2024-10-14,94,RJ,Sudeste,Telecine,29.9,19678,127,9,120,-2,135882.73
2024-10-14,94,RJ,Sudeste,Premiere,24.9,14766,107,12,89,6,84913.03
2024-10-14,94,MG,Sudeste,Familia,49.9,48967,297,34,256,7,564307.92
2024-10-14,94,MG,Sudeste,HBO,34.9,30587,189,14,187,-12,246532.63
2024-10-14,94,MG,Sudeste,Telecine,29.9,24480,155,11,144,0,169042.03
2024-10-14,94,MG,Sudeste,Premiere,24.9,18359,124,14,110,0,105574.85
2024-10-14,94,ES,Sudeste,Familia,49.9,9118,55,6,51,-2,105078.11
2024-10-14,94,ES,Sudeste,HBO,34.9,5698,35,3,34,-2,45926.14
2024-10-14,94,ES,Sudeste,Telecine,29.9,4558,27,2,27,-2,31474.41
2024-10-14,94,ES,Sudeste,Premiere,24.9,3420,22,3,19,0,19666.97
2024-10-14,94,PR,Sul,Familia,49.9,26847,139,15,157,-33,309391.52
2024-10-14,94,PR,Sul,HBO,34.9,16779,90,6,105,-21,135239.52
2024-10-14,94,PR,Sul,Telecine,29.9,13449,84,5,70,9,92869.54
2024-10-14,94,PR,Sul,Premiere,24.9,10090,78,12,56,10,58023.33
2024-10-14,94,SC,Sul,Familia,49.9,17277,109,12,100,-3,199104.46
2024-10-14,94,SC,Sul,HBO,34.9,10806,70,5,59,6,87096.86
2024-10-14,94,SC,Sul,Telecine,29.9,8646,55,3,46,6,59703.33
2024-10-14,94,SC,Sul,Premiere,24.9,6480,43,5,38,0,37263.74
2024-10-14,94,RS,Sul,Familia,49.9,26859,141,16,146,-21,309529.82
2024-10-14,94,RS,Sul,HBO,34.9,16794,94,7,93,-6,135360.42
2024-10-14,94,RS,Sul,Telecine,29.9,13436,80,5,79,-4,92779.77
2024-10-14,94,RS,Sul,Premiere,24.9,10085,66,8,53,5,57994.57
2024-10-14,94,BA,Nordeste,Familia,49.9,34543,209,22,204,-17,398082.15
2024-10-14,94,BA,Nordeste,HBO,34.9,21594,126,10,122,-6,174048.64
2024-10-14,94,BA,Nordeste,Telecine,29.9,17264,87,5,98,-16,119213.3
2024-10-14,94,BA,Nordeste,Premiere,24.9,12964,89,13,72,4,74550.48
2024-10-14,94,CE,Nordeste,Familia,49.9,21572,111,11,128,-28,248601.11
2024-10-14,94,CE,Nordeste,HBO,34.9,13498,81,6,77,-2,108794.5
2024-10-14,94,CE,Nordeste,Telecine,29.9,10796,65,4,65,-4,74549.75
2024-10-14,94,CE,Nordeste,Premiere,24.9,8097,52,7,48,-3,46562.42
2024-10-14,94,PE,Nordeste,Familia,49.9,23031,133,13,129,-9,265414.99
2024-10-14,94,PE,Nordeste,HBO,34.9,14403,84,6,75,3,116088.85
2024-10-14,94,PE,Nordeste,Telecine,29.9,11519,71,5,67,-1,79542.29
2024-10-14,94,PE,Nordeste,Premiere,24.9,8645,60,8,47,5,49713.74
2024-10-14,94,MA,Nordeste,Familia,49.9,16310,87,10,87,-10,187960.51
2024-10-14,94,MA,Nordeste,HBO,34.9,10202,64,4,58,2,82228.59
2024-10-14,94,MA,Nordeste,Telecine,29.9,8163,49,3,43,3,56368.06
2024-10-14,94,MA,Nordeste,Premiere,24.9,6122,42,5,35,2,35205.03
2024-10-14,94,PB,Nordeste,Familia,49.9,9585,44,5,54,-15,110459.93
2024-10-14,94,PB,Nordeste,HBO,34.9,6003,38,3,32,3,48384.46
2024-10-14,94,PB,Nordeste,Telecine,29.9,4802,30,1,27,2,33159.31
2024-10-14,94,PB,Nordeste,Premiere,24.9,3604,26,3,19,4,20725.08
2024-10-14,94,RN,Nordeste,Familia,49.9,8628,40,3,49,-12,99431.22
2024-10-14,94,RN,Nordeste,HBO,34.9,5399,29,2,28,-1,43516.19
2024-10-14,94,RN,Nordeste,Telecine,29.9,4317,25,1,27,-3,29810.23
2024-10-14,94,RN,Nordeste,Premiere,24.9,3241,20,2,17,1,18637.62
2024-10-14,94,AL,Nordeste,Familia,49.9,7676,44,5,43,-4,88460.14
2024-10-14,94,AL,Nordeste,HBO,34.9,4796,26,2,28,-4,38655.98
2024-10-14,94,AL,Nordeste,Telecine,29.9,3836,21,1,24,-4,26488.78
2024-10-14,94,AL,Nordeste,Premiere,24.9,2880,18,2,16,0,16561.66
2024-10-14,94,SE,Nordeste,Familia,49.9,5276,27,2,29,-4,60801.94
2024-10-14,94,SE,Nordeste,HBO,34.9,3296,17,1,20,-4,26565.91
2024-10-14,94,SE,Nordeste,Telecine,29.9,2640,16,0,16,0,18230.02
2024-10-14,94,SE,Nordeste,Premiere,24.9,1982,15,1,12,2,11397.64
2024-10-14,94,PI,Nordeste,Familia,49.9,7667,39,4,48,-13,88356.42
2024-10-14,94,PI,Nordeste,HBO,34.9,4799,27,2,26,-1,38680.16
2024-10-14,94,PI,Nordeste,Telecine,29.9,3838,22,1,23,-2,26502.59
2024-10-14,94,PI,Nordeste,Premiere,24.9,2877,17,2,18,-3,16544.41
2024-10-14,94,GO,Centro-Oeste,Familia,49.9,15832,92,8,92,-8,182451.92
2024-10-14,94,GO,Centro-Oeste,HBO,34.9,9891,52,4,57,-9,79721.92
2024-10-14,94,GO,Centro-Oeste,Telecine,29.9,7917,46,3,46,-3,54669.35
2024-10-14,94,GO,Centro-Oeste,Premiere,24.9,5943,40,4,33,3,34175.68
2024-10-14,94,MT,Centro-Oeste,Familia,49.9,8158,53,6,49,-2,94014.83
2024-10-14,94,MT,Centro-Oeste,HBO,34.9,5096,26,2,28,-4,41074.0
2024-10-14,94,MT,Centro-Oeste,Telecine,29.9,4082,24,1,21,2,28187.48
2024-10-14,94,MT,Centro-Oeste,Premiere,24.9,3061,22,2,19,1,17602.52
2024-10-14,94,MS,Centro-Oeste,Familia,49.9,6238,34,3,33,-2,71888.27
2024-10-14,94,MS,Centro-Oeste,HBO,34.9,3896,19,1,22,-4,31401.94
2024-10-14,94,MS,Centro-Oeste,Telecine,29.9,3118,17,1,18,-2,21530.76
2024-10-14,94,MS,Centro-Oeste,Premiere,24.9,2340,16,2,14,0,13456.35
2024-10-14,94,DF,Centro-Oeste,Familia,49.9,6714,38,4,40,-6,77373.81
2024-10-14,94,DF,Centro-Oeste,HBO,34.9,4196,19,1,22,-4,33819.95
2024-10-14,94,DF,Centro-Oeste,Telecine,29.9,3361,19,1,17,1,23208.75
2024-10-14,94,DF,Centro-Oeste,Premiere,24.9,2523,18,2,13,3,14508.71
2024-10-14,94,AM,Norte,Familia,49.9,9591,51,5,55,-9,110529.08
2024-10-14,94,AM,Norte,HBO,34.9,5991,31,2,38,-9,48287.74
2024-10-14,94,AM,Norte,Telecine,29.9,4803,31,1,27,3,33166.21
2024-10-14,94,AM,Norte,Premiere,24.9,3602,26,3,21,2,20713.58
2024-10-14,94,PA,Norte,Familia,49.9,20146,126,13,127,-14,232167.53
2024-10-14,94,PA,Norte,HBO,34.9,12598,67,4,65,-2,101540.46
2024-10-14,94,PA,Norte,Telecine,29.9,10083,60,4,53,3,69626.26
2024-10-14,94,PA,Norte,Premiere,24.9,7556,50,7,47,-4,43451.36
2024-10-14,94,RO,Norte,Familia,49.9,3837,22,2,23,-3,44218.55
2024-10-14,94,RO,Norte,HBO,34.9,2396,12,1,15,-4,19311.87
2024-10-14,94,RO,Norte,Telecine,29.9,1919,10,0,11,-1,13251.29
2024-10-14,94,RO,Norte,Premiere,24.9,1440,9,1,8,0,8280.83
2024-10-14,94,AC,Norte,Familia,49.9,1920,12,1,11,0,22126.56
2024-10-14,94,AC,Norte,HBO,34.9,1200,6,0,6,0,9672.06
2024-10-14,94,AC,Norte,Telecine,29.9,959,5,0,6,-1,6622.19
2024-10-14,94,AC,Norte,Premiere,24.9,720,4,0,4,0,4140.42
2024-10-14,94,RR,Norte,Familia,49.9,1439,7,0,8,-1,16583.39
2024-10-14,94,RR,Norte,HBO,34.9,901,5,0,4,1,7262.1
2024-10-14,94,RR,Norte,Telecine,29.9,719,3,0,4,-1,4964.92
2024-10-14,94,RR,Norte,Premiere,24.9,540,3,0,3,0,3105.31
2024-10-14,94,AP,Norte,Familia,49.9,1920,10,0,10,0,22126.56
2024-10-14,94,AP,Norte,HBO,34.9,1200,7,0,7,0,9672.06
2024-10-14,94,AP,Norte,Telecine,29.9,960,5,0,5,0,6629.1
2024-10-14,94,AP,Norte,Premiere,24.9,720,4,0,4,0,4140.42
2024-10-14,94,TO,Norte,Familia,49.9,3360,20,2,18,0,38721.48
2024-10-14,94,TO,Norte,HBO,34.9,2098,11,0,13,-2,16909.98
2024-10-14,94,TO,Norte,Telecine,29.9,1679,9,0,10,-1,11594.02
2024-10-14,94,TO,Norte,Premiere,24.9,1260,8,1,7,0,7245.73
2024-10-21,95,SP,Sudeste,Familia,49.9,104616,620,77,567,-24,1205620.88
2024-10-21,95,SP,Sudeste,HBO,34.9,65347,385,32,406,-53,526699.84
2024-10-21,95,SP,Sudeste,Telecine,29.9,52281,303,18,324,-39,361016.61
2024-10-21,95,SP,Sudeste,Premiere,24.9,39241,245,29,215,1,225658.41
2024-10-21,95,RJ,Sudeste,Familia,49.9,39334,237,29,234,-26,453294.83
2024-10-21,95,RJ,Sudeste,HBO,34.9,24589,141,12,140,-11,198188.48
2024-10-21,95,RJ,Sudeste,Telecine,29.9,19689,121,7,105,9,135958.68
2024-10-21,95,RJ,Sudeste,Premiere,24.9,14761,102,14,87,1,84884.27
2024-10-21,95,MG,Sudeste,Familia,49.9,48919,276,34,283,-41,563754.76
2024-10-21,95,MG,Sudeste,HBO,34.9,30593,170,15,161,-6,246580.99
2024-10-21,95,MG,Sudeste,Telecine,29.9,24476,152,11,145,-4,169014.41
2024-10-21,95,MG,Sudeste,Premiere,24.9,18365,118,15,97,6,105609.35
2024-10-21,95,ES,Sudeste,Familia,49.9,9105,47,5,57,-15,104928.29
2024-10-21,95,ES,Sudeste,HBO,34.9,5705,37,2,30,5,45982.56
2024-10-21,95,ES,Sudeste,Telecine,29.9,4561,31,2,28,1,31495.13
2024-10-21,95,ES,Sudeste,Premiere,24.9,3420,22,3,19,0,19666.97
2024-10-21,95,PR,Sul,Familia,49.9,26865,165,19,161,-15,309598.96
2024-10-21,95,PR,Sul,HBO,34.9,16807,103,8,88,7,135465.2
2024-10-21,95,PR,Sul,Telecine,29.9,13435,77,4,78,-5,92772.86
2024-10-21,95,PR,Sul,Premiere,24.9,10077,66,8,61,-3,57948.57
2024-10-21,95,SC,Sul,Familia,49.9,17261,93,9,103,-19,198920.07
2024-10-21,95,SC,Sul,HBO,34.9,10802,70,5,63,2,87064.62
2024-10-21,95,SC,Sul,Telecine,29.9,8635,43,3,45,-5,59627.37
2024-10-21,95,SC,Sul,Premiere,24.9,6480,43,5,38,0,37263.74
2024-10-21,95,RS,Sul,Familia,49.9,26881,158,17,140,1,309783.35
2024-10-21,95,RS,Sul,HBO,34.9,16786,98,7,105,-14,135295.94
2024-10-21,95,RS,Sul,Telecine,29.9,13442,77,5,70,2,92821.2
2024-10-21,95,RS,Sul,Premiere,24.9,10086,68,9,53,6,58000.32
2024-10-21,95,BA,Nordeste,Familia,49.9,34521,194,22,211,-39,397828.61
2024-10-21,95,BA,Nordeste,HBO,34.9,21573,117,8,136,-27,173879.38
2024-10-21,95,BA,Nordeste,Telecine,29.9,17282,106,8,96,2,119337.6
2024-10-21,95,BA,Nordeste,Premiere,24.9,12964,84,10,70,4,74550.48
2024-10-21,95,CE,Nordeste,Familia,49.9,21583,128,12,133,-17,248727.88
2024-10-21,95,CE,Nordeste,HBO,34.9,13480,68,6,82,-20,108649.42
2024-10-21,95,CE,Nordeste,Telecine,29.9,10797,65,4,64,-3,74556.65
2024-10-21,95,CE,Nordeste,Premiere,24.9,8106,57,8,43,6,46614.18
2024-10-21,95,PE,Nordeste,Familia,49.9,23028,144,14,142,-12,265380.42
2024-10-21,95,PE,Nordeste,HBO,34.9,14387,81,5,89,-13,115959.88
2024-10-21,95,PE,Nordeste,Telecine,29.9,11521,69,4,64,1,79556.1
2024-10-21,95,PE,Nordeste,Premiere,24.9,8636,53,7,50,-4,49661.99
2024-10-21,95,MA,Nordeste,Familia,49.9,16291,81,7,103,-29,187741.55
2024-10-21,95,MA,Nordeste,HBO,34.9,10203,60,4,53,3,82236.65
2024-10-21,95,MA,Nordeste,Telecine,29.9,8162,50,3,45,2,56361.15
2024-10-21,95,MA,Nordeste,Premiere,24.9,6121,41,5,35,1,35199.28
2024-10-21,95,PB,Nordeste,Familia,49.9,9598,55,6,51,-2,110609.75
2024-10-21,95,PB,Nordeste,HBO,34.9,5995,34,2,37,-5,48319.98
2024-10-21,95,PB,Nordeste,Telecine,29.9,4800,29,2,27,0,33145.5
2024-10-21,95,PB,Nordeste,Premiere,24.9,3601,26,3,22,1,20707.83
2024-10-21,95,RN,Nordeste,Familia,49.9,8636,52,6,50,-4,99523.42
2024-10-21,95,RN,Nordeste,HBO,34.9,5397,33,2,34,-3,43500.07
2024-10-21,95,RN,Nordeste,Telecine,29.9,4320,25,1,24,0,29830.95
2024-10-21,95,RN,Nordeste,Premiere,24.9,3240,21,2,19,0,18631.87
2024-10-21,95,AL,Nordeste,Familia,49.9,7680,51,5,46,0,88506.24
2024-10-21,95,AL,Nordeste,HBO,34.9,4796,28,2,30,-4,38655.98
2024-10-21,95,AL,Nordeste,Telecine,29.9,3836,20,1,23,-4,26488.78
2024-10-21,95,AL,Nordeste,Premiere,24.9,2883,20,2,15,3,16578.91
2024-10-21,95,SE,Nordeste,Familia,49.9,5275,29,2,32,-5,60790.42
2024-10-21,95,SE,Nordeste,HBO,34.9,3300,19,1,18,0,26598.15
2024-10-21,95,SE,Nordeste,Telecine,29.9,2639,13,0,14,-1,18223.12
2024-10-21,95,SE,Nordeste,Premiere,24.9,1980,12,1,11,0,11386.14
2024-10-21,95,PI,Nordeste,Familia,49.9,7672,43,4,47,-8,88414.04
2024-10-21,95,PI,Nordeste,HBO,34.9,4794,26,2,30,-6,38639.86
2024-10-21,95,PI,Nordeste,Telecine,29.9,3839,20,1,20,-1,26509.49
2024-10-21,95,PI,Nordeste,Premiere,24.9,2880,18,2,16,0,16561.66
2024-10-21,95,GO,Centro-Oeste,Familia,49.9,15821,77,8,88,-19,182325.15
2024-10-21,95,GO,Centro-Oeste,HBO,34.9,9895,55,3,57,-5,79754.16
2024-10-21,95,GO,Centro-Oeste,Telecine,29.9,7918,43,3,42,-2,54676.26
2024-10-21,95,GO,Centro-Oeste,Premiere,24.9,5938,38,5,35,-2,34146.93
2024-10-21,95,MT,Centro-Oeste,Familia,49.9,8156,47,5,46,-4,93991.78
2024-10-21,95,MT,Centro-Oeste,HBO,34.9,5097,29,2,30,-3,41082.06
2024-10-21,95,MT,Centro-Oeste,Telecine,29.9,4082,25,1,22,2,28187.48
2024-10-21,95,MT,Centro-Oeste,Premiere,24.9,3059,19,2,18,-1,17591.02
2024-10-21,95,MS,Centro-Oeste,Familia,49.9,6236,35,3,36,-4,71865.22
2024-10-21,95,MS,Centro-Oeste,HBO,34.9,3897,22,1,24,-3,31410.0
2024-10-21,95,MS,Centro-Oeste,Telecine,29.9,3122,19,1,16,2,21558.38
2024-10-21,95,MS,Centro-Oeste,Premiere,24.9,2342,17,2,13,2,13467.85
2024-10-21,95,DF,Centro-Oeste,Familia,49.9,6711,36,4,41,-9,77339.24
2024-10-21,95,DF,Centro-Oeste,HBO,34.9,4201,26,2,23,1,33860.25
2024-10-21,95,DF,Centro-Oeste,Telecine,29.9,3358,17,1,18,-2,23188.04
2024-10-21,95,DF,Centro-Oeste,Premiere,24.9,2522,17,2,13,2,14502.96
2024-10-21,95,AM,Norte,Familia,49.9,9595,54,5,54,-5,110575.17
2024-10-21,95,AM,Norte,HBO,34.9,5996,31,2,33,-4,48328.04
2024-10-21,95,AM,Norte,Telecine,29.9,4799,28,1,28,-1,33138.59
2024-10-21,95,AM,Norte,Premiere,24.9,3601,25,3,21,1,20707.83
2024-10-21,95,PA,Norte,Familia,49.9,20175,137,13,109,15,232501.73
2024-10-21,95,PA,Norte,HBO,34.9,12592,67,5,70,-8,101492.1
2024-10-21,95,PA,Norte,Telecine,29.9,10082,62,4,56,2,69619.35
2024-10-21,95,PA,Norte,Premiere,24.9,7562,53,7,44,2,43485.87
2024-10-21,95,RO,Norte,Familia,49.9,3838,22,2,22,-2,44230.07
2024-10-21,95,RO,Norte,HBO,34.9,2401,14,1,12,1,19352.17
2024-10-21,95,RO,Norte,Telecine,29.9,1921,11,0,10,1,13265.1
2024-10-21,95,RO,Norte,Premiere,24.9,1440,9,1,8,0,8280.83
2024-10-21,95,AC,Norte,Familia,49.9,1920,12,1,11,0,22126.56
2024-10-21,95,AC,Norte,HBO,34.9,1201,7,0,6,1,9680.12
2024-10-21,95,AC,Norte,Telecine,29.9,959,4,0,5,-1,6622.19
2024-10-21,95,AC,Norte,Premiere,24.9,721,4,0,3,1,4146.17
2024-10-21,95,RR,Norte,Familia,49.9,1440,8,0,8,0,16594.92
2024-10-21,95,RR,Norte,HBO,34.9,899,4,0,5,-1,7245.98
2024-10-21,95,RR,Norte,Telecine,29.9,721,4,0,3,1,4978.73
2024-10-21,95,RR,Norte,Premiere,24.9,540,3,0,3,0,3105.31
2024-10-21,95,AP,Norte,Familia,49.9,1920,11,1,10,0,22126.56
2024-10-21,95,AP,Norte,HBO,34.9,1199,6,0,7,-1,9664.0
2024-10-21,95,AP,Norte,Telecine,29.9,960,5,0,5,0,6629.1
2024-10-21,95,AP,Norte,Premiere,24.9,721,4,0,3,1,4146.17
2024-10-21,95,TO,Norte,Familia,49.9,3361,22,2,19,1,38733.0
2024-10-21,95,TO,Norte,HBO,34.9,2099,10,0,11,-1,16918.04
2024-10-21,95,TO,Norte,Telecine,29.9,1680,9,0,9,0,11600.92
2024-10-21,95,TO,Norte,Premiere,24.9,1262,8,0,6,2,7257.23
2024-10-28,96,SP,Sudeste,Familia,49.9,104575,624,65,624,-65,1205148.38
2024-10-28,96,SP,Sudeste,HBO,34.9,65352,391,31,408,-48,526740.14
2024-10-28,96,SP,Sudeste,Telecine,29.9,52279,291,18,314,-41,361002.79
2024-10-28,96,SP,Sudeste,Premiere,24.9,39215,238,35,228,-25,225508.89
2024-10-28,96,RJ,Sudeste,Familia,49.9,39360,243,28,215,0,453594.46
2024-10-28,96,RJ,Sudeste,HBO,34.9,24613,157,12,132,13,198381.92
2024-10-28,96,RJ,Sudeste,Telecine,29.9,19681,128,9,118,1,135903.44
2024-10-28,96,RJ,Sudeste,Premiere,24.9,14754,93,12,87,-6,84844.02
2024-10-28,96,MG,Sudeste,Familia,49.9,48935,293,30,288,-25,563939.15
2024-10-28,96,MG,Sudeste,HBO,34.9,30567,173,14,191,-32,246371.43
2024-10-28,96,MG,Sudeste,Telecine,29.9,24454,118,8,136,-26,168862.49
2024-10-28,96,MG,Sudeste,Premiere,24.9,18341,113,16,115,-18,105471.34
2024-10-28,96,ES,Sudeste,Familia,49.9,9119,53,6,48,-1,105089.63
2024-10-28,96,ES,Sudeste,HBO,34.9,5693,30,2,35,-7,45885.84
2024-10-28,96,ES,Sudeste,Telecine,29.9,4561,26,1,24,1,31495.13
2024-10-28,96,ES,Sudeste,Premiere,24.9,3423,24,3,18,3,19684.23
2024-10-28,96,PR,Sul,Familia,49.9,26856,159,18,165,-24,309495.24
2024-10-28,96,PR,Sul,HBO,34.9,16795,92,6,91,-5,135368.48
2024-10-28,96,PR,Sul,Telecine,29.9,13429,80,6,85,-11,92731.43
2024-10-28,96,PR,Sul,Premiere,24.9,10082,70,10,58,2,57977.32
2024-10-28,96,SC,Sul,Familia,49.9,17277,104,11,96,-3,199104.46
2024-10-28,96,SC,Sul,HBO,34.9,10792,53,4,57,-8,86984.02
2024-10-28,96,SC,Sul,Telecine,29.9,8641,54,3,50,1,59668.8
2024-10-28,96,SC,Sul,Premiere,24.9,6477,42,5,40,-3,37246.49
2024-10-28,96,RS,Sul,Familia,49.9,26875,159,15,149,-5,309714.2
2024-10-28,96,RS,Sul,HBO,34.9,16795,101,8,98,-5,135368.48
2024-10-28,96,RS,Sul,Telecine,29.9,13431,72,4,77,-9,92745.24
2024-10-28,96,RS,Sul,Premiere,24.9,10081,69,8,60,1,57971.57
2024-10-28,96,BA,Nordeste,Familia,49.9,34544,223,21,218,-16,398093.67
2024-10-28,96,BA,Nordeste,HBO,34.9,21601,129,8,120,1,174105.06
2024-10-28,96,BA,Nordeste,Telecine,29.9,17281,97,5,91,1,119330.69
2024-10-28,96,BA,Nordeste,Premiere,24.9,12954,86,12,80,-6,74492.98
2024-10-28,96,CE,Nordeste,Familia,49.9,21618,145,15,112,18,249131.22
2024-10-28,96,CE,Nordeste,HBO,34.9,13496,84,5,83,-4,108778.38
2024-10-28,96,CE,Nordeste,Telecine,29.9,10799,64,5,60,-1,74570.46
2024-10-28,96,CE,Nordeste,Premiere,24.9,8098,50,7,45,-2,46568.18
2024-10-28,96,PE,Nordeste,Familia,49.9,23022,122,14,126,-18,265311.27
2024-10-28,96,PE,Nordeste,HBO,34.9,14382,78,5,91,-18,115919.58
2024-10-28,96,PE,Nordeste,Telecine,29.9,11513,61,4,64,-7,79500.85
2024-10-28,96,PE,Nordeste,Premiere,24.9,8630,49,6,53,-10,49627.48
2024-10-28,96,MA,Nordeste,Familia,49.9,16298,85,9,98,-22,187822.22
2024-10-28,96,MA,Nordeste,HBO,34.9,10195,55,3,57,-5,82172.17
2024-10-28,96,MA,Nordeste,Telecine,29.9,8154,42,3,45,-6,56305.91
2024-10-28,96,MA,Nordeste,Premiere,24.9,6118,38,5,35,-2,35182.03
2024-10-28,96,PB,Nordeste,Familia,49.9,9597,52,5,50,-3,110598.22
2024-10-28,96,PB,Nordeste,HBO,34.9,5995,32,2,35,-5,48319.98
2024-10-28,96,PB,Nordeste,Telecine,29.9,4801,28,2,25,1,33152.4
2024-10-28,96,PB,Nordeste,Premiere,24.9,3598,21,2,21,-2,20690.58
2024-10-28,96,RN,Nordeste,Familia,49.9,8634,47,4,49,-6,99500.37
2024-10-28,96,RN,Nordeste,HBO,34.9,5400,33,2,31,0,43524.25
2024-10-28,96,RN,Nordeste,Telecine,29.9,4313,18,1,24,-7,29782.61
2024-10-28,96,RN,Nordeste,Premiere,24.9,3239,20,2,19,-1,18626.12
2024-10-28,96,AL,Nordeste,Familia,49.9,7676,45,4,45,-4,88460.14
2024-10-28,96,AL,Nordeste,HBO,34.9,4796,24,1,27,-4,38655.98
2024-10-28,96,AL,Nordeste,Telecine,29.9,3836,20,1,23,-4,26488.78
2024-10-28,96,AL,Nordeste,Premiere,24.9,2882,21,2,17,2,16573.16
2024-10-28,96,SE,Nordeste,Familia,49.9,5278,30,2,30,-2,60824.99
2024-10-28,96,SE,Nordeste,HBO,34.9,3300,20,1,19,0,26598.15
2024-10-28,96,SE,Nordeste,Telecine,29.9,2640,16,1,15,0,18230.02
2024-10-28,96,SE,Nordeste,Premiere,24.9,1983,14,1,10,3,11403.39
2024-10-28,96,PI,Nordeste,Familia,49.9,7674,39,4,41,-6,88437.09
2024-10-28,96,PI,Nordeste,HBO,34.9,4801,31,2,28,1,38696.28
2024-10-28,96,PI,Nordeste,Telecine,29.9,3837,18,1,20,-3,26495.68
2024-10-28,96,PI,Nordeste,Premiere,24.9,2882,19,2,15,2,16573.16
2024-10-28,96,GO,Centro-Oeste,Familia,49.9,15846,98,10,82,6,182613.26
2024-10-28,96,GO,Centro-Oeste,HBO,34.9,9892,57,4,61,-8,79729.98
2024-10-28,96,GO,Centro-Oeste,Telecine,29.9,7920,44,2,42,0,54690.07
2024-10-28,96,GO,Centro-Oeste,Premiere,24.9,5934,36,5,37,-6,34123.93
2024-10-28,96,MT,Centro-Oeste,Familia,49.9,8162,50,5,43,2,94060.92
2024-10-28,96,MT,Centro-Oeste,HBO,34.9,5098,28,2,28,-2,41090.12
2024-10-28,96,MT,Centro-Oeste,Telecine,29.9,4081,25,1,23,1,28180.58
2024-10-28,96,MT,Centro-Oeste,Premiere,24.9,3058,18,2,18,-2,17585.27
2024-10-28,96,MS,Centro-Oeste,Familia,49.9,6235,36,3,38,-5,71853.7
2024-10-28,96,MS,Centro-Oeste,HBO,34.9,3896,18,1,21,-4,31401.94
2024-10-28,96,MS,Centro-Oeste,Telecine,29.9,3117,16,1,18,-3,21523.86
2024-10-28,96,MS,Centro-Oeste,Premiere,24.9,2339,14,1,14,-1,13450.6
2024-10-28,96,DF,Centro-Oeste,Familia,49.9,6725,44,4,35,5,77500.58
2024-10-28,96,DF,Centro-Oeste,HBO,34.9,4198,21,1,22,-2,33836.07
2024-10-28,96,DF,Centro-Oeste,Telecine,29.9,3363,22,1,18,3,23222.56
2024-10-28,96,DF,Centro-Oeste,Premiere,24.9,2520,17,2,15,0,14491.45
2024-10-28,96,AM,Norte,Familia,49.9,9591,56,6,59,-9,110529.08
2024-10-28,96,AM,Norte,HBO,34.9,5995,30,2,33,-5,48319.98
2024-10-28,96,AM,Norte,Telecine,29.9,4801,28,2,25,1,33152.4
2024-10-28,96,AM,Norte,Premiere,24.9,3601,25,3,21,1,20707.83
2024-10-28,96,PA,Norte,Familia,49.9,20145,117,12,120,-15,232156.0
2024-10-28,96,PA,Norte,HBO,34.9,12598,79,6,75,-2,101540.46
2024-10-28,96,PA,Norte,Telecine,29.9,10072,57,3,62,-8,69550.3
2024-10-28,96,PA,Norte,Premiere,24.9,7560,51,6,45,0,43474.36
2024-10-28,96,RO,Norte,Familia,49.9,3838,21,2,21,-2,44230.07
2024-10-28,96,RO,Norte,HBO,34.9,2401,14,1,12,1,19352.17
2024-10-28,96,RO,Norte,Telecine,29.9,1921,12,0,11,1,13265.1
2024-10-28,96,RO,Norte,Premiere,24.9,1441,10,1,8,1,8286.58
2024-10-28,96,AC,Norte,Familia,49.9,1919,10,1,10,-1,22115.03
2024-10-28,96,AC,Norte,HBO,34.9,1201,7,0,6,1,9680.12
2024-10-28,96,AC,Norte,Telecine,29.9,958,4,0,6,-2,6615.29
2024-10-28,96,AC,Norte,Premiere,24.9,720,4,0,4,0,4140.42
2024-10-28,96,RR,Norte,Familia,49.9,1441,9,0,8,1,16606.44
2024-10-28,96,RR,Norte,HBO,34.9,900,5,0,5,0,7254.04
2024-10-28,96,RR,Norte,Telecine,29.9,719,3,0,4,-1,4964.92
2024-10-28,96,RR,Norte,Premiere,24.9,540,3,0,3,0,3105.31
2024-10-28,96,AP,Norte,Familia,49.9,1920,10,0,10,0,22126.56
2024-10-28,96,AP,Norte,HBO,34.9,1199,5,0,6,-1,9664.0
2024-10-28,96,AP,Norte,Telecine,29.9,960,5,0,5,0,6629.1
2024-10-28,96,AP,Norte,Premiere,24.9,720,4,0,4,0,4140.42
2024-10-28,96,TO,Norte,Familia,49.9,3361,20,2,17,1,38733.0
2024-10-28,96,TO,Norte,HBO,34.9,2098,9,0,11,-2,16909.98
2024-10-28,96,TO,Norte,Telecine,29.9,1679,9,0,10,-1,11594.02
2024-10-28,96,TO,Norte,Premiere,24.9,1261,8,1,6,1,7251.48
2024-11-04,97,SP,Sudeste,Familia,49.9,104545,596,65,626,-95,1204802.66
2024-11-04,97,SP,Sudeste,HBO,34.9,65404,434,30,400,4,527159.26
2024-11-04,97,SP,Sudeste,Telecine,29.9,52336,332,22,294,16,361396.4
2024-11-04,97,SP,Sudeste,Premiere,24.9,39251,293,43,239,11,225715.91
2024-11-04,97,RJ,Sudeste,Familia,49.9,39365,253,29,219,5,453652.08
2024-11-04,97,RJ,Sudeste,HBO,34.9,24608,164,13,143,8,198341.62
2024-11-04,97,RJ,Sudeste,Telecine,29.9,19682,131,9,120,2,135910.35
2024-11-04,97,RJ,Sudeste,Premiere,24.9,14778,115,17,80,18,84982.03
2024-11-04,97,MG,Sudeste,Familia,49.9,48959,297,34,264,-1,564215.73
2024-11-04,97,MG,Sudeste,HBO,34.9,30618,196,17,160,19,246782.49
2024-11-04,97,MG,Sudeste,Telecine,29.9,24473,145,11,141,-7,168993.7
2024-11-04,97,MG,Sudeste,Premiere,24.9,18362,134,20,111,3,105592.1
2024-11-04,97,ES,Sudeste,Familia,49.9,9122,58,7,49,2,105124.2
2024-11-04,97,ES,Sudeste,HBO,34.9,5701,33,2,30,1,45950.32
2024-11-04,97,ES,Sudeste,Telecine,29.9,4558,27,1,28,-2,31474.41
2024-11-04,97,ES,Sudeste,Premiere,24.9,3424,26,3,19,4,19689.98
2024-11-04,97,PR,Sul,Familia,49.9,26899,175,17,139,19,309990.79
2024-11-04,97,PR,Sul,HBO,34.9,16795,100,7,98,-5,135368.48
2024-11-04,97,PR,Sul,Telecine,29.9,13441,76,5,70,1,92814.3
2024-11-04,97,PR,Sul,Premiere,24.9,10088,78,12,58,8,58011.82
2024-11-04,97,SC,Sul,Familia,49.9,17275,117,14,108,-5,199081.41
2024-11-04,97,SC,Sul,HBO,34.9,10791,58,3,64,-9,86975.96
2024-11-04,97,SC,Sul,Telecine,29.9,8644,62,4,54,4,59689.52
2024-11-04,97,SC,Sul,Premiere,24.9,6479,44,6,39,-1,37257.99
2024-11-04,97,RS,Sul,Familia,49.9,26866,165,16,163,-14,309610.48
2024-11-04,97,RS,Sul,HBO,34.9,16787,99,7,105,-13,135304.0
2024-11-04,97,RS,Sul,Telecine,29.9,13438,86,6,82,-2,92793.58
2024-11-04,97,RS,Sul,Premiere,24.9,10085,73,9,59,5,57994.57
2024-11-04,97,BA,Nordeste,Familia,49.9,34576,230,28,186,16,398462.45
2024-11-04,97,BA,Nordeste,HBO,34.9,21591,126,10,125,-9,174024.46
2024-11-04,97,BA,Nordeste,Telecine,29.9,17281,107,8,98,1,119330.69
2024-11-04,97,BA,Nordeste,Premiere,24.9,12970,100,13,77,10,74584.99
2024-11-04,97,CE,Nordeste,Familia,49.9,21602,138,16,120,2,248946.84
2024-11-04,97,CE,Nordeste,HBO,34.9,13505,85,6,74,5,108850.92
2024-11-04,97,CE,Nordeste,Telecine,29.9,10796,62,4,62,-4,74549.75
2024-11-04,97,CE,Nordeste,Premiere,24.9,8099,57,9,49,-1,46573.93
2024-11-04,97,PE,Nordeste,Familia,49.9,23042,150,18,130,2,265541.76
2024-11-04,97,PE,Nordeste,HBO,34.9,14411,108,9,88,11,116153.33
2024-11-04,97,PE,Nordeste,Telecine,29.9,11516,71,4,71,-4,79521.57
2024-11-04,97,PE,Nordeste,Premiere,24.9,8643,63,7,53,3,49702.24
2024-11-04,97,MA,Nordeste,Familia,49.9,16316,108,12,100,-4,188029.65
2024-11-04,97,MA,Nordeste,HBO,34.9,10201,62,5,56,1,82220.53
2024-11-04,97,MA,Nordeste,Telecine,29.9,8168,61,3,50,8,56402.59
2024-11-04,97,MA,Nordeste,Premiere,24.9,6125,45,5,35,5,35222.29
2024-11-04,97,PB,Nordeste,Familia,49.9,9597,57,6,54,-3,110598.22
2024-11-04,97,PB,Nordeste,HBO,34.9,5999,34,2,33,-1,48352.22
2024-11-04,97,PB,Nordeste,Telecine,29.9,4795,26,1,30,-5,33110.97
2024-11-04,97,PB,Nordeste,Premiere,24.9,3601,23,3,19,1,20707.83
2024-11-04,97,RN,Nordeste,Familia,49.9,8641,51,4,46,1,99581.04
2024-11-04,97,RN,Nordeste,HBO,34.9,5400,33,2,31,0,43524.25
2024-11-04,97,RN,Nordeste,Telecine,29.9,4323,26,1,22,3,29851.66
2024-11-04,97,RN,Nordeste,Premiere,24.9,3243,23,3,17,3,18649.12
2024-11-04,97,AL,Nordeste,Familia,49.9,7683,49,5,41,3,88540.81
2024-11-04,97,AL,Nordeste,HBO,34.9,4800,30,2,28,0,38688.22
2024-11-04,97,AL,Nordeste,Telecine,29.9,3838,20,1,21,-2,26502.59
2024-11-04,97,AL,Nordeste,Premiere,24.9,2886,23,2,15,6,16596.17
2024-11-04,97,SE,Nordeste,Familia,49.9,5285,38,3,30,5,60905.66
2024-11-04,97,SE,Nordeste,HBO,34.9,3301,20,1,18,1,26606.21
2024-11-04,97,SE,Nordeste,Telecine,29.9,2641,18,1,16,1,18236.93
2024-11-04,97,SE,Nordeste,Premiere,24.9,1982,14,2,10,2,11397.64
2024-11-04,97,PI,Nordeste,Familia,49.9,7676,44,4,44,-4,88460.14
2024-11-04,97,PI,Nordeste,HBO,34.9,4802,30,2,26,2,38704.34
2024-11-04,97,PI,Nordeste,Telecine,29.9,3838,23,1,24,-2,26502.59
2024-11-04,97,PI,Nordeste,Premiere,24.9,2882,21,2,17,2,16573.16
2024-11-04,97,GO,Centro-Oeste,Familia,49.9,15831,100,11,98,-9,182440.39
2024-11-04,97,GO,Centro-Oeste,HBO,34.9,9895,61,4,62,-5,79754.16
2024-11-04,97,GO,Centro-Oeste,Telecine,29.9,7916,48,3,49,-4,54662.45
2024-11-04,97,GO,Centro-Oeste,Premiere,24.9,5942,41,5,34,2,34169.93
2024-11-04,97,MT,Centro-Oeste,Familia,49.9,8158,50,6,46,-2,94014.83
2024-11-04,97,MT,Centro-Oeste,HBO,34.9,5100,32,2,30,0,41106.24
2024-11-04,97,MT,Centro-Oeste,Telecine,29.9,4084,26,1,21,4,28201.29
2024-11-04,97,MT,Centro-Oeste,Premiere,24.9,3059,21,3,19,-1,17591.02
2024-11-04,97,MS,Centro-Oeste,Familia,49.9,6238,39,4,37,-2,71888.27
2024-11-04,97,MS,Centro-Oeste,HBO,34.9,3900,24,2,22,0,31434.18
2024-11-04,97,MS,Centro-Oeste,Telecine,29.9,3119,19,1,19,-1,21537.67
2024-11-04,97,MS,Centro-Oeste,Premiere,24.9,2340,15,2,13,0,13456.35
2024-11-04,97,DF,Centro-Oeste,Familia,49.9,6719,41,4,38,-1,77431.43
2024-11-04,97,DF,Centro-Oeste,HBO,34.9,4199,25,2,24,-1,33844.13
2024-11-04,97,DF,Centro-Oeste,Telecine,29.9,3360,20,1,19,0,23201.85
2024-11-04,97,DF,Centro-Oeste,Premiere,24.9,2521,16,2,13,1,14497.21
2024-11-04,97,AM,Norte,Familia,49.9,9601,62,6,55,1,110644.32
2024-11-04,97,AM,Norte,HBO,34.9,6002,37,2,33,2,48376.4
2024-11-04,97,AM,Norte,Telecine,29.9,4800,27,2,25,0,33145.5
2024-11-04,97,AM,Norte,Premiere,24.9,3599,24,3,22,-1,20696.33
2024-11-04,97,PA,Norte,Familia,49.9,20155,132,14,123,-5,232271.25
2024-11-04,97,PA,Norte,HBO,34.9,12601,76,5,70,1,101564.64
2024-11-04,97,PA,Norte,Telecine,29.9,10082,62,4,56,2,69619.35
2024-11-04,97,PA,Norte,Premiere,24.9,7574,60,7,39,14,43554.87
2024-11-04,97,RO,Norte,Familia,49.9,3840,23,2,21,0,44253.12
2024-11-04,97,RO,Norte,HBO,34.9,2400,13,1,12,0,19344.11
2024-11-04,97,RO,Norte,Telecine,29.9,1922,12,0,10,2,13272.01
2024-11-04,97,RO,Norte,Premiere,24.9,1440,9,1,8,0,8280.83
2024-11-04,97,AC,Norte,Familia,49.9,1921,12,1,10,1,22138.08
2024-11-04,97,AC,Norte,HBO,34.9,1201,7,0,6,1,9680.12
2024-11-04,97,AC,Norte,Telecine,29.9,961,6,0,5,1,6636.0
2024-11-04,97,AC,Norte,Premiere,24.9,721,5,0,4,1,4146.17
2024-11-04,97,RR,Norte,Familia,49.9,1440,8,0,8,0,16594.92
2024-11-04,97,RR,Norte,HBO,34.9,901,6,0,5,1,7262.1
2024-11-04,97,RR,Norte,Telecine,29.9,720,4,0,4,0,4971.82
2024-11-04,97,RR,Norte,Premiere,24.9,540,3,0,3,0,3105.31
2024-11-04,97,AP,Norte,Familia,49.9,1921,12,1,10,1,22138.08
2024-11-04,97,AP,Norte,HBO,34.9,1201,7,0,6,1,9680.12
2024-11-04,97,AP,Norte,Telecine,29.9,960,5,0,5,0,6629.1
2024-11-04,97,AP,Norte,Premiere,24.9,721,5,0,4,1,4146.17
2024-11-04,97,TO,Norte,Familia,49.9,3362,20,1,17,2,38744.53
2024-11-04,97,TO,Norte,HBO,34.9,2101,12,1,10,1,16934.16
2024-11-04,97,TO,Norte,Telecine,29.9,1679,9,0,10,-1,11594.02
2024-11-04,97,TO,Norte,Premiere,24.9,1260,8,1,7,0,7245.73
2024-11-11,98,SP,Sudeste,Familia,49.9,104671,667,82,554,31,1206254.71
2024-11-11,98,SP,Sudeste,HBO,34.9,65412,418,32,374,12,527223.74
2024-11-11,98,SP,Sudeste,Telecine,29.9,52355,383,24,324,35,361527.6
2024-11-11,98,SP,Sudeste,Premiere,24.9,39228,270,38,244,-12,225583.65
2024-11-11,98,RJ,Sudeste,Familia,49.9,39371,254,29,214,11,453721.22
2024-11-11,98,RJ,Sudeste,HBO,34.9,24571,127,9,147,-29,198043.39
2024-11-11,98,RJ,Sudeste,Telecine,29.9,19672,111,7,112,-8,135841.29
2024-11-11,98,RJ,Sudeste,Premiere,24.9,14777,109,16,76,17,84976.28
2024-11-11,98,MG,Sudeste,Familia,49.9,48967,352,41,304,7,564307.92
2024-11-11,98,MG,Sudeste,HBO,34.9,30627,215,16,171,28,246855.03
2024-11-11,98,MG,Sudeste,Telecine,29.9,24474,152,9,149,-6,169000.6
2024-11-11,98,MG,Sudeste,Premiere,24.9,18364,128,19,104,5,105603.6
2024-11-11,98,ES,Sudeste,Familia,49.9,9113,55,6,56,-7,105020.48
2024-11-11,98,ES,Sudeste,HBO,34.9,5700,35,2,33,0,45942.26
2024-11-11,98,ES,Sudeste,Telecine,29.9,4560,27,1,26,0,31488.22
2024-11-11,98,ES,Sudeste,Premiere,24.9,3424,23,2,17,4,19689.98
2024-11-11,98,PR,Sul,Familia,49.9,26883,167,19,145,3,309806.4
2024-11-11,98,PR,Sul,HBO,34.9,16801,102,9,92,1,135416.84
2024-11-11,98,PR,Sul,Telecine,29.9,13443,78,5,70,3,92828.11
2024-11-11,98,PR,Sul,Premiere,24.9,10079,70,9,62,-1,57960.07
2024-11-11,98,SC,Sul,Familia,49.9,17287,116,11,98,7,199219.7
2024-11-11,98,SC,Sul,HBO,34.9,10800,70,5,65,0,87048.5
2024-11-11,98,SC,Sul,Telecine,29.9,8647,55,3,45,7,59710.23
2024-11-11,98,SC,Sul,Premiere,24.9,6487,47,5,35,7,37304.0
2024-11-11,98,RS,Sul,Familia,49.9,26861,161,17,163,-19,309552.86
2024-11-11,98,RS,Sul,HBO,34.9,16798,94,6,90,-2,135392.66
2024-11-11,98,RS,Sul,Telecine,29.9,13444,92,5,83,4,92835.01
2024-11-11,98,RS,Sul,Premiere,24.9,10096,83,11,56,16,58057.83
2024-11-11,98,BA,Nordeste,Familia,49.9,34536,192,21,195,-24,398001.48
2024-11-11,98,BA,Nordeste,HBO,34.9,21586,129,9,134,-14,173984.16
2024-11-11,98,BA,Nordeste,Telecine,29.9,17294,119,7,98,14,119420.46
2024-11-11,98,BA,Nordeste,Premiere,24.9,12959,88,11,78,-1,74521.73
2024-11-11,98,CE,Nordeste,Familia,49.9,21591,138,15,132,-9,248820.07
2024-11-11,98,CE,Nordeste,HBO,34.9,13506,92,6,80,6,108858.98
2024-11-11,98,CE,Nordeste,Telecine,29.9,10810,77,4,63,10,74646.42
2024-11-11,98,CE,Nordeste,Premiere,24.9,8101,58,8,49,1,46585.43
2024-11-11,98,PE,Nordeste,Familia,49.9,23046,155,19,130,6,265587.85
2024-11-11,98,PE,Nordeste,HBO,34.9,14403,94,6,85,3,116088.85
2024-11-11,98,PE,Nordeste,Telecine,29.9,11516,68,4,68,-4,79521.57
2024-11-11,98,PE,Nordeste,Premiere,24.9,8645,64,9,50,5,49713.74
2024-11-11,98,MA,Nordeste,Familia,49.9,16299,90,10,101,-21,187833.74
2024-11-11,98,MA,Nordeste,HBO,34.9,10198,65,5,62,-2,82196.35
2024-11-11,98,MA,Nordeste,Telecine,29.9,8157,48,3,48,-3,56326.63
2024-11-11,98,MA,Nordeste,Premiere,24.9,6122,42,5,35,2,35205.03
2024-11-11,98,PB,Nordeste,Familia,49.9,9600,56,6,50,0,110632.79
2024-11-11,98,PB,Nordeste,HBO,34.9,6002,40,3,35,2,48376.4
2024-11-11,98,PB,Nordeste,Telecine,29.9,4799,29,2,28,-1,33138.59
2024-11-11,98,PB,Nordeste,Premiere,24.9,3603,25,3,19,3,20719.33
2024-11-11,98,RN,Nordeste,Familia,49.9,8644,58,5,49,4,99615.61
2024-11-11,98,RN,Nordeste,HBO,34.9,5396,29,2,31,-4,43492.01
2024-11-11,98,RN,Nordeste,Telecine,29.9,4325,30,2,23,5,29865.47
2024-11-11,98,RN,Nordeste,Premiere,24.9,3242,23,3,18,2,18643.37
2024-11-11,98,AL,Nordeste,Familia,49.9,7682,54,6,46,2,88529.28
2024-11-11,98,AL,Nordeste,HBO,34.9,4802,34,3,29,2,38704.34
2024-11-11,98,AL,Nordeste,Telecine,29.9,3840,23,1,22,0,26516.4
2024-11-11,98,AL,Nordeste,Premiere,24.9,2883,22,3,16,3,16578.91
2024-11-11,98,SE,Nordeste,Familia,49.9,5280,30,3,27,0,60848.04
2024-11-11,98,SE,Nordeste,HBO,34.9,3303,24,1,20,3,26622.33
2024-11-11,98,SE,Nordeste,Telecine,29.9,2641,16,1,14,1,18236.93
2024-11-11,98,SE,Nordeste,Premiere,24.9,1982,15,2,11,2,11397.64
2024-11-11,98,PI,Nordeste,Familia,49.9,7680,46,5,41,0,88506.24
2024-11-11,98,PI,Nordeste,HBO,34.9,4799,28,2,27,-1,38680.16
2024-11-11,98,PI,Nordeste,Telecine,29.9,3840,24,1,23,0,26516.4
2024-11-11,98,PI,Nordeste,Premiere,24.9,2882,20,2,16,2,16573.16
2024-11-11,98,GO,Centro-Oeste,Familia,49.9,15836,102,11,95,-4,182498.01
2024-11-11,98,GO,Centro-Oeste,HBO,34.9,9908,63,4,51,8,79858.94
2024-11-11,98,GO,Centro-Oeste,Telecine,29.9,7920,47,3,44,0,54690.07
2024-11-11,98,GO,Centro-Oeste,Premiere,24.9,5940,42,6,36,0,34158.43
2024-11-11,98,MT,Centro-Oeste,Familia,49.9,8159,54,6,49,-1,94026.35
2024-11-11,98,MT,Centro-Oeste,HBO,34.9,5105,35,2,28,5,41146.54
2024-11-11,98,MT,Centro-Oeste,Telecine,29.9,4082,27,2,23,2,28187.48
2024-11-11,98,MT,Centro-Oeste,Premiere,24.9,3062,20,3,15,2,17608.27
2024-11-11,98,MS,Centro-Oeste,Familia,49.9,6238,41,4,39,-2,71888.27
2024-11-11,98,MS,Centro-Oeste,HBO,34.9,3902,25,2,21,2,31450.3
2024-11-11,98,MS,Centro-Oeste,Telecine,29.9,3123,20,1,16,3,21565.29
2024-11-11,98,MS,Centro-Oeste,Premiere,24.9,2339,15,2,14,-1,13450.6
2024-11-11,98,DF,Centro-Oeste,Familia,49.9,6719,38,3,36,-1,77431.43
2024-11-11,98,DF,Centro-Oeste,HBO,34.9,4200,25,1,24,0,33852.19
2024-11-11,98,DF,Centro-Oeste,Telecine,29.9,3361,23,1,21,1,23208.75
2024-11-11,98,DF,Centro-Oeste,Premiere,24.9,2522,19,2,15,2,14502.96
2024-11-11,98,AM,Norte,Familia,49.9,9605,65,7,53,5,110690.42
2024-11-11,98,AM,Norte,HBO,34.9,6000,37,2,35,0,48360.28
2024-11-11,98,AM,Norte,Telecine,29.9,4799,29,2,28,-1,33138.59
2024-11-11,98,AM,Norte,Premiere,24.9,3601,25,3,21,1,20707.83
2024-11-11,98,PA,Norte,Familia,49.9,20150,117,13,114,-10,232213.63
2024-11-11,98,PA,Norte,HBO,34.9,12608,86,7,71,8,101621.06
2024-11-11,98,PA,Norte,Telecine,29.9,10066,52,3,63,-14,69508.87
2024-11-11,98,PA,Norte,Premiere,24.9,7562,51,6,43,2,43485.87
2024-11-11,98,RO,Norte,Familia,49.9,3843,25,2,20,3,44287.69
2024-11-11,98,RO,Norte,HBO,34.9,2401,15,1,13,1,19352.17
2024-11-11,98,RO,Norte,Telecine,29.9,1920,11,0,11,0,13258.2
2024-11-11,98,RO,Norte,Premiere,24.9,1440,10,1,9,0,8280.83
2024-11-11,98,AC,Norte,Familia,49.9,1921,13,1,11,1,22138.08
2024-11-11,98,AC,Norte,HBO,34.9,1200,7,0,7,0,9672.06
2024-11-11,98,AC,Norte,Telecine,29.9,961,6,0,5,1,6636.0
2024-11-11,98,AC,Norte,Premiere,24.9,722,5,0,3,2,4151.92
2024-11-11,98,RR,Norte,Familia,49.9,1442,9,0,7,2,16617.97
2024-11-11,98,RR,Norte,HBO,34.9,900,5,0,5,0,7254.04
2024-11-11,98,RR,Norte,Telecine,29.9,720,4,0,4,0,4971.82
2024-11-11,98,RR,Norte,Premiere,24.9,541,3,0,2,1,3111.06
2024-11-11,98,AP,Norte,Familia,49.9,1920,11,1,10,0,22126.56
2024-11-11,98,AP,Norte,HBO,34.9,1200,7,0,7,0,9672.06
2024-11-11,98,AP,Norte,Telecine,29.9,961,6,0,5,1,6636.0
2024-11-11,98,AP,Norte,Premiere,24.9,722,5,0,3,2,4151.92
2024-11-11,98,TO,Norte,Familia,49.9,3361,21,2,18,1,38733.0
2024-11-11,98,TO,Norte,HBO,34.9,2102,14,1,11,2,16942.22
2024-11-11,98,TO,Norte,Telecine,29.9,1680,9,0,9,0,11600.92
2024-11-11,98,TO,Norte,Premiere,24.9,1262,9,1,6,2,7257.23
2024-11-18,99,SP,Sudeste,Familia,49.9,104661,668,65,582,21,1206139.47
2024-11-18,99,SP,Sudeste,HBO,34.9,65457,450,39,354,57,527586.44
2024-11-18,99,SP,Sudeste,Telecine,29.9,52312,321,19,310,-8,361230.67
2024-11-18,99,SP,Sudeste,Premiere,24.9,39273,303,36,234,33,225842.42
2024-11-18,99,RJ,Sudeste,Familia,49.9,39389,262,26,207,29,453928.66
2024-11-18,99,RJ,Sudeste,HBO,34.9,24584,144,12,148,-16,198148.18
2024-11-18,99,RJ,Sudeste,Telecine,29.9,19687,126,9,110,7,135944.87
2024-11-18,99,RJ,Sudeste,Premiere,24.9,14781,122,16,85,21,84999.28
2024-11-18,99,MG,Sudeste,Familia,49.9,48970,307,34,263,10,564342.49
2024-11-18,99,MG,Sudeste,HBO,34.9,30583,182,15,183,-16,246500.39
2024-11-18,99,MG,Sudeste,Telecine,29.9,24508,180,11,141,28,169235.38
2024-11-18,99,MG,Sudeste,Premiere,24.9,18371,131,19,100,12,105643.86
2024-11-18,99,ES,Sudeste,Familia,49.9,9116,59,6,57,-4,105055.06
2024-11-18,99,ES,Sudeste,HBO,34.9,5699,31,2,30,-1,45934.2
2024-11-18,99,ES,Sudeste,Telecine,29.9,4564,32,2,26,4,31515.84
2024-11-18,99,ES,Sudeste,Premiere,24.9,3424,26,3,19,4,19689.98
2024-11-18,99,PR,Sul,Familia,49.9,26875,170,19,156,-5,309714.2
2024-11-18,99,PR,Sul,HBO,34.9,16787,91,8,96,-13,135304.0
2024-11-18,99,PR,Sul,Telecine,29.9,13439,84,5,80,-1,92800.48
2024-11-18,99,PR,Sul,Premiere,24.9,10090,84,12,62,10,58023.33
2024-11-18,99,SC,Sul,Familia,49.9,17276,112,11,105,-4,199092.93
2024-11-18,99,SC,Sul,HBO,34.9,10812,73,5,56,12,87145.22
2024-11-18,99,SC,Sul,Telecine,29.9,8639,50,3,48,-1,59654.99
2024-11-18,99,SC,Sul,Premiere,24.9,6483,48,6,39,3,37280.99
2024-11-18,99,RS,Sul,Familia,49.9,26887,168,15,146,7,309852.49
2024-11-18,99,RS,Sul,HBO,34.9,16782,94,6,106,-18,135263.7
2024-11-18,99,RS,Sul,Telecine,29.9,13431,77,5,81,-9,92745.24
2024-11-18,99,RS,Sul,Premiere,24.9,10084,76,10,62,4,57988.82
2024-11-18,99,BA,Nordeste,Familia,49.9,34576,217,22,179,16,398462.45
2024-11-18,99,BA,Nordeste,HBO,34.9,21637,166,11,118,37,174395.22
2024-11-18,99,BA,Nordeste,Telecine,29.9,17307,126,9,90,27,119510.23
2024-11-18,99,BA,Nordeste,Premiere,24.9,12991,114,16,67,31,74705.75
2024-11-18,99,CE,Nordeste,Familia,49.9,21602,128,14,112,2,248946.84
2024-11-18,99,CE,Nordeste,HBO,34.9,13507,86,7,72,7,108867.04
2024-11-18,99,CE,Nordeste,Telecine,29.9,10793,60,3,64,-7,74529.03
2024-11-18,99,CE,Nordeste,Premiere,24.9,8104,65,10,51,4,46602.68
2024-11-18,99,PE,Nordeste,Familia,49.9,23026,132,13,133,-14,265357.37
2024-11-18,99,PE,Nordeste,HBO,34.9,14382,78,5,91,-18,115919.58
2024-11-18,99,PE,Nordeste,Telecine,29.9,11519,69,5,65,-1,79542.29
2024-11-18,99,PE,Nordeste,Premiere,24.9,8647,63,9,47,7,49725.24
2024-11-18,99,MA,Nordeste,Familia,49.9,16334,114,11,89,14,188237.09
2024-11-18,99,MA,Nordeste,HBO,34.9,10189,57,4,64,-11,82123.81
2024-11-18,99,MA,Nordeste,Telecine,29.9,8161,53,4,48,1,56354.25
2024-11-18,99,MA,Nordeste,Premiere,24.9,6123,45,7,35,3,35210.79
2024-11-18,99,PB,Nordeste,Familia,49.9,9611,70,6,53,11,110759.56
2024-11-18,99,PB,Nordeste,HBO,34.9,6000,40,3,37,0,48360.28
2024-11-18,99,PB,Nordeste,Telecine,29.9,4802,30,2,26,2,33159.31
2024-11-18,99,PB,Nordeste,Premiere,24.9,3600,25,3,22,0,20702.08
2024-11-18,99,RN,Nordeste,Familia,49.9,8639,58,6,53,-1,99557.99
2024-11-18,99,RN,Nordeste,HBO,34.9,5403,36,2,31,3,43548.43
2024-11-18,99,RN,Nordeste,Telecine,29.9,4320,26,1,25,0,29830.95
2024-11-18,99,RN,Nordeste,Premiere,24.9,3242,23,3,18,2,18643.37
2024-11-18,99,AL,Nordeste,Familia,49.9,7677,46,5,44,-3,88471.66
2024-11-18,99,AL,Nordeste,HBO,34.9,4800,27,2,25,0,38688.22
2024-11-18,99,AL,Nordeste,Telecine,29.9,3841,22,1,20,1,26523.3
2024-11-18,99,AL,Nordeste,Premiere,24.9,2885,22,2,15,5,16590.42
2024-11-18,99,SE,Nordeste,Familia,49.9,5275,30,3,32,-5,60790.42
2024-11-18,99,SE,Nordeste,HBO,34.9,3302,20,1,17,2,26614.27
2024-11-18,99,SE,Nordeste,Telecine,29.9,2643,18,1,14,3,18250.74
2024-11-18,99,SE,Nordeste,Premiere,24.9,1981,15,2,12,1,11391.89
2024-11-18,99,PI,Nordeste,Familia,49.9,7681,52,6,45,1,88517.76
2024-11-18,99,PI,Nordeste,HBO,34.9,4802,30,2,26,2,38704.34
2024-11-18,99,PI,Nordeste,Telecine,29.9,3841,24,1,22,1,26523.3
2024-11-18,99,PI,Nordeste,Premiere,24.9,2879,17,2,16,-1,16555.91
2024-11-18,99,GO,Centro-Oeste,Familia,49.9,15835,101,12,94,-5,182486.49
2024-11-18,99,GO,Centro-Oeste,HBO,34.9,9907,66,6,53,7,79850.88
2024-11-18,99,GO,Centro-Oeste,Telecine,29.9,7926,51,3,42,6,54731.5
2024-11-18,99,GO,Centro-Oeste,Premiere,24.9,5942,41,5,34,2,34169.93
2024-11-18,99,MT,Centro-Oeste,Familia,49.9,8159,52,5,48,-1,94026.35
2024-11-18,99,MT,Centro-Oeste,HBO,34.9,5098,29,2,29,-2,41090.12
2024-11-18,99,MT,Centro-Oeste,Telecine,29.9,4081,27,1,25,1,28180.58
2024-11-18,99,MT,Centro-Oeste,Premiere,24.9,3063,22,3,16,3,17614.02
2024-11-18,99,MS,Centro-Oeste,Familia,49.9,6233,34,3,38,-7,71830.65
2024-11-18,99,MS,Centro-Oeste,HBO,34.9,3900,25,2,23,0,31434.18
2024-11-18,99,MS,Centro-Oeste,Telecine,29.9,3117,17,1,19,-3,21523.86
2024-11-18,99,MS,Centro-Oeste,Premiere,24.9,2344,18,2,12,4,13479.35
2024-11-18,99,DF,Centro-Oeste,Familia,49.9,6714,40,5,41,-6,77373.81
2024-11-18,99,DF,Centro-Oeste,HBO,34.9,4203,28,2,23,3,33876.37
2024-11-18,99,DF,Centro-Oeste,Telecine,29.9,3358,19,1,20,-2,23188.04
2024-11-18,99,DF,Centro-Oeste,Premiere,24.9,2521,17,2,14,1,14497.21
2024-11-18,99,AM,Norte,Familia,49.9,9601,64,7,56,1,110644.32
2024-11-18,99,AM,Norte,HBO,34.9,5999,37,2,36,-1,48352.22
2024-11-18,99,AM,Norte,Telecine,29.9,4800,29,2,27,0,33145.5
2024-11-18,99,AM,Norte,Premiere,24.9,3602,26,3,21,2,20713.58
2024-11-18,99,PA,Norte,Familia,49.9,20156,123,12,115,-4,232282.77
2024-11-18,99,PA,Norte,HBO,34.9,12596,82,7,79,-4,101524.34
2024-11-18,99,PA,Norte,Telecine,29.9,10080,65,4,61,0,69605.54
2024-11-18,99,PA,Norte,Premiere,24.9,7565,57,9,43,5,43503.12
2024-11-18,99,RO,Norte,Familia,49.9,3842,25,2,21,2,44276.17
2024-11-18,99,RO,Norte,HBO,34.9,2402,16,1,13,2,19360.23
2024-11-18,99,RO,Norte,Telecine,29.9,1920,12,0,12,0,13258.2
2024-11-18,99,RO,Norte,Premiere,24.9,1442,10,1,7,2,8292.33
2024-11-18,99,AC,Norte,Familia,49.9,1920,11,1,10,0,22126.56
2024-11-18,99,AC,Norte,HBO,34.9,1201,7,0,6,1,9680.12
2024-11-18,99,AC,Norte,Telecine,29.9,960,5,0,5,0,6629.1
2024-11-18,99,AC,Norte,Premiere,24.9,720,4,0,4,0,4140.42
2024-11-18,99,RR,Norte,Familia,49.9,1440,8,0,8,0,16594.92
2024-11-18,99,RR,Norte,HBO,34.9,901,5,0,4,1,7262.1
2024-11-18,99,RR,Norte,Telecine,29.9,720,4,0,4,0,4971.82
2024-11-18,99,RR,Norte,Premiere,24.9,541,3,0,2,1,3111.06
2024-11-18,99,AP,Norte,Familia,49.9,1919,10,1,10,-1,22115.03
2024-11-18,99,AP,Norte,HBO,34.9,1201,7,0,6,1,9680.12
2024-11-18,99,AP,Norte,Telecine,29.9,960,5,0,5,0,6629.1
2024-11-18,99,AP,Norte,Premiere,24.9,721,5,0,4,1,4146.17
2024-11-18,99,TO,Norte,Familia,49.9,3359,22,2,21,-1,38709.95
2024-11-18,99,TO,Norte,HBO,34.9,2099,13,1,13,-1,16918.04
2024-11-18,99,TO,Norte,Telecine,29.9,1682,10,0,8,2,11614.73
2024-11-18,99,TO,Norte,Premiere,24.9,1261,8,1,6,1,7251.48
2024-11-25,100,SP,Sudeste,Familia,49.9,104634,689,68,627,-6,1205828.31
2024-11-25,100,SP,Sudeste,HBO,34.9,65362,389,34,393,-38,526820.74
2024-11-25,100,SP,Sudeste,Telecine,29.9,52380,370,23,287,60,361700.23
2024-11-25,100,SP,Sudeste,Premiere,24.9,39288,295,41,206,48,225928.68
2024-11-25,100,RJ,Sudeste,Familia,49.9,39340,256,31,245,-20,453363.97
2024-11-25,100,RJ,Sudeste,HBO,34.9,24610,153,12,131,10,198357.74
2024-11-25,100,RJ,Sudeste,Telecine,29.9,19694,126,8,104,14,135993.21
2024-11-25,100,RJ,Sudeste,Premiere,24.9,14763,104,15,86,3,84895.77
2024-11-25,100,MG,Sudeste,Familia,49.9,48982,345,41,282,22,564480.79
2024-11-25,100,MG,Sudeste,HBO,34.9,30587,192,13,191,-12,246532.63
2024-11-25,100,MG,Sudeste,Telecine,29.9,24480,148,10,138,0,169042.03
2024-11-25,100,MG,Sudeste,Premiere,24.9,18379,146,21,105,20,105689.86
2024-11-25,100,ES,Sudeste,Familia,49.9,9132,67,7,48,12,105239.45
2024-11-25,100,ES,Sudeste,HBO,34.9,5704,37,2,31,4,45974.5
2024-11-25,100,ES,Sudeste,Telecine,29.9,4561,26,1,24,1,31495.13
2024-11-25,100,ES,Sudeste,Premiere,24.9,3422,25,3,20,2,19678.48
2024-11-25,100,PR,Sul,Familia,49.9,26894,181,22,145,14,309933.16
2024-11-25,100,PR,Sul,HBO,34.9,16796,104,9,99,-4,135376.54
2024-11-25,100,PR,Sul,Telecine,29.9,13442,85,6,77,2,92821.2
2024-11-25,100,PR,Sul,Premiere,24.9,10085,77,11,61,5,57994.57
2024-11-25,100,SC,Sul,Familia,49.9,17279,100,9,92,-1,199127.51
2024-11-25,100,SC,Sul,HBO,34.9,10809,72,6,57,9,87121.04
2024-11-25,100,SC,Sul,Telecine,29.9,8638,50,3,49,-2,59648.08
2024-11-25,100,SC,Sul,Premiere,24.9,6480,46,7,39,0,37263.74
2024-11-25,100,RS,Sul,Familia,49.9,26871,170,18,161,-9,309668.11
2024-11-25,100,RS,Sul,HBO,34.9,16811,107,7,89,11,135497.44
2024-11-25,100,RS,Sul,Telecine,29.9,13445,80,5,70,5,92841.92
2024-11-25,100,RS,Sul,Premiere,24.9,10090,79,11,58,10,58023.33
2024-11-25,100,BA,Nordeste,Familia,49.9,34535,207,21,211,-25,397989.95
2024-11-25,100,BA,Nordeste,HBO,34.9,21613,151,12,126,13,174201.78
2024-11-25,100,BA,Nordeste,Telecine,29.9,17275,108,8,105,-5,119289.26
2024-11-25,100,BA,Nordeste,Premiere,24.9,12964,99,14,81,4,74550.48
2024-11-25,100,CE,Nordeste,Familia,49.9,21610,147,18,119,10,249039.03
2024-11-25,100,CE,Nordeste,HBO,34.9,13497,83,5,81,-3,108786.44
2024-11-25,100,CE,Nordeste,Telecine,29.9,10810,72,4,58,10,74646.42
2024-11-25,100,CE,Nordeste,Premiere,24.9,8101,59,9,49,1,46585.43
2024-11-25,100,PE,Nordeste,Familia,49.9,23021,138,16,141,-19,265299.75
2024-11-25,100,PE,Nordeste,HBO,34.9,14396,88,7,85,-4,116032.42
2024-11-25,100,PE,Nordeste,Telecine,29.9,11528,79,5,66,8,79604.43
2024-11-25,100,PE,Nordeste,Premiere,24.9,8646,64,8,50,6,49719.49
2024-11-25,100,MA,Nordeste,Familia,49.9,16324,111,13,94,4,188121.85
2024-11-25,100,MA,Nordeste,HBO,34.9,10202,70,5,63,2,82228.59
2024-11-25,100,MA,Nordeste,Telecine,29.9,8158,52,3,51,-2,56333.53
2024-11-25,100,MA,Nordeste,Premiere,24.9,6124,42,5,33,4,35216.54
2024-11-25,100,PB,Nordeste,Familia,49.9,9598,60,6,56,-2,110609.75
2024-11-25,100,PB,Nordeste,HBO,34.9,5998,36,3,35,-2,48344.16
2024-11-25,100,PB,Nordeste,Telecine,29.9,4804,32,2,26,4,33173.12
2024-11-25,100,PB,Nordeste,Premiere,24.9,3602,26,3,21,2,20713.58
2024-11-25,100,RN,Nordeste,Familia,49.9,8642,59,5,52,2,99592.56
2024-11-25,100,RN,Nordeste,HBO,34.9,5405,39,2,32,5,43564.55
2024-11-25,100,RN,Nordeste,Telecine,29.9,4321,25,1,23,1,29837.85
2024-11-25,100,RN,Nordeste,Premiere,24.9,3245,25,3,17,5,18660.62
2024-11-25,100,AL,Nordeste,Familia,49.9,7684,55,6,45,4,88552.33
2024-11-25,100,AL,Nordeste,HBO,34.9,4802,35,3,30,2,38704.34
2024-11-25,100,AL,Nordeste,Telecine,29.9,3845,26,1,20,5,26550.92
2024-11-25,100,AL,Nordeste,Premiere,24.9,2881,19,2,16,1,16567.41
2024-11-25,100,SE,Nordeste,Familia,49.9,5278,33,3,32,-2,60824.99
2024-11-25,100,SE,Nordeste,HBO,34.9,3306,24,1,17,6,26646.51
2024-11-25,100,SE,Nordeste,Telecine,29.9,2641,17,1,15,1,18236.93
2024-11-25,100,SE,Nordeste,Premiere,24.9,1980,12,1,11,0,11386.14
2024-11-25,100,PI,Nordeste,Familia,49.9,7674,44,5,45,-6,88437.09
2024-11-25,100,PI,Nordeste,HBO,34.9,4797,28,2,29,-3,38664.04
2024-11-25,100,PI,Nordeste,Telecine,29.9,3840,23,1,22,0,26516.4
2024-11-25,100,PI,Nordeste,Premiere,24.9,2884,22,2,16,4,16584.67
2024-11-25,100,GO,Centro-Oeste,Familia,49.9,15833,99,9,97,-7,182463.44
2024-11-25,100,GO,Centro-Oeste,HBO,34.9,9909,67,5,53,9,79867.0
2024-11-25,100,GO,Centro-Oeste,Telecine,29.9,7927,54,3,44,7,54738.41
2024-11-25,100,GO,Centro-Oeste,Premiere,24.9,5946,48,6,36,6,34192.93
2024-11-25,100,MT,Centro-Oeste,Familia,49.9,8175,64,7,42,15,94210.74
2024-11-25,100,MT,Centro-Oeste,HBO,34.9,5105,34,2,27,5,41146.54
2024-11-25,100,MT,Centro-Oeste,Telecine,29.9,4084,27,1,22,4,28201.29
2024-11-25,100,MT,Centro-Oeste,Premiere,24.9,3065,23,2,16,5,17625.52
2024-11-25,100,MS,Centro-Oeste,Familia,49.9,6243,41,4,34,3,71945.89
2024-11-25,100,MS,Centro-Oeste,HBO,34.9,3904,26,2,20,4,31466.42
2024-11-25,100,MS,Centro-Oeste,Telecine,29.9,3124,22,1,17,4,21572.19
2024-11-25,100,MS,Centro-Oeste,Premiere,24.9,2344,19,2,13,4,13479.35
2024-11-25,100,DF,Centro-Oeste,Familia,49.9,6726,46,5,35,6,77512.1
2024-11-25,100,DF,Centro-Oeste,HBO,34.9,4202,27,1,24,2,33868.31
2024-11-25,100,DF,Centro-Oeste,Telecine,29.9,3364,22,1,17,4,23229.47
2024-11-25,100,DF,Centro-Oeste,Premiere,24.9,2524,20,2,14,4,14514.46
2024-11-25,100,AM,Norte,Familia,49.9,9599,61,7,55,-1,110621.27
2024-11-25,100,AM,Norte,HBO,34.9,6000,40,3,37,0,48360.28
2024-11-25,100,AM,Norte,Telecine,29.9,4800,30,1,29,0,33145.5
2024-11-25,100,AM,Norte,Premiere,24.9,3600,25,3,22,0,20702.08
2024-11-25,100,PA,Norte,Familia,49.9,20162,139,17,120,2,232351.92
2024-11-25,100,PA,Norte,HBO,34.9,12598,77,5,74,-2,101540.46
2024-11-25,100,PA,Norte,Telecine,29.9,10080,60,4,56,0,69605.54
2024-11-25,100,PA,Norte,Premiere,24.9,7567,54,8,39,7,43514.62
2024-11-25,100,RO,Norte,Familia,49.9,3838,24,2,24,-2,44230.07
2024-11-25,100,RO,Norte,HBO,34.9,2401,14,1,12,1,19352.17
2024-11-25,100,RO,Norte,Telecine,29.9,1923,13,0,10,3,13278.91
2024-11-25,100,RO,Norte,Premiere,24.9,1442,11,1,8,2,8292.33
2024-11-25,100,AC,Norte,Familia,49.9,1921,13,1,11,1,22138.08
2024-11-25,100,AC,Norte,HBO,34.9,1200,7,0,7,0,9672.06
2024-11-25,100,AC,Norte,Telecine,29.9,961,6,0,5,1,6636.0
2024-11-25,100,AC,Norte,Premiere,24.9,722,5,0,3,2,4151.92
2024-11-25,100,RR,Norte,Familia,49.9,1440,8,0,8,0,16594.92
2024-11-25,100,RR,Norte,HBO,34.9,902,6,0,4,2,7270.16
2024-11-25,100,RR,Norte,Telecine,29.9,721,4,0,3,1,4978.73
2024-11-25,100,RR,Norte,Premiere,24.9,541,4,0,3,1,3111.06
2024-11-25,100,AP,Norte,Familia,49.9,1922,13,1,10,2,22149.61
2024-11-25,100,AP,Norte,HBO,34.9,1201,7,0,6,1,9680.12
2024-11-25,100,AP,Norte,Telecine,29.9,961,6,0,5,1,6636.0
2024-11-25,100,AP,Norte,Premiere,24.9,721,5,0,4,1,4146.17
2024-11-25,100,TO,Norte,Familia,49.9,3357,17,2,18,-3,38686.91
2024-11-25,100,TO,Norte,HBO,34.9,2101,15,1,13,1,16934.16
2024-11-25,100,TO,Norte,Telecine,29.9,1681,10,0,9,1,11607.83
2024-11-25,100,TO,Norte,Premiere,24.9,1261,9,1,7,1,7251.48
2024-12-02,101,SP,Sudeste,Familia,49.9,104616,719,89,654,-24,1205620.88
2024-12-02,101,SP,Sudeste,HBO,34.9,65374,403,29,400,-26,526917.46
2024-12-02,101,SP,Sudeste,Telecine,29.9,52333,364,24,327,13,361375.68
2024-12-02,101,SP,Sudeste,Premiere,24.9,39273,294,40,221,33,225842.42
2024-12-02,101,RJ,Sudeste,Familia,49.9,39341,255,27,247,-19,453375.5
2024-12-02,101,RJ,Sudeste,HBO,34.9,24599,148,10,139,-1,198269.08
2024-12-02,101,RJ,Sudeste,Telecine,29.9,19695,139,9,115,15,136000.12
2024-12-02,101,RJ,Sudeste,Premiere,24.9,14778,118,14,86,18,84982.03
2024-12-02,101,MG,Sudeste,Familia,49.9,48966,306,34,266,6,564296.4
2024-12-02,101,MG,Sudeste,HBO,34.9,30614,208,17,176,15,246750.25
2024-12-02,101,MG,Sudeste,Telecine,29.9,24495,174,13,146,15,169145.61
2024-12-02,101,MG,Sudeste,Premiere,24.9,18374,128,15,98,15,105661.11
2024-12-02,101,ES,Sudeste,Familia,49.9,9119,57,7,51,-1,105089.63
2024-12-02,101,ES,Sudeste,HBO,34.9,5704,39,2,33,4,45974.5
2024-12-02,101,ES,Sudeste,Telecine,29.9,4559,29,2,28,-1,31481.32
2024-12-02,101,ES,Sudeste,Premiere,24.9,3425,26,3,18,5,19695.73
2024-12-02,101,PR,Sul,Familia,49.9,26868,179,21,170,-12,309633.53
2024-12-02,101,PR,Sul,HBO,34.9,16790,97,7,100,-10,135328.18
2024-12-02,101,PR,Sul,Telecine,29.9,13445,90,5,80,5,92841.92
2024-12-02,101,PR,Sul,Premiere,24.9,10099,84,11,54,19,58075.08
2024-12-02,101,SC,Sul,Familia,49.9,17290,125,14,101,10,199254.27
2024-12-02,101,SC,Sul,HBO,34.9,10799,65,4,62,-1,87040.44
2024-12-02,101,SC,Sul,Telecine,29.9,8637,53,4,52,-3,59641.18
2024-12-02,101,SC,Sul,Premiere,24.9,6488,49,6,35,8,37309.75
2024-12-02,101,RS,Sul,Familia,49.9,26898,192,22,152,18,309979.26
2024-12-02,101,RS,Sul,HBO,34.9,16809,106,7,90,9,135481.32
2024-12-02,101,RS,Sul,Telecine,29.9,13458,98,7,73,18,92931.69
2024-12-02,101,RS,Sul,Premiere,24.9,10093,77,11,53,13,58040.58
2024-12-02,101,BA,Nordeste,Familia,49.9,34574,226,22,190,14,398439.4
2024-12-02,101,BA,Nordeste,HBO,34.9,21613,157,11,133,13,174201.78
2024-12-02,101,BA,Nordeste,Telecine,29.9,17298,118,7,93,18,119448.08
2024-12-02,101,BA,Nordeste,Premiere,24.9,12974,100,12,74,14,74607.99
2024-12-02,101,CE,Nordeste,Familia,49.9,21598,149,16,135,-2,248900.74
2024-12-02,101,CE,Nordeste,HBO,34.9,13495,80,5,80,-5,108770.32
2024-12-02,101,CE,Nordeste,Telecine,29.9,10800,60,3,57,0,74577.37
2024-12-02,101,CE,Nordeste,Premiere,24.9,8112,63,9,42,12,46648.68
2024-12-02,101,PE,Nordeste,Familia,49.9,23049,144,13,122,9,265622.42
2024-12-02,101,PE,Nordeste,HBO,34.9,14404,96,7,85,4,116096.91
2024-12-02,101,PE,Nordeste,Telecine,29.9,11519,74,5,70,-1,79542.29
2024-12-02,101,PE,Nordeste,Premiere,24.9,8648,69,9,52,8,49730.99
2024-12-02,101,MA,Nordeste,Familia,49.9,16324,108,11,93,4,188121.85
2024-12-02,101,MA,Nordeste,HBO,34.9,10210,75,6,59,10,82293.07
2024-12-02,101,MA,Nordeste,Telecine,29.9,8168,55,3,44,8,56402.59
2024-12-02,101,MA,Nordeste,Premiere,24.9,6127,45,6,32,7,35233.79
2024-12-02,101,PB,Nordeste,Familia,49.9,9607,66,6,53,7,110713.46
2024-12-02,101,PB,Nordeste,HBO,34.9,6002,36,2,32,2,48376.4
2024-12-02,101,PB,Nordeste,Telecine,29.9,4807,34,2,25,7,33193.83
2024-12-02,101,PB,Nordeste,Premiere,24.9,3605,28,3,20,5,20730.83
2024-12-02,101,RN,Nordeste,Familia,49.9,8639,54,6,49,-1,99557.99
2024-12-02,101,RN,Nordeste,HBO,34.9,5403,35,2,30,3,43548.43
2024-12-02,101,RN,Nordeste,Telecine,29.9,4322,29,2,25,2,29844.76
2024-12-02,101,RN,Nordeste,Premiere,24.9,3246,25,3,16,6,18666.37
2024-12-02,101,AL,Nordeste,Familia,49.9,7677,48,5,46,-3,88471.66
2024-12-02,101,AL,Nordeste,HBO,34.9,4801,32,2,29,1,38696.28
2024-12-02,101,AL,Nordeste,Telecine,29.9,3844,25,1,20,4,26544.02
2024-12-02,101,AL,Nordeste,Premiere,24.9,2883,21,2,16,3,16578.91
2024-12-02,101,SE,Nordeste,Familia,49.9,5280,33,4,29,0,60848.04
2024-12-02,101,SE,Nordeste,HBO,34.9,3300,18,1,17,0,26598.15
2024-12-02,101,SE,Nordeste,Telecine,29.9,2640,17,1,16,0,18230.02
2024-12-02,101,SE,Nordeste,Premiere,24.9,1982,15,2,11,2,11397.64
2024-12-02,101,PI,Nordeste,Familia,49.9,7683,52,6,43,3,88540.81
2024-12-02,101,PI,Nordeste,HBO,34.9,4802,31,2,27,2,38704.34
2024-12-02,101,PI,Nordeste,Telecine,29.9,3840,23,1,22,0,26516.4
2024-12-02,101,PI,Nordeste,Premiere,24.9,2882,23,3,18,2,16573.16
2024-12-02,101,GO,Centro-Oeste,Familia,49.9,15834,97,9,94,-6,182474.97
2024-12-02,101,GO,Centro-Oeste,HBO,34.9,9908,67,5,54,8,79858.94
2024-12-02,101,GO,Centro-Oeste,Telecine,29.9,7926,52,3,43,6,54731.5
2024-12-02,101,GO,Centro-Oeste,Premiere,24.9,5951,48,6,31,11,34221.69
2024-12-02,101,MT,Centro-Oeste,Familia,49.9,8166,54,5,43,6,94107.02
2024-12-02,101,MT,Centro-Oeste,HBO,34.9,5103,31,2,26,3,41130.42
2024-12-02,101,MT,Centro-Oeste,Telecine,29.9,4079,25,1,25,-1,28166.77
2024-12-02,101,MT,Centro-Oeste,Premiere,24.9,3062,23,2,19,2,17608.27
2024-12-02,101,MS,Centro-Oeste,Familia,49.9,6243,41,3,35,3,71945.89
2024-12-02,101,MS,Centro-Oeste,HBO,34.9,3903,26,2,21,3,31458.36
2024-12-02,101,MS,Centro-Oeste,Telecine,29.9,3123,21,1,17,3,21565.29
2024-12-02,101,MS,Centro-Oeste,Premiere,24.9,2344,18,2,12,4,13479.35
2024-12-02,101,DF,Centro-Oeste,Familia,49.9,6720,42,4,38,0,77442.96
2024-12-02,101,DF,Centro-Oeste,HBO,34.9,4203,29,2,24,3,33876.37
2024-12-02,101,DF,Centro-Oeste,Telecine,29.9,3364,23,1,18,4,23229.47
2024-12-02,101,DF,Centro-Oeste,Premiere,24.9,2525,20,2,13,5,14520.21
2024-12-02,101,AM,Norte,Familia,49.9,9596,56,5,55,-4,110586.7
2024-12-02,101,AM,Norte,HBO,34.9,6004,44,3,37,4,48392.52
2024-12-02,101,AM,Norte,Telecine,29.9,4802,31,2,27,2,33159.31
2024-12-02,101,AM,Norte,Premiere,24.9,3603,26,3,20,3,20719.33
2024-12-02,101,PA,Norte,Familia,49.9,20171,141,13,117,11,232455.64
2024-12-02,101,PA,Norte,HBO,34.9,12597,78,6,75,-3,101532.4
2024-12-02,101,PA,Norte,Telecine,29.9,10076,59,4,59,-4,69577.92
2024-12-02,101,PA,Norte,Premiere,24.9,7572,60,7,41,12,43543.37
2024-12-02,101,RO,Norte,Familia,49.9,3844,26,2,20,4,44299.21
2024-12-02,101,RO,Norte,HBO,34.9,2401,16,1,14,1,19352.17
2024-12-02,101,RO,Norte,Telecine,29.9,1923,13,0,10,3,13278.91
2024-12-02,101,RO,Norte,Premiere,24.9,1441,10,1,8,1,8286.58
2024-12-02,101,AC,Norte,Familia,49.9,1921,12,1,10,1,22138.08
2024-12-02,101,AC,Norte,HBO,34.9,1202,8,0,6,2,9688.18
2024-12-02,101,AC,Norte,Telecine,29.9,962,7,0,5,2,6642.91
2024-12-02,101,AC,Norte,Premiere,24.9,722,5,0,3,2,4151.92
2024-12-02,101,RR,Norte,Familia,49.9,1441,9,0,8,1,16606.44
2024-12-02,101,RR,Norte,HBO,34.9,901,5,0,4,1,7262.1
2024-12-02,101,RR,Norte,Telecine,29.9,721,4,0,3,1,4978.73
2024-12-02,101,RR,Norte,Premiere,24.9,542,4,0,2,2,3116.81
2024-12-02,101,AP,Norte,Familia,49.9,1922,13,1,10,2,22149.61
2024-12-02,101,AP,Norte,HBO,34.9,1200,7,0,7,0,9672.06
2024-12-02,101,AP,Norte,Telecine,29.9,961,6,0,5,1,6636.0
2024-12-02,101,AP,Norte,Premiere,24.9,721,5,0,4,1,4146.17
2024-12-02,101,TO,Norte,Familia,49.9,3360,21,1,20,0,38721.48
2024-12-02,101,TO,Norte,HBO,34.9,2100,12,0,12,0,16926.1
2024-12-02,101,TO,Norte,Telecine,29.9,1681,10,0,9,1,11607.83
2024-12-02,101,TO,Norte,Premiere,24.9,1261,9,1,7,1,7251.48
2024-12-09,102,SP,Sudeste,Familia,49.9,104729,799,99,611,89,1206923.12
2024-12-09,102,SP,Sudeste,HBO,34.9,65428,464,31,405,28,527352.7
2024-12-09,102,SP,Sudeste,Telecine,29.9,52355,346,22,289,35,361527.6
2024-12-09,102,SP,Sudeste,Premiere,24.9,39243,265,39,223,3,225669.91
2024-12-09,102,RJ,Sudeste,Familia,49.9,39382,281,29,230,22,453847.99
2024-12-09,102,RJ,Sudeste,HBO,34.9,24605,167,14,148,5,198317.44
2024-12-09,102,RJ,Sudeste,Telecine,29.9,19670,109,7,112,-10,135827.48
2024-12-09,102,RJ,Sudeste,Premiere,24.9,14774,117,15,88,14,84959.03
2024-12-09,102,MG,Sudeste,Familia,49.9,48945,308,29,294,-15,564054.39
2024-12-09,102,MG,Sudeste,HBO,34.9,30604,216,18,193,5,246669.65
2024-12-09,102,MG,Sudeste,Telecine,29.9,24492,158,12,134,12,169124.9
2024-12-09,102,MG,Sudeste,Premiere,24.9,18381,138,20,96,22,105701.36
2024-12-09,102,ES,Sudeste,Familia,49.9,9120,58,6,52,0,105101.15
2024-12-09,102,ES,Sudeste,HBO,34.9,5706,38,3,29,6,45990.62
2024-12-09,102,ES,Sudeste,Telecine,29.9,4561,29,2,26,1,31495.13
2024-12-09,102,ES,Sudeste,Premiere,24.9,3424,25,3,18,4,19689.98
2024-12-09,102,PR,Sul,Familia,49.9,26848,146,15,163,-32,309403.05
2024-12-09,102,PR,Sul,HBO,34.9,16803,109,7,99,3,135432.96
2024-12-09,102,PR,Sul,Telecine,29.9,13446,83,5,72,6,92848.82
2024-12-09,102,PR,Sul,Premiere,24.9,10092,81,10,59,12,58034.83
2024-12-09,102,SC,Sul,Familia,49.9,17282,115,11,102,2,199162.08
2024-12-09,102,SC,Sul,HBO,34.9,10805,66,4,57,5,87088.8
2024-12-09,102,SC,Sul,Telecine,29.9,8644,61,4,53,4,59689.52
2024-12-09,102,SC,Sul,Premiere,24.9,6483,49,6,40,3,37280.99
2024-12-09,102,RS,Sul,Familia,49.9,26903,190,20,147,23,310036.88
2024-12-09,102,RS,Sul,HBO,34.9,16802,108,8,98,2,135424.9
2024-12-09,102,RS,Sul,Telecine,29.9,13449,83,5,69,9,92869.54
2024-12-09,102,RS,Sul,Premiere,24.9,10082,71,10,59,2,57977.32
2024-12-09,102,BA,Nordeste,Familia,49.9,34575,225,27,183,15,398450.92
2024-12-09,102,BA,Nordeste,HBO,34.9,21610,148,12,126,10,174177.6
2024-12-09,102,BA,Nordeste,Telecine,29.9,17292,109,7,90,12,119406.65
2024-12-09,102,BA,Nordeste,Premiere,24.9,12968,97,13,76,8,74573.49
2024-12-09,102,CE,Nordeste,Familia,49.9,21590,134,14,130,-10,248808.55
2024-12-09,102,CE,Nordeste,HBO,34.9,13490,82,7,85,-10,108730.02
2024-12-09,102,CE,Nordeste,Telecine,29.9,10811,74,5,58,11,74653.33
2024-12-09,102,CE,Nordeste,Premiere,24.9,8108,59,8,43,8,46625.68
2024-12-09,102,PE,Nordeste,Familia,49.9,23055,157,19,123,15,265691.57
2024-12-09,102,PE,Nordeste,HBO,34.9,14411,99,8,80,11,116153.33
2024-12-09,102,PE,Nordeste,Telecine,29.9,11513,71,5,73,-7,79500.85
2024-12-09,102,PE,Nordeste,Premiere,24.9,8634,56,8,54,-6,49650.48
2024-12-09,102,MA,Nordeste,Familia,49.9,16322,103,11,90,2,188098.8
2024-12-09,102,MA,Nordeste,HBO,34.9,10194,60,5,61,-6,82164.11
2024-12-09,102,MA,Nordeste,Telecine,29.9,8174,60,4,42,14,56444.02
2024-12-09,102,MA,Nordeste,Premiere,24.9,6124,46,6,36,4,35216.54
2024-12-09,102,PB,Nordeste,Familia,49.9,9598,59,5,56,-2,110609.75
2024-12-09,102,PB,Nordeste,HBO,34.9,6001,39,2,36,1,48368.34
2024-12-09,102,PB,Nordeste,Telecine,29.9,4803,28,1,24,3,33166.21
2024-12-09,102,PB,Nordeste,Premiere,24.9,3605,27,4,18,5,20730.83
2024-12-09,102,RN,Nordeste,Familia,49.9,8635,54,6,53,-5,99511.89
2024-12-09,102,RN,Nordeste,HBO,34.9,5402,34,2,30,2,43540.37
2024-12-09,102,RN,Nordeste,Telecine,29.9,4322,26,1,23,2,29844.76
2024-12-09,102,RN,Nordeste,Premiere,24.9,3244,24,3,17,4,18654.87
2024-12-09,102,AL,Nordeste,Familia,49.9,7684,53,4,45,4,88552.33
2024-12-09,102,AL,Nordeste,HBO,34.9,4803,31,2,26,3,38712.4
2024-12-09,102,AL,Nordeste,Telecine,29.9,3842,26,1,23,2,26530.21
2024-12-09,102,AL,Nordeste,Premiere,24.9,2886,24,3,15,6,16596.17
2024-12-09,102,SE,Nordeste,Familia,49.9,5281,32,3,28,1,60859.56
2024-12-09,102,SE,Nordeste,HBO,34.9,3304,23,1,18,4,26630.39
2024-12-09,102,SE,Nordeste,Telecine,29.9,2641,15,1,13,1,18236.93
2024-12-09,102,SE,Nordeste,Premiere,24.9,1984,15,1,10,4,11409.15
2024-12-09,102,PI,Nordeste,Familia,49.9,7680,51,6,45,0,88506.24
2024-12-09,102,PI,Nordeste,HBO,34.9,4802,29,2,25,2,38704.34
2024-12-09,102,PI,Nordeste,Telecine,29.9,3843,24,1,20,3,26537.11
2024-12-09,102,PI,Nordeste,Premiere,24.9,2879,20,3,18,-1,16555.91
2024-12-09,102,GO,Centro-Oeste,Familia,49.9,15850,111,11,90,10,182659.35
2024-12-09,102,GO,Centro-Oeste,HBO,34.9,9909,64,4,51,9,79867.0
2024-12-09,102,GO,Centro-Oeste,Telecine,29.9,7932,60,4,44,12,54772.93
2024-12-09,102,GO,Centro-Oeste,Premiere,24.9,5950,51,7,34,10,34215.94
2024-12-09,102,MT,Centro-Oeste,Familia,49.9,8164,55,5,46,4,94083.97
2024-12-09,102,MT,Centro-Oeste,HBO,34.9,5100,34,3,31,0,41106.24
2024-12-09,102,MT,Centro-Oeste,Telecine,29.9,4084,27,1,22,4,28201.29
2024-12-09,102,MT,Centro-Oeste,Premiere,24.9,3063,23,2,18,3,17614.02
2024-12-09,102,MS,Centro-Oeste,Familia,49.9,6238,42,5,39,-2,71888.27
2024-12-09,102,MS,Centro-Oeste,HBO,34.9,3901,23,1,21,1,31442.24
2024-12-09,102,MS,Centro-Oeste,Telecine,29.9,3120,20,1,19,0,21544.57
2024-12-09,102,MS,Centro-Oeste,Premiere,24.9,2344,19,2,13,4,13479.35
2024-12-09,102,DF,Centro-Oeste,Familia,49.9,6725,50,5,40,5,77500.58
2024-12-09,102,DF,Centro-Oeste,HBO,34.9,4201,26,2,23,1,33860.25
2024-12-09,102,DF,Centro-Oeste,Telecine,29.9,3364,22,1,17,4,23229.47
2024-12-09,102,DF,Centro-Oeste,Premiere,24.9,2523,19,2,14,3,14508.71
2024-12-09,102,AM,Norte,Familia,49.9,9598,59,7,54,-2,110609.75
2024-12-09,102,AM,Norte,HBO,34.9,6000,38,3,35,0,48360.28
2024-12-09,102,AM,Norte,Telecine,29.9,4802,32,2,28,2,33159.31
2024-12-09,102,AM,Norte,Premiere,24.9,3601,25,2,22,1,20707.83
2024-12-09,102,PA,Norte,Familia,49.9,20173,140,15,112,13,232478.68
2024-12-09,102,PA,Norte,HBO,34.9,12594,77,5,78,-6,101508.22
2024-12-09,102,PA,Norte,Telecine,29.9,10089,66,4,53,9,69667.69
2024-12-09,102,PA,Norte,Premiere,24.9,7570,60,7,43,10,43531.87
2024-12-09,102,RO,Norte,Familia,49.9,3840,25,2,23,0,44253.12
2024-12-09,102,RO,Norte,HBO,34.9,2400,15,1,14,0,19344.11
2024-12-09,102,RO,Norte,Telecine,29.9,1920,11,0,11,0,13258.2
2024-12-09,102,RO,Norte,Premiere,24.9,1442,11,1,8,2,8292.33
2024-12-09,102,AC,Norte,Familia,49.9,1921,13,1,11,1,22138.08
2024-12-09,102,AC,Norte,HBO,34.9,1201,7,0,6,1,9680.12
2024-12-09,102,AC,Norte,Telecine,29.9,961,6,0,5,1,6636.0
2024-12-09,102,AC,Norte,Premiere,24.9,722,5,0,3,2,4151.92
2024-12-09,102,RR,Norte,Familia,49.9,1440,8,0,8,0,16594.92
2024-12-09,102,RR,Norte,HBO,34.9,901,6,0,5,1,7262.1
2024-12-09,102,RR,Norte,Telecine,29.9,721,4,0,3,1,4978.73
2024-12-09,102,RR,Norte,Premiere,24.9,540,3,0,3,0,3105.31
2024-12-09,102,AP,Norte,Familia,49.9,1920,12,1,11,0,22126.56
2024-12-09,102,AP,Norte,HBO,34.9,1201,7,0,6,1,9680.12
2024-12-09,102,AP,Norte,Telecine,29.9,961,6,0,5,1,6636.0
2024-12-09,102,AP,Norte,Premiere,24.9,722,5,0,3,2,4151.92
2024-12-09,102,TO,Norte,Familia,49.9,3359,21,2,20,-1,38709.95
2024-12-09,102,TO,Norte,HBO,34.9,2100,12,0,12,0,16926.1
2024-12-09,102,TO,Norte,Telecine,29.9,1682,11,0,9,2,11614.73
2024-12-09,102,TO,Norte,Premiere,24.9,1262,9,1,6,2,7257.23
2024-12-16,103,SP,Sudeste,Familia,49.9,104567,650,69,654,-73,1205056.19
2024-12-16,103,SP,Sudeste,HBO,34.9,65428,453,31,394,28,527352.7
2024-12-16,103,SP,Sudeste,Telecine,29.9,52370,388,28,310,50,361631.18
2024-12-16,103,SP,Sudeste,Premiere,24.9,39237,278,44,237,-3,225635.4
2024-12-16,103,RJ,Sudeste,Familia,49.9,39335,248,26,247,-25,453306.35
2024-12-16,103,RJ,Sudeste,HBO,34.9,24585,149,13,151,-15,198156.24
2024-12-16,103,RJ,Sudeste,Telecine,29.9,19683,133,8,122,3,135917.25
2024-12-16,103,RJ,Sudeste,Premiere,24.9,14763,111,17,91,3,84895.77
2024-12-16,103,MG,Sudeste,Familia,49.9,48970,306,32,264,10,564342.49
2024-12-16,103,MG,Sudeste,HBO,34.9,30623,200,16,160,24,246822.79
2024-12-16,103,MG,Sudeste,Telecine,29.9,24464,143,9,150,-16,168931.55
2024-12-16,103,MG,Sudeste,Premiere,24.9,18365,127,20,101,6,105609.35
2024-12-16,103,ES,Sudeste,Familia,49.9,9123,58,6,49,3,105135.73
2024-12-16,103,ES,Sudeste,HBO,34.9,5701,36,2,33,1,45950.32
2024-12-16,103,ES,Sudeste,Telecine,29.9,4557,24,1,26,-3,31467.51
2024-12-16,103,ES,Sudeste,Premiere,24.9,3419,23,3,21,-1,19661.22
2024-12-16,103,PR,Sul,Familia,49.9,26873,174,21,160,-7,309691.15
2024-12-16,103,PR,Sul,HBO,34.9,16814,111,9,88,14,135521.62
2024-12-16,103,PR,Sul,Telecine,29.9,13440,80,5,75,0,92807.39
2024-12-16,103,PR,Sul,Premiere,24.9,10082,73,11,60,2,57977.32
2024-12-16,103,SC,Sul,Familia,49.9,17271,102,10,101,-9,199035.31
2024-12-16,103,SC,Sul,HBO,34.9,10804,73,6,63,4,87080.74
2024-12-16,103,SC,Sul,Telecine,29.9,8638,50,3,49,-2,59648.08
2024-12-16,103,SC,Sul,Premiere,24.9,6488,54,8,38,8,37309.75
2024-12-16,103,RS,Sul,Familia,49.9,26871,178,22,165,-9,309668.11
2024-12-16,103,RS,Sul,HBO,34.9,16810,113,8,95,10,135489.38
2024-12-16,103,RS,Sul,Telecine,29.9,13447,90,6,77,7,92855.73
2024-12-16,103,RS,Sul,Premiere,24.9,10093,77,9,55,13,58040.58
2024-12-16,103,BA,Nordeste,Familia,49.9,34549,221,23,209,-11,398151.29
2024-12-16,103,BA,Nordeste,HBO,34.9,21603,146,10,133,3,174121.18
2024-12-16,103,BA,Nordeste,Telecine,29.9,17292,113,7,94,12,119406.65
2024-12-16,103,BA,Nordeste,Premiere,24.9,12968,92,12,72,8,74573.49
2024-12-16,103,CE,Nordeste,Familia,49.9,21594,140,13,133,-6,248854.64
2024-12-16,103,CE,Nordeste,HBO,34.9,13509,89,7,73,9,108883.16
2024-12-16,103,CE,Nordeste,Telecine,29.9,10803,70,4,63,3,74598.08
2024-12-16,103,CE,Nordeste,Premiere,24.9,8101,59,8,50,1,46585.43
2024-12-16,103,PE,Nordeste,Familia,49.9,23032,151,17,142,-8,265426.51
2024-12-16,103,PE,Nordeste,HBO,34.9,14394,92,8,90,-6,116016.3
2024-12-16,103,PE,Nordeste,Telecine,29.9,11530,75,4,61,10,79618.24
2024-12-16,103,PE,Nordeste,Premiere,24.9,8656,71,9,46,16,49777.0
2024-12-16,103,MA,Nordeste,Familia,49.9,16326,108,11,91,6,188144.9
2024-12-16,103,MA,Nordeste,HBO,34.9,10207,72,6,59,7,82268.89
2024-12-16,103,MA,Nordeste,Telecine,29.9,8157,48,3,48,-3,56326.63
2024-12-16,103,MA,Nordeste,Premiere,24.9,6121,40,5,34,1,35199.28
2024-12-16,103,PB,Nordeste,Familia,49.9,9598,64,7,59,-2,110609.75
2024-12-16,103,PB,Nordeste,HBO,34.9,6001,41,3,37,1,48368.34
2024-12-16,103,PB,Nordeste,Telecine,29.9,4802,31,1,28,2,33159.31
2024-12-16,103,PB,Nordeste,Premiere,24.9,3605,29,3,21,5,20730.83
2024-12-16,103,RN,Nordeste,Familia,49.9,8640,59,6,53,0,99569.52
2024-12-16,103,RN,Nordeste,HBO,34.9,5399,33,2,32,-1,43516.19
2024-12-16,103,RN,Nordeste,Telecine,29.9,4322,29,2,25,2,29844.76
2024-12-16,103,RN,Nordeste,Premiere,24.9,3244,25,3,18,4,18654.87
2024-12-16,103,AL,Nordeste,Familia,49.9,7678,51,6,47,-2,88483.19
2024-12-16,103,AL,Nordeste,HBO,34.9,4798,30,2,30,-2,38672.1
2024-12-16,103,AL,Nordeste,Telecine,29.9,3842,24,1,21,2,26530.21
2024-12-16,103,AL,Nordeste,Premiere,24.9,2884,22,3,15,4,16584.67
2024-12-16,103,SE,Nordeste,Familia,49.9,5283,38,3,32,3,60882.61
2024-12-16,103,SE,Nordeste,HBO,34.9,3302,22,1,19,2,26614.27
2024-12-16,103,SE,Nordeste,Telecine,29.9,2642,17,1,14,2,18243.83
2024-12-16,103,SE,Nordeste,Premiere,24.9,1982,14,1,11,2,11397.64
2024-12-16,103,PI,Nordeste,Familia,49.9,7683,49,6,40,3,88540.81
2024-12-16,103,PI,Nordeste,HBO,34.9,4801,28,2,25,1,38696.28
2024-12-16,103,PI,Nordeste,Telecine,29.9,3840,24,1,23,0,26516.4
2024-12-16,103,PI,Nordeste,Premiere,24.9,2884,22,2,16,4,16584.67
2024-12-16,103,GO,Centro-Oeste,Familia,49.9,15848,105,11,86,8,182636.3
2024-12-16,103,GO,Centro-Oeste,HBO,34.9,9897,64,5,62,-3,79770.28
2024-12-16,103,GO,Centro-Oeste,Telecine,29.9,7917,47,2,48,-3,54669.35
2024-12-16,103,GO,Centro-Oeste,Premiere,24.9,5941,43,5,37,1,34164.18
2024-12-16,103,MT,Centro-Oeste,Familia,49.9,8160,57,6,51,0,94037.88
2024-12-16,103,MT,Centro-Oeste,HBO,34.9,5094,27,1,32,-6,41057.88
2024-12-16,103,MT,Centro-Oeste,Telecine,29.9,4083,25,1,21,3,28194.39
2024-12-16,103,MT,Centro-Oeste,Premiere,24.9,3059,19,2,18,-1,17591.02
2024-12-16,103,MS,Centro-Oeste,Familia,49.9,6242,41,4,35,2,71934.36
2024-12-16,103,MS,Centro-Oeste,HBO,34.9,3903,25,1,21,3,31458.36
2024-12-16,103,MS,Centro-Oeste,Telecine,29.9,3121,19,1,17,1,21551.48
2024-12-16,103,MS,Centro-Oeste,Premiere,24.9,2343,17,2,12,3,13473.6
2024-12-16,103,DF,Centro-Oeste,Familia,49.9,6716,40,4,40,-4,77396.86
2024-12-16,103,DF,Centro-Oeste,HBO,34.9,4200,27,2,25,0,33852.19
2024-12-16,103,DF,Centro-Oeste,Telecine,29.9,3365,24,1,18,5,23236.37
2024-12-16,103,DF,Centro-Oeste,Premiere,24.9,2522,17,2,13,2,14502.96
2024-12-16,103,AM,Norte,Familia,49.9,9604,70,7,59,4,110678.89
2024-12-16,103,AM,Norte,HBO,34.9,6009,44,3,32,9,48432.82
2024-12-16,103,AM,Norte,Telecine,29.9,4799,27,1,27,-1,33138.59
2024-12-16,103,AM,Norte,Premiere,24.9,3604,28,4,20,4,20725.08
2024-12-16,103,PA,Norte,Familia,49.9,20162,134,13,119,2,232351.92
2024-12-16,103,PA,Norte,HBO,34.9,12606,80,7,67,6,101604.94
2024-12-16,103,PA,Norte,Telecine,29.9,10082,59,3,54,2,69619.35
2024-12-16,103,PA,Norte,Premiere,24.9,7563,51,7,41,3,43491.62
2024-12-16,103,RO,Norte,Familia,49.9,3842,25,2,21,2,44276.17
2024-12-16,103,RO,Norte,HBO,34.9,2400,15,1,14,0,19344.11
2024-12-16,103,RO,Norte,Telecine,29.9,1922,12,0,10,2,13272.01
2024-12-16,103,RO,Norte,Premiere,24.9,1444,12,1,7,4,8303.83
2024-12-16,103,AC,Norte,Familia,49.9,1921,12,1,10,1,22138.08
2024-12-16,103,AC,Norte,HBO,34.9,1200,7,0,7,0,9672.06
2024-12-16,103,AC,Norte,Telecine,29.9,960,5,0,5,0,6629.1
2024-12-16,103,AC,Norte,Premiere,24.9,721,5,0,4,1,4146.17
2024-12-16,103,RR,Norte,Familia,49.9,1439,8,0,9,-1,16583.39
2024-12-16,103,RR,Norte,HBO,34.9,900,5,0,5,0,7254.04
2024-12-16,103,RR,Norte,Telecine,29.9,721,4,0,3,1,4978.73
2024-12-16,103,RR,Norte,Premiere,24.9,541,4,0,3,1,3111.06
2024-12-16,103,AP,Norte,Familia,49.9,1920,12,1,11,0,22126.56
2024-12-16,103,AP,Norte,HBO,34.9,1201,8,0,7,1,9680.12
2024-12-16,103,AP,Norte,Telecine,29.9,961,6,0,5,1,6636.0
2024-12-16,103,AP,Norte,Premiere,24.9,720,4,0,4,0,4140.42
2024-12-16,103,TO,Norte,Familia,49.9,3360,21,2,19,0,38721.48
2024-12-16,103,TO,Norte,HBO,34.9,2100,13,1,12,0,16926.1
2024-12-16,103,TO,Norte,Telecine,29.9,1679,9,0,10,-1,11594.02
2024-12-16,103,TO,Norte,Premiere,24.9,1261,9,1,7,1,7251.48
2024-12-23,104,SP,Sudeste,Familia,49.9,104555,529,57,557,-85,1204917.9
2024-12-23,104,SP,Sudeste,HBO,34.9,65467,446,32,347,67,527667.04
2024-12-23,104,SP,Sudeste,Telecine,29.9,52343,328,21,284,23,361444.73
2024-12-23,104,SP,Sudeste,Premiere,24.9,39242,284,42,240,2,225664.16
2024-12-23,104,RJ,Sudeste,Familia,49.9,39338,239,29,232,-22,453340.92
2024-12-23,104,RJ,Sudeste,HBO,34.9,24592,151,11,148,-8,198212.66
2024-12-23,104,RJ,Sudeste,Telecine,29.9,19699,139,11,109,19,136027.74
2024-12-23,104,RJ,Sudeste,Premiere,24.9,14763,100,15,82,3,84895.77
2024-12-23,104,MG,Sudeste,Familia,49.9,48948,278,33,257,-12,564088.96
2024-12-23,104,MG,Sudeste,HBO,34.9,30628,233,19,185,29,246863.09
2024-12-23,104,MG,Sudeste,Telecine,29.9,24476,151,9,146,-4,169014.41
2024-12-23,104,MG,Sudeste,Premiere,24.9,18373,139,21,104,14,105655.36
2024-12-23,104,ES,Sudeste,Familia,49.9,9119,54,5,50,-1,105089.63
2024-12-23,104,ES,Sudeste,HBO,34.9,5699,38,3,36,-1,45934.2
2024-12-23,104,ES,Sudeste,Telecine,29.9,4563,29,2,24,3,31508.94
2024-12-23,104,ES,Sudeste,Premiere,24.9,3425,26,3,18,5,19695.73
2024-12-23,104,PR,Sul,Familia,49.9,26885,194,21,168,5,309829.45
2024-12-23,104,PR,Sul,HBO,34.9,16801,102,7,94,1,135416.84
2024-12-23,104,PR,Sul,Telecine,29.9,13441,82,6,75,1,92814.3
2024-12-23,104,PR,Sul,Premiere,24.9,10086,73,11,56,6,58000.32
2024-12-23,104,SC,Sul,Familia,49.9,17289,112,13,90,9,199242.75
2024-12-23,104,SC,Sul,HBO,34.9,10803,70,6,61,3,87072.68
2024-12-23,104,SC,Sul,Telecine,29.9,8652,60,3,45,12,59744.76
2024-12-23,104,SC,Sul,Premiere,24.9,6483,45,6,36,3,37280.99
2024-12-23,104,RS,Sul,Familia,49.9,26876,162,15,151,-4,309725.73
2024-12-23,104,RS,Sul,HBO,34.9,16802,112,8,102,2,135424.9
2024-12-23,104,RS,Sul,Telecine,29.9,13462,98,6,70,22,92959.31
2024-12-23,104,RS,Sul,Premiere,24.9,10087,77,9,61,7,58006.07
2024-12-23,104,BA,Nordeste,Familia,49.9,34554,220,20,206,-6,398208.91
2024-12-23,104,BA,Nordeste,HBO,34.9,21603,147,13,131,3,174121.18
2024-12-23,104,BA,Nordeste,Telecine,29.9,17295,117,8,94,15,119427.37
2024-12-23,104,BA,Nordeste,Premiere,24.9,12967,91,12,72,7,74567.74
2024-12-23,104,CE,Nordeste,Familia,49.9,21599,142,13,130,-1,248912.26
2024-12-23,104,CE,Nordeste,HBO,34.9,13516,95,7,72,16,108939.58
2024-12-23,104,CE,Nordeste,Telecine,29.9,10807,74,4,63,7,74625.7
2024-12-23,104,CE,Nordeste,Premiere,24.9,8097,53,6,50,-3,46562.42
2024-12-23,104,PE,Nordeste,Familia,49.9,23053,155,16,126,13,265668.52
2024-12-23,104,PE,Nordeste,HBO,34.9,14400,98,8,90,0,116064.67
2024-12-23,104,PE,Nordeste,Telecine,29.9,11527,75,4,64,7,79597.53
2024-12-23,104,PE,Nordeste,Premiere,24.9,8639,61,8,54,-1,49679.24
2024-12-23,104,MA,Nordeste,Familia,49.9,16322,108,13,93,2,188098.8
2024-12-23,104,MA,Nordeste,HBO,34.9,10201,59,5,53,1,82220.53
2024-12-23,104,MA,Nordeste,Telecine,29.9,8160,47,3,44,0,56347.34
2024-12-23,104,MA,Nordeste,Premiere,24.9,6125,45,7,33,5,35222.29
2024-12-23,104,PB,Nordeste,Familia,49.9,9597,59,7,55,-3,110598.22
2024-12-23,104,PB,Nordeste,HBO,34.9,6003,40,3,34,3,48384.46
2024-12-23,104,PB,Nordeste,Telecine,29.9,4800,30,2,28,0,33145.5
2024-12-23,104,PB,Nordeste,Premiere,24.9,3603,25,3,19,3,20719.33
2024-12-23,104,RN,Nordeste,Familia,49.9,8650,60,5,45,10,99684.76
2024-12-23,104,RN,Nordeste,HBO,34.9,5403,36,3,30,3,43548.43
2024-12-23,104,RN,Nordeste,Telecine,29.9,4321,29,2,26,1,29837.85
2024-12-23,104,RN,Nordeste,Premiere,24.9,3247,27,3,17,7,18672.12
2024-12-23,104,AL,Nordeste,Familia,49.9,7682,53,5,46,2,88529.28
2024-12-23,104,AL,Nordeste,HBO,34.9,4804,31,2,25,4,38720.46
2024-12-23,104,AL,Nordeste,Telecine,29.9,3839,23,1,23,-1,26509.49
2024-12-23,104,AL,Nordeste,Premiere,24.9,2882,21,2,17,2,16573.16
2024-12-23,104,SE,Nordeste,Familia,49.9,5284,36,3,29,4,60894.13
2024-12-23,104,SE,Nordeste,HBO,34.9,3303,23,2,18,3,26622.33
2024-12-23,104,SE,Nordeste,Telecine,29.9,2641,18,1,16,1,18236.93
2024-12-23,104,SE,Nordeste,Premiere,24.9,1983,15,2,10,3,11403.39
2024-12-23,104,PI,Nordeste,Familia,49.9,7677,49,5,47,-3,88471.66
2024-12-23,104,PI,Nordeste,HBO,34.9,4799,31,2,30,-1,38680.16
2024-12-23,104,PI,Nordeste,Telecine,29.9,3842,25,1,22,2,26530.21
2024-12-23,104,PI,Nordeste,Premiere,24.9,2882,19,2,15,2,16573.16
2024-12-23,104,GO,Centro-Oeste,Familia,49.9,15846,111,13,92,6,182613.26
2024-12-23,104,GO,Centro-Oeste,HBO,34.9,9901,61,4,56,1,79802.52
2024-12-23,104,GO,Centro-Oeste,Telecine,29.9,7921,53,3,49,1,54696.97
2024-12-23,104,GO,Centro-Oeste,Premiere,24.9,5944,42,6,32,4,34181.43
2024-12-23,104,MT,Centro-Oeste,Familia,49.9,8172,61,6,43,12,94176.17
2024-12-23,104,MT,Centro-Oeste,HBO,34.9,5100,31,2,29,0,41106.24
2024-12-23,104,MT,Centro-Oeste,Telecine,29.9,4081,26,1,24,1,28180.58
2024-12-23,104,MT,Centro-Oeste,Premiere,24.9,3062,22,2,18,2,17608.27
2024-12-23,104,MS,Centro-Oeste,Familia,49.9,6238,39,4,37,-2,71888.27
2024-12-23,104,MS,Centro-Oeste,HBO,34.9,3903,24,1,20,3,31458.36
2024-12-23,104,MS,Centro-Oeste,Telecine,29.9,3122,20,1,17,2,21558.38
2024-12-23,104,MS,Centro-Oeste,Premiere,24.9,2342,16,2,12,2,13467.85
2024-12-23,104,DF,Centro-Oeste,Familia,49.9,6719,40,4,37,-1,77431.43
2024-12-23,104,DF,Centro-Oeste,HBO,34.9,4200,27,2,25,0,33852.19
2024-12-23,104,DF,Centro-Oeste,Telecine,29.9,3360,20,1,19,0,23201.85
2024-12-23,104,DF,Centro-Oeste,Premiere,24.9,2522,19,2,15,2,14502.96
2024-12-23,104,AM,Norte,Familia,49.9,9598,57,6,53,-2,110609.75
2024-12-23,104,AM,Norte,HBO,34.9,6008,43,3,32,8,48424.76
2024-12-23,104,AM,Norte,Telecine,29.9,4801,31,2,28,1,33152.4
2024-12-23,104,AM,Norte,Premiere,24.9,3601,27,4,22,1,20707.83
2024-12-23,104,PA,Norte,Familia,49.9,20196,165,19,110,36,232743.74
2024-12-23,104,PA,Norte,HBO,34.9,12602,77,5,70,2,101572.7
2024-12-23,104,PA,Norte,Telecine,29.9,10091,71,4,56,11,69681.5
2024-12-23,104,PA,Norte,Premiere,24.9,7567,56,8,41,7,43514.62
2024-12-23,104,RO,Norte,Familia,49.9,3840,26,2,24,0,44253.12
2024-12-23,104,RO,Norte,HBO,34.9,2401,15,1,13,1,19352.17
2024-12-23,104,RO,Norte,Telecine,29.9,1923,13,0,10,3,13278.91
2024-12-23,104,RO,Norte,Premiere,24.9,1441,10,1,8,1,8286.58
2024-12-23,104,AC,Norte,Familia,49.9,1920,10,0,10,0,22126.56
2024-12-23,104,AC,Norte,HBO,34.9,1201,7,0,6,1,9680.12
2024-12-23,104,AC,Norte,Telecine,29.9,961,6,0,5,1,6636.0
2024-12-23,104,AC,Norte,Premiere,24.9,721,5,0,4,1,4146.17
2024-12-23,104,RR,Norte,Familia,49.9,1440,8,0,8,0,16594.92
2024-12-23,104,RR,Norte,HBO,34.9,900,5,0,5,0,7254.04
2024-12-23,104,RR,Norte,Telecine,29.9,721,5,0,4,1,4978.73
2024-12-23,104,RR,Norte,Premiere,24.9,541,3,0,2,1,3111.06
2024-12-23,104,AP,Norte,Familia,49.9,1921,13,1,11,1,22138.08
2024-12-23,104,AP,Norte,HBO,34.9,1201,7,0,6,1,9680.12
2024-12-23,104,AP,Norte,Telecine,29.9,961,6,0,5,1,6636.0
2024-12-23,104,AP,Norte,Premiere,24.9,721,5,0,4,1,4146.17
2024-12-23,104,TO,Norte,Familia,49.9,3362,22,2,18,2,38744.53
2024-12-23,104,TO,Norte,HBO,34.9,2100,13,1,12,0,16926.1
2024-12-23,104,TO,Norte,Telecine,29.9,1682,11,0,9,2,11614.73
2024-12-23,104,TO,Norte,Premiere,24.9,1262,9,1,6,2,7257.23
