date,week,state,region,channel,treated,geolift_period,spend_brl,impressions,conv_shapley,conv_true_incremental,cac_shapley_brl,cac_true_brl
2023-01-02,1,SP,Sudeste,youtube,1,0,196702.83,10927934,0,0,,
2023-01-02,1,RJ,Sudeste,youtube,1,0,73989.14,4110507,0,0,,
2023-01-02,1,MG,Sudeste,youtube,0,0,92035.27,5113070,0,0,,
2023-01-02,1,ES,Sudeste,youtube,0,0,17143.82,952434,0,0,,
2023-01-02,1,PR,Sul,youtube,1,0,50529.17,2807175,0,0,,
2023-01-02,1,SC,Sul,youtube,0,0,32483.04,1804613,0,0,,
2023-01-02,1,RS,Sul,youtube,1,0,50529.17,2807175,0,0,,
2023-01-02,1,BA,Nordeste,youtube,0,0,64966.07,3609226,0,0,,
2023-01-02,1,CE,Nordeste,youtube,1,0,40603.8,2255766,0,0,,
2023-01-02,1,PE,Nordeste,youtube,0,0,43310.71,2406150,0,0,,
2023-01-02,1,MA,Nordeste,youtube,0,0,30678.42,1704356,0,0,,
2023-01-02,1,PB,Nordeste,youtube,0,0,18046.13,1002562,0,0,,
2023-01-02,1,RN,Nordeste,youtube,0,0,16241.52,902306,0,0,,
2023-01-02,1,AL,Nordeste,youtube,0,0,14436.9,802050,0,0,,
2023-01-02,1,SE,Nordeste,youtube,0,0,9925.37,551409,0,0,,
2023-01-02,1,PI,Nordeste,youtube,0,0,14436.9,802050,0,0,,
2023-01-02,1,GO,Centro-Oeste,youtube,0,0,29776.12,1654228,0,0,,
2023-01-02,1,MT,Centro-Oeste,youtube,0,0,15339.21,852178,0,0,,
2023-01-02,1,MS,Centro-Oeste,youtube,0,0,11729.99,651665,0,0,,
2023-01-02,1,DF,Centro-Oeste,youtube,0,0,12632.29,701793,0,0,,
2023-01-02,1,AM,Norte,youtube,0,0,18046.13,1002562,0,0,,
2023-01-02,1,PA,Norte,youtube,0,0,37896.88,2105381,0,0,,
2023-01-02,1,RO,Norte,youtube,0,0,7218.45,401025,0,0,,
2023-01-02,1,AC,Norte,youtube,0,0,3609.23,200512,0,0,,
2023-01-02,1,RR,Norte,youtube,0,0,2706.92,150384,0,0,,
2023-01-02,1,AP,Norte,youtube,0,0,3609.23,200512,0,0,,
2023-01-02,1,TO,Norte,youtube,0,0,6316.15,350896,0,0,,
2023-01-02,1,SP,Sudeste,meta,1,0,172114.98,14342914,0,0,,
2023-01-02,1,RJ,Sudeste,meta,1,0,64740.5,5395041,0,0,,
2023-01-02,1,MG,Sudeste,meta,0,0,80530.86,6710904,1,0,80530.86,
2023-01-02,1,ES,Sudeste,meta,0,0,15000.85,1250070,0,0,,
2023-01-02,1,PR,Sul,meta,1,0,44213.02,3684418,0,0,,
2023-01-02,1,SC,Sul,meta,0,0,28422.66,2368554,0,0,,
2023-01-02,1,RS,Sul,meta,1,0,44213.02,3684418,0,0,,
2023-01-02,1,BA,Nordeste,meta,0,0,56845.31,4737109,0,0,,
2023-01-02,1,CE,Nordeste,meta,1,0,35528.32,2960693,0,0,,
2023-01-02,1,PE,Nordeste,meta,0,0,37896.88,3158072,0,0,,
2023-01-02,1,MA,Nordeste,meta,0,0,26843.62,2236968,0,0,,
2023-01-02,1,PB,Nordeste,meta,0,0,15790.36,1315863,0,0,,
2023-01-02,1,RN,Nordeste,meta,0,0,14211.33,1184277,0,0,,
2023-01-02,1,AL,Nordeste,meta,0,0,12632.29,1052690,0,0,,
2023-01-02,1,SE,Nordeste,meta,0,0,8684.7,723725,0,0,,
2023-01-02,1,PI,Nordeste,meta,0,0,12632.29,1052690,0,0,,
2023-01-02,1,GO,Centro-Oeste,meta,0,0,26054.1,2171175,0,0,,
2023-01-02,1,MT,Centro-Oeste,meta,0,0,13421.81,1118484,0,0,,
2023-01-02,1,MS,Centro-Oeste,meta,0,0,10263.74,855311,0,0,,
2023-01-02,1,DF,Centro-Oeste,meta,0,0,11053.26,921104,0,0,,
2023-01-02,1,AM,Norte,meta,0,0,15790.36,1315863,0,0,,
2023-01-02,1,PA,Norte,meta,0,0,33159.77,2763313,0,0,,
2023-01-02,1,RO,Norte,meta,0,0,6316.15,526345,0,0,,
2023-01-02,1,AC,Norte,meta,0,0,3158.07,263172,0,0,,
2023-01-02,1,RR,Norte,meta,0,0,2368.55,197379,0,0,,
2023-01-02,1,AP,Norte,meta,0,0,3158.07,263172,0,0,,
2023-01-02,1,TO,Norte,meta,0,0,5526.63,460552,0,0,,
2023-01-02,1,SP,Sudeste,search,1,0,122939.27,15367408,0,0,,
2023-01-02,1,RJ,Sudeste,search,1,0,46243.21,5780401,0,0,,
2023-01-02,1,MG,Sudeste,search,0,0,57522.04,7190255,0,0,,
2023-01-02,1,ES,Sudeste,search,0,0,10714.89,1339361,0,0,,
2023-01-02,1,PR,Sul,search,1,0,31580.73,3947591,0,0,,
2023-01-02,1,SC,Sul,search,0,0,20301.9,2537737,0,0,,
2023-01-02,1,RS,Sul,search,1,0,31580.73,3947591,0,0,,
2023-01-02,1,BA,Nordeste,search,0,0,40603.8,5075474,0,0,,
2023-01-02,1,CE,Nordeste,search,1,0,25377.37,3172171,0,0,,
2023-01-02,1,PE,Nordeste,search,0,0,27069.2,3383649,0,0,,
2023-01-02,1,MA,Nordeste,search,0,0,19174.01,2396751,0,0,,
2023-01-02,1,PB,Nordeste,search,0,0,11278.83,1409853,0,0,,
2023-01-02,1,RN,Nordeste,search,0,0,10150.95,1268868,0,0,,
2023-01-02,1,AL,Nordeste,search,0,0,9023.07,1127883,0,0,,
2023-01-02,1,SE,Nordeste,search,0,0,6203.36,775419,0,0,,
2023-01-02,1,PI,Nordeste,search,0,0,9023.07,1127883,0,0,,
2023-01-02,1,GO,Centro-Oeste,search,0,0,18610.07,2326259,0,0,,
2023-01-02,1,MT,Centro-Oeste,search,0,0,9587.01,1198375,0,0,,
2023-01-02,1,MS,Centro-Oeste,search,0,0,7331.24,916405,0,0,,
2023-01-02,1,DF,Centro-Oeste,search,0,0,7895.18,986897,0,0,,
2023-01-02,1,AM,Norte,search,0,0,11278.83,1409853,1,0,11278.83,
2023-01-02,1,PA,Norte,search,0,0,23685.55,2960693,0,0,,
2023-01-02,1,RO,Norte,search,0,0,4511.53,563941,0,0,,
2023-01-02,1,AC,Norte,search,0,0,2255.77,281970,0,0,,
2023-01-02,1,RR,Norte,search,0,0,1691.82,211478,0,0,,
2023-01-02,1,AP,Norte,search,0,0,2255.77,281970,0,0,,
2023-01-02,1,TO,Norte,search,0,0,3947.59,493448,0,0,,
2023-01-09,2,SP,Sudeste,youtube,1,0,239176.97,13287609,0,0,,
2023-01-09,2,RJ,Sudeste,youtube,1,0,89965.65,4998091,1,0,89965.65,
2023-01-09,2,MG,Sudeste,youtube,0,0,111908.49,6217138,0,0,,
2023-01-09,2,ES,Sudeste,youtube,0,0,20845.7,1158094,0,0,,
2023-01-09,2,PR,Sul,youtube,1,0,61439.95,3413330,0,0,,
2023-01-09,2,SC,Sul,youtube,0,0,39497.11,2194284,0,0,,
2023-01-09,2,RS,Sul,youtube,1,0,61439.95,3413330,1,0,61439.95,
2023-01-09,2,BA,Nordeste,youtube,0,0,78994.23,4388568,0,0,,
2023-01-09,2,CE,Nordeste,youtube,1,0,49371.39,2742855,0,0,,
2023-01-09,2,PE,Nordeste,youtube,0,0,52662.82,2925712,0,0,,
2023-01-09,2,MA,Nordeste,youtube,0,0,37302.83,2072379,0,0,,
2023-01-09,2,PB,Nordeste,youtube,0,0,21942.84,1219046,0,0,,
2023-01-09,2,RN,Nordeste,youtube,0,0,19748.56,1097142,0,0,,
2023-01-09,2,AL,Nordeste,youtube,0,0,17554.27,975237,0,0,,
2023-01-09,2,SE,Nordeste,youtube,0,0,12068.56,670475,0,0,,
2023-01-09,2,PI,Nordeste,youtube,0,0,17554.27,975237,0,0,,
2023-01-09,2,GO,Centro-Oeste,youtube,0,0,36205.69,2011427,0,0,,
2023-01-09,2,MT,Centro-Oeste,youtube,0,0,18651.41,1036189,0,0,,
2023-01-09,2,MS,Centro-Oeste,youtube,0,0,14262.85,792380,0,0,,
2023-01-09,2,DF,Centro-Oeste,youtube,0,0,15359.99,853332,0,0,,
2023-01-09,2,AM,Norte,youtube,0,0,21942.84,1219046,0,0,,
2023-01-09,2,PA,Norte,youtube,0,0,46079.97,2559998,0,0,,
2023-01-09,2,RO,Norte,youtube,0,0,8777.14,487618,0,0,,
2023-01-09,2,AC,Norte,youtube,0,0,4388.57,243809,0,0,,
2023-01-09,2,RR,Norte,youtube,0,0,3291.43,182857,0,0,,
2023-01-09,2,AP,Norte,youtube,0,0,4388.57,243809,1,0,4388.57,
2023-01-09,2,TO,Norte,youtube,0,0,7679.99,426666,0,0,,
2023-01-09,2,SP,Sudeste,meta,1,0,209279.85,17439986,0,0,,
2023-01-09,2,RJ,Sudeste,meta,1,0,78719.94,6559995,0,0,,
2023-01-09,2,MG,Sudeste,meta,0,0,97919.93,8159993,0,0,,
2023-01-09,2,ES,Sudeste,meta,0,0,18239.99,1519998,0,0,,
2023-01-09,2,PR,Sul,meta,1,0,53759.96,4479996,0,0,,
2023-01-09,2,SC,Sul,meta,0,0,34559.97,2879997,0,0,,
2023-01-09,2,RS,Sul,meta,1,0,53759.96,4479996,0,0,,
2023-01-09,2,BA,Nordeste,meta,0,0,69119.95,5759995,0,0,,
2023-01-09,2,CE,Nordeste,meta,1,0,43199.97,3599997,1,0,43199.97,
2023-01-09,2,PE,Nordeste,meta,0,0,46079.97,3839997,0,0,,
2023-01-09,2,MA,Nordeste,meta,0,0,32639.98,2719997,0,0,,
2023-01-09,2,PB,Nordeste,meta,0,0,19199.99,1599998,0,0,,
2023-01-09,2,RN,Nordeste,meta,0,0,17279.99,1439998,0,0,,
2023-01-09,2,AL,Nordeste,meta,0,0,15359.99,1279999,0,0,,
2023-01-09,2,SE,Nordeste,meta,0,0,10559.99,879999,0,0,,
2023-01-09,2,PI,Nordeste,meta,0,0,15359.99,1279999,0,0,,
2023-01-09,2,GO,Centro-Oeste,meta,0,0,31679.98,2639998,0,0,,
2023-01-09,2,MT,Centro-Oeste,meta,0,0,16319.99,1359998,1,0,16319.99,
2023-01-09,2,MS,Centro-Oeste,meta,0,0,12479.99,1039999,0,0,,
2023-01-09,2,DF,Centro-Oeste,meta,0,0,13439.99,1119999,0,0,,
2023-01-09,2,AM,Norte,meta,0,0,19199.99,1599998,1,0,19199.99,
2023-01-09,2,PA,Norte,meta,0,0,40319.97,3359997,0,0,,
2023-01-09,2,RO,Norte,meta,0,0,7679.99,639999,0,0,,
2023-01-09,2,AC,Norte,meta,0,0,3840.0,319999,0,0,,
2023-01-09,2,RR,Norte,meta,0,0,2880.0,239999,0,0,,
2023-01-09,2,AP,Norte,meta,0,0,3840.0,319999,0,0,,
2023-01-09,2,TO,Norte,meta,0,0,6720.0,559999,0,0,,
2023-01-09,2,SP,Sudeste,search,1,0,149485.6,18685700,0,0,,
2023-01-09,2,RJ,Sudeste,search,1,0,56228.53,7028566,0,0,,
2023-01-09,2,MG,Sudeste,search,0,0,69942.81,8742850,0,0,,
2023-01-09,2,ES,Sudeste,search,0,0,13028.56,1628570,0,0,,
2023-01-09,2,PR,Sul,search,1,0,38399.97,4799996,0,0,,
2023-01-09,2,SC,Sul,search,0,0,24685.7,3085711,0,0,,
2023-01-09,2,RS,Sul,search,1,0,38399.97,4799996,0,0,,
2023-01-09,2,BA,Nordeste,search,0,0,49371.39,6171423,0,0,,
2023-01-09,2,CE,Nordeste,search,1,0,30857.12,3857139,0,0,,
2023-01-09,2,PE,Nordeste,search,0,0,32914.26,4114282,0,0,,
2023-01-09,2,MA,Nordeste,search,0,0,23314.27,2914283,0,0,,
2023-01-09,2,PB,Nordeste,search,0,0,13714.28,1714284,0,0,,
2023-01-09,2,RN,Nordeste,search,0,0,12342.85,1542855,0,0,,
2023-01-09,2,AL,Nordeste,search,0,0,10971.42,1371427,0,0,,
2023-01-09,2,SE,Nordeste,search,0,0,7542.85,942856,0,0,,
2023-01-09,2,PI,Nordeste,search,0,0,10971.42,1371427,0,0,,
2023-01-09,2,GO,Centro-Oeste,search,0,0,22628.55,2828569,0,0,,
2023-01-09,2,MT,Centro-Oeste,search,0,0,11657.13,1457141,0,0,,
2023-01-09,2,MS,Centro-Oeste,search,0,0,8914.28,1114284,0,0,,
2023-01-09,2,DF,Centro-Oeste,search,0,0,9599.99,1199999,0,0,,
2023-01-09,2,AM,Norte,search,0,0,13714.28,1714284,0,0,,
2023-01-09,2,PA,Norte,search,0,0,28799.98,3599997,0,0,,
2023-01-09,2,RO,Norte,search,0,0,5485.71,685713,0,0,,
2023-01-09,2,AC,Norte,search,0,0,2742.86,342856,0,0,,
2023-01-09,2,RR,Norte,search,0,0,2057.14,257142,0,0,,
2023-01-09,2,AP,Norte,search,0,0,2742.86,342856,0,0,,
2023-01-09,2,TO,Norte,search,0,0,4800.0,599999,0,0,,
2023-01-16,3,SP,Sudeste,youtube,1,0,209075.4,11615300,0,0,,
2023-01-16,3,RJ,Sudeste,youtube,1,0,78643.04,4369057,0,0,,
2023-01-16,3,MG,Sudeste,youtube,0,0,97824.27,5434681,0,0,,
2023-01-16,3,ES,Sudeste,youtube,0,0,18222.17,1012342,0,0,,
2023-01-16,3,PR,Sul,youtube,1,0,53707.44,2983746,0,0,,
2023-01-16,3,SC,Sul,youtube,0,0,34526.21,1918122,0,0,,
2023-01-16,3,RS,Sul,youtube,1,0,53707.44,2983746,0,0,,
2023-01-16,3,BA,Nordeste,youtube,0,0,69052.43,3836245,0,0,,
2023-01-16,3,CE,Nordeste,youtube,1,0,43157.77,2397653,0,0,,
2023-01-16,3,PE,Nordeste,youtube,0,0,46034.95,2557497,0,0,,
2023-01-16,3,MA,Nordeste,youtube,0,0,32608.09,1811560,0,0,,
2023-01-16,3,PB,Nordeste,youtube,0,0,19181.23,1065623,0,0,,
2023-01-16,3,RN,Nordeste,youtube,0,0,17263.11,959061,0,0,,
2023-01-16,3,AL,Nordeste,youtube,0,0,15344.98,852499,0,0,,
2023-01-16,3,SE,Nordeste,youtube,0,0,10549.68,586093,0,0,,
2023-01-16,3,PI,Nordeste,youtube,0,0,15344.98,852499,0,0,,
2023-01-16,3,GO,Centro-Oeste,youtube,0,0,31649.03,1758279,0,0,,
2023-01-16,3,MT,Centro-Oeste,youtube,0,0,16304.05,905780,0,0,,
2023-01-16,3,MS,Centro-Oeste,youtube,0,0,12467.8,692655,0,0,,
2023-01-16,3,DF,Centro-Oeste,youtube,0,0,13426.86,745936,0,0,,
2023-01-16,3,AM,Norte,youtube,0,0,19181.23,1065623,0,0,,
2023-01-16,3,PA,Norte,youtube,0,0,40280.58,2237810,0,0,,
2023-01-16,3,RO,Norte,youtube,0,0,7672.49,426249,0,0,,
2023-01-16,3,AC,Norte,youtube,0,0,3836.25,213124,0,0,,
2023-01-16,3,RR,Norte,youtube,0,0,2877.18,159843,0,0,,
2023-01-16,3,AP,Norte,youtube,0,0,3836.25,213124,0,0,,
2023-01-16,3,TO,Norte,youtube,0,0,6713.43,372968,0,0,,
2023-01-16,3,SP,Sudeste,meta,1,0,182940.98,15245081,0,0,,
2023-01-16,3,RJ,Sudeste,meta,1,0,68812.66,5734388,0,0,,
2023-01-16,3,MG,Sudeste,meta,0,0,85596.24,7133019,0,0,,
2023-01-16,3,ES,Sudeste,meta,0,0,15944.4,1328699,1,0,15944.4,
2023-01-16,3,PR,Sul,meta,1,0,46994.01,3916167,0,0,,
2023-01-16,3,SC,Sul,meta,0,0,30210.44,2517536,0,0,,
2023-01-16,3,RS,Sul,meta,1,0,46994.01,3916167,0,0,,
2023-01-16,3,BA,Nordeste,meta,0,0,60420.87,5035072,0,0,,
2023-01-16,3,CE,Nordeste,meta,1,0,37763.05,3146920,0,0,,
2023-01-16,3,PE,Nordeste,meta,0,0,40280.58,3356715,0,0,,
2023-01-16,3,MA,Nordeste,meta,0,0,28532.08,2377673,0,0,,
2023-01-16,3,PB,Nordeste,meta,0,0,16783.58,1398631,1,0,16783.58,
2023-01-16,3,RN,Nordeste,meta,0,0,15105.22,1258768,0,0,,
2023-01-16,3,AL,Nordeste,meta,0,0,13426.86,1118905,0,0,,
2023-01-16,3,SE,Nordeste,meta,0,0,9230.97,769247,0,0,,
2023-01-16,3,PI,Nordeste,meta,0,0,13426.86,1118905,0,0,,
2023-01-16,3,GO,Centro-Oeste,meta,0,0,27692.9,2307741,0,0,,
2023-01-16,3,MT,Centro-Oeste,meta,0,0,14266.04,1188836,0,0,,
2023-01-16,3,MS,Centro-Oeste,meta,0,0,10909.32,909110,0,0,,
2023-01-16,3,DF,Centro-Oeste,meta,0,0,11748.5,979041,0,0,,
2023-01-16,3,AM,Norte,meta,0,0,16783.58,1398631,0,0,,
2023-01-16,3,PA,Norte,meta,0,0,35245.51,2937125,0,0,,
2023-01-16,3,RO,Norte,meta,0,0,6713.43,559452,0,0,,
2023-01-16,3,AC,Norte,meta,0,0,3356.72,279726,0,0,,
2023-01-16,3,RR,Norte,meta,0,0,2517.54,209794,0,0,,
2023-01-16,3,AP,Norte,meta,0,0,3356.72,279726,0,0,,
2023-01-16,3,TO,Norte,meta,0,0,5874.25,489520,0,0,,
2023-01-16,3,SP,Sudeste,search,1,0,130672.13,16334015,0,0,,
2023-01-16,3,RJ,Sudeste,search,1,0,49151.9,6143987,1,0,49151.9,
2023-01-16,3,MG,Sudeste,search,0,0,61140.17,7642521,0,0,,
2023-01-16,3,ES,Sudeste,search,0,0,11388.86,1423606,0,0,,
2023-01-16,3,PR,Sul,search,1,0,33567.15,4195893,0,0,,
2023-01-16,3,SC,Sul,search,0,0,21578.88,2697360,0,0,,
2023-01-16,3,RS,Sul,search,1,0,33567.15,4195893,0,0,,
2023-01-16,3,BA,Nordeste,search,0,0,43157.77,5394720,0,0,,
2023-01-16,3,CE,Nordeste,search,1,0,26973.6,3371700,0,0,,
2023-01-16,3,PE,Nordeste,search,0,0,28771.84,3596480,0,0,,
2023-01-16,3,MA,Nordeste,search,0,0,20380.06,2547507,0,0,,
2023-01-16,3,PB,Nordeste,search,0,0,11988.27,1498533,0,0,,
2023-01-16,3,RN,Nordeste,search,0,0,10789.44,1348680,0,0,,
2023-01-16,3,AL,Nordeste,search,0,0,9590.61,1198826,0,0,,
2023-01-16,3,SE,Nordeste,search,0,0,6593.55,824193,0,0,,
2023-01-16,3,PI,Nordeste,search,0,0,9590.61,1198826,0,0,,
2023-01-16,3,GO,Centro-Oeste,search,0,0,19780.64,2472580,0,0,,
2023-01-16,3,MT,Centro-Oeste,search,0,0,10190.03,1273753,0,0,,
2023-01-16,3,MS,Centro-Oeste,search,0,0,7792.37,974046,0,0,,
2023-01-16,3,DF,Centro-Oeste,search,0,0,8391.79,1048973,0,0,,
2023-01-16,3,AM,Norte,search,0,0,11988.27,1498533,0,0,,
2023-01-16,3,PA,Norte,search,0,0,25175.36,3146920,0,0,,
2023-01-16,3,RO,Norte,search,0,0,4795.31,599413,0,0,,
2023-01-16,3,AC,Norte,search,0,0,2397.65,299706,0,0,,
2023-01-16,3,RR,Norte,search,0,0,1798.24,224780,0,0,,
2023-01-16,3,AP,Norte,search,0,0,2397.65,299706,1,0,2397.65,
2023-01-16,3,TO,Norte,search,0,0,4195.89,524486,0,0,,
2023-01-23,4,SP,Sudeste,youtube,1,0,207086.85,11504824,0,0,,
2023-01-23,4,RJ,Sudeste,youtube,1,0,77895.05,4327502,1,0,77895.05,
2023-01-23,4,MG,Sudeste,youtube,0,0,96893.85,5382991,0,0,,
2023-01-23,4,ES,Sudeste,youtube,0,0,18048.85,1002714,0,0,,
2023-01-23,4,PR,Sul,youtube,1,0,53196.62,2955367,0,0,,
2023-01-23,4,SC,Sul,youtube,0,0,34197.83,1899879,0,0,,
2023-01-23,4,RS,Sul,youtube,1,0,53196.62,2955367,0,0,,
2023-01-23,4,BA,Nordeste,youtube,0,0,68395.66,3799758,0,0,,
2023-01-23,4,CE,Nordeste,youtube,1,0,42747.28,2374849,0,0,,
2023-01-23,4,PE,Nordeste,youtube,0,0,45597.1,2533172,0,0,,
2023-01-23,4,MA,Nordeste,youtube,0,0,32297.95,1794330,0,0,,
2023-01-23,4,PB,Nordeste,youtube,0,0,18998.79,1055488,0,0,,
2023-01-23,4,RN,Nordeste,youtube,0,0,17098.91,949939,0,0,,
2023-01-23,4,AL,Nordeste,youtube,0,0,15199.03,844390,0,0,,
2023-01-23,4,SE,Nordeste,youtube,0,0,10449.34,580518,0,0,,
2023-01-23,4,PI,Nordeste,youtube,0,0,15199.03,844390,0,0,,
2023-01-23,4,GO,Centro-Oeste,youtube,0,0,31348.01,1741556,0,0,,
2023-01-23,4,MT,Centro-Oeste,youtube,0,0,16148.97,897165,1,0,16148.97,
2023-01-23,4,MS,Centro-Oeste,youtube,0,0,12349.22,686067,0,0,,
2023-01-23,4,DF,Centro-Oeste,youtube,0,0,13299.16,738841,0,0,,
2023-01-23,4,AM,Norte,youtube,0,0,18998.79,1055488,0,0,,
2023-01-23,4,PA,Norte,youtube,0,0,39897.47,2216525,0,0,,
2023-01-23,4,RO,Norte,youtube,0,0,7599.52,422195,0,0,,
2023-01-23,4,AC,Norte,youtube,0,0,3799.76,211097,0,0,,
2023-01-23,4,RR,Norte,youtube,0,0,2849.82,158323,0,0,,
2023-01-23,4,AP,Norte,youtube,0,0,3799.76,211097,0,0,,
2023-01-23,4,TO,Norte,youtube,0,0,6649.58,369420,0,0,,
2023-01-23,4,SP,Sudeste,meta,1,0,181200.99,15100082,1,0,181200.99,
2023-01-23,4,RJ,Sudeste,meta,1,0,68158.17,5679847,0,0,,
2023-01-23,4,MG,Sudeste,meta,0,0,84782.12,7065176,0,0,,
2023-01-23,4,ES,Sudeste,meta,0,0,15792.75,1316062,0,0,,
2023-01-23,4,PR,Sul,meta,1,0,46547.04,3878920,0,0,,
2023-01-23,4,SC,Sul,meta,0,0,29923.1,2493591,0,0,,
2023-01-23,4,RS,Sul,meta,1,0,46547.04,3878920,0,0,,
2023-01-23,4,BA,Nordeste,meta,0,0,59846.2,4987183,0,0,,
2023-01-23,4,CE,Nordeste,meta,1,0,37403.87,3116989,0,0,,
2023-01-23,4,PE,Nordeste,meta,0,0,39897.47,3324788,0,0,,
2023-01-23,4,MA,Nordeste,meta,0,0,28260.71,2355058,0,0,,
2023-01-23,4,PB,Nordeste,meta,0,0,16623.94,1385328,0,0,,
2023-01-23,4,RN,Nordeste,meta,0,0,14961.55,1246795,0,0,,
2023-01-23,4,AL,Nordeste,meta,0,0,13299.16,1108262,0,0,,
2023-01-23,4,SE,Nordeste,meta,0,0,9143.17,761930,0,0,,
2023-01-23,4,PI,Nordeste,meta,0,0,13299.16,1108262,0,0,,
2023-01-23,4,GO,Centro-Oeste,meta,0,0,27429.51,2285792,0,0,,
2023-01-23,4,MT,Centro-Oeste,meta,0,0,14130.35,1177529,0,0,,
2023-01-23,4,MS,Centro-Oeste,meta,0,0,10805.56,900463,0,0,,
2023-01-23,4,DF,Centro-Oeste,meta,0,0,11636.76,969730,0,0,,
2023-01-23,4,AM,Norte,meta,0,0,16623.94,1385328,0,0,,
2023-01-23,4,PA,Norte,meta,0,0,34910.28,2909190,0,0,,
2023-01-23,4,RO,Norte,meta,0,0,6649.58,554131,1,0,6649.58,
2023-01-23,4,AC,Norte,meta,0,0,3324.79,277065,0,0,,
2023-01-23,4,RR,Norte,meta,0,0,2493.59,207799,0,0,,
2023-01-23,4,AP,Norte,meta,0,0,3324.79,277065,0,0,,
2023-01-23,4,TO,Norte,meta,0,0,5818.38,484865,0,0,,
2023-01-23,4,SP,Sudeste,search,1,0,129429.28,16178659,0,0,,
2023-01-23,4,RJ,Sudeste,search,1,0,48684.41,6085550,0,0,,
2023-01-23,4,MG,Sudeste,search,0,0,60558.65,7569831,0,0,,
2023-01-23,4,ES,Sudeste,search,0,0,11280.53,1410066,0,0,,
2023-01-23,4,PR,Sul,search,1,0,33247.89,4155986,0,0,,
2023-01-23,4,SC,Sul,search,0,0,21373.64,2671705,0,0,,
2023-01-23,4,RS,Sul,search,1,0,33247.89,4155986,0,0,,
2023-01-23,4,BA,Nordeste,search,0,0,42747.28,5343410,1,0,42747.28,
2023-01-23,4,CE,Nordeste,search,1,0,26717.05,3339631,0,0,,
2023-01-23,4,PE,Nordeste,search,0,0,28498.19,3562273,0,0,,
2023-01-23,4,MA,Nordeste,search,0,0,20186.22,2523277,0,0,,
2023-01-23,4,PB,Nordeste,search,0,0,11874.25,1484280,0,0,,
2023-01-23,4,RN,Nordeste,search,0,0,10686.82,1335852,0,0,,
2023-01-23,4,AL,Nordeste,search,0,0,9499.4,1187424,0,0,,
2023-01-23,4,SE,Nordeste,search,0,0,6530.84,816354,0,0,,
2023-01-23,4,PI,Nordeste,search,0,0,9499.4,1187424,0,0,,
2023-01-23,4,GO,Centro-Oeste,search,0,0,19592.51,2449063,0,0,,
2023-01-23,4,MT,Centro-Oeste,search,0,0,10093.11,1261638,0,0,,
2023-01-23,4,MS,Centro-Oeste,search,0,0,7718.26,964782,0,0,,
2023-01-23,4,DF,Centro-Oeste,search,0,0,8311.97,1038996,0,0,,
2023-01-23,4,AM,Norte,search,0,0,11874.25,1484280,0,0,,
2023-01-23,4,PA,Norte,search,0,0,24935.92,3116989,0,0,,
2023-01-23,4,RO,Norte,search,0,0,4749.7,593712,1,0,4749.7,
2023-01-23,4,AC,Norte,search,0,0,2374.85,296856,0,0,,
2023-01-23,4,RR,Norte,search,0,0,1781.14,222642,0,0,,
2023-01-23,4,AP,Norte,search,0,0,2374.85,296856,0,0,,
2023-01-23,4,TO,Norte,search,0,0,4155.99,519498,0,0,,
2023-01-30,5,SP,Sudeste,youtube,1,0,212940.01,11830000,0,0,,
2023-01-30,5,RJ,Sudeste,youtube,1,0,80096.7,4449816,0,0,,
2023-01-30,5,MG,Sudeste,youtube,0,0,99632.48,5535137,0,0,,
2023-01-30,5,ES,Sudeste,youtube,0,0,18558.99,1031055,0,0,,
2023-01-30,5,PR,Sul,youtube,1,0,54700.19,3038899,0,0,,
2023-01-30,5,SC,Sul,youtube,0,0,35164.41,1953578,0,0,,
2023-01-30,5,RS,Sul,youtube,1,0,54700.19,3038899,0,0,,
2023-01-30,5,BA,Nordeste,youtube,0,0,70328.81,3907156,0,0,,
2023-01-30,5,CE,Nordeste,youtube,1,0,43955.51,2441972,0,0,,
2023-01-30,5,PE,Nordeste,youtube,0,0,46885.87,2604770,0,0,,
2023-01-30,5,MA,Nordeste,youtube,0,0,33210.83,1845045,1,0,33210.83,
2023-01-30,5,PB,Nordeste,youtube,0,0,19535.78,1085321,0,0,,
2023-01-30,5,RN,Nordeste,youtube,0,0,17582.2,976789,0,0,,
2023-01-30,5,AL,Nordeste,youtube,0,0,15628.62,868256,0,0,,
2023-01-30,5,SE,Nordeste,youtube,0,0,10744.68,596926,0,0,,
2023-01-30,5,PI,Nordeste,youtube,0,0,15628.62,868256,0,0,,
2023-01-30,5,GO,Centro-Oeste,youtube,0,0,32234.04,1790779,0,0,,
2023-01-30,5,MT,Centro-Oeste,youtube,0,0,16605.41,922522,0,0,,
2023-01-30,5,MS,Centro-Oeste,youtube,0,0,12698.26,705458,0,0,,
2023-01-30,5,DF,Centro-Oeste,youtube,0,0,13675.05,759724,0,0,,
2023-01-30,5,AM,Norte,youtube,0,0,19535.78,1085321,0,0,,
2023-01-30,5,PA,Norte,youtube,0,0,41025.14,2279174,0,0,,
2023-01-30,5,RO,Norte,youtube,0,0,7814.31,434128,0,0,,
2023-01-30,5,AC,Norte,youtube,0,0,3907.16,217064,0,0,,
2023-01-30,5,RR,Norte,youtube,0,0,2930.37,162798,0,0,,
2023-01-30,5,AP,Norte,youtube,0,0,3907.16,217064,0,0,,
2023-01-30,5,TO,Norte,youtube,0,0,6837.52,379862,0,0,,
2023-01-30,5,SP,Sudeste,meta,1,0,186322.51,15526875,0,0,,
2023-01-30,5,RJ,Sudeste,meta,1,0,70084.61,5840384,0,0,,
2023-01-30,5,MG,Sudeste,meta,0,0,87178.42,7264868,0,0,,
2023-01-30,5,ES,Sudeste,meta,0,0,16239.12,1353259,0,0,,
2023-01-30,5,PR,Sul,meta,1,0,47862.66,3988555,0,0,,
2023-01-30,5,SC,Sul,meta,0,0,30768.85,2564071,0,0,,
2023-01-30,5,RS,Sul,meta,1,0,47862.66,3988555,1,0,47862.66,
2023-01-30,5,BA,Nordeste,meta,0,0,61537.71,5128142,0,0,,
2023-01-30,5,CE,Nordeste,meta,1,0,38461.07,3205089,0,0,,
2023-01-30,5,PE,Nordeste,meta,0,0,41025.14,3418761,0,0,,
2023-01-30,5,MA,Nordeste,meta,0,0,29059.47,2421622,0,0,,
2023-01-30,5,PB,Nordeste,meta,0,0,17093.81,1424484,0,0,,
2023-01-30,5,RN,Nordeste,meta,0,0,15384.43,1282035,0,0,,
2023-01-30,5,AL,Nordeste,meta,0,0,13675.05,1139587,0,0,,
2023-01-30,5,SE,Nordeste,meta,0,0,9401.59,783466,0,0,,
2023-01-30,5,PI,Nordeste,meta,0,0,13675.05,1139587,0,0,,
2023-01-30,5,GO,Centro-Oeste,meta,0,0,28204.78,2350398,0,0,,
2023-01-30,5,MT,Centro-Oeste,meta,0,0,14529.74,1210811,0,0,,
2023-01-30,5,MS,Centro-Oeste,meta,0,0,11110.98,925914,1,0,11110.98,
2023-01-30,5,DF,Centro-Oeste,meta,0,0,11965.67,997138,0,0,,
2023-01-30,5,AM,Norte,meta,0,0,17093.81,1424484,0,0,,
2023-01-30,5,PA,Norte,meta,0,0,35897.0,2991416,0,0,,
2023-01-30,5,RO,Norte,meta,0,0,6837.52,569793,0,0,,
2023-01-30,5,AC,Norte,meta,0,0,3418.76,284896,0,0,,
2023-01-30,5,RR,Norte,meta,0,0,2564.07,213672,0,0,,
2023-01-30,5,AP,Norte,meta,0,0,3418.76,284896,0,0,,
2023-01-30,5,TO,Norte,meta,0,0,5982.83,498569,0,0,,
2023-01-30,5,SP,Sudeste,search,1,0,133087.51,16635938,0,0,,
2023-01-30,5,RJ,Sudeste,search,1,0,50060.44,6257554,0,0,,
2023-01-30,5,MG,Sudeste,search,0,0,62270.3,7783787,0,0,,
2023-01-30,5,ES,Sudeste,search,0,0,11599.37,1449921,0,0,,
2023-01-30,5,PR,Sul,search,1,0,34187.62,4273452,0,0,,
2023-01-30,5,SC,Sul,search,0,0,21977.75,2747219,0,0,,
2023-01-30,5,RS,Sul,search,1,0,34187.62,4273452,0,0,,
2023-01-30,5,BA,Nordeste,search,0,0,43955.51,5494438,0,0,,
2023-01-30,5,CE,Nordeste,search,1,0,27472.19,3434023,0,0,,
2023-01-30,5,PE,Nordeste,search,0,0,29303.67,3662958,0,0,,
2023-01-30,5,MA,Nordeste,search,0,0,20756.77,2594595,0,0,,
2023-01-30,5,PB,Nordeste,search,0,0,12209.86,1526232,0,0,,
2023-01-30,5,RN,Nordeste,search,0,0,10988.88,1373609,0,0,,
2023-01-30,5,AL,Nordeste,search,0,0,9767.89,1220986,0,0,,
2023-01-30,5,SE,Nordeste,search,0,0,6715.42,839428,0,0,,
2023-01-30,5,PI,Nordeste,search,0,0,9767.89,1220986,0,0,,
2023-01-30,5,GO,Centro-Oeste,search,0,0,20146.27,2518284,0,0,,
2023-01-30,5,MT,Centro-Oeste,search,0,0,10378.38,1297297,0,0,,
2023-01-30,5,MS,Centro-Oeste,search,0,0,7936.41,992051,0,0,,
2023-01-30,5,DF,Centro-Oeste,search,0,0,8546.9,1068363,0,0,,
2023-01-30,5,AM,Norte,search,0,0,12209.86,1526232,0,0,,
2023-01-30,5,PA,Norte,search,0,0,25640.71,3205089,0,0,,
2023-01-30,5,RO,Norte,search,0,0,4883.95,610493,0,0,,
2023-01-30,5,AC,Norte,search,0,0,2441.97,305246,0,0,,
2023-01-30,5,RR,Norte,search,0,0,1831.48,228934,0,0,,
2023-01-30,5,AP,Norte,search,0,0,2441.97,305246,1,0,2441.97,
2023-01-30,5,TO,Norte,search,0,0,4273.45,534181,1,0,4273.45,
2023-02-06,6,SP,Sudeste,youtube,1,0,178583.06,9921280,0,0,,
2023-02-06,6,RJ,Sudeste,youtube,1,0,67173.44,3731857,0,0,,
2023-02-06,6,MG,Sudeste,youtube,0,0,83557.21,4642067,0,0,,
2023-02-06,6,ES,Sudeste,youtube,0,0,15564.58,864698,0,0,,
2023-02-06,6,PR,Sul,youtube,1,0,45874.55,2548585,0,0,,
2023-02-06,6,SC,Sul,youtube,0,0,29490.78,1638376,0,0,,
2023-02-06,6,RS,Sul,youtube,1,0,45874.55,2548585,0,0,,
2023-02-06,6,BA,Nordeste,youtube,0,0,58981.56,3276753,0,0,,
2023-02-06,6,CE,Nordeste,youtube,1,0,36863.48,2047970,0,0,,
2023-02-06,6,PE,Nordeste,youtube,0,0,39321.04,2184502,0,0,,
2023-02-06,6,MA,Nordeste,youtube,0,0,27852.4,1547355,0,0,,
2023-02-06,6,PB,Nordeste,youtube,0,0,16383.77,910209,0,0,,
2023-02-06,6,RN,Nordeste,youtube,0,0,14745.39,819188,0,0,,
2023-02-06,6,AL,Nordeste,youtube,0,0,13107.01,728167,0,0,,
2023-02-06,6,SE,Nordeste,youtube,0,0,9011.07,500615,0,0,,
2023-02-06,6,PI,Nordeste,youtube,0,0,13107.01,728167,0,0,,
2023-02-06,6,GO,Centro-Oeste,youtube,0,0,27033.22,1501845,0,0,,
2023-02-06,6,MT,Centro-Oeste,youtube,0,0,13926.2,773677,0,0,,
2023-02-06,6,MS,Centro-Oeste,youtube,0,0,10649.45,591636,0,0,,
2023-02-06,6,DF,Centro-Oeste,youtube,0,0,11468.64,637146,0,0,,
2023-02-06,6,AM,Norte,youtube,0,0,16383.77,910209,0,0,,
2023-02-06,6,PA,Norte,youtube,0,0,34405.91,1911439,0,0,,
2023-02-06,6,RO,Norte,youtube,0,0,6553.51,364083,0,0,,
2023-02-06,6,AC,Norte,youtube,0,0,3276.75,182041,0,0,,
2023-02-06,6,RR,Norte,youtube,0,0,2457.57,136531,0,0,,
2023-02-06,6,AP,Norte,youtube,0,0,3276.75,182041,0,0,,
2023-02-06,6,TO,Norte,youtube,0,0,5734.32,318573,0,0,,
2023-02-06,6,SP,Sudeste,meta,1,0,156260.18,13021681,0,0,,
2023-02-06,6,RJ,Sudeste,meta,1,0,58776.76,4898063,0,0,,
2023-02-06,6,MG,Sudeste,meta,0,0,73112.56,6092713,0,0,,
2023-02-06,6,ES,Sudeste,meta,0,0,13619.01,1134917,0,0,,
2023-02-06,6,PR,Sul,meta,1,0,40140.23,3345019,1,0,40140.23,
2023-02-06,6,SC,Sul,meta,0,0,25804.43,2150369,0,0,,
2023-02-06,6,RS,Sul,meta,1,0,40140.23,3345019,0,0,,
2023-02-06,6,BA,Nordeste,meta,0,0,51608.87,4300738,1,0,51608.87,
2023-02-06,6,CE,Nordeste,meta,1,0,32255.54,2687961,0,0,,
2023-02-06,6,PE,Nordeste,meta,0,0,34405.91,2867159,0,0,,
2023-02-06,6,MA,Nordeste,meta,0,0,24370.85,2030904,0,0,,
2023-02-06,6,PB,Nordeste,meta,0,0,14335.8,1194649,0,0,,
2023-02-06,6,RN,Nordeste,meta,0,0,12902.22,1075184,0,0,,
2023-02-06,6,AL,Nordeste,meta,0,0,11468.64,955719,0,0,,
2023-02-06,6,SE,Nordeste,meta,0,0,7884.69,657057,0,0,,
2023-02-06,6,PI,Nordeste,meta,0,0,11468.64,955719,0,0,,
2023-02-06,6,GO,Centro-Oeste,meta,0,0,23654.06,1971171,0,0,,
2023-02-06,6,MT,Centro-Oeste,meta,0,0,12185.43,1015452,0,0,,
2023-02-06,6,MS,Centro-Oeste,meta,0,0,9318.27,776522,0,0,,
2023-02-06,6,DF,Centro-Oeste,meta,0,0,10035.06,836254,0,0,,
2023-02-06,6,AM,Norte,meta,0,0,14335.8,1194649,0,0,,
2023-02-06,6,PA,Norte,meta,0,0,30105.17,2508764,0,0,,
2023-02-06,6,RO,Norte,meta,0,0,5734.32,477859,0,0,,
2023-02-06,6,AC,Norte,meta,0,0,2867.16,238929,0,0,,
2023-02-06,6,RR,Norte,meta,0,0,2150.37,179197,0,0,,
2023-02-06,6,AP,Norte,meta,0,0,2867.16,238929,0,0,,
2023-02-06,6,TO,Norte,meta,0,0,5017.53,418127,0,0,,
2023-02-06,6,SP,Sudeste,search,1,0,111614.41,13951801,0,0,,
2023-02-06,6,RJ,Sudeste,search,1,0,41983.4,5247925,0,0,,
2023-02-06,6,MG,Sudeste,search,0,0,52223.26,6527907,0,0,,
2023-02-06,6,ES,Sudeste,search,0,0,9727.86,1215982,0,0,,
2023-02-06,6,PR,Sul,search,1,0,28671.59,3583948,0,0,,
2023-02-06,6,SC,Sul,search,0,0,18431.74,2303967,0,0,,
2023-02-06,6,RS,Sul,search,1,0,28671.59,3583948,0,0,,
2023-02-06,6,BA,Nordeste,search,0,0,36863.48,4607934,0,0,,
2023-02-06,6,CE,Nordeste,search,1,0,23039.67,2879959,0,0,,
2023-02-06,6,PE,Nordeste,search,0,0,24575.65,3071956,0,0,,
2023-02-06,6,MA,Nordeste,search,0,0,17407.75,2175969,0,0,,
2023-02-06,6,PB,Nordeste,search,0,0,10239.85,1279981,0,0,,
2023-02-06,6,RN,Nordeste,search,0,0,9215.87,1151983,0,0,,
2023-02-06,6,AL,Nordeste,search,0,0,8191.88,1023985,0,0,,
2023-02-06,6,SE,Nordeste,search,0,0,5631.92,703989,0,0,,
2023-02-06,6,PI,Nordeste,search,0,0,8191.88,1023985,0,0,,
2023-02-06,6,GO,Centro-Oeste,search,0,0,16895.76,2111969,0,0,,
2023-02-06,6,MT,Centro-Oeste,search,0,0,8703.88,1087984,1,0,8703.88,
2023-02-06,6,MS,Centro-Oeste,search,0,0,6655.91,831988,0,0,,
2023-02-06,6,DF,Centro-Oeste,search,0,0,7167.9,895987,0,0,,
2023-02-06,6,AM,Norte,search,0,0,10239.85,1279981,0,0,,
2023-02-06,6,PA,Norte,search,0,0,21503.69,2687961,0,0,,
2023-02-06,6,RO,Norte,search,0,0,4095.94,511992,1,0,4095.94,
2023-02-06,6,AC,Norte,search,0,0,2047.97,255996,0,0,,
2023-02-06,6,RR,Norte,search,0,0,1535.98,191997,0,0,,
2023-02-06,6,AP,Norte,search,0,0,2047.97,255996,0,0,,
2023-02-06,6,TO,Norte,search,0,0,3583.95,447993,0,0,,
2023-02-13,7,SP,Sudeste,youtube,1,0,225418.16,12523231,0,0,,
2023-02-13,7,RJ,Sudeste,youtube,1,0,84790.32,4710573,0,0,,
2023-02-13,7,MG,Sudeste,youtube,0,0,105470.88,5859493,0,0,,
2023-02-13,7,ES,Sudeste,youtube,0,0,19646.54,1091474,0,0,,
2023-02-13,7,PR,Sul,youtube,1,0,57905.58,3216976,0,0,,
2023-02-13,7,SC,Sul,youtube,0,0,37225.02,2068056,0,0,,
2023-02-13,7,RS,Sul,youtube,1,0,57905.58,3216976,0,0,,
2023-02-13,7,BA,Nordeste,youtube,0,0,74450.04,4136113,0,0,,
2023-02-13,7,CE,Nordeste,youtube,1,0,46531.27,2585070,0,0,,
2023-02-13,7,PE,Nordeste,youtube,0,0,49633.36,2757408,0,0,,
2023-02-13,7,MA,Nordeste,youtube,0,0,35156.96,1953164,0,0,,
2023-02-13,7,PB,Nordeste,youtube,0,0,20680.57,1148920,0,0,,
2023-02-13,7,RN,Nordeste,youtube,0,0,18612.51,1034028,0,0,,
2023-02-13,7,AL,Nordeste,youtube,0,0,16544.45,919136,0,0,,
2023-02-13,7,SE,Nordeste,youtube,0,0,11374.31,631906,0,0,,
2023-02-13,7,PI,Nordeste,youtube,0,0,16544.45,919136,0,0,,
2023-02-13,7,GO,Centro-Oeste,youtube,0,0,34122.93,1895718,0,0,,
2023-02-13,7,MT,Centro-Oeste,youtube,0,0,17578.48,976582,0,0,,
2023-02-13,7,MS,Centro-Oeste,youtube,0,0,13442.37,746798,0,0,,
2023-02-13,7,DF,Centro-Oeste,youtube,0,0,14476.4,804244,0,0,,
2023-02-13,7,AM,Norte,youtube,0,0,20680.57,1148920,0,0,,
2023-02-13,7,PA,Norte,youtube,0,0,43429.19,2412732,0,0,,
2023-02-13,7,RO,Norte,youtube,0,0,8272.23,459568,0,0,,
2023-02-13,7,AC,Norte,youtube,0,0,4136.11,229784,0,0,,
2023-02-13,7,RR,Norte,youtube,0,0,3102.08,172338,0,0,,
2023-02-13,7,AP,Norte,youtube,0,0,4136.11,229784,0,0,,
2023-02-13,7,TO,Norte,youtube,0,0,7238.2,402122,0,0,,
2023-02-13,7,SP,Sudeste,meta,1,0,197240.89,16436740,0,0,,
2023-02-13,7,RJ,Sudeste,meta,1,0,74191.53,6182627,0,0,,
2023-02-13,7,MG,Sudeste,meta,0,0,92287.02,7690585,0,0,,
2023-02-13,7,ES,Sudeste,meta,0,0,17190.72,1432559,0,0,,
2023-02-13,7,PR,Sul,meta,1,0,50667.39,4222282,1,0,50667.39,
2023-02-13,7,SC,Sul,meta,0,0,32571.89,2714324,0,0,,
2023-02-13,7,RS,Sul,meta,1,0,50667.39,4222282,0,0,,
2023-02-13,7,BA,Nordeste,meta,0,0,65143.78,5428648,0,0,,
2023-02-13,7,CE,Nordeste,meta,1,0,40714.86,3392905,0,0,,
2023-02-13,7,PE,Nordeste,meta,0,0,43429.19,3619098,0,0,,
2023-02-13,7,MA,Nordeste,meta,0,0,30762.34,2563528,0,0,,
2023-02-13,7,PB,Nordeste,meta,0,0,18095.49,1507957,0,0,,
2023-02-13,7,RN,Nordeste,meta,0,0,16285.95,1357162,0,0,,
2023-02-13,7,AL,Nordeste,meta,0,0,14476.4,1206366,0,0,,
2023-02-13,7,SE,Nordeste,meta,0,0,9952.52,829376,0,0,,
2023-02-13,7,PI,Nordeste,meta,0,0,14476.4,1206366,0,0,,
2023-02-13,7,GO,Centro-Oeste,meta,0,0,29857.57,2488130,0,0,,
2023-02-13,7,MT,Centro-Oeste,meta,0,0,15381.17,1281764,0,0,,
2023-02-13,7,MS,Centro-Oeste,meta,0,0,11762.07,980172,0,0,,
2023-02-13,7,DF,Centro-Oeste,meta,0,0,12666.85,1055570,0,0,,
2023-02-13,7,AM,Norte,meta,0,0,18095.49,1507957,0,0,,
2023-02-13,7,PA,Norte,meta,0,0,38000.54,3166711,0,0,,
2023-02-13,7,RO,Norte,meta,0,0,7238.2,603183,0,0,,
2023-02-13,7,AC,Norte,meta,0,0,3619.1,301591,0,0,,
2023-02-13,7,RR,Norte,meta,0,0,2714.32,226193,0,0,,
2023-02-13,7,AP,Norte,meta,0,0,3619.1,301591,0,0,,
2023-02-13,7,TO,Norte,meta,0,0,6333.42,527785,0,0,,
2023-02-13,7,SP,Sudeste,search,1,0,140886.35,17610793,0,0,,
2023-02-13,7,RJ,Sudeste,search,1,0,52993.95,6624243,0,0,,
2023-02-13,7,MG,Sudeste,search,0,0,65919.3,8239912,0,0,,
2023-02-13,7,ES,Sudeste,search,0,0,12279.09,1534885,0,0,,
2023-02-13,7,PR,Sul,search,1,0,36190.99,4523873,0,0,,
2023-02-13,7,SC,Sul,search,0,0,23265.64,2908204,0,0,,
2023-02-13,7,RS,Sul,search,1,0,36190.99,4523873,0,0,,
2023-02-13,7,BA,Nordeste,search,0,0,46531.27,5816408,0,0,,
2023-02-13,7,CE,Nordeste,search,1,0,29082.04,3635255,0,0,,
2023-02-13,7,PE,Nordeste,search,0,0,31020.85,3877605,0,0,,
2023-02-13,7,MA,Nordeste,search,0,0,21973.1,2746637,1,0,21973.1,
2023-02-13,7,PB,Nordeste,search,0,0,12925.35,1615669,0,0,,
2023-02-13,7,RN,Nordeste,search,0,0,11632.82,1454102,0,0,,
2023-02-13,7,AL,Nordeste,search,0,0,10340.28,1292535,0,0,,
2023-02-13,7,SE,Nordeste,search,0,0,7108.94,888618,0,0,,
2023-02-13,7,PI,Nordeste,search,0,0,10340.28,1292535,0,0,,
2023-02-13,7,GO,Centro-Oeste,search,0,0,21326.83,2665854,0,0,,
2023-02-13,7,MT,Centro-Oeste,search,0,0,10986.55,1373318,0,0,,
2023-02-13,7,MS,Centro-Oeste,search,0,0,8401.48,1050184,0,0,,
2023-02-13,7,DF,Centro-Oeste,search,0,0,9047.75,1130968,0,0,,
2023-02-13,7,AM,Norte,search,0,0,12925.35,1615669,0,0,,
2023-02-13,7,PA,Norte,search,0,0,27143.24,3392905,0,0,,
2023-02-13,7,RO,Norte,search,0,0,5170.14,646267,0,0,,
2023-02-13,7,AC,Norte,search,0,0,2585.07,323133,0,0,,
2023-02-13,7,RR,Norte,search,0,0,1938.8,242350,0,0,,
2023-02-13,7,AP,Norte,search,0,0,2585.07,323133,0,0,,
2023-02-13,7,TO,Norte,search,0,0,4523.87,565484,0,0,,
2023-02-20,8,SP,Sudeste,youtube,1,0,209667.8,11648210,0,0,,
2023-02-20,8,RJ,Sudeste,youtube,1,0,78865.87,4381437,0,0,,
2023-02-20,8,MG,Sudeste,youtube,0,0,98101.45,5450080,0,0,,
2023-02-20,8,ES,Sudeste,youtube,0,0,18273.8,1015211,0,0,,
2023-02-20,8,PR,Sul,youtube,1,0,53859.62,2992200,0,0,,
2023-02-20,8,SC,Sul,youtube,0,0,34624.04,1923557,0,0,,
2023-02-20,8,RS,Sul,youtube,1,0,53859.62,2992200,0,0,,
2023-02-20,8,BA,Nordeste,youtube,0,0,69248.08,3847115,1,0,69248.08,
2023-02-20,8,CE,Nordeste,youtube,1,0,43280.05,2404447,0,0,,
2023-02-20,8,PE,Nordeste,youtube,0,0,46165.39,2564743,0,0,,
2023-02-20,8,MA,Nordeste,youtube,0,0,32700.48,1816693,0,0,,
2023-02-20,8,PB,Nordeste,youtube,0,0,19235.58,1068643,0,0,,
2023-02-20,8,RN,Nordeste,youtube,0,0,17312.02,961778,0,0,,
2023-02-20,8,AL,Nordeste,youtube,0,0,15388.46,854914,0,0,,
2023-02-20,8,SE,Nordeste,youtube,0,0,10579.57,587753,0,0,,
2023-02-20,8,PI,Nordeste,youtube,0,0,15388.46,854914,1,0,15388.46,
2023-02-20,8,GO,Centro-Oeste,youtube,0,0,31738.7,1763261,0,0,,
2023-02-20,8,MT,Centro-Oeste,youtube,0,0,16350.24,908346,0,0,,
2023-02-20,8,MS,Centro-Oeste,youtube,0,0,12503.13,694618,0,0,,
2023-02-20,8,DF,Centro-Oeste,youtube,0,0,13464.9,748050,0,0,,
2023-02-20,8,AM,Norte,youtube,0,0,19235.58,1068643,1,0,19235.58,
2023-02-20,8,PA,Norte,youtube,0,0,40394.71,2244150,0,0,,
2023-02-20,8,RO,Norte,youtube,0,0,7694.23,427457,0,0,,
2023-02-20,8,AC,Norte,youtube,0,0,3847.12,213728,0,0,,
2023-02-20,8,RR,Norte,youtube,0,0,2885.34,160296,0,0,,
2023-02-20,8,AP,Norte,youtube,0,0,3847.12,213728,0,0,,
2023-02-20,8,TO,Norte,youtube,0,0,6732.45,374025,0,0,,
2023-02-20,8,SP,Sudeste,meta,1,0,183459.32,15288276,0,0,,
2023-02-20,8,RJ,Sudeste,meta,1,0,69007.64,5750636,0,0,,
2023-02-20,8,MG,Sudeste,meta,0,0,85838.77,7153230,0,0,,
2023-02-20,8,ES,Sudeste,meta,0,0,15989.57,1332464,0,0,,
2023-02-20,8,PR,Sul,meta,1,0,47127.17,3927263,0,0,,
2023-02-20,8,SC,Sul,meta,0,0,30296.03,2524669,0,0,,
2023-02-20,8,RS,Sul,meta,1,0,47127.17,3927263,0,0,,
2023-02-20,8,BA,Nordeste,meta,0,0,60592.07,5049339,0,0,,
2023-02-20,8,CE,Nordeste,meta,1,0,37870.04,3155836,0,0,,
2023-02-20,8,PE,Nordeste,meta,0,0,40394.71,3366226,0,0,,
2023-02-20,8,MA,Nordeste,meta,0,0,28612.92,2384410,0,0,,
2023-02-20,8,PB,Nordeste,meta,0,0,16831.13,1402594,0,0,,
2023-02-20,8,RN,Nordeste,meta,0,0,15148.02,1262334,0,0,,
2023-02-20,8,AL,Nordeste,meta,0,0,13464.9,1122075,0,0,,
2023-02-20,8,SE,Nordeste,meta,0,0,9257.12,771426,0,0,,
2023-02-20,8,PI,Nordeste,meta,0,0,13464.9,1122075,0,0,,
2023-02-20,8,GO,Centro-Oeste,meta,0,0,27771.37,2314280,0,0,,
2023-02-20,8,MT,Centro-Oeste,meta,0,0,14306.46,1192205,0,0,,
2023-02-20,8,MS,Centro-Oeste,meta,0,0,10940.23,911686,1,0,10940.23,
2023-02-20,8,DF,Centro-Oeste,meta,0,0,11781.79,981815,0,0,,
2023-02-20,8,AM,Norte,meta,0,0,16831.13,1402594,0,0,,
2023-02-20,8,PA,Norte,meta,0,0,35345.37,2945447,0,0,,
2023-02-20,8,RO,Norte,meta,0,0,6732.45,561037,0,0,,
2023-02-20,8,AC,Norte,meta,0,0,3366.23,280518,0,0,,
2023-02-20,8,RR,Norte,meta,0,0,2524.67,210389,1,0,2524.67,
2023-02-20,8,AP,Norte,meta,0,0,3366.23,280518,0,0,,
2023-02-20,8,TO,Norte,meta,0,0,5890.9,490907,0,0,,
2023-02-20,8,SP,Sudeste,search,1,0,131042.37,16380296,0,0,,
2023-02-20,8,RJ,Sudeste,search,1,0,49291.17,6161395,0,0,,
2023-02-20,8,MG,Sudeste,search,0,0,61313.4,7664175,0,0,,
2023-02-20,8,ES,Sudeste,search,0,0,11421.12,1427640,0,0,,
2023-02-20,8,PR,Sul,search,1,0,33662.26,4207782,0,0,,
2023-02-20,8,SC,Sul,search,0,0,21640.02,2705003,0,0,,
2023-02-20,8,RS,Sul,search,1,0,33662.26,4207782,0,0,,
2023-02-20,8,BA,Nordeste,search,0,0,43280.05,5410006,1,0,43280.05,
2023-02-20,8,CE,Nordeste,search,1,0,27050.03,3381253,0,0,,
2023-02-20,8,PE,Nordeste,search,0,0,28853.37,3606670,0,0,,
2023-02-20,8,MA,Nordeste,search,0,0,20437.8,2554725,0,0,,
2023-02-20,8,PB,Nordeste,search,0,0,12022.24,1502779,1,0,12022.24,
2023-02-20,8,RN,Nordeste,search,0,0,10820.01,1352501,0,0,,
2023-02-20,8,AL,Nordeste,search,0,0,9617.79,1202223,1,0,9617.79,
2023-02-20,8,SE,Nordeste,search,0,0,6612.23,826528,0,0,,
2023-02-20,8,PI,Nordeste,search,0,0,9617.79,1202223,0,0,,
2023-02-20,8,GO,Centro-Oeste,search,0,0,19836.69,2479586,0,0,,
2023-02-20,8,MT,Centro-Oeste,search,0,0,10218.9,1277362,0,0,,
2023-02-20,8,MS,Centro-Oeste,search,0,0,7814.45,976806,0,0,,
2023-02-20,8,DF,Centro-Oeste,search,0,0,8415.57,1051945,0,0,,
2023-02-20,8,AM,Norte,search,0,0,12022.24,1502779,0,0,,
2023-02-20,8,PA,Norte,search,0,0,25246.7,3155836,0,0,,
2023-02-20,8,RO,Norte,search,0,0,4808.89,601111,0,0,,
2023-02-20,8,AC,Norte,search,0,0,2404.45,300555,0,0,,
2023-02-20,8,RR,Norte,search,0,0,1803.34,225416,0,0,,
2023-02-20,8,AP,Norte,search,0,0,2404.45,300555,0,0,,
2023-02-20,8,TO,Norte,search,0,0,4207.78,525972,0,0,,
2023-02-27,9,SP,Sudeste,youtube,1,0,178908.58,9939365,0,0,,
2023-02-27,9,RJ,Sudeste,youtube,1,0,67295.89,3738660,0,0,,
2023-02-27,9,MG,Sudeste,youtube,0,0,83709.52,4650528,0,0,,
2023-02-27,9,ES,Sudeste,youtube,0,0,15592.95,866274,0,0,,
2023-02-27,9,PR,Sul,youtube,1,0,45958.17,2553231,1,0,45958.17,
2023-02-27,9,SC,Sul,youtube,0,0,29544.54,1641363,0,0,,
2023-02-27,9,RS,Sul,youtube,1,0,45958.17,2553231,0,0,,
2023-02-27,9,BA,Nordeste,youtube,0,0,59089.07,3282726,0,0,,
2023-02-27,9,CE,Nordeste,youtube,1,0,36930.67,2051703,0,0,,
2023-02-27,9,PE,Nordeste,youtube,0,0,39392.72,2188484,0,0,,
2023-02-27,9,MA,Nordeste,youtube,0,0,27903.17,1550176,0,0,,
2023-02-27,9,PB,Nordeste,youtube,0,0,16413.63,911868,0,0,,
2023-02-27,9,RN,Nordeste,youtube,0,0,14772.27,820681,0,0,,
2023-02-27,9,AL,Nordeste,youtube,0,0,13130.91,729494,0,0,,
2023-02-27,9,SE,Nordeste,youtube,0,0,9027.5,501527,0,0,,
2023-02-27,9,PI,Nordeste,youtube,0,0,13130.91,729494,0,0,,
2023-02-27,9,GO,Centro-Oeste,youtube,0,0,27082.49,1504582,0,0,,
2023-02-27,9,MT,Centro-Oeste,youtube,0,0,13951.59,775088,0,0,,
2023-02-27,9,MS,Centro-Oeste,youtube,0,0,10668.86,592714,0,0,,
2023-02-27,9,DF,Centro-Oeste,youtube,0,0,11489.54,638307,0,0,,
2023-02-27,9,AM,Norte,youtube,0,0,16413.63,911868,0,0,,
2023-02-27,9,PA,Norte,youtube,0,0,34468.63,1914923,0,0,,
2023-02-27,9,RO,Norte,youtube,0,0,6565.45,364747,0,0,,
2023-02-27,9,AC,Norte,youtube,0,0,3282.73,182373,0,0,,
2023-02-27,9,RR,Norte,youtube,0,0,2462.04,136780,0,0,,
2023-02-27,9,AP,Norte,youtube,0,0,3282.73,182373,1,0,3282.73,
2023-02-27,9,TO,Norte,youtube,0,0,5744.77,319153,0,0,,
2023-02-27,9,SP,Sudeste,meta,1,0,156545.01,13045417,1,0,156545.01,
2023-02-27,9,RJ,Sudeste,meta,1,0,58883.9,4906991,1,0,58883.9,
2023-02-27,9,MG,Sudeste,meta,0,0,73245.83,6103819,0,0,,
2023-02-27,9,ES,Sudeste,meta,0,0,13643.83,1136985,0,0,,
2023-02-27,9,PR,Sul,meta,1,0,40213.4,3351116,1,0,40213.4,
2023-02-27,9,SC,Sul,meta,0,0,25851.47,2154289,0,0,,
2023-02-27,9,RS,Sul,meta,1,0,40213.4,3351116,0,0,,
2023-02-27,9,BA,Nordeste,meta,0,0,51702.94,4308578,0,0,,
2023-02-27,9,CE,Nordeste,meta,1,0,32314.34,2692861,0,0,,
2023-02-27,9,PE,Nordeste,meta,0,0,34468.63,2872385,0,0,,
2023-02-27,9,MA,Nordeste,meta,0,0,24415.28,2034606,0,0,,
2023-02-27,9,PB,Nordeste,meta,0,0,14361.93,1196827,0,0,,
2023-02-27,9,RN,Nordeste,meta,0,0,12925.73,1077144,0,0,,
2023-02-27,9,AL,Nordeste,meta,0,0,11489.54,957461,0,0,,
2023-02-27,9,SE,Nordeste,meta,0,0,7899.06,658255,0,0,,
2023-02-27,9,PI,Nordeste,meta,0,0,11489.54,957461,0,0,,
2023-02-27,9,GO,Centro-Oeste,meta,0,0,23697.18,1974765,1,0,23697.18,
2023-02-27,9,MT,Centro-Oeste,meta,0,0,12207.64,1017303,0,0,,
2023-02-27,9,MS,Centro-Oeste,meta,0,0,9335.25,777937,0,0,,
2023-02-27,9,DF,Centro-Oeste,meta,0,0,10053.35,837779,1,0,10053.35,
2023-02-27,9,AM,Norte,meta,0,0,14361.93,1196827,0,0,,
2023-02-27,9,PA,Norte,meta,0,0,30160.05,2513337,0,0,,
2023-02-27,9,RO,Norte,meta,0,0,5744.77,478730,0,0,,
2023-02-27,9,AC,Norte,meta,0,0,2872.39,239365,0,0,,
2023-02-27,9,RR,Norte,meta,0,0,2154.29,179524,0,0,,
2023-02-27,9,AP,Norte,meta,0,0,2872.39,239365,0,0,,
2023-02-27,9,TO,Norte,meta,0,0,5026.67,418889,0,0,,
2023-02-27,9,SP,Sudeste,search,1,0,111817.86,13977232,0,0,,
2023-02-27,9,RJ,Sudeste,search,1,0,42059.93,5257491,0,0,,
2023-02-27,9,MG,Sudeste,search,0,0,52318.45,6539806,0,0,,
2023-02-27,9,ES,Sudeste,search,0,0,9745.59,1218199,0,0,,
2023-02-27,9,PR,Sul,search,1,0,28723.85,3590481,0,0,,
2023-02-27,9,SC,Sul,search,0,0,18465.34,2308166,0,0,,
2023-02-27,9,RS,Sul,search,1,0,28723.85,3590481,0,0,,
2023-02-27,9,BA,Nordeste,search,0,0,36930.67,4616333,0,0,,
2023-02-27,9,CE,Nordeste,search,1,0,23081.67,2885208,0,0,,
2023-02-27,9,PE,Nordeste,search,0,0,24620.45,3077555,0,0,,
2023-02-27,9,MA,Nordeste,search,0,0,17439.48,2179935,0,0,,
2023-02-27,9,PB,Nordeste,search,0,0,10258.52,1282314,0,0,,
2023-02-27,9,RN,Nordeste,search,0,0,9232.67,1154083,0,0,,
2023-02-27,9,AL,Nordeste,search,0,0,8206.82,1025851,0,0,,
2023-02-27,9,SE,Nordeste,search,0,0,5642.19,705273,0,0,,
2023-02-27,9,PI,Nordeste,search,0,0,8206.82,1025851,0,0,,
2023-02-27,9,GO,Centro-Oeste,search,0,0,16926.56,2115819,0,0,,
2023-02-27,9,MT,Centro-Oeste,search,0,0,8719.74,1089967,0,0,,
2023-02-27,9,MS,Centro-Oeste,search,0,0,6668.04,833504,0,0,,
2023-02-27,9,DF,Centro-Oeste,search,0,0,7180.96,897620,0,0,,
2023-02-27,9,AM,Norte,search,0,0,10258.52,1282314,0,0,,
2023-02-27,9,PA,Norte,search,0,0,21542.89,2692861,0,0,,
2023-02-27,9,RO,Norte,search,0,0,4103.41,512925,0,0,,
2023-02-27,9,AC,Norte,search,0,0,2051.7,256462,0,0,,
2023-02-27,9,RR,Norte,search,0,0,1538.78,192347,0,0,,
2023-02-27,9,AP,Norte,search,0,0,2051.7,256462,0,0,,
2023-02-27,9,TO,Norte,search,0,0,3590.48,448810,0,0,,
2023-03-06,10,SP,Sudeste,youtube,1,0,175923.53,9773529,0,0,,
2023-03-06,10,RJ,Sudeste,youtube,1,0,66173.07,3676281,0,0,,
2023-03-06,10,MG,Sudeste,youtube,0,0,82312.84,4572935,0,0,,
2023-03-06,10,ES,Sudeste,youtube,0,0,15332.78,851821,0,0,,
2023-03-06,10,PR,Sul,youtube,1,0,45191.37,2510631,0,0,,
2023-03-06,10,SC,Sul,youtube,0,0,29051.59,1613977,0,0,,
2023-03-06,10,RS,Sul,youtube,1,0,45191.37,2510631,0,0,,
2023-03-06,10,BA,Nordeste,youtube,0,0,58103.18,3227954,0,0,,
2023-03-06,10,CE,Nordeste,youtube,1,0,36314.49,2017471,0,0,,
2023-03-06,10,PE,Nordeste,youtube,0,0,38735.46,2151969,0,0,,
2023-03-06,10,MA,Nordeste,youtube,0,0,27437.61,1524311,1,0,27437.61,
2023-03-06,10,PB,Nordeste,youtube,0,0,16139.77,896654,0,0,,
2023-03-06,10,RN,Nordeste,youtube,0,0,14525.8,806988,0,0,,
2023-03-06,10,AL,Nordeste,youtube,0,0,12911.82,717323,0,0,,
2023-03-06,10,SE,Nordeste,youtube,0,0,8876.88,493159,0,0,,
2023-03-06,10,PI,Nordeste,youtube,0,0,12911.82,717323,0,0,,
2023-03-06,10,GO,Centro-Oeste,youtube,0,0,26630.63,1479479,0,0,,
2023-03-06,10,MT,Centro-Oeste,youtube,0,0,13718.81,762155,0,0,,
2023-03-06,10,MS,Centro-Oeste,youtube,0,0,10490.85,582825,0,0,,
2023-03-06,10,DF,Centro-Oeste,youtube,0,0,11297.84,627657,0,0,,
2023-03-06,10,AM,Norte,youtube,0,0,16139.77,896654,0,0,,
2023-03-06,10,PA,Norte,youtube,0,0,33893.52,1882973,0,0,,
2023-03-06,10,RO,Norte,youtube,0,0,6455.91,358661,0,0,,
2023-03-06,10,AC,Norte,youtube,0,0,3227.95,179330,0,0,,
2023-03-06,10,RR,Norte,youtube,0,0,2420.97,134498,0,0,,
2023-03-06,10,AP,Norte,youtube,0,0,3227.95,179330,0,0,,
2023-03-06,10,TO,Norte,youtube,0,0,5648.92,313828,0,0,,
2023-03-06,10,SP,Sudeste,meta,1,0,153933.09,12827757,0,0,,
2023-03-06,10,RJ,Sudeste,meta,1,0,57901.44,4825119,0,0,,
2023-03-06,10,MG,Sudeste,meta,0,0,72023.74,6001978,0,0,,
2023-03-06,10,ES,Sudeste,meta,0,0,13416.19,1118015,0,0,,
2023-03-06,10,PR,Sul,meta,1,0,39542.45,3295203,0,0,,
2023-03-06,10,SC,Sul,meta,0,0,25420.14,2118345,0,0,,
2023-03-06,10,RS,Sul,meta,1,0,39542.45,3295203,0,0,,
2023-03-06,10,BA,Nordeste,meta,0,0,50840.29,4236690,0,0,,
2023-03-06,10,CE,Nordeste,meta,1,0,31775.18,2647931,0,0,,
2023-03-06,10,PE,Nordeste,meta,0,0,33893.52,2824460,0,0,,
2023-03-06,10,MA,Nordeste,meta,0,0,24007.91,2000659,0,0,,
2023-03-06,10,PB,Nordeste,meta,0,0,14122.3,1176858,0,0,,
2023-03-06,10,RN,Nordeste,meta,0,0,12710.07,1059172,0,0,,
2023-03-06,10,AL,Nordeste,meta,0,0,11297.84,941486,0,0,,
2023-03-06,10,SE,Nordeste,meta,0,0,7767.27,647272,0,0,,
2023-03-06,10,PI,Nordeste,meta,0,0,11297.84,941486,0,0,,
2023-03-06,10,GO,Centro-Oeste,meta,0,0,23301.8,1941816,0,0,,
2023-03-06,10,MT,Centro-Oeste,meta,0,0,12003.96,1000329,0,0,,
2023-03-06,10,MS,Centro-Oeste,meta,0,0,9179.5,764958,0,0,,
2023-03-06,10,DF,Centro-Oeste,meta,0,0,9885.61,823800,0,0,,
2023-03-06,10,AM,Norte,meta,0,0,14122.3,1176858,0,0,,
2023-03-06,10,PA,Norte,meta,0,0,29656.83,2471402,0,0,,
2023-03-06,10,RO,Norte,meta,0,0,5648.92,470743,0,0,,
2023-03-06,10,AC,Norte,meta,0,0,2824.46,235371,0,0,,
2023-03-06,10,RR,Norte,meta,0,0,2118.35,176528,0,0,,
2023-03-06,10,AP,Norte,meta,0,0,2824.46,235371,0,0,,
2023-03-06,10,TO,Norte,meta,0,0,4942.81,411900,1,0,4942.81,
2023-03-06,10,SP,Sudeste,search,1,0,109952.21,13744025,0,0,,
2023-03-06,10,RJ,Sudeste,search,1,0,41358.17,5169771,1,0,41358.17,
2023-03-06,10,MG,Sudeste,search,0,0,51445.53,6430690,0,0,,
2023-03-06,10,ES,Sudeste,search,0,0,9582.99,1197873,0,0,,
2023-03-06,10,PR,Sul,search,1,0,28244.6,3530575,0,0,,
2023-03-06,10,SC,Sul,search,0,0,18157.25,2269655,0,0,,
2023-03-06,10,RS,Sul,search,1,0,28244.6,3530575,0,0,,
2023-03-06,10,BA,Nordeste,search,0,0,36314.49,4539311,0,0,,
2023-03-06,10,CE,Nordeste,search,1,0,22696.56,2837069,0,0,,
2023-03-06,10,PE,Nordeste,search,0,0,24209.66,3026207,0,0,,
2023-03-06,10,MA,Nordeste,search,0,0,17148.51,2143563,0,0,,
2023-03-06,10,PB,Nordeste,search,0,0,10087.36,1260919,0,0,,
2023-03-06,10,RN,Nordeste,search,0,0,9078.62,1134827,0,0,,
2023-03-06,10,AL,Nordeste,search,0,0,8069.89,1008735,0,0,,
2023-03-06,10,SE,Nordeste,search,0,0,5548.05,693505,0,0,,
2023-03-06,10,PI,Nordeste,search,0,0,8069.89,1008735,0,0,,
2023-03-06,10,GO,Centro-Oeste,search,0,0,16644.14,2080517,1,0,16644.14,
2023-03-06,10,MT,Centro-Oeste,search,0,0,8574.25,1071781,0,0,,
2023-03-06,10,MS,Centro-Oeste,search,0,0,6556.78,819597,0,0,,
2023-03-06,10,DF,Centro-Oeste,search,0,0,7061.15,882643,0,0,,
2023-03-06,10,AM,Norte,search,0,0,10087.36,1260919,0,0,,
2023-03-06,10,PA,Norte,search,0,0,21183.45,2647931,0,0,,
2023-03-06,10,RO,Norte,search,0,0,4034.94,504367,0,0,,
2023-03-06,10,AC,Norte,search,0,0,2017.47,252183,0,0,,
2023-03-06,10,RR,Norte,search,0,0,1513.1,189137,0,0,,
2023-03-06,10,AP,Norte,search,0,0,2017.47,252183,0,0,,
2023-03-06,10,TO,Norte,search,0,0,3530.58,441321,0,0,,
2023-03-13,11,SP,Sudeste,youtube,1,0,212783.53,11821307,0,0,,
2023-03-13,11,RJ,Sudeste,youtube,1,0,80037.84,4446546,0,0,,
2023-03-13,11,MG,Sudeste,youtube,0,0,99559.27,5531070,0,0,,
2023-03-13,11,ES,Sudeste,youtube,0,0,18545.35,1030297,0,0,,
2023-03-13,11,PR,Sul,youtube,1,0,54659.99,3036666,0,0,,
2023-03-13,11,SC,Sul,youtube,0,0,35138.56,1952142,0,0,,
2023-03-13,11,RS,Sul,youtube,1,0,54659.99,3036666,0,0,,
2023-03-13,11,BA,Nordeste,youtube,0,0,70277.13,3904284,0,0,,
2023-03-13,11,CE,Nordeste,youtube,1,0,43923.21,2440178,0,0,,
2023-03-13,11,PE,Nordeste,youtube,0,0,46851.42,2602856,1,0,46851.42,
2023-03-13,11,MA,Nordeste,youtube,0,0,33186.42,1843690,0,0,,
2023-03-13,11,PB,Nordeste,youtube,0,0,19521.42,1084523,0,0,,
2023-03-13,11,RN,Nordeste,youtube,0,0,17569.28,976071,0,0,,
2023-03-13,11,AL,Nordeste,youtube,0,0,15617.14,867618,0,0,,
2023-03-13,11,SE,Nordeste,youtube,0,0,10736.78,596487,0,0,,
2023-03-13,11,PI,Nordeste,youtube,0,0,15617.14,867618,0,0,,
2023-03-13,11,GO,Centro-Oeste,youtube,0,0,32210.35,1789463,0,0,,
2023-03-13,11,MT,Centro-Oeste,youtube,0,0,16593.21,921845,0,0,,
2023-03-13,11,MS,Centro-Oeste,youtube,0,0,12688.93,704940,0,0,,
2023-03-13,11,DF,Centro-Oeste,youtube,0,0,13665.0,759166,0,0,,
2023-03-13,11,AM,Norte,youtube,0,0,19521.42,1084523,0,0,,
2023-03-13,11,PA,Norte,youtube,0,0,40994.99,2277499,0,0,,
2023-03-13,11,RO,Norte,youtube,0,0,7808.57,433809,0,0,,
2023-03-13,11,AC,Norte,youtube,0,0,3904.28,216904,0,0,,
2023-03-13,11,RR,Norte,youtube,0,0,2928.21,162678,0,0,,
2023-03-13,11,AP,Norte,youtube,0,0,3904.28,216904,0,0,,
2023-03-13,11,TO,Norte,youtube,0,0,6832.5,379583,0,0,,
2023-03-13,11,SP,Sudeste,meta,1,0,186185.59,15515465,0,0,,
2023-03-13,11,RJ,Sudeste,meta,1,0,70033.11,5836092,0,0,,
2023-03-13,11,MG,Sudeste,meta,0,0,87114.36,7259529,0,0,,
2023-03-13,11,ES,Sudeste,meta,0,0,16227.18,1352265,0,0,,
2023-03-13,11,PR,Sul,meta,1,0,47827.49,3985624,0,0,,
2023-03-13,11,SC,Sul,meta,0,0,30746.24,2562186,1,0,30746.24,
2023-03-13,11,RS,Sul,meta,1,0,47827.49,3985624,0,0,,
2023-03-13,11,BA,Nordeste,meta,0,0,61492.49,5124373,0,0,,
2023-03-13,11,CE,Nordeste,meta,1,0,38432.8,3202733,0,0,,
2023-03-13,11,PE,Nordeste,meta,0,0,40994.99,3416249,0,0,,
2023-03-13,11,MA,Nordeste,meta,0,0,29038.12,2419843,0,0,,
2023-03-13,11,PB,Nordeste,meta,0,0,17081.25,1423437,0,0,,
2023-03-13,11,RN,Nordeste,meta,0,0,15373.12,1281093,0,0,,
2023-03-13,11,AL,Nordeste,meta,0,0,13665.0,1138749,0,0,,
2023-03-13,11,SE,Nordeste,meta,0,0,9394.69,782890,1,0,9394.69,
2023-03-13,11,PI,Nordeste,meta,0,0,13665.0,1138749,0,0,,
2023-03-13,11,GO,Centro-Oeste,meta,0,0,28184.06,2348671,0,0,,
2023-03-13,11,MT,Centro-Oeste,meta,0,0,14519.06,1209921,0,0,,
2023-03-13,11,MS,Centro-Oeste,meta,0,0,11102.81,925234,0,0,,
2023-03-13,11,DF,Centro-Oeste,meta,0,0,11956.87,996406,0,0,,
2023-03-13,11,AM,Norte,meta,0,0,17081.25,1423437,0,0,,
2023-03-13,11,PA,Norte,meta,0,0,35870.62,2989218,0,0,,
2023-03-13,11,RO,Norte,meta,0,0,6832.5,569374,0,0,,
2023-03-13,11,AC,Norte,meta,0,0,3416.25,284687,0,0,,
2023-03-13,11,RR,Norte,meta,0,0,2562.19,213515,0,0,,
2023-03-13,11,AP,Norte,meta,0,0,3416.25,284687,0,0,,
2023-03-13,11,TO,Norte,meta,0,0,5978.44,498203,1,0,5978.44,
2023-03-13,11,SP,Sudeste,search,1,0,132989.71,16623713,0,0,,
2023-03-13,11,RJ,Sudeste,search,1,0,50023.65,6252956,0,0,,
2023-03-13,11,MG,Sudeste,search,0,0,62224.54,7778067,0,0,,
2023-03-13,11,ES,Sudeste,search,0,0,11590.85,1448855,0,0,,
2023-03-13,11,PR,Sul,search,1,0,34162.49,4270311,0,0,,
2023-03-13,11,SC,Sul,search,0,0,21961.6,2745200,0,0,,
2023-03-13,11,RS,Sul,search,1,0,34162.49,4270311,0,0,,
2023-03-13,11,BA,Nordeste,search,0,0,43923.21,5490400,0,0,,
2023-03-13,11,CE,Nordeste,search,1,0,27452.0,3431500,0,0,,
2023-03-13,11,PE,Nordeste,search,0,0,29282.14,3660267,0,0,,
2023-03-13,11,MA,Nordeste,search,0,0,20741.51,2592689,0,0,,
2023-03-13,11,PB,Nordeste,search,0,0,12200.89,1525111,0,0,,
2023-03-13,11,RN,Nordeste,search,0,0,10980.8,1372600,0,0,,
2023-03-13,11,AL,Nordeste,search,0,0,9760.71,1220089,0,0,,
2023-03-13,11,SE,Nordeste,search,0,0,6710.49,838811,0,0,,
2023-03-13,11,PI,Nordeste,search,0,0,9760.71,1220089,0,0,,
2023-03-13,11,GO,Centro-Oeste,search,0,0,20131.47,2516433,0,0,,
2023-03-13,11,MT,Centro-Oeste,search,0,0,10370.76,1296344,0,0,,
2023-03-13,11,MS,Centro-Oeste,search,0,0,7930.58,991322,0,0,,
2023-03-13,11,DF,Centro-Oeste,search,0,0,8540.62,1067577,0,0,,
2023-03-13,11,AM,Norte,search,0,0,12200.89,1525111,0,0,,
2023-03-13,11,PA,Norte,search,0,0,25621.87,3202733,0,0,,
2023-03-13,11,RO,Norte,search,0,0,4880.36,610044,0,0,,
2023-03-13,11,AC,Norte,search,0,0,2440.18,305022,0,0,,
2023-03-13,11,RR,Norte,search,0,0,1830.13,228766,1,0,1830.13,
2023-03-13,11,AP,Norte,search,0,0,2440.18,305022,0,0,,
2023-03-13,11,TO,Norte,search,0,0,4270.31,533788,0,0,,
2023-03-20,12,SP,Sudeste,youtube,1,0,224231.74,12457318,0,0,,
2023-03-20,12,RJ,Sudeste,youtube,1,0,84344.05,4685780,0,0,,
2023-03-20,12,MG,Sudeste,youtube,0,0,104915.77,5828653,0,0,,
2023-03-20,12,ES,Sudeste,youtube,0,0,19543.13,1085729,0,0,,
2023-03-20,12,PR,Sul,youtube,1,0,57600.81,3200045,0,0,,
2023-03-20,12,SC,Sul,youtube,0,0,37029.09,2057171,0,0,,
2023-03-20,12,RS,Sul,youtube,1,0,57600.81,3200045,0,0,,
2023-03-20,12,BA,Nordeste,youtube,0,0,74058.19,4114343,1,0,74058.19,
2023-03-20,12,CE,Nordeste,youtube,1,0,46286.37,2571464,0,0,,
2023-03-20,12,PE,Nordeste,youtube,0,0,49372.13,2742895,0,0,,
2023-03-20,12,MA,Nordeste,youtube,0,0,34971.92,1942884,0,0,,
2023-03-20,12,PB,Nordeste,youtube,0,0,20571.72,1142873,0,0,,
2023-03-20,12,RN,Nordeste,youtube,0,0,18514.55,1028585,0,0,,
2023-03-20,12,AL,Nordeste,youtube,0,0,16457.38,914298,0,0,,
2023-03-20,12,SE,Nordeste,youtube,0,0,11314.45,628580,0,0,,
2023-03-20,12,PI,Nordeste,youtube,0,0,16457.38,914298,0,0,,
2023-03-20,12,GO,Centro-Oeste,youtube,0,0,33943.34,1885740,0,0,,
2023-03-20,12,MT,Centro-Oeste,youtube,0,0,17485.96,971442,0,0,,
2023-03-20,12,MS,Centro-Oeste,youtube,0,0,13371.62,742867,0,0,,
2023-03-20,12,DF,Centro-Oeste,youtube,0,0,14400.2,800011,0,0,,
2023-03-20,12,AM,Norte,youtube,0,0,20571.72,1142873,0,0,,
2023-03-20,12,PA,Norte,youtube,0,0,43200.61,2400033,0,0,,
2023-03-20,12,RO,Norte,youtube,0,0,8228.69,457149,1,0,8228.69,
2023-03-20,12,AC,Norte,youtube,0,0,4114.34,228574,0,0,,
2023-03-20,12,RR,Norte,youtube,0,0,3085.76,171430,0,0,,
2023-03-20,12,AP,Norte,youtube,0,0,4114.34,228574,0,0,,
2023-03-20,12,TO,Norte,youtube,0,0,7200.1,400005,0,0,,
2023-03-20,12,SP,Sudeste,meta,1,0,196202.77,16350230,1,0,196202.77,
2023-03-20,12,RJ,Sudeste,meta,1,0,73801.04,6150086,0,0,,
2023-03-20,12,MG,Sudeste,meta,0,0,91801.3,7650108,0,0,,
2023-03-20,12,ES,Sudeste,meta,0,0,17100.24,1425020,0,0,,
2023-03-20,12,PR,Sul,meta,1,0,50400.71,4200059,0,0,,
2023-03-20,12,SC,Sul,meta,0,0,32400.46,2700038,0,0,,
2023-03-20,12,RS,Sul,meta,1,0,50400.71,4200059,0,0,,
2023-03-20,12,BA,Nordeste,meta,0,0,64800.92,5400076,0,0,,
2023-03-20,12,CE,Nordeste,meta,1,0,40500.57,3375047,0,0,,
2023-03-20,12,PE,Nordeste,meta,0,0,43200.61,3600050,0,0,,
2023-03-20,12,MA,Nordeste,meta,0,0,30600.43,2550036,0,0,,
2023-03-20,12,PB,Nordeste,meta,0,0,18000.25,1500021,0,0,,
2023-03-20,12,RN,Nordeste,meta,0,0,16200.23,1350019,0,0,,
2023-03-20,12,AL,Nordeste,meta,0,0,14400.2,1200016,0,0,,
2023-03-20,12,SE,Nordeste,meta,0,0,9900.14,825011,0,0,,
2023-03-20,12,PI,Nordeste,meta,0,0,14400.2,1200016,0,0,,
2023-03-20,12,GO,Centro-Oeste,meta,0,0,29700.42,2475034,0,0,,
2023-03-20,12,MT,Centro-Oeste,meta,0,0,15300.22,1275018,0,0,,
2023-03-20,12,MS,Centro-Oeste,meta,0,0,11700.17,975013,0,0,,
2023-03-20,12,DF,Centro-Oeste,meta,0,0,12600.18,1050014,0,0,,
2023-03-20,12,AM,Norte,meta,0,0,18000.25,1500021,0,0,,
2023-03-20,12,PA,Norte,meta,0,0,37800.53,3150044,0,0,,
2023-03-20,12,RO,Norte,meta,0,0,7200.1,600008,0,0,,
2023-03-20,12,AC,Norte,meta,0,0,3600.05,300004,0,0,,
2023-03-20,12,RR,Norte,meta,0,0,2700.04,225003,0,0,,
2023-03-20,12,AP,Norte,meta,0,0,3600.05,300004,0,0,,
2023-03-20,12,TO,Norte,meta,0,0,6300.09,525007,0,0,,
2023-03-20,12,SP,Sudeste,search,1,0,140144.84,17518104,0,0,,
2023-03-20,12,RJ,Sudeste,search,1,0,52715.03,6589378,0,0,,
2023-03-20,12,MG,Sudeste,search,0,0,65572.35,8196544,0,0,,
2023-03-20,12,ES,Sudeste,search,0,0,12214.46,1526807,0,0,,
2023-03-20,12,PR,Sul,search,1,0,36000.51,4500063,0,0,,
2023-03-20,12,SC,Sul,search,0,0,23143.18,2892897,0,0,,
2023-03-20,12,RS,Sul,search,1,0,36000.51,4500063,0,0,,
2023-03-20,12,BA,Nordeste,search,0,0,46286.37,5785795,0,0,,
2023-03-20,12,CE,Nordeste,search,1,0,28928.98,3616122,0,0,,
2023-03-20,12,PE,Nordeste,search,0,0,30857.58,3857197,1,0,30857.58,
2023-03-20,12,MA,Nordeste,search,0,0,21857.45,2732181,0,0,,
2023-03-20,12,PB,Nordeste,search,0,0,12857.32,1607165,0,0,,
2023-03-20,12,RN,Nordeste,search,0,0,11571.59,1446448,0,0,,
2023-03-20,12,AL,Nordeste,search,0,0,10285.86,1285732,0,0,,
2023-03-20,12,SE,Nordeste,search,0,0,7071.53,883941,0,0,,
2023-03-20,12,PI,Nordeste,search,0,0,10285.86,1285732,0,0,,
2023-03-20,12,GO,Centro-Oeste,search,0,0,21214.59,2651823,0,0,,
2023-03-20,12,MT,Centro-Oeste,search,0,0,10928.73,1366090,0,0,,
2023-03-20,12,MS,Centro-Oeste,search,0,0,8357.26,1044657,0,0,,
2023-03-20,12,DF,Centro-Oeste,search,0,0,9000.13,1125015,0,0,,
2023-03-20,12,AM,Norte,search,0,0,12857.32,1607165,0,0,,
2023-03-20,12,PA,Norte,search,0,0,27000.38,3375047,0,0,,
2023-03-20,12,RO,Norte,search,0,0,5142.93,642866,0,0,,
2023-03-20,12,AC,Norte,search,0,0,2571.46,321433,0,0,,
2023-03-20,12,RR,Norte,search,0,0,1928.6,241074,0,0,,
2023-03-20,12,AP,Norte,search,0,0,2571.46,321433,0,0,,
2023-03-20,12,TO,Norte,search,0,0,4500.06,562507,0,0,,
2023-03-27,13,SP,Sudeste,youtube,1,0,189077.98,10504332,0,0,,
2023-03-27,13,RJ,Sudeste,youtube,1,0,71121.08,3951170,0,0,,
2023-03-27,13,MG,Sudeste,youtube,0,0,88467.68,4914871,0,0,,
2023-03-27,13,ES,Sudeste,youtube,0,0,16479.27,915515,0,0,,
2023-03-27,13,PR,Sul,youtube,1,0,48570.49,2698360,0,0,,
2023-03-27,13,SC,Sul,youtube,0,0,31223.89,1734660,1,0,31223.89,
2023-03-27,13,RS,Sul,youtube,1,0,48570.49,2698360,0,0,,
2023-03-27,13,BA,Nordeste,youtube,0,0,62447.77,3469320,0,0,,
2023-03-27,13,CE,Nordeste,youtube,1,0,39029.86,2168325,0,0,,
2023-03-27,13,PE,Nordeste,youtube,0,0,41631.85,2312880,0,0,,
2023-03-27,13,MA,Nordeste,youtube,0,0,29489.23,1638290,0,0,,
2023-03-27,13,PB,Nordeste,youtube,0,0,17346.6,963700,0,0,,
2023-03-27,13,RN,Nordeste,youtube,0,0,15611.94,867330,0,0,,
2023-03-27,13,AL,Nordeste,youtube,0,0,13877.28,770960,0,0,,
2023-03-27,13,SE,Nordeste,youtube,0,0,9540.63,530035,0,0,,
2023-03-27,13,PI,Nordeste,youtube,0,0,13877.28,770960,0,0,,
2023-03-27,13,GO,Centro-Oeste,youtube,0,0,28621.9,1590105,0,0,,
2023-03-27,13,MT,Centro-Oeste,youtube,0,0,14744.61,819145,0,0,,
2023-03-27,13,MS,Centro-Oeste,youtube,0,0,11275.29,626405,0,0,,
2023-03-27,13,DF,Centro-Oeste,youtube,0,0,12142.62,674590,0,0,,
2023-03-27,13,AM,Norte,youtube,0,0,17346.6,963700,1,0,17346.6,
2023-03-27,13,PA,Norte,youtube,0,0,36427.87,2023770,0,0,,
2023-03-27,13,RO,Norte,youtube,0,0,6938.64,385480,0,0,,
2023-03-27,13,AC,Norte,youtube,0,0,3469.32,192740,0,0,,
2023-03-27,13,RR,Norte,youtube,0,0,2601.99,144555,0,0,,
2023-03-27,13,AP,Norte,youtube,0,0,3469.32,192740,0,0,,
2023-03-27,13,TO,Norte,youtube,0,0,6071.31,337295,0,0,,
2023-03-27,13,SP,Sudeste,meta,1,0,165443.24,13786936,0,0,,
2023-03-27,13,RJ,Sudeste,meta,1,0,62230.94,5185911,0,0,,
2023-03-27,13,MG,Sudeste,meta,0,0,77409.22,6450768,0,0,,
2023-03-27,13,ES,Sudeste,meta,0,0,14419.36,1201613,0,0,,
2023-03-27,13,PR,Sul,meta,1,0,42499.18,3541598,0,0,,
2023-03-27,13,SC,Sul,meta,0,0,27320.9,2276741,0,0,,
2023-03-27,13,RS,Sul,meta,1,0,42499.18,3541598,0,0,,
2023-03-27,13,BA,Nordeste,meta,0,0,54641.8,4553483,0,0,,
2023-03-27,13,CE,Nordeste,meta,1,0,34151.13,2845927,0,0,,
2023-03-27,13,PE,Nordeste,meta,0,0,36427.87,3035655,0,0,,
2023-03-27,13,MA,Nordeste,meta,0,0,25803.07,2150256,0,0,,
2023-03-27,13,PB,Nordeste,meta,0,0,15178.28,1264856,0,0,,
2023-03-27,13,RN,Nordeste,meta,0,0,13660.45,1138370,0,0,,
2023-03-27,13,AL,Nordeste,meta,0,0,12142.62,1011885,0,0,,
2023-03-27,13,SE,Nordeste,meta,0,0,8348.05,695671,0,0,,
2023-03-27,13,PI,Nordeste,meta,0,0,12142.62,1011885,0,0,,
2023-03-27,13,GO,Centro-Oeste,meta,0,0,25044.16,2087013,0,0,,
2023-03-27,13,MT,Centro-Oeste,meta,0,0,12901.54,1075128,0,0,,
2023-03-27,13,MS,Centro-Oeste,meta,0,0,9865.88,822156,0,0,,
2023-03-27,13,DF,Centro-Oeste,meta,0,0,10624.79,885399,0,0,,
2023-03-27,13,AM,Norte,meta,0,0,15178.28,1264856,0,0,,
2023-03-27,13,PA,Norte,meta,0,0,31874.38,2656198,0,0,,
2023-03-27,13,RO,Norte,meta,0,0,6071.31,505942,0,0,,
2023-03-27,13,AC,Norte,meta,0,0,3035.66,252971,0,0,,
2023-03-27,13,RR,Norte,meta,0,0,2276.74,189728,0,0,,
2023-03-27,13,AP,Norte,meta,0,0,3035.66,252971,0,0,,
2023-03-27,13,TO,Norte,meta,0,0,5312.4,442699,0,0,,
2023-03-27,13,SP,Sudeste,search,1,0,118173.74,14771717,0,0,,
2023-03-27,13,RJ,Sudeste,search,1,0,44450.67,5556334,0,0,,
2023-03-27,13,MG,Sudeste,search,0,0,55292.3,6911537,0,0,,
2023-03-27,13,ES,Sudeste,search,0,0,10299.55,1287443,0,0,,
2023-03-27,13,PR,Sul,search,1,0,30356.56,3794569,0,0,,
2023-03-27,13,SC,Sul,search,0,0,19514.93,2439366,0,0,,
2023-03-27,13,RS,Sul,search,1,0,30356.56,3794569,0,0,,
2023-03-27,13,BA,Nordeste,search,0,0,39029.86,4878732,0,0,,
2023-03-27,13,CE,Nordeste,search,1,0,24393.66,3049207,0,0,,
2023-03-27,13,PE,Nordeste,search,0,0,26019.91,3252488,0,0,,
2023-03-27,13,MA,Nordeste,search,0,0,18430.77,2303845,0,0,,
2023-03-27,13,PB,Nordeste,search,0,0,10841.63,1355203,0,0,,
2023-03-27,13,RN,Nordeste,search,0,0,9757.46,1219683,0,0,,
2023-03-27,13,AL,Nordeste,search,0,0,8673.3,1084162,0,0,,
2023-03-27,13,SE,Nordeste,search,0,0,5962.9,745361,0,0,,
2023-03-27,13,PI,Nordeste,search,0,0,8673.3,1084162,0,0,,
2023-03-27,13,GO,Centro-Oeste,search,0,0,17888.69,2236085,0,0,,
2023-03-27,13,MT,Centro-Oeste,search,0,0,9215.38,1151922,0,0,,
2023-03-27,13,MS,Centro-Oeste,search,0,0,7047.06,880882,0,0,,
2023-03-27,13,DF,Centro-Oeste,search,0,0,7589.14,948642,0,0,,
2023-03-27,13,AM,Norte,search,0,0,10841.63,1355203,0,0,,
2023-03-27,13,PA,Norte,search,0,0,22767.42,2845927,1,0,22767.42,
2023-03-27,13,RO,Norte,search,0,0,4336.65,542081,0,0,,
2023-03-27,13,AC,Norte,search,0,0,2168.33,271040,0,0,,
2023-03-27,13,RR,Norte,search,0,0,1626.24,203280,0,0,,
2023-03-27,13,AP,Norte,search,0,0,2168.33,271040,0,0,,
2023-03-27,13,TO,Norte,search,0,0,3794.57,474321,0,0,,
2023-04-03,14,SP,Sudeste,youtube,1,0,169633.62,9424089,0,0,,
2023-04-03,14,RJ,Sudeste,youtube,1,0,63807.14,3544841,1,0,63807.14,
2023-04-03,14,MG,Sudeste,youtube,0,0,79369.86,4409436,0,0,,
2023-04-03,14,ES,Sudeste,youtube,0,0,14784.58,821365,0,0,,
2023-04-03,14,PR,Sul,youtube,1,0,43575.61,2420867,0,0,,
2023-04-03,14,SC,Sul,youtube,0,0,28012.89,1556271,0,0,,
2023-04-03,14,RS,Sul,youtube,1,0,43575.61,2420867,0,0,,
2023-04-03,14,BA,Nordeste,youtube,0,0,56025.78,3112543,0,0,,
2023-04-03,14,CE,Nordeste,youtube,1,0,35016.11,1945339,0,0,,
2023-04-03,14,PE,Nordeste,youtube,0,0,37350.52,2075028,0,0,,
2023-04-03,14,MA,Nordeste,youtube,0,0,26456.62,1469812,0,0,,
2023-04-03,14,PB,Nordeste,youtube,0,0,15562.72,864595,0,0,,
2023-04-03,14,RN,Nordeste,youtube,0,0,14006.45,778135,0,0,,
2023-04-03,14,AL,Nordeste,youtube,0,0,12450.17,691676,0,0,,
2023-04-03,14,SE,Nordeste,youtube,0,0,8559.49,475527,0,0,,
2023-04-03,14,PI,Nordeste,youtube,0,0,12450.17,691676,0,0,,
2023-04-03,14,GO,Centro-Oeste,youtube,0,0,25678.48,1426582,0,0,,
2023-04-03,14,MT,Centro-Oeste,youtube,0,0,13228.31,734906,0,0,,
2023-04-03,14,MS,Centro-Oeste,youtube,0,0,10115.77,561987,1,0,10115.77,
2023-04-03,14,DF,Centro-Oeste,youtube,0,0,10893.9,605216,0,0,,
2023-04-03,14,AM,Norte,youtube,0,0,15562.72,864595,0,0,,
2023-04-03,14,PA,Norte,youtube,0,0,32681.71,1815650,0,0,,
2023-04-03,14,RO,Norte,youtube,0,0,6225.09,345838,0,0,,
2023-04-03,14,AC,Norte,youtube,0,0,3112.54,172919,0,0,,
2023-04-03,14,RR,Norte,youtube,0,0,2334.41,129689,0,0,,
2023-04-03,14,AP,Norte,youtube,0,0,3112.54,172919,0,0,,
2023-04-03,14,TO,Norte,youtube,0,0,5446.95,302608,0,0,,
2023-04-03,14,SP,Sudeste,meta,1,0,148429.42,12369117,0,0,,
2023-04-03,14,RJ,Sudeste,meta,1,0,55831.25,4652603,0,0,,
2023-04-03,14,MG,Sudeste,meta,0,0,69448.63,5787385,0,0,,
2023-04-03,14,ES,Sudeste,meta,0,0,12936.51,1078042,0,0,,
2023-04-03,14,PR,Sul,meta,1,0,38128.66,3177388,0,0,,
2023-04-03,14,SC,Sul,meta,0,0,24511.28,2042606,0,0,,
2023-04-03,14,RS,Sul,meta,1,0,38128.66,3177388,0,0,,
2023-04-03,14,BA,Nordeste,meta,0,0,49022.56,4085213,0,0,,
2023-04-03,14,CE,Nordeste,meta,1,0,30639.1,2553258,0,0,,
2023-04-03,14,PE,Nordeste,meta,0,0,32681.71,2723475,0,0,,
2023-04-03,14,MA,Nordeste,meta,0,0,23149.54,1929128,0,0,,
2023-04-03,14,PB,Nordeste,meta,0,0,13617.38,1134781,0,0,,
2023-04-03,14,RN,Nordeste,meta,0,0,12255.64,1021303,0,0,,
2023-04-03,14,AL,Nordeste,meta,0,0,10893.9,907825,0,0,,
2023-04-03,14,SE,Nordeste,meta,0,0,7489.56,624129,0,0,,
2023-04-03,14,PI,Nordeste,meta,0,0,10893.9,907825,0,0,,
2023-04-03,14,GO,Centro-Oeste,meta,0,0,22468.67,1872389,0,0,,
2023-04-03,14,MT,Centro-Oeste,meta,0,0,11574.77,964564,0,0,,
2023-04-03,14,MS,Centro-Oeste,meta,0,0,8851.3,737607,0,0,,
2023-04-03,14,DF,Centro-Oeste,meta,0,0,9532.16,794347,1,0,9532.16,
2023-04-03,14,AM,Norte,meta,0,0,13617.38,1134781,0,0,,
2023-04-03,14,PA,Norte,meta,0,0,28596.49,2383041,0,0,,
2023-04-03,14,RO,Norte,meta,0,0,5446.95,453912,0,0,,
2023-04-03,14,AC,Norte,meta,0,0,2723.48,226956,0,0,,
2023-04-03,14,RR,Norte,meta,0,0,2042.61,170217,0,0,,
2023-04-03,14,AP,Norte,meta,0,0,2723.48,226956,0,0,,
2023-04-03,14,TO,Norte,meta,0,0,4766.08,397173,0,0,,
2023-04-03,14,SP,Sudeste,search,1,0,106021.01,13252626,0,0,,
2023-04-03,14,RJ,Sudeste,search,1,0,39879.46,4984932,0,0,,
2023-04-03,14,MG,Sudeste,search,0,0,49606.16,6200770,0,0,,
2023-04-03,14,ES,Sudeste,search,0,0,9240.36,1155045,0,0,,
2023-04-03,14,PR,Sul,search,1,0,27234.76,3404344,0,0,,
2023-04-03,14,SC,Sul,search,0,0,17508.06,2188507,0,0,,
2023-04-03,14,RS,Sul,search,1,0,27234.76,3404344,0,0,,
2023-04-03,14,BA,Nordeste,search,0,0,35016.11,4377014,0,0,,
2023-04-03,14,CE,Nordeste,search,1,0,21885.07,2735633,0,0,,
2023-04-03,14,PE,Nordeste,search,0,0,23344.08,2918009,0,0,,
2023-04-03,14,MA,Nordeste,search,0,0,16535.39,2066923,0,0,,
2023-04-03,14,PB,Nordeste,search,0,0,9726.7,1215837,0,0,,
2023-04-03,14,RN,Nordeste,search,0,0,8754.03,1094253,0,0,,
2023-04-03,14,AL,Nordeste,search,0,0,7781.36,972669,0,0,,
2023-04-03,14,SE,Nordeste,search,0,0,5349.68,668710,0,0,,
2023-04-03,14,PI,Nordeste,search,0,0,7781.36,972669,0,0,,
2023-04-03,14,GO,Centro-Oeste,search,0,0,16049.05,2006131,0,0,,
2023-04-03,14,MT,Centro-Oeste,search,0,0,8267.69,1033461,0,0,,
2023-04-03,14,MS,Centro-Oeste,search,0,0,6322.35,790294,0,0,,
2023-04-03,14,DF,Centro-Oeste,search,0,0,6808.69,851086,0,0,,
2023-04-03,14,AM,Norte,search,0,0,9726.7,1215837,0,0,,
2023-04-03,14,PA,Norte,search,0,0,20426.07,2553258,0,0,,
2023-04-03,14,RO,Norte,search,0,0,3890.68,486334,0,0,,
2023-04-03,14,AC,Norte,search,0,0,1945.34,243167,0,0,,
2023-04-03,14,RR,Norte,search,0,0,1459.0,182375,0,0,,
2023-04-03,14,AP,Norte,search,0,0,1945.34,243167,0,0,,
2023-04-03,14,TO,Norte,search,0,0,3404.34,425543,0,0,,
2023-04-10,15,SP,Sudeste,youtube,1,0,188986.21,10499233,0,0,,
2023-04-10,15,RJ,Sudeste,youtube,1,0,71086.56,3949253,0,0,,
2023-04-10,15,MG,Sudeste,youtube,0,0,88424.74,4912485,1,0,88424.74,
2023-04-10,15,ES,Sudeste,youtube,0,0,16471.28,915070,0,0,,
2023-04-10,15,PR,Sul,youtube,1,0,48546.92,2697050,0,0,,
2023-04-10,15,SC,Sul,youtube,0,0,31208.73,1733818,0,0,,
2023-04-10,15,RS,Sul,youtube,1,0,48546.92,2697050,0,0,,
2023-04-10,15,BA,Nordeste,youtube,0,0,62417.46,3467636,0,0,,
2023-04-10,15,CE,Nordeste,youtube,1,0,39010.92,2167273,0,0,,
2023-04-10,15,PE,Nordeste,youtube,0,0,41611.64,2311757,0,0,,
2023-04-10,15,MA,Nordeste,youtube,0,0,29474.91,1637495,0,0,,
2023-04-10,15,PB,Nordeste,youtube,0,0,17338.18,963232,0,0,,
2023-04-10,15,RN,Nordeste,youtube,0,0,15604.37,866909,0,0,,
2023-04-10,15,AL,Nordeste,youtube,0,0,13870.55,770585,0,0,,
2023-04-10,15,SE,Nordeste,youtube,0,0,9536.0,529777,0,0,,
2023-04-10,15,PI,Nordeste,youtube,0,0,13870.55,770585,0,0,,
2023-04-10,15,GO,Centro-Oeste,youtube,0,0,28608.0,1589333,0,0,,
2023-04-10,15,MT,Centro-Oeste,youtube,0,0,14737.46,818747,0,0,,
2023-04-10,15,MS,Centro-Oeste,youtube,0,0,11269.82,626101,0,0,,
2023-04-10,15,DF,Centro-Oeste,youtube,0,0,12136.73,674262,0,0,,
2023-04-10,15,AM,Norte,youtube,0,0,17338.18,963232,0,0,,
2023-04-10,15,PA,Norte,youtube,0,0,36410.19,2022788,0,0,,
2023-04-10,15,RO,Norte,youtube,0,0,6935.27,385292,0,0,,
2023-04-10,15,AC,Norte,youtube,0,0,3467.64,192646,0,0,,
2023-04-10,15,RR,Norte,youtube,0,0,2600.73,144484,0,0,,
2023-04-10,15,AP,Norte,youtube,0,0,3467.64,192646,0,0,,
2023-04-10,15,TO,Norte,youtube,0,0,6068.36,337131,1,0,6068.36,
2023-04-10,15,SP,Sudeste,meta,1,0,165362.93,13780244,0,0,,
2023-04-10,15,RJ,Sudeste,meta,1,0,62200.74,5183394,0,0,,
2023-04-10,15,MG,Sudeste,meta,0,0,77371.65,6447637,0,0,,
2023-04-10,15,ES,Sudeste,meta,0,0,14412.37,1201030,0,0,,
2023-04-10,15,PR,Sul,meta,1,0,42478.55,3539879,0,0,,
2023-04-10,15,SC,Sul,meta,0,0,27307.64,2275636,0,0,,
2023-04-10,15,RS,Sul,meta,1,0,42478.55,3539879,0,0,,
2023-04-10,15,BA,Nordeste,meta,0,0,54615.28,4551273,0,0,,
2023-04-10,15,CE,Nordeste,meta,1,0,34134.55,2844545,0,0,,
2023-04-10,15,PE,Nordeste,meta,0,0,36410.19,3034182,0,0,,
2023-04-10,15,MA,Nordeste,meta,0,0,25790.55,2149212,0,0,,
2023-04-10,15,PB,Nordeste,meta,0,0,15170.91,1264242,0,0,,
2023-04-10,15,RN,Nordeste,meta,0,0,13653.82,1137818,0,0,,
2023-04-10,15,AL,Nordeste,meta,0,0,12136.73,1011394,0,0,,
2023-04-10,15,SE,Nordeste,meta,0,0,8344.0,695333,0,0,,
2023-04-10,15,PI,Nordeste,meta,0,0,12136.73,1011394,0,0,,
2023-04-10,15,GO,Centro-Oeste,meta,0,0,25032.0,2086000,0,0,,
2023-04-10,15,MT,Centro-Oeste,meta,0,0,12895.27,1074606,0,0,,
2023-04-10,15,MS,Centro-Oeste,meta,0,0,9861.09,821757,0,0,,
2023-04-10,15,DF,Centro-Oeste,meta,0,0,10619.64,884969,0,0,,
2023-04-10,15,AM,Norte,meta,0,0,15170.91,1264242,0,0,,
2023-04-10,15,PA,Norte,meta,0,0,31858.91,2654909,1,0,31858.91,
2023-04-10,15,RO,Norte,meta,0,0,6068.36,505697,0,0,,
2023-04-10,15,AC,Norte,meta,0,0,3034.18,252848,0,0,,
2023-04-10,15,RR,Norte,meta,0,0,2275.64,189636,0,0,,
2023-04-10,15,AP,Norte,meta,0,0,3034.18,252848,0,0,,
2023-04-10,15,TO,Norte,meta,0,0,5309.82,442484,0,0,,
2023-04-10,15,SP,Sudeste,search,1,0,118116.38,14764547,0,0,,
2023-04-10,15,RJ,Sudeste,search,1,0,44429.1,5553637,0,0,,
2023-04-10,15,MG,Sudeste,search,0,0,55265.46,6908182,0,0,,
2023-04-10,15,ES,Sudeste,search,0,0,10294.55,1286818,0,0,,
2023-04-10,15,PR,Sul,search,1,0,30341.82,3792727,0,0,,
2023-04-10,15,SC,Sul,search,0,0,19505.46,2438182,0,0,,
2023-04-10,15,RS,Sul,search,1,0,30341.82,3792727,0,0,,
2023-04-10,15,BA,Nordeste,search,0,0,39010.92,4876364,0,0,,
2023-04-10,15,CE,Nordeste,search,1,0,24381.82,3047727,0,0,,
2023-04-10,15,PE,Nordeste,search,0,0,26007.28,3250909,0,0,,
2023-04-10,15,MA,Nordeste,search,0,0,18421.82,2302727,0,0,,
2023-04-10,15,PB,Nordeste,search,0,0,10836.37,1354545,0,0,,
2023-04-10,15,RN,Nordeste,search,0,0,9752.73,1219091,0,0,,
2023-04-10,15,AL,Nordeste,search,0,0,8669.09,1083636,0,0,,
2023-04-10,15,SE,Nordeste,search,0,0,5960.0,745000,0,0,,
2023-04-10,15,PI,Nordeste,search,0,0,8669.09,1083636,1,0,8669.09,
2023-04-10,15,GO,Centro-Oeste,search,0,0,17880.0,2235000,0,0,,
2023-04-10,15,MT,Centro-Oeste,search,0,0,9210.91,1151363,0,0,,
2023-04-10,15,MS,Centro-Oeste,search,0,0,7043.64,880454,0,0,,
2023-04-10,15,DF,Centro-Oeste,search,0,0,7585.46,948181,0,0,,
2023-04-10,15,AM,Norte,search,0,0,10836.37,1354545,0,0,,
2023-04-10,15,PA,Norte,search,0,0,22756.37,2844545,0,0,,
2023-04-10,15,RO,Norte,search,0,0,4334.55,541818,0,0,,
2023-04-10,15,AC,Norte,search,0,0,2167.27,270909,0,0,,
2023-04-10,15,RR,Norte,search,0,0,1625.45,203181,0,0,,
2023-04-10,15,AP,Norte,search,0,0,2167.27,270909,0,0,,
2023-04-10,15,TO,Norte,search,0,0,3792.73,474090,0,0,,
2023-04-17,16,SP,Sudeste,youtube,1,0,228513.98,12695220,0,0,,
2023-04-17,16,RJ,Sudeste,youtube,1,0,85954.8,4775266,0,0,,
2023-04-17,16,MG,Sudeste,youtube,0,0,106919.38,5939965,0,0,,
2023-04-17,16,ES,Sudeste,youtube,0,0,19916.36,1106464,0,0,,
2023-04-17,16,PR,Sul,youtube,1,0,58700.84,3261157,0,0,,
2023-04-17,16,SC,Sul,youtube,0,0,37736.25,2096458,0,0,,
2023-04-17,16,RS,Sul,youtube,1,0,58700.84,3261157,0,0,,
2023-04-17,16,BA,Nordeste,youtube,0,0,75472.51,4192916,0,0,,
2023-04-17,16,CE,Nordeste,youtube,1,0,47170.32,2620573,0,0,,
2023-04-17,16,PE,Nordeste,youtube,0,0,50315.0,2795277,1,0,50315.0,
2023-04-17,16,MA,Nordeste,youtube,0,0,35639.79,1979988,0,0,,
2023-04-17,16,PB,Nordeste,youtube,0,0,20964.59,1164699,0,0,,
2023-04-17,16,RN,Nordeste,youtube,0,0,18868.13,1048229,0,0,,
2023-04-17,16,AL,Nordeste,youtube,0,0,16771.67,931759,0,0,,
2023-04-17,16,SE,Nordeste,youtube,0,0,11530.52,640584,0,0,,
2023-04-17,16,PI,Nordeste,youtube,0,0,16771.67,931759,0,0,,
2023-04-17,16,GO,Centro-Oeste,youtube,0,0,34591.57,1921753,0,0,,
2023-04-17,16,MT,Centro-Oeste,youtube,0,0,17819.9,989994,0,0,,
2023-04-17,16,MS,Centro-Oeste,youtube,0,0,13626.98,757054,0,0,,
2023-04-17,16,DF,Centro-Oeste,youtube,0,0,14675.21,815289,0,0,,
2023-04-17,16,AM,Norte,youtube,0,0,20964.59,1164699,0,0,,
2023-04-17,16,PA,Norte,youtube,0,0,44025.63,2445868,0,0,,
2023-04-17,16,RO,Norte,youtube,0,0,8385.83,465879,0,0,,
2023-04-17,16,AC,Norte,youtube,0,0,4192.92,232939,0,0,,
2023-04-17,16,RR,Norte,youtube,0,0,3144.69,174704,1,0,3144.69,
2023-04-17,16,AP,Norte,youtube,0,0,4192.92,232939,0,0,,
2023-04-17,16,TO,Norte,youtube,0,0,7337.6,407644,0,0,,
2023-04-17,16,SP,Sudeste,meta,1,0,199949.73,16662477,0,0,,
2023-04-17,16,RJ,Sudeste,meta,1,0,75210.45,6267537,1,0,75210.45,
2023-04-17,16,MG,Sudeste,meta,0,0,93554.46,7796205,0,0,,
2023-04-17,16,ES,Sudeste,meta,0,0,17426.81,1452234,0,0,,
2023-04-17,16,PR,Sul,meta,1,0,51363.23,4280269,0,0,,
2023-04-17,16,SC,Sul,meta,0,0,33019.22,2751601,0,0,,
2023-04-17,16,RS,Sul,meta,1,0,51363.23,4280269,0,0,,
2023-04-17,16,BA,Nordeste,meta,0,0,66038.44,5503203,0,0,,
2023-04-17,16,CE,Nordeste,meta,1,0,41274.03,3439502,0,0,,
2023-04-17,16,PE,Nordeste,meta,0,0,44025.63,3668802,0,0,,
2023-04-17,16,MA,Nordeste,meta,0,0,31184.82,2598735,0,0,,
2023-04-17,16,PB,Nordeste,meta,0,0,18344.01,1528667,0,0,,
2023-04-17,16,RN,Nordeste,meta,0,0,16509.61,1375800,0,0,,
2023-04-17,16,AL,Nordeste,meta,0,0,14675.21,1222934,1,0,14675.21,
2023-04-17,16,SE,Nordeste,meta,0,0,10089.21,840767,0,0,,
2023-04-17,16,PI,Nordeste,meta,0,0,14675.21,1222934,0,0,,
2023-04-17,16,GO,Centro-Oeste,meta,0,0,30267.62,2522301,0,0,,
2023-04-17,16,MT,Centro-Oeste,meta,0,0,15592.41,1299367,0,0,,
2023-04-17,16,MS,Centro-Oeste,meta,0,0,11923.61,993633,0,0,,
2023-04-17,16,DF,Centro-Oeste,meta,0,0,12840.81,1070067,0,0,,
2023-04-17,16,AM,Norte,meta,0,0,18344.01,1528667,0,0,,
2023-04-17,16,PA,Norte,meta,0,0,38522.43,3210202,0,0,,
2023-04-17,16,RO,Norte,meta,0,0,7337.6,611467,0,0,,
2023-04-17,16,AC,Norte,meta,0,0,3668.8,305733,0,0,,
2023-04-17,16,RR,Norte,meta,0,0,2751.6,229300,0,0,,
2023-04-17,16,AP,Norte,meta,0,0,3668.8,305733,0,0,,
2023-04-17,16,TO,Norte,meta,0,0,6420.4,535033,0,0,,
2023-04-17,16,SP,Sudeste,search,1,0,142821.24,17852654,1,0,142821.24,
2023-04-17,16,RJ,Sudeste,search,1,0,53721.75,6715218,0,0,,
2023-04-17,16,MG,Sudeste,search,0,0,66824.62,8353076,0,0,,
2023-04-17,16,ES,Sudeste,search,0,0,12447.72,1555965,0,0,,
2023-04-17,16,PR,Sul,search,1,0,36688.02,4586002,0,0,,
2023-04-17,16,SC,Sul,search,0,0,23585.16,2948144,0,0,,
2023-04-17,16,RS,Sul,search,1,0,36688.02,4586002,0,0,,
2023-04-17,16,BA,Nordeste,search,0,0,47170.32,5896289,0,0,,
2023-04-17,16,CE,Nordeste,search,1,0,29481.45,3685180,0,0,,
2023-04-17,16,PE,Nordeste,search,0,0,31446.88,3930859,1,0,31446.88,
2023-04-17,16,MA,Nordeste,search,0,0,22274.87,2784358,0,0,,
2023-04-17,16,PB,Nordeste,search,0,0,13102.87,1637858,0,0,,
2023-04-17,16,RN,Nordeste,search,0,0,11792.58,1474072,0,0,,
2023-04-17,16,AL,Nordeste,search,0,0,10482.29,1310286,0,0,,
2023-04-17,16,SE,Nordeste,search,0,0,7206.58,900822,0,0,,
2023-04-17,16,PI,Nordeste,search,0,0,10482.29,1310286,0,0,,
2023-04-17,16,GO,Centro-Oeste,search,0,0,21619.73,2702466,0,0,,
2023-04-17,16,MT,Centro-Oeste,search,0,0,11137.44,1392179,0,0,,
2023-04-17,16,MS,Centro-Oeste,search,0,0,8516.86,1064607,0,0,,
2023-04-17,16,DF,Centro-Oeste,search,0,0,9172.01,1146500,0,0,,
2023-04-17,16,AM,Norte,search,0,0,13102.87,1637858,0,0,,
2023-04-17,16,PA,Norte,search,0,0,27516.02,3439502,0,0,,
2023-04-17,16,RO,Norte,search,0,0,5241.15,655143,0,0,,
2023-04-17,16,AC,Norte,search,0,0,2620.57,327571,0,0,,
2023-04-17,16,RR,Norte,search,0,0,1965.43,245678,0,0,,
2023-04-17,16,AP,Norte,search,0,0,2620.57,327571,0,0,,
2023-04-17,16,TO,Norte,search,0,0,4586.0,573250,0,0,,
2023-04-24,17,SP,Sudeste,youtube,1,0,215628.55,11979363,0,0,,
2023-04-24,17,RJ,Sudeste,youtube,1,0,81107.99,4505999,0,0,,
2023-04-24,17,MG,Sudeste,youtube,0,0,100890.42,5605023,0,0,,
2023-04-24,17,ES,Sudeste,youtube,0,0,18793.31,1044072,0,0,,
2023-04-24,17,PR,Sul,youtube,1,0,55390.82,3077267,0,0,,
2023-04-24,17,SC,Sul,youtube,0,0,35608.38,1978243,0,0,,
2023-04-24,17,RS,Sul,youtube,1,0,55390.82,3077267,0,0,,
2023-04-24,17,BA,Nordeste,youtube,0,0,71216.77,3956487,0,0,,
2023-04-24,17,CE,Nordeste,youtube,1,0,44510.48,2472804,0,0,,
2023-04-24,17,PE,Nordeste,youtube,0,0,47477.85,2637658,0,0,,
2023-04-24,17,MA,Nordeste,youtube,0,0,33630.14,1868341,0,0,,
2023-04-24,17,PB,Nordeste,youtube,0,0,19782.44,1099024,0,0,,
2023-04-24,17,RN,Nordeste,youtube,0,0,17804.19,989121,0,0,,
2023-04-24,17,AL,Nordeste,youtube,0,0,15825.95,879219,0,0,,
2023-04-24,17,SE,Nordeste,youtube,0,0,10880.34,604463,0,0,,
2023-04-24,17,PI,Nordeste,youtube,0,0,15825.95,879219,0,0,,
2023-04-24,17,GO,Centro-Oeste,youtube,0,0,32641.02,1813389,0,0,,
2023-04-24,17,MT,Centro-Oeste,youtube,0,0,16815.07,934170,0,0,,
2023-04-24,17,MS,Centro-Oeste,youtube,0,0,12858.58,714365,0,0,,
2023-04-24,17,DF,Centro-Oeste,youtube,0,0,13847.7,769316,0,0,,
2023-04-24,17,AM,Norte,youtube,0,0,19782.44,1099024,0,0,,
2023-04-24,17,PA,Norte,youtube,0,0,41543.11,2307950,0,0,,
2023-04-24,17,RO,Norte,youtube,0,0,7912.97,439609,0,0,,
2023-04-24,17,AC,Norte,youtube,0,0,3956.49,219804,0,0,,
2023-04-24,17,RR,Norte,youtube,0,0,2967.37,164853,0,0,,
2023-04-24,17,AP,Norte,youtube,0,0,3956.49,219804,0,0,,
2023-04-24,17,TO,Norte,youtube,0,0,6923.85,384658,0,0,,
2023-04-24,17,SP,Sudeste,meta,1,0,188674.98,15722914,0,0,,
2023-04-24,17,RJ,Sudeste,meta,1,0,70969.49,5914123,0,0,,
2023-04-24,17,MG,Sudeste,meta,0,0,88279.12,7356593,0,0,,
2023-04-24,17,ES,Sudeste,meta,0,0,16444.15,1370345,0,0,,
2023-04-24,17,PR,Sul,meta,1,0,48466.97,4038913,0,0,,
2023-04-24,17,SC,Sul,meta,0,0,31157.34,2596444,0,0,,
2023-04-24,17,RS,Sul,meta,1,0,48466.97,4038913,0,0,,
2023-04-24,17,BA,Nordeste,meta,0,0,62314.67,5192889,0,0,,
2023-04-24,17,CE,Nordeste,meta,1,0,38946.67,3245555,0,0,,
2023-04-24,17,PE,Nordeste,meta,0,0,41543.11,3461926,0,0,,
2023-04-24,17,MA,Nordeste,meta,0,0,29426.37,2452197,0,0,,
2023-04-24,17,PB,Nordeste,meta,0,0,17309.63,1442469,0,0,,
2023-04-24,17,RN,Nordeste,meta,0,0,15578.67,1298222,0,0,,
2023-04-24,17,AL,Nordeste,meta,0,0,13847.7,1153975,0,0,,
2023-04-24,17,SE,Nordeste,meta,0,0,9520.3,793358,0,0,,
2023-04-24,17,PI,Nordeste,meta,0,0,13847.7,1153975,0,0,,
2023-04-24,17,GO,Centro-Oeste,meta,0,0,28560.89,2380074,0,0,,
2023-04-24,17,MT,Centro-Oeste,meta,0,0,14713.19,1226098,0,0,,
2023-04-24,17,MS,Centro-Oeste,meta,0,0,11251.26,937605,0,0,,
2023-04-24,17,DF,Centro-Oeste,meta,0,0,12116.74,1009728,0,0,,
2023-04-24,17,AM,Norte,meta,0,0,17309.63,1442469,0,0,,
2023-04-24,17,PA,Norte,meta,0,0,36350.23,3029185,0,0,,
2023-04-24,17,RO,Norte,meta,0,0,6923.85,576987,0,0,,
2023-04-24,17,AC,Norte,meta,0,0,3461.93,288493,0,0,,
2023-04-24,17,RR,Norte,meta,0,0,2596.44,216370,0,0,,
2023-04-24,17,AP,Norte,meta,0,0,3461.93,288493,0,0,,
2023-04-24,17,TO,Norte,meta,0,0,6058.37,504864,0,0,,
2023-04-24,17,SP,Sudeste,search,1,0,134767.84,16845980,1,0,134767.84,
2023-04-24,17,RJ,Sudeste,search,1,0,50692.49,6336561,1,0,50692.49,
2023-04-24,17,MG,Sudeste,search,0,0,63056.51,7882064,0,0,,
2023-04-24,17,ES,Sudeste,search,0,0,11745.82,1468227,0,0,,
2023-04-24,17,PR,Sul,search,1,0,34619.26,4327407,0,0,,
2023-04-24,17,SC,Sul,search,0,0,22255.24,2781904,0,0,,
2023-04-24,17,RS,Sul,search,1,0,34619.26,4327407,0,0,,
2023-04-24,17,BA,Nordeste,search,0,0,44510.48,5563809,0,0,,
2023-04-24,17,CE,Nordeste,search,1,0,27819.05,3477381,0,0,,
2023-04-24,17,PE,Nordeste,search,0,0,29673.65,3709206,0,0,,
2023-04-24,17,MA,Nordeste,search,0,0,21018.84,2627354,1,0,21018.84,
2023-04-24,17,PB,Nordeste,search,0,0,12364.02,1545502,0,0,,
2023-04-24,17,RN,Nordeste,search,0,0,11127.62,1390952,1,0,11127.62,
2023-04-24,17,AL,Nordeste,search,0,0,9891.22,1236402,0,0,,
2023-04-24,17,SE,Nordeste,search,0,0,6800.21,850026,0,0,,
2023-04-24,17,PI,Nordeste,search,0,0,9891.22,1236402,0,0,,
2023-04-24,17,GO,Centro-Oeste,search,0,0,20400.64,2550079,0,0,,
2023-04-24,17,MT,Centro-Oeste,search,0,0,10509.42,1313677,0,0,,
2023-04-24,17,MS,Centro-Oeste,search,0,0,8036.61,1004576,0,0,,
2023-04-24,17,DF,Centro-Oeste,search,0,0,8654.82,1081851,0,0,,
2023-04-24,17,AM,Norte,search,0,0,12364.02,1545502,0,0,,
2023-04-24,17,PA,Norte,search,0,0,25964.45,3245555,0,0,,
2023-04-24,17,RO,Norte,search,0,0,4945.61,618201,0,0,,
2023-04-24,17,AC,Norte,search,0,0,2472.8,309100,0,0,,
2023-04-24,17,RR,Norte,search,0,0,1854.6,231825,0,0,,
2023-04-24,17,AP,Norte,search,0,0,2472.8,309100,0,0,,
2023-04-24,17,TO,Norte,search,0,0,4327.41,540925,0,0,,
2023-05-01,18,SP,Sudeste,youtube,1,0,237236.07,13179781,0,0,,
2023-05-01,18,RJ,Sudeste,youtube,1,0,89235.59,4957532,0,0,,
2023-05-01,18,MG,Sudeste,youtube,0,0,111000.36,6166686,0,0,,
2023-05-01,18,ES,Sudeste,youtube,0,0,20676.54,1148696,0,0,,
2023-05-01,18,PR,Sul,youtube,1,0,60941.38,3385631,0,0,,
2023-05-01,18,SC,Sul,youtube,0,0,39176.6,2176477,0,0,,
2023-05-01,18,RS,Sul,youtube,1,0,60941.38,3385631,0,0,,
2023-05-01,18,BA,Nordeste,youtube,0,0,78353.2,4352955,1,0,78353.2,
2023-05-01,18,CE,Nordeste,youtube,1,0,48970.75,2720597,0,0,,
2023-05-01,18,PE,Nordeste,youtube,0,0,52235.46,2901970,0,0,,
2023-05-01,18,MA,Nordeste,youtube,0,0,37000.12,2055562,0,0,,
2023-05-01,18,PB,Nordeste,youtube,0,0,21764.78,1209154,0,0,,
2023-05-01,18,RN,Nordeste,youtube,0,0,19588.3,1088238,0,0,,
2023-05-01,18,AL,Nordeste,youtube,0,0,17411.82,967323,0,0,,
2023-05-01,18,SE,Nordeste,youtube,0,0,11970.63,665034,0,0,,
2023-05-01,18,PI,Nordeste,youtube,0,0,17411.82,967323,0,0,,
2023-05-01,18,GO,Centro-Oeste,youtube,0,0,35911.88,1995104,0,0,,
2023-05-01,18,MT,Centro-Oeste,youtube,0,0,18500.06,1027781,0,0,,
2023-05-01,18,MS,Centro-Oeste,youtube,0,0,14147.11,785950,0,0,,
2023-05-01,18,DF,Centro-Oeste,youtube,0,0,15235.34,846407,0,0,,
2023-05-01,18,AM,Norte,youtube,0,0,21764.78,1209154,0,0,,
2023-05-01,18,PA,Norte,youtube,0,0,45706.03,2539223,0,0,,
2023-05-01,18,RO,Norte,youtube,0,0,8705.91,483661,0,0,,
2023-05-01,18,AC,Norte,youtube,0,0,4352.96,241830,0,0,,
2023-05-01,18,RR,Norte,youtube,0,0,3264.72,181373,0,0,,
2023-05-01,18,AP,Norte,youtube,0,0,4352.96,241830,0,0,,
2023-05-01,18,TO,Norte,youtube,0,0,7617.67,423203,0,0,,
2023-05-01,18,SP,Sudeste,meta,1,0,207581.56,17298463,0,0,,
2023-05-01,18,RJ,Sudeste,meta,1,0,78081.14,6506761,0,0,,
2023-05-01,18,MG,Sudeste,meta,0,0,97125.32,8093776,1,0,97125.32,
2023-05-01,18,ES,Sudeste,meta,0,0,18091.97,1507664,0,0,,
2023-05-01,18,PR,Sul,meta,1,0,53323.7,4443641,0,0,,
2023-05-01,18,SC,Sul,meta,0,0,34279.52,2856626,0,0,,
2023-05-01,18,RS,Sul,meta,1,0,53323.7,4443641,0,0,,
2023-05-01,18,BA,Nordeste,meta,0,0,68559.05,5713253,0,0,,
2023-05-01,18,CE,Nordeste,meta,1,0,42849.4,3570783,0,0,,
2023-05-01,18,PE,Nordeste,meta,0,0,45706.03,3808835,0,0,,
2023-05-01,18,MA,Nordeste,meta,0,0,32375.11,2697925,0,0,,
2023-05-01,18,PB,Nordeste,meta,0,0,19044.18,1587014,0,0,,
2023-05-01,18,RN,Nordeste,meta,0,0,17139.76,1428313,0,0,,
2023-05-01,18,AL,Nordeste,meta,0,0,15235.34,1269611,0,0,,
2023-05-01,18,SE,Nordeste,meta,0,0,10474.3,872858,0,0,,
2023-05-01,18,PI,Nordeste,meta,0,0,15235.34,1269611,0,0,,
2023-05-01,18,GO,Centro-Oeste,meta,0,0,31422.9,2618574,0,0,,
2023-05-01,18,MT,Centro-Oeste,meta,0,0,16187.55,1348962,0,0,,
2023-05-01,18,MS,Centro-Oeste,meta,0,0,12378.72,1031559,0,0,,
2023-05-01,18,DF,Centro-Oeste,meta,0,0,13330.93,1110910,0,0,,
2023-05-01,18,AM,Norte,meta,0,0,19044.18,1587014,0,0,,
2023-05-01,18,PA,Norte,meta,0,0,39992.78,3332731,0,0,,
2023-05-01,18,RO,Norte,meta,0,0,7617.67,634805,0,0,,
2023-05-01,18,AC,Norte,meta,0,0,3808.84,317402,0,0,,
2023-05-01,18,RR,Norte,meta,0,0,2856.63,238052,0,0,,
2023-05-01,18,AP,Norte,meta,0,0,3808.84,317402,0,0,,
2023-05-01,18,TO,Norte,meta,0,0,6665.46,555455,0,0,,
2023-05-01,18,SP,Sudeste,search,1,0,148272.54,18534067,0,0,,
2023-05-01,18,RJ,Sudeste,search,1,0,55772.24,6971530,1,0,55772.24,
2023-05-01,18,MG,Sudeste,search,0,0,69375.23,8671903,0,0,,
2023-05-01,18,ES,Sudeste,search,0,0,12922.84,1615354,0,0,,
2023-05-01,18,PR,Sul,search,1,0,38088.36,4761044,1,0,38088.36,
2023-05-01,18,SC,Sul,search,0,0,24485.37,3060671,0,0,,
2023-05-01,18,RS,Sul,search,1,0,38088.36,4761044,0,0,,
2023-05-01,18,BA,Nordeste,search,0,0,48970.75,6121343,0,0,,
2023-05-01,18,CE,Nordeste,search,1,0,30606.72,3825839,0,0,,
2023-05-01,18,PE,Nordeste,search,0,0,32647.17,4080895,0,0,,
2023-05-01,18,MA,Nordeste,search,0,0,23125.08,2890634,1,0,23125.08,
2023-05-01,18,PB,Nordeste,search,0,0,13602.99,1700373,0,0,,
2023-05-01,18,RN,Nordeste,search,0,0,12242.69,1530335,0,0,,
2023-05-01,18,AL,Nordeste,search,0,0,10882.39,1360298,0,0,,
2023-05-01,18,SE,Nordeste,search,0,0,7481.64,935205,0,0,,
2023-05-01,18,PI,Nordeste,search,0,0,10882.39,1360298,0,0,,
2023-05-01,18,GO,Centro-Oeste,search,0,0,22444.93,2805615,0,0,,
2023-05-01,18,MT,Centro-Oeste,search,0,0,11562.54,1445317,0,0,,
2023-05-01,18,MS,Centro-Oeste,search,0,0,8841.94,1105242,0,0,,
2023-05-01,18,DF,Centro-Oeste,search,0,0,9522.09,1190261,0,0,,
2023-05-01,18,AM,Norte,search,0,0,13602.99,1700373,0,0,,
2023-05-01,18,PA,Norte,search,0,0,28566.27,3570783,0,0,,
2023-05-01,18,RO,Norte,search,0,0,5441.19,680149,0,0,,
2023-05-01,18,AC,Norte,search,0,0,2720.6,340074,0,0,,
2023-05-01,18,RR,Norte,search,0,0,2040.45,255055,0,0,,
2023-05-01,18,AP,Norte,search,0,0,2720.6,340074,0,0,,
2023-05-01,18,TO,Norte,search,0,0,4761.04,595130,0,0,,
2023-05-08,19,SP,Sudeste,youtube,1,0,202380.56,11243364,0,0,,
2023-05-08,19,RJ,Sudeste,youtube,1,0,76124.8,4229155,1,0,76124.8,
2023-05-08,19,MG,Sudeste,youtube,0,0,94691.82,5260656,0,0,,
2023-05-08,19,ES,Sudeste,youtube,0,0,17638.67,979926,0,0,,
2023-05-08,19,PR,Sul,youtube,1,0,51987.67,2888203,0,0,,
2023-05-08,19,SC,Sul,youtube,0,0,33420.64,1856702,0,0,,
2023-05-08,19,RS,Sul,youtube,1,0,51987.67,2888203,0,0,,
2023-05-08,19,BA,Nordeste,youtube,0,0,66841.29,3713404,0,0,,
2023-05-08,19,CE,Nordeste,youtube,1,0,41775.8,2320877,0,0,,
2023-05-08,19,PE,Nordeste,youtube,0,0,44560.86,2475603,0,0,,
2023-05-08,19,MA,Nordeste,youtube,0,0,31563.94,1753552,0,0,,
2023-05-08,19,PB,Nordeste,youtube,0,0,18567.02,1031501,0,0,,
2023-05-08,19,RN,Nordeste,youtube,0,0,16710.32,928351,0,0,,
2023-05-08,19,AL,Nordeste,youtube,0,0,14853.62,825201,0,0,,
2023-05-08,19,SE,Nordeste,youtube,0,0,10211.86,567325,0,0,,
2023-05-08,19,PI,Nordeste,youtube,0,0,14853.62,825201,0,0,,
2023-05-08,19,GO,Centro-Oeste,youtube,0,0,30635.59,1701977,0,0,,
2023-05-08,19,MT,Centro-Oeste,youtube,0,0,15781.97,876776,0,0,,
2023-05-08,19,MS,Centro-Oeste,youtube,0,0,12068.57,670475,0,0,,
2023-05-08,19,DF,Centro-Oeste,youtube,0,0,12996.92,722050,0,0,,
2023-05-08,19,AM,Norte,youtube,0,0,18567.02,1031501,0,0,,
2023-05-08,19,PA,Norte,youtube,0,0,38990.75,2166152,0,0,,
2023-05-08,19,RO,Norte,youtube,0,0,7426.81,412600,0,0,,
2023-05-08,19,AC,Norte,youtube,0,0,3713.4,206300,0,0,,
2023-05-08,19,RR,Norte,youtube,0,0,2785.05,154725,1,0,2785.05,
2023-05-08,19,AP,Norte,youtube,0,0,3713.4,206300,0,0,,
2023-05-08,19,TO,Norte,youtube,0,0,6498.46,361025,0,0,,
2023-05-08,19,SP,Sudeste,meta,1,0,177082.99,14756915,0,0,,
2023-05-08,19,RJ,Sudeste,meta,1,0,66609.2,5550766,0,0,,
2023-05-08,19,MG,Sudeste,meta,0,0,82855.34,6904611,0,0,,
2023-05-08,19,ES,Sudeste,meta,0,0,15433.84,1286153,0,0,,
2023-05-08,19,PR,Sul,meta,1,0,45489.21,3790767,0,0,,
2023-05-08,19,SC,Sul,meta,0,0,29243.06,2436921,0,0,,
2023-05-08,19,RS,Sul,meta,1,0,45489.21,3790767,0,0,,
2023-05-08,19,BA,Nordeste,meta,0,0,58486.13,4873843,0,0,,
2023-05-08,19,CE,Nordeste,meta,1,0,36553.83,3046152,0,0,,
2023-05-08,19,PE,Nordeste,meta,0,0,38990.75,3249229,0,0,,
2023-05-08,19,MA,Nordeste,meta,0,0,27618.45,2301537,1,0,27618.45,
2023-05-08,19,PB,Nordeste,meta,0,0,16246.15,1353845,0,0,,
2023-05-08,19,RN,Nordeste,meta,0,0,14621.53,1218460,0,0,,
2023-05-08,19,AL,Nordeste,meta,0,0,12996.92,1083076,0,0,,
2023-05-08,19,SE,Nordeste,meta,0,0,8935.38,744615,0,0,,
2023-05-08,19,PI,Nordeste,meta,0,0,12996.92,1083076,0,0,,
2023-05-08,19,GO,Centro-Oeste,meta,0,0,26806.14,2233845,0,0,,
2023-05-08,19,MT,Centro-Oeste,meta,0,0,13809.22,1150768,1,0,13809.22,
2023-05-08,19,MS,Centro-Oeste,meta,0,0,10559.99,879999,0,0,,
2023-05-08,19,DF,Centro-Oeste,meta,0,0,11372.3,947691,0,0,,
2023-05-08,19,AM,Norte,meta,0,0,16246.15,1353845,0,0,,
2023-05-08,19,PA,Norte,meta,0,0,34116.91,2843075,0,0,,
2023-05-08,19,RO,Norte,meta,0,0,6498.46,541538,0,0,,
2023-05-08,19,AC,Norte,meta,0,0,3249.23,270769,0,0,,
2023-05-08,19,RR,Norte,meta,0,0,2436.92,203076,0,0,,
2023-05-08,19,AP,Norte,meta,0,0,3249.23,270769,1,0,3249.23,
2023-05-08,19,TO,Norte,meta,0,0,5686.15,473845,0,0,,
2023-05-08,19,SP,Sudeste,search,1,0,126487.85,15810981,0,0,,
2023-05-08,19,RJ,Sudeste,search,1,0,47578.0,5947249,1,0,47578.0,
2023-05-08,19,MG,Sudeste,search,0,0,59182.39,7397798,0,0,,
2023-05-08,19,ES,Sudeste,search,0,0,11024.17,1378021,0,0,,
2023-05-08,19,PR,Sul,search,1,0,32492.29,4061536,0,0,,
2023-05-08,19,SC,Sul,search,0,0,20887.9,2610987,0,0,,
2023-05-08,19,RS,Sul,search,1,0,32492.29,4061536,0,0,,
2023-05-08,19,BA,Nordeste,search,0,0,41775.8,5221975,0,0,,
2023-05-08,19,CE,Nordeste,search,1,0,26109.88,3263734,0,0,,
2023-05-08,19,PE,Nordeste,search,0,0,27850.54,3481316,0,0,,
2023-05-08,19,MA,Nordeste,search,0,0,19727.46,2465932,0,0,,
2023-05-08,19,PB,Nordeste,search,0,0,11604.39,1450548,0,0,,
2023-05-08,19,RN,Nordeste,search,0,0,10443.95,1305493,0,0,,
2023-05-08,19,AL,Nordeste,search,0,0,9283.51,1160438,0,0,,
2023-05-08,19,SE,Nordeste,search,0,0,6382.41,797801,0,0,,
2023-05-08,19,PI,Nordeste,search,0,0,9283.51,1160438,0,0,,
2023-05-08,19,GO,Centro-Oeste,search,0,0,19147.24,2393405,0,0,,
2023-05-08,19,MT,Centro-Oeste,search,0,0,9863.73,1232966,0,0,,
2023-05-08,19,MS,Centro-Oeste,search,0,0,7542.85,942856,0,0,,
2023-05-08,19,DF,Centro-Oeste,search,0,0,8123.07,1015384,0,0,,
2023-05-08,19,AM,Norte,search,0,0,11604.39,1450548,0,0,,
2023-05-08,19,PA,Norte,search,0,0,24369.22,3046152,0,0,,
2023-05-08,19,RO,Norte,search,0,0,4641.76,580219,0,0,,
2023-05-08,19,AC,Norte,search,0,0,2320.88,290109,0,0,,
2023-05-08,19,RR,Norte,search,0,0,1740.66,217582,0,0,,
2023-05-08,19,AP,Norte,search,0,0,2320.88,290109,0,0,,
2023-05-08,19,TO,Norte,search,0,0,4061.54,507692,0,0,,
2023-05-15,20,SP,Sudeste,youtube,1,0,224178.36,12454353,0,0,,
2023-05-15,20,RJ,Sudeste,youtube,1,0,84323.97,4684665,0,0,,
2023-05-15,20,MG,Sudeste,youtube,0,0,104890.79,5827266,0,0,,
2023-05-15,20,ES,Sudeste,youtube,0,0,19538.48,1085471,0,0,,
2023-05-15,20,PR,Sul,youtube,1,0,57587.1,3199283,1,0,57587.1,
2023-05-15,20,SC,Sul,youtube,0,0,37020.28,2056682,0,0,,
2023-05-15,20,RS,Sul,youtube,1,0,57587.1,3199283,0,0,,
2023-05-15,20,BA,Nordeste,youtube,0,0,74040.56,4113364,0,0,,
2023-05-15,20,CE,Nordeste,youtube,1,0,46275.35,2570852,0,0,,
2023-05-15,20,PE,Nordeste,youtube,0,0,49360.37,2742242,1,0,49360.37,
2023-05-15,20,MA,Nordeste,youtube,0,0,34963.6,1942422,1,0,34963.6,
2023-05-15,20,PB,Nordeste,youtube,0,0,20566.82,1142601,0,0,,
2023-05-15,20,RN,Nordeste,youtube,0,0,18510.14,1028341,1,0,18510.14,
2023-05-15,20,AL,Nordeste,youtube,0,0,16453.46,914080,0,0,,
2023-05-15,20,SE,Nordeste,youtube,0,0,11311.75,628430,0,0,,
2023-05-15,20,PI,Nordeste,youtube,0,0,16453.46,914080,0,0,,
2023-05-15,20,GO,Centro-Oeste,youtube,0,0,33935.26,1885292,0,0,,
2023-05-15,20,MT,Centro-Oeste,youtube,0,0,17481.8,971211,0,0,,
2023-05-15,20,MS,Centro-Oeste,youtube,0,0,13368.43,742690,0,0,,
2023-05-15,20,DF,Centro-Oeste,youtube,0,0,14396.78,799820,0,0,,
2023-05-15,20,AM,Norte,youtube,0,0,20566.82,1142601,0,0,,
2023-05-15,20,PA,Norte,youtube,0,0,43190.33,2399462,1,0,43190.33,
2023-05-15,20,RO,Norte,youtube,0,0,8226.73,457040,0,0,,
2023-05-15,20,AC,Norte,youtube,0,0,4113.36,228520,1,0,4113.36,
2023-05-15,20,RR,Norte,youtube,0,0,3085.02,171390,0,0,,
2023-05-15,20,AP,Norte,youtube,0,0,4113.36,228520,0,0,,
2023-05-15,20,TO,Norte,youtube,0,0,7198.39,399910,0,0,,
2023-05-15,20,SP,Sudeste,meta,1,0,196156.07,16346338,0,0,,
2023-05-15,20,RJ,Sudeste,meta,1,0,73783.47,6148622,0,0,,
2023-05-15,20,MG,Sudeste,meta,0,0,91779.44,7648286,0,0,,
2023-05-15,20,ES,Sudeste,meta,0,0,17096.17,1424680,0,0,,
2023-05-15,20,PR,Sul,meta,1,0,50388.71,4199059,0,0,,
2023-05-15,20,SC,Sul,meta,0,0,32392.74,2699395,0,0,,
2023-05-15,20,RS,Sul,meta,1,0,50388.71,4199059,0,0,,
2023-05-15,20,BA,Nordeste,meta,0,0,64785.49,5398790,0,0,,
2023-05-15,20,CE,Nordeste,meta,1,0,40490.93,3374244,1,0,40490.93,
2023-05-15,20,PE,Nordeste,meta,0,0,43190.33,3599193,0,0,,
2023-05-15,20,MA,Nordeste,meta,0,0,30593.15,2549428,0,0,,
2023-05-15,20,PB,Nordeste,meta,0,0,17995.97,1499664,0,0,,
2023-05-15,20,RN,Nordeste,meta,0,0,16196.37,1349697,0,0,,
2023-05-15,20,AL,Nordeste,meta,0,0,14396.78,1199731,0,0,,
2023-05-15,20,SE,Nordeste,meta,0,0,9897.78,824815,0,0,,
2023-05-15,20,PI,Nordeste,meta,0,0,14396.78,1199731,0,0,,
2023-05-15,20,GO,Centro-Oeste,meta,0,0,29693.35,2474445,0,0,,
2023-05-15,20,MT,Centro-Oeste,meta,0,0,15296.57,1274714,0,0,,
2023-05-15,20,MS,Centro-Oeste,meta,0,0,11697.38,974781,0,0,,
2023-05-15,20,DF,Centro-Oeste,meta,0,0,12597.18,1049764,0,0,,
2023-05-15,20,AM,Norte,meta,0,0,17995.97,1499664,0,0,,
2023-05-15,20,PA,Norte,meta,0,0,37791.54,3149294,0,0,,
2023-05-15,20,RO,Norte,meta,0,0,7198.39,599865,0,0,,
2023-05-15,20,AC,Norte,meta,0,0,3599.19,299932,0,0,,
2023-05-15,20,RR,Norte,meta,0,0,2699.4,224949,0,0,,
2023-05-15,20,AP,Norte,meta,0,0,3599.19,299932,1,0,3599.19,
2023-05-15,20,TO,Norte,meta,0,0,6298.59,524882,0,0,,
2023-05-15,20,SP,Sudeste,search,1,0,140111.48,17513934,0,0,,
2023-05-15,20,RJ,Sudeste,search,1,0,52702.48,6587810,0,0,,
2023-05-15,20,MG,Sudeste,search,0,0,65556.75,8194593,0,0,,
2023-05-15,20,ES,Sudeste,search,0,0,12211.55,1526443,0,0,,
2023-05-15,20,PR,Sul,search,1,0,35991.94,4498992,0,0,,
2023-05-15,20,SC,Sul,search,0,0,23137.67,2892209,0,0,,
2023-05-15,20,RS,Sul,search,1,0,35991.94,4498992,0,0,,
2023-05-15,20,BA,Nordeste,search,0,0,46275.35,5784418,0,0,,
2023-05-15,20,CE,Nordeste,search,1,0,28922.09,3615261,0,0,,
2023-05-15,20,PE,Nordeste,search,0,0,30850.23,3856279,0,0,,
2023-05-15,20,MA,Nordeste,search,0,0,21852.25,2731531,0,0,,
2023-05-15,20,PB,Nordeste,search,0,0,12854.26,1606782,0,0,,
2023-05-15,20,RN,Nordeste,search,0,0,11568.84,1446104,0,0,,
2023-05-15,20,AL,Nordeste,search,0,0,10283.41,1285426,0,0,,
2023-05-15,20,SE,Nordeste,search,0,0,7069.85,883730,0,0,,
2023-05-15,20,PI,Nordeste,search,0,0,10283.41,1285426,0,0,,
2023-05-15,20,GO,Centro-Oeste,search,0,0,21209.54,2651191,0,0,,
2023-05-15,20,MT,Centro-Oeste,search,0,0,10926.12,1365765,0,0,,
2023-05-15,20,MS,Centro-Oeste,search,0,0,8355.27,1044408,0,0,,
2023-05-15,20,DF,Centro-Oeste,search,0,0,8997.98,1124748,0,0,,
2023-05-15,20,AM,Norte,search,0,0,12854.26,1606782,1,0,12854.26,
2023-05-15,20,PA,Norte,search,0,0,26993.95,3374244,0,0,,
2023-05-15,20,RO,Norte,search,0,0,5141.71,642713,1,0,5141.71,
2023-05-15,20,AC,Norte,search,0,0,2570.85,321356,0,0,,
2023-05-15,20,RR,Norte,search,0,0,1928.14,241017,0,0,,
2023-05-15,20,AP,Norte,search,0,0,2570.85,321356,0,0,,
2023-05-15,20,TO,Norte,search,0,0,4498.99,562374,0,0,,
2023-05-22,21,SP,Sudeste,youtube,1,0,174961.66,9720092,1,0,174961.66,
2023-05-22,21,RJ,Sudeste,youtube,1,0,65811.27,3656181,0,0,,
2023-05-22,21,MG,Sudeste,youtube,0,0,81862.79,4547932,0,0,,
2023-05-22,21,ES,Sudeste,youtube,0,0,15248.95,847163,0,0,,
2023-05-22,21,PR,Sul,youtube,1,0,44944.28,2496904,0,0,,
2023-05-22,21,SC,Sul,youtube,0,0,28892.75,1605152,0,0,,
2023-05-22,21,RS,Sul,youtube,1,0,44944.28,2496904,1,0,44944.28,
2023-05-22,21,BA,Nordeste,youtube,0,0,57785.5,3210305,0,0,,
2023-05-22,21,CE,Nordeste,youtube,1,0,36115.94,2006441,0,0,,
2023-05-22,21,PE,Nordeste,youtube,0,0,38523.67,2140203,0,0,,
2023-05-22,21,MA,Nordeste,youtube,0,0,27287.6,1515977,0,0,,
2023-05-22,21,PB,Nordeste,youtube,0,0,16051.53,891751,0,0,,
2023-05-22,21,RN,Nordeste,youtube,0,0,14446.38,802576,0,0,,
2023-05-22,21,AL,Nordeste,youtube,0,0,12841.22,713401,0,0,,
2023-05-22,21,SE,Nordeste,youtube,0,0,8828.34,490463,1,0,8828.34,
2023-05-22,21,PI,Nordeste,youtube,0,0,12841.22,713401,0,0,,
2023-05-22,21,GO,Centro-Oeste,youtube,0,0,26485.02,1471390,0,0,,
2023-05-22,21,MT,Centro-Oeste,youtube,0,0,13643.8,757988,0,0,,
2023-05-22,21,MS,Centro-Oeste,youtube,0,0,10433.49,579638,0,0,,
2023-05-22,21,DF,Centro-Oeste,youtube,0,0,11236.07,624226,0,0,,
2023-05-22,21,AM,Norte,youtube,0,0,16051.53,891751,0,0,,
2023-05-22,21,PA,Norte,youtube,0,0,33708.21,1872678,0,0,,
2023-05-22,21,RO,Norte,youtube,0,0,6420.61,356700,1,0,6420.61,
2023-05-22,21,AC,Norte,youtube,0,0,3210.31,178350,0,0,,
2023-05-22,21,RR,Norte,youtube,0,0,2407.73,133762,0,0,,
2023-05-22,21,AP,Norte,youtube,0,0,3210.31,178350,0,0,,
2023-05-22,21,TO,Norte,youtube,0,0,5618.03,312113,0,0,,
2023-05-22,21,SP,Sudeste,meta,1,0,153091.45,12757620,0,0,,
2023-05-22,21,RJ,Sudeste,meta,1,0,57584.86,4798738,0,0,,
2023-05-22,21,MG,Sudeste,meta,0,0,71629.94,5969161,0,0,,
2023-05-22,21,ES,Sudeste,meta,0,0,13342.83,1111902,0,0,,
2023-05-22,21,PR,Sul,meta,1,0,39326.24,3277186,0,0,,
2023-05-22,21,SC,Sul,meta,0,0,25281.16,2106763,0,0,,
2023-05-22,21,RS,Sul,meta,1,0,39326.24,3277186,0,0,,
2023-05-22,21,BA,Nordeste,meta,0,0,50562.31,4213526,0,0,,
2023-05-22,21,CE,Nordeste,meta,1,0,31601.45,2633453,0,0,,
2023-05-22,21,PE,Nordeste,meta,0,0,33708.21,2809017,0,0,,
2023-05-22,21,MA,Nordeste,meta,0,0,23876.65,1989720,0,0,,
2023-05-22,21,PB,Nordeste,meta,0,0,14045.09,1170423,0,0,,
2023-05-22,21,RN,Nordeste,meta,0,0,12640.58,1053381,0,0,,
2023-05-22,21,AL,Nordeste,meta,0,0,11236.07,936339,0,0,,
2023-05-22,21,SE,Nordeste,meta,0,0,7724.8,643733,0,0,,
2023-05-22,21,PI,Nordeste,meta,0,0,11236.07,936339,0,0,,
2023-05-22,21,GO,Centro-Oeste,meta,0,0,23174.39,1931199,0,0,,
2023-05-22,21,MT,Centro-Oeste,meta,0,0,11938.32,994860,0,0,,
2023-05-22,21,MS,Centro-Oeste,meta,0,0,9129.31,760775,0,0,,
2023-05-22,21,DF,Centro-Oeste,meta,0,0,9831.56,819296,0,0,,
2023-05-22,21,AM,Norte,meta,0,0,14045.09,1170423,0,0,,
2023-05-22,21,PA,Norte,meta,0,0,29494.68,2457890,0,0,,
2023-05-22,21,RO,Norte,meta,0,0,5618.03,468169,0,0,,
2023-05-22,21,AC,Norte,meta,0,0,2809.02,234084,0,0,,
2023-05-22,21,RR,Norte,meta,0,0,2106.76,175563,0,0,,
2023-05-22,21,AP,Norte,meta,0,0,2809.02,234084,0,0,,
2023-05-22,21,TO,Norte,meta,0,0,4915.78,409648,0,0,,
2023-05-22,21,SP,Sudeste,search,1,0,109351.04,13668879,0,0,,
2023-05-22,21,RJ,Sudeste,search,1,0,41132.04,5141505,0,0,,
2023-05-22,21,MG,Sudeste,search,0,0,51164.25,6395530,0,0,,
2023-05-22,21,ES,Sudeste,search,0,0,9530.59,1191324,0,0,,
2023-05-22,21,PR,Sul,search,1,0,28090.17,3511271,0,0,,
2023-05-22,21,SC,Sul,search,0,0,18057.97,2257246,0,0,,
2023-05-22,21,RS,Sul,search,1,0,28090.17,3511271,0,0,,
2023-05-22,21,BA,Nordeste,search,0,0,36115.94,4514492,0,0,,
2023-05-22,21,CE,Nordeste,search,1,0,22572.46,2821557,0,0,,
2023-05-22,21,PE,Nordeste,search,0,0,24077.29,3009661,0,0,,
2023-05-22,21,MA,Nordeste,search,0,0,17054.75,2131843,0,0,,
2023-05-22,21,PB,Nordeste,search,0,0,10032.21,1254025,0,0,,
2023-05-22,21,RN,Nordeste,search,0,0,9028.98,1128623,0,0,,
2023-05-22,21,AL,Nordeste,search,0,0,8025.76,1003220,0,0,,
2023-05-22,21,SE,Nordeste,search,0,0,5517.71,689714,0,0,,
2023-05-22,21,PI,Nordeste,search,0,0,8025.76,1003220,0,0,,
2023-05-22,21,GO,Centro-Oeste,search,0,0,16553.14,2069142,0,0,,
2023-05-22,21,MT,Centro-Oeste,search,0,0,8527.37,1065921,0,0,,
2023-05-22,21,MS,Centro-Oeste,search,0,0,6520.93,815116,0,0,,
2023-05-22,21,DF,Centro-Oeste,search,0,0,7022.54,877817,0,0,,
2023-05-22,21,AM,Norte,search,0,0,10032.21,1254025,0,0,,
2023-05-22,21,PA,Norte,search,0,0,21067.63,2633453,0,0,,
2023-05-22,21,RO,Norte,search,0,0,4012.88,501610,0,0,,
2023-05-22,21,AC,Norte,search,0,0,2006.44,250805,1,0,2006.44,
2023-05-22,21,RR,Norte,search,0,0,1504.83,188103,0,0,,
2023-05-22,21,AP,Norte,search,0,0,2006.44,250805,0,0,,
2023-05-22,21,TO,Norte,search,0,0,3511.27,438908,0,0,,
2023-05-29,22,SP,Sudeste,youtube,1,0,232664.37,12925797,0,0,,
2023-05-29,22,RJ,Sudeste,youtube,1,0,87515.95,4861997,0,0,,
2023-05-29,22,MG,Sudeste,youtube,0,0,108861.31,6047850,0,0,,
2023-05-29,22,ES,Sudeste,youtube,0,0,20278.09,1126560,0,0,,
2023-05-29,22,PR,Sul,youtube,1,0,59766.99,3320388,0,0,,
2023-05-29,22,SC,Sul,youtube,0,0,38421.64,2134535,0,0,,
2023-05-29,22,RS,Sul,youtube,1,0,59766.99,3320388,0,0,,
2023-05-29,22,BA,Nordeste,youtube,0,0,76843.28,4269070,0,0,,
2023-05-29,22,CE,Nordeste,youtube,1,0,48027.05,2668169,0,0,,
2023-05-29,22,PE,Nordeste,youtube,0,0,51228.85,2846047,0,0,,
2023-05-29,22,MA,Nordeste,youtube,0,0,36287.1,2015950,0,0,,
2023-05-29,22,PB,Nordeste,youtube,0,0,21345.35,1185853,0,0,,
2023-05-29,22,RN,Nordeste,youtube,0,0,19210.82,1067267,0,0,,
2023-05-29,22,AL,Nordeste,youtube,0,0,17076.28,948682,0,0,,
2023-05-29,22,SE,Nordeste,youtube,0,0,11739.95,652219,0,0,,
2023-05-29,22,PI,Nordeste,youtube,0,0,17076.28,948682,0,0,,
2023-05-29,22,GO,Centro-Oeste,youtube,0,0,35219.84,1956657,0,0,,
2023-05-29,22,MT,Centro-Oeste,youtube,0,0,18143.55,1007975,1,0,18143.55,
2023-05-29,22,MS,Centro-Oeste,youtube,0,0,13874.48,770804,0,0,,
2023-05-29,22,DF,Centro-Oeste,youtube,0,0,14941.75,830097,0,0,,
2023-05-29,22,AM,Norte,youtube,0,0,21345.35,1185853,0,0,,
2023-05-29,22,PA,Norte,youtube,0,0,44825.24,2490291,0,0,,
2023-05-29,22,RO,Norte,youtube,0,0,8538.14,474341,0,0,,
2023-05-29,22,AC,Norte,youtube,0,0,4269.07,237170,0,0,,
2023-05-29,22,RR,Norte,youtube,0,0,3201.8,177877,0,0,,
2023-05-29,22,AP,Norte,youtube,0,0,4269.07,237170,1,0,4269.07,
2023-05-29,22,TO,Norte,youtube,0,0,7470.87,415048,0,0,,
2023-05-29,22,SP,Sudeste,meta,1,0,203581.32,16965109,0,0,,
2023-05-29,22,RJ,Sudeste,meta,1,0,76576.46,6381371,0,0,,
2023-05-29,22,MG,Sudeste,meta,0,0,95253.65,7937803,0,0,,
2023-05-29,22,ES,Sudeste,meta,0,0,17743.33,1478610,0,0,,
2023-05-29,22,PR,Sul,meta,1,0,52296.12,4358009,0,0,,
2023-05-29,22,SC,Sul,meta,0,0,33618.93,2801577,0,0,,
2023-05-29,22,RS,Sul,meta,1,0,52296.12,4358009,0,0,,
2023-05-29,22,BA,Nordeste,meta,0,0,67237.87,5603155,0,0,,
2023-05-29,22,CE,Nordeste,meta,1,0,42023.67,3501972,0,0,,
2023-05-29,22,PE,Nordeste,meta,0,0,44825.24,3735437,0,0,,
2023-05-29,22,MA,Nordeste,meta,0,0,31751.22,2645934,0,0,,
2023-05-29,22,PB,Nordeste,meta,0,0,18677.19,1556432,0,0,,
2023-05-29,22,RN,Nordeste,meta,0,0,16809.47,1400788,0,0,,
2023-05-29,22,AL,Nordeste,meta,0,0,14941.75,1245145,0,0,,
2023-05-29,22,SE,Nordeste,meta,0,0,10272.45,856037,0,0,,
2023-05-29,22,PI,Nordeste,meta,0,0,14941.75,1245145,0,0,,
2023-05-29,22,GO,Centro-Oeste,meta,0,0,30817.36,2568112,0,0,,
2023-05-29,22,MT,Centro-Oeste,meta,0,0,15875.61,1322967,0,0,,
2023-05-29,22,MS,Centro-Oeste,meta,0,0,12140.17,1011680,0,0,,
2023-05-29,22,DF,Centro-Oeste,meta,0,0,13074.03,1089502,0,0,,
2023-05-29,22,AM,Norte,meta,0,0,18677.19,1556432,0,0,,
2023-05-29,22,PA,Norte,meta,0,0,39222.09,3268507,0,0,,
2023-05-29,22,RO,Norte,meta,0,0,7470.87,622572,0,0,,
2023-05-29,22,AC,Norte,meta,0,0,3735.44,311286,0,0,,
2023-05-29,22,RR,Norte,meta,0,0,2801.58,233464,0,0,,
2023-05-29,22,AP,Norte,meta,0,0,3735.44,311286,1,0,3735.44,
2023-05-29,22,TO,Norte,meta,0,0,6537.01,544751,0,0,,
2023-05-29,22,SP,Sudeste,search,1,0,145415.23,18176903,0,0,,
2023-05-29,22,RJ,Sudeste,search,1,0,54697.47,6837183,0,0,,
2023-05-29,22,MG,Sudeste,search,0,0,68038.32,8504789,0,0,,
2023-05-29,22,ES,Sudeste,search,0,0,12673.8,1584225,0,0,,
2023-05-29,22,PR,Sul,search,1,0,37354.37,4669296,0,0,,
2023-05-29,22,SC,Sul,search,0,0,24013.52,3001690,0,0,,
2023-05-29,22,RS,Sul,search,1,0,37354.37,4669296,0,0,,
2023-05-29,22,BA,Nordeste,search,0,0,48027.05,6003380,0,0,,
2023-05-29,22,CE,Nordeste,search,1,0,30016.9,3752113,0,0,,
2023-05-29,22,PE,Nordeste,search,0,0,32018.03,4002253,0,0,,
2023-05-29,22,MA,Nordeste,search,0,0,22679.44,2834929,0,0,,
2023-05-29,22,PB,Nordeste,search,0,0,13340.85,1667605,0,0,,
2023-05-29,22,RN,Nordeste,search,0,0,12006.76,1500845,0,0,,
2023-05-29,22,AL,Nordeste,search,0,0,10672.68,1334084,0,0,,
2023-05-29,22,SE,Nordeste,search,0,0,7337.47,917183,0,0,,
2023-05-29,22,PI,Nordeste,search,0,0,10672.68,1334084,0,0,,
2023-05-29,22,GO,Centro-Oeste,search,0,0,22012.4,2751549,0,0,,
2023-05-29,22,MT,Centro-Oeste,search,0,0,11339.72,1417464,0,0,,
2023-05-29,22,MS,Centro-Oeste,search,0,0,8671.55,1083943,0,0,,
2023-05-29,22,DF,Centro-Oeste,search,0,0,9338.59,1167324,0,0,,
2023-05-29,22,AM,Norte,search,0,0,13340.85,1667605,0,0,,
2023-05-29,22,PA,Norte,search,0,0,28015.78,3501972,0,0,,
2023-05-29,22,RO,Norte,search,0,0,5336.34,667042,0,0,,
2023-05-29,22,AC,Norte,search,0,0,2668.17,333521,0,0,,
2023-05-29,22,RR,Norte,search,0,0,2001.13,250140,0,0,,
2023-05-29,22,AP,Norte,search,0,0,2668.17,333521,0,0,,
2023-05-29,22,TO,Norte,search,0,0,4669.3,583662,0,0,,
2023-06-05,23,SP,Sudeste,youtube,1,0,165025.93,9168107,0,0,,
2023-06-05,23,RJ,Sudeste,youtube,1,0,62073.97,3448554,1,0,62073.97,
2023-06-05,23,MG,Sudeste,youtube,0,0,77213.97,4289664,0,0,,
2023-06-05,23,ES,Sudeste,youtube,0,0,14382.99,799055,0,0,,
2023-06-05,23,PR,Sul,youtube,1,0,42391.98,2355110,0,0,,
2023-06-05,23,SC,Sul,youtube,0,0,27251.99,1513999,0,0,,
2023-06-05,23,RS,Sul,youtube,1,0,42391.98,2355110,0,0,,
2023-06-05,23,BA,Nordeste,youtube,0,0,54503.98,3027998,0,0,,
2023-06-05,23,CE,Nordeste,youtube,1,0,34064.99,1892499,0,0,,
2023-06-05,23,PE,Nordeste,youtube,0,0,36335.98,2018665,0,0,,
2023-06-05,23,MA,Nordeste,youtube,0,0,25737.99,1429888,0,0,,
2023-06-05,23,PB,Nordeste,youtube,0,0,15139.99,841110,0,0,,
2023-06-05,23,RN,Nordeste,youtube,0,0,13625.99,756999,0,0,,
2023-06-05,23,AL,Nordeste,youtube,0,0,12111.99,672888,0,0,,
2023-06-05,23,SE,Nordeste,youtube,0,0,8327.0,462610,0,0,,
2023-06-05,23,PI,Nordeste,youtube,0,0,12111.99,672888,0,0,,
2023-06-05,23,GO,Centro-Oeste,youtube,0,0,24980.99,1387832,1,0,24980.99,
2023-06-05,23,MT,Centro-Oeste,youtube,0,0,12868.99,714944,0,0,,
2023-06-05,23,MS,Centro-Oeste,youtube,0,0,9841.0,546721,0,0,,
2023-06-05,23,DF,Centro-Oeste,youtube,0,0,10598.0,588777,0,0,,
2023-06-05,23,AM,Norte,youtube,0,0,15139.99,841110,0,0,,
2023-06-05,23,PA,Norte,youtube,0,0,31793.99,1766332,0,0,,
2023-06-05,23,RO,Norte,youtube,0,0,6056.0,336444,0,0,,
2023-06-05,23,AC,Norte,youtube,0,0,3028.0,168222,0,0,,
2023-06-05,23,RR,Norte,youtube,0,0,2271.0,126166,0,0,,
2023-06-05,23,AP,Norte,youtube,0,0,3028.0,168222,0,0,,
2023-06-05,23,TO,Norte,youtube,0,0,5299.0,294388,0,0,,
2023-06-05,23,SP,Sudeste,meta,1,0,144397.69,12033140,0,0,,
2023-06-05,23,RJ,Sudeste,meta,1,0,54314.73,4526227,0,0,,
2023-06-05,23,MG,Sudeste,meta,0,0,67562.22,5630184,0,0,,
2023-06-05,23,ES,Sudeste,meta,0,0,12585.12,1048759,0,0,,
2023-06-05,23,PR,Sul,meta,1,0,37092.98,3091081,0,0,,
2023-06-05,23,SC,Sul,meta,0,0,23845.49,1987124,0,0,,
2023-06-05,23,RS,Sul,meta,1,0,37092.98,3091081,0,0,,
2023-06-05,23,BA,Nordeste,meta,0,0,47690.98,3974248,0,0,,
2023-06-05,23,CE,Nordeste,meta,1,0,29806.86,2483905,0,0,,
2023-06-05,23,PE,Nordeste,meta,0,0,31793.99,2649498,0,0,,
2023-06-05,23,MA,Nordeste,meta,0,0,22520.74,1876728,0,0,,
2023-06-05,23,PB,Nordeste,meta,0,0,13247.49,1103957,0,0,,
2023-06-05,23,RN,Nordeste,meta,0,0,11922.74,993562,0,0,,
2023-06-05,23,AL,Nordeste,meta,0,0,10598.0,883166,0,0,,
2023-06-05,23,SE,Nordeste,meta,0,0,7286.12,607176,0,0,,
2023-06-05,23,PI,Nordeste,meta,0,0,10598.0,883166,0,0,,
2023-06-05,23,GO,Centro-Oeste,meta,0,0,21858.37,1821530,0,0,,
2023-06-05,23,MT,Centro-Oeste,meta,0,0,11260.37,938364,0,0,,
2023-06-05,23,MS,Centro-Oeste,meta,0,0,8610.87,717572,0,0,,
2023-06-05,23,DF,Centro-Oeste,meta,0,0,9273.25,772770,0,0,,
2023-06-05,23,AM,Norte,meta,0,0,13247.49,1103957,0,0,,
2023-06-05,23,PA,Norte,meta,0,0,27819.74,2318311,0,0,,
2023-06-05,23,RO,Norte,meta,0,0,5299.0,441583,0,0,,
2023-06-05,23,AC,Norte,meta,0,0,2649.5,220791,0,0,,
2023-06-05,23,RR,Norte,meta,0,0,1987.12,165593,0,0,,
2023-06-05,23,AP,Norte,meta,0,0,2649.5,220791,0,0,,
2023-06-05,23,TO,Norte,meta,0,0,4636.62,386385,1,0,4636.62,
2023-06-05,23,SP,Sudeste,search,1,0,103141.21,12892650,0,0,,
2023-06-05,23,RJ,Sudeste,search,1,0,38796.23,4849529,0,0,,
2023-06-05,23,MG,Sudeste,search,0,0,48258.73,6032341,0,0,,
2023-06-05,23,ES,Sudeste,search,0,0,8989.37,1123671,0,0,,
2023-06-05,23,PR,Sul,search,1,0,26494.99,3311873,0,0,,
2023-06-05,23,SC,Sul,search,0,0,17032.49,2129061,0,0,,
2023-06-05,23,RS,Sul,search,1,0,26494.99,3311873,0,0,,
2023-06-05,23,BA,Nordeste,search,0,0,34064.99,4258123,0,0,,
2023-06-05,23,CE,Nordeste,search,1,0,21290.62,2661326,0,0,,
2023-06-05,23,PE,Nordeste,search,0,0,22709.99,2838748,0,0,,
2023-06-05,23,MA,Nordeste,search,0,0,16086.24,2010780,0,0,,
2023-06-05,23,PB,Nordeste,search,0,0,9462.5,1182811,0,0,,
2023-06-05,23,RN,Nordeste,search,0,0,8516.25,1064530,0,0,,
2023-06-05,23,AL,Nordeste,search,0,0,7570.0,946249,0,0,,
2023-06-05,23,SE,Nordeste,search,0,0,5204.37,650546,0,0,,
2023-06-05,23,PI,Nordeste,search,0,0,7570.0,946249,0,0,,
2023-06-05,23,GO,Centro-Oeste,search,0,0,15613.12,1951639,0,0,,
2023-06-05,23,MT,Centro-Oeste,search,0,0,8043.12,1005390,0,0,,
2023-06-05,23,MS,Centro-Oeste,search,0,0,6150.62,768827,0,0,,
2023-06-05,23,DF,Centro-Oeste,search,0,0,6623.75,827968,0,0,,
2023-06-05,23,AM,Norte,search,0,0,9462.5,1182811,0,0,,
2023-06-05,23,PA,Norte,search,0,0,19871.24,2483905,0,0,,
2023-06-05,23,RO,Norte,search,0,0,3785.0,473124,0,0,,
2023-06-05,23,AC,Norte,search,0,0,1892.5,236562,0,0,,
2023-06-05,23,RR,Norte,search,0,0,1419.37,177421,0,0,,
2023-06-05,23,AP,Norte,search,0,0,1892.5,236562,0,0,,
2023-06-05,23,TO,Norte,search,0,0,3311.87,413984,0,0,,
2023-06-12,24,SP,Sudeste,youtube,1,0,203538.81,11307711,0,0,,
2023-06-12,24,RJ,Sudeste,youtube,1,0,76560.47,4253359,0,0,,
2023-06-12,24,MG,Sudeste,youtube,0,0,95233.76,5290764,0,0,,
2023-06-12,24,ES,Sudeste,youtube,0,0,17739.62,985534,0,0,,
2023-06-12,24,PR,Sul,youtube,1,0,52285.2,2904733,0,0,,
2023-06-12,24,SC,Sul,youtube,0,0,33611.91,1867328,0,0,,
2023-06-12,24,RS,Sul,youtube,1,0,52285.2,2904733,0,0,,
2023-06-12,24,BA,Nordeste,youtube,0,0,67223.83,3734657,0,0,,
2023-06-12,24,CE,Nordeste,youtube,1,0,42014.89,2334160,0,0,,
2023-06-12,24,PE,Nordeste,youtube,0,0,44815.89,2489771,1,0,44815.89,
2023-06-12,24,MA,Nordeste,youtube,0,0,31744.59,1763588,0,0,,
2023-06-12,24,PB,Nordeste,youtube,0,0,18673.29,1037404,0,0,,
2023-06-12,24,RN,Nordeste,youtube,0,0,16805.96,933664,0,0,,
2023-06-12,24,AL,Nordeste,youtube,0,0,14938.63,829923,0,0,,
2023-06-12,24,SE,Nordeste,youtube,0,0,10270.31,570572,0,0,,
2023-06-12,24,PI,Nordeste,youtube,0,0,14938.63,829923,0,0,,
2023-06-12,24,GO,Centro-Oeste,youtube,0,0,30810.92,1711717,0,0,,
2023-06-12,24,MT,Centro-Oeste,youtube,0,0,15872.29,881794,1,0,15872.29,
2023-06-12,24,MS,Centro-Oeste,youtube,0,0,12137.64,674313,0,0,,
2023-06-12,24,DF,Centro-Oeste,youtube,0,0,13071.3,726183,0,0,,
2023-06-12,24,AM,Norte,youtube,0,0,18673.29,1037404,0,0,,
2023-06-12,24,PA,Norte,youtube,0,0,39213.9,2178549,0,0,,
2023-06-12,24,RO,Norte,youtube,0,0,7469.31,414961,1,0,7469.31,
2023-06-12,24,AC,Norte,youtube,0,0,3734.66,207480,0,0,,
2023-06-12,24,RR,Norte,youtube,0,0,2800.99,155610,0,0,,
2023-06-12,24,AP,Norte,youtube,0,0,3734.66,207480,1,0,3734.66,
2023-06-12,24,TO,Norte,youtube,0,0,6535.65,363091,0,0,,
2023-06-12,24,SP,Sudeste,meta,1,0,178096.46,14841371,0,0,,
2023-06-12,24,RJ,Sudeste,meta,1,0,66990.41,5582534,0,0,,
2023-06-12,24,MG,Sudeste,meta,0,0,83329.54,6944127,0,0,,
2023-06-12,24,ES,Sudeste,meta,0,0,15522.17,1293514,0,0,,
2023-06-12,24,PR,Sul,meta,1,0,45749.55,3812462,0,0,,
2023-06-12,24,SC,Sul,meta,0,0,29410.42,2450868,0,0,,
2023-06-12,24,RS,Sul,meta,1,0,45749.55,3812462,0,0,,
2023-06-12,24,BA,Nordeste,meta,0,0,58820.85,4901737,0,0,,
2023-06-12,24,CE,Nordeste,meta,1,0,36763.03,3063585,0,0,,
2023-06-12,24,PE,Nordeste,meta,0,0,39213.9,3267824,0,0,,
2023-06-12,24,MA,Nordeste,meta,0,0,27776.51,2314709,0,0,,
2023-06-12,24,PB,Nordeste,meta,0,0,16339.12,1361593,0,0,,
2023-06-12,24,RN,Nordeste,meta,0,0,14705.21,1225434,0,0,,
2023-06-12,24,AL,Nordeste,meta,0,0,13071.3,1089274,0,0,,
2023-06-12,24,SE,Nordeste,meta,0,0,8986.52,748876,0,0,,
2023-06-12,24,PI,Nordeste,meta,0,0,13071.3,1089274,0,0,,
2023-06-12,24,GO,Centro-Oeste,meta,0,0,26959.56,2246629,0,0,,
2023-06-12,24,MT,Centro-Oeste,meta,0,0,13888.26,1157354,0,0,,
2023-06-12,24,MS,Centro-Oeste,meta,0,0,10620.43,885035,0,0,,
2023-06-12,24,DF,Centro-Oeste,meta,0,0,11437.39,953115,0,0,,
2023-06-12,24,AM,Norte,meta,0,0,16339.12,1361593,0,0,,
2023-06-12,24,PA,Norte,meta,0,0,34312.16,2859346,0,0,,
2023-06-12,24,RO,Norte,meta,0,0,6535.65,544637,0,0,,
2023-06-12,24,AC,Norte,meta,0,0,3267.82,272318,0,0,,
2023-06-12,24,RR,Norte,meta,0,0,2450.87,204239,0,0,,
2023-06-12,24,AP,Norte,meta,0,0,3267.82,272318,0,0,,
2023-06-12,24,TO,Norte,meta,0,0,5718.69,476557,0,0,,
2023-06-12,24,SP,Sudeste,search,1,0,127211.76,15901469,0,0,,
2023-06-12,24,RJ,Sudeste,search,1,0,47850.29,5981286,0,0,,
2023-06-12,24,MG,Sudeste,search,0,0,59521.1,7440137,0,0,,
2023-06-12,24,ES,Sudeste,search,0,0,11087.26,1385907,0,0,,
2023-06-12,24,PR,Sul,search,1,0,32678.25,4084781,0,0,,
2023-06-12,24,SC,Sul,search,0,0,21007.45,2625930,0,0,,
2023-06-12,24,RS,Sul,search,1,0,32678.25,4084781,0,0,,
2023-06-12,24,BA,Nordeste,search,0,0,42014.89,5251861,0,0,,
2023-06-12,24,CE,Nordeste,search,1,0,26259.31,3282413,0,0,,
2023-06-12,24,PE,Nordeste,search,0,0,28009.93,3501241,0,0,,
2023-06-12,24,MA,Nordeste,search,0,0,19840.37,2480045,0,0,,
2023-06-12,24,PB,Nordeste,search,0,0,11670.8,1458850,0,0,,
2023-06-12,24,RN,Nordeste,search,0,0,10503.72,1312965,0,0,,
2023-06-12,24,AL,Nordeste,search,0,0,9336.64,1167080,0,0,,
2023-06-12,24,SE,Nordeste,search,0,0,6418.94,802367,0,0,,
2023-06-12,24,PI,Nordeste,search,0,0,9336.64,1167080,0,0,,
2023-06-12,24,GO,Centro-Oeste,search,0,0,19256.83,2407103,0,0,,
2023-06-12,24,MT,Centro-Oeste,search,0,0,9920.18,1240022,0,0,,
2023-06-12,24,MS,Centro-Oeste,search,0,0,7586.02,948252,0,0,,
2023-06-12,24,DF,Centro-Oeste,search,0,0,8169.56,1021195,0,0,,
2023-06-12,24,AM,Norte,search,0,0,11670.8,1458850,0,0,,
2023-06-12,24,PA,Norte,search,0,0,24508.69,3063585,0,0,,
2023-06-12,24,RO,Norte,search,0,0,4668.32,583540,0,0,,
2023-06-12,24,AC,Norte,search,0,0,2334.16,291770,0,0,,
2023-06-12,24,RR,Norte,search,0,0,1750.62,218827,0,0,,
2023-06-12,24,AP,Norte,search,0,0,2334.16,291770,1,0,2334.16,
2023-06-12,24,TO,Norte,search,0,0,4084.78,510597,0,0,,
2023-06-19,25,SP,Sudeste,youtube,1,0,229140.47,12730025,0,0,,
2023-06-19,25,RJ,Sudeste,youtube,1,0,86190.45,4788358,0,0,,
2023-06-19,25,MG,Sudeste,youtube,0,0,107212.51,5956250,0,0,,
2023-06-19,25,ES,Sudeste,youtube,0,0,19970.96,1109497,0,0,,
2023-06-19,25,PR,Sul,youtube,1,0,58861.77,3270098,0,0,,
2023-06-19,25,SC,Sul,youtube,0,0,37839.71,2102206,0,0,,
2023-06-19,25,RS,Sul,youtube,1,0,58861.77,3270098,0,0,,
2023-06-19,25,BA,Nordeste,youtube,0,0,75679.42,4204412,0,0,,
2023-06-19,25,CE,Nordeste,youtube,1,0,47299.64,2627757,0,0,,
2023-06-19,25,PE,Nordeste,youtube,0,0,50452.95,2802941,0,0,,
2023-06-19,25,MA,Nordeste,youtube,0,0,35737.5,1985416,0,0,,
2023-06-19,25,PB,Nordeste,youtube,0,0,21022.06,1167892,0,0,,
2023-06-19,25,RN,Nordeste,youtube,0,0,18919.86,1051103,0,0,,
2023-06-19,25,AL,Nordeste,youtube,0,0,16817.65,934313,0,0,,
2023-06-19,25,SE,Nordeste,youtube,0,0,11562.13,642340,0,0,,
2023-06-19,25,PI,Nordeste,youtube,0,0,16817.65,934313,0,0,,
2023-06-19,25,GO,Centro-Oeste,youtube,0,0,34686.4,1927022,0,0,,
2023-06-19,25,MT,Centro-Oeste,youtube,0,0,17868.75,992708,0,0,,
2023-06-19,25,MS,Centro-Oeste,youtube,0,0,13664.34,759129,0,0,,
2023-06-19,25,DF,Centro-Oeste,youtube,0,0,14715.44,817524,0,0,,
2023-06-19,25,AM,Norte,youtube,0,0,21022.06,1167892,0,0,,
2023-06-19,25,PA,Norte,youtube,0,0,44146.33,2452573,0,0,,
2023-06-19,25,RO,Norte,youtube,0,0,8408.82,467156,0,0,,
2023-06-19,25,AC,Norte,youtube,0,0,4204.41,233578,0,0,,
2023-06-19,25,RR,Norte,youtube,0,0,3153.31,175183,1,0,3153.31,
2023-06-19,25,AP,Norte,youtube,0,0,4204.41,233578,0,0,,
2023-06-19,25,TO,Norte,youtube,0,0,7357.72,408762,0,0,,
2023-06-19,25,SP,Sudeste,meta,1,0,200497.91,16708159,0,0,,
2023-06-19,25,RJ,Sudeste,meta,1,0,75416.65,6284720,1,0,75416.65,
2023-06-19,25,MG,Sudeste,meta,0,0,93810.95,7817579,0,0,,
2023-06-19,25,ES,Sudeste,meta,0,0,17474.59,1456215,0,0,,
2023-06-19,25,PR,Sul,meta,1,0,51504.05,4292004,0,0,,
2023-06-19,25,SC,Sul,meta,0,0,33109.75,2759145,0,0,,
2023-06-19,25,RS,Sul,meta,1,0,51504.05,4292004,0,0,,
2023-06-19,25,BA,Nordeste,meta,0,0,66219.49,5518291,0,0,,
2023-06-19,25,CE,Nordeste,meta,1,0,41387.18,3448931,0,0,,
2023-06-19,25,PE,Nordeste,meta,0,0,44146.33,3678860,0,0,,
2023-06-19,25,MA,Nordeste,meta,0,0,31270.32,2605859,0,0,,
2023-06-19,25,PB,Nordeste,meta,0,0,18394.3,1532858,0,0,,
2023-06-19,25,RN,Nordeste,meta,0,0,16554.87,1379572,0,0,,
2023-06-19,25,AL,Nordeste,meta,0,0,14715.44,1226286,0,0,,
2023-06-19,25,SE,Nordeste,meta,0,0,10116.87,843072,0,0,,
2023-06-19,25,PI,Nordeste,meta,0,0,14715.44,1226286,0,0,,
2023-06-19,25,GO,Centro-Oeste,meta,0,0,30350.6,2529216,0,0,,
2023-06-19,25,MT,Centro-Oeste,meta,0,0,15635.16,1302929,1,0,15635.16,
2023-06-19,25,MS,Centro-Oeste,meta,0,0,11956.3,996358,0,0,,
2023-06-19,25,DF,Centro-Oeste,meta,0,0,12876.01,1073001,0,0,,
2023-06-19,25,AM,Norte,meta,0,0,18394.3,1532858,0,0,,
2023-06-19,25,PA,Norte,meta,0,0,38628.04,3219003,0,0,,
2023-06-19,25,RO,Norte,meta,0,0,7357.72,613143,0,0,,
2023-06-19,25,AC,Norte,meta,0,0,3678.86,306571,0,0,,
2023-06-19,25,RR,Norte,meta,0,0,2759.15,229928,0,0,,
2023-06-19,25,AP,Norte,meta,0,0,3678.86,306571,0,0,,
2023-06-19,25,TO,Norte,meta,0,0,6438.01,536500,0,0,,
2023-06-19,25,SP,Sudeste,search,1,0,143212.79,17901599,0,0,,
2023-06-19,25,RJ,Sudeste,search,1,0,53869.03,6733629,0,0,,
2023-06-19,25,MG,Sudeste,search,0,0,67007.82,8375977,0,0,,
2023-06-19,25,ES,Sudeste,search,0,0,12481.85,1560231,0,0,,
2023-06-19,25,PR,Sul,search,1,0,36788.61,4598575,0,0,,
2023-06-19,25,SC,Sul,search,0,0,23649.82,2956227,0,0,,
2023-06-19,25,RS,Sul,search,1,0,36788.61,4598575,0,0,,
2023-06-19,25,BA,Nordeste,search,0,0,47299.64,5912454,0,0,,
2023-06-19,25,CE,Nordeste,search,1,0,29562.27,3695284,0,0,,
2023-06-19,25,PE,Nordeste,search,0,0,31533.09,3941636,0,0,,
2023-06-19,25,MA,Nordeste,search,0,0,22335.94,2791992,0,0,,
2023-06-19,25,PB,Nordeste,search,0,0,13138.79,1642348,1,0,13138.79,
2023-06-19,25,RN,Nordeste,search,0,0,11824.91,1478113,0,0,,
2023-06-19,25,AL,Nordeste,search,0,0,10511.03,1313878,0,0,,
2023-06-19,25,SE,Nordeste,search,0,0,7226.33,903291,0,0,,
2023-06-19,25,PI,Nordeste,search,0,0,10511.03,1313878,0,0,,
2023-06-19,25,GO,Centro-Oeste,search,0,0,21679.0,2709875,0,0,,
2023-06-19,25,MT,Centro-Oeste,search,0,0,11167.97,1395996,0,0,,
2023-06-19,25,MS,Centro-Oeste,search,0,0,8540.21,1067526,0,0,,
2023-06-19,25,DF,Centro-Oeste,search,0,0,9197.15,1149643,0,0,,
2023-06-19,25,AM,Norte,search,0,0,13138.79,1642348,0,0,,
2023-06-19,25,PA,Norte,search,0,0,27591.46,3448931,0,0,,
2023-06-19,25,RO,Norte,search,0,0,5255.52,656939,0,0,,
2023-06-19,25,AC,Norte,search,0,0,2627.76,328469,0,0,,
2023-06-19,25,RR,Norte,search,0,0,1970.82,246352,0,0,,
2023-06-19,25,AP,Norte,search,0,0,2627.76,328469,0,0,,
2023-06-19,25,TO,Norte,search,0,0,4598.58,574821,0,0,,
2023-06-26,26,SP,Sudeste,youtube,1,0,162910.03,9050557,0,0,,
2023-06-26,26,RJ,Sudeste,youtube,1,0,61278.09,3404338,0,0,,
2023-06-26,26,MG,Sudeste,youtube,0,0,76223.96,4234664,0,0,,
2023-06-26,26,ES,Sudeste,youtube,0,0,14198.58,788810,0,0,,
2023-06-26,26,PR,Sul,youtube,1,0,41848.45,2324913,0,0,,
2023-06-26,26,SC,Sul,youtube,0,0,26902.57,1494587,0,0,,
2023-06-26,26,RS,Sul,youtube,1,0,41848.45,2324913,0,0,,
2023-06-26,26,BA,Nordeste,youtube,0,0,53805.15,2989174,0,0,,
2023-06-26,26,CE,Nordeste,youtube,1,0,33628.22,1868234,0,0,,
2023-06-26,26,PE,Nordeste,youtube,0,0,35870.1,1992783,0,0,,
2023-06-26,26,MA,Nordeste,youtube,0,0,25407.99,1411554,0,0,,
2023-06-26,26,PB,Nordeste,youtube,0,0,14945.87,830326,1,0,14945.87,
2023-06-26,26,RN,Nordeste,youtube,0,0,13451.29,747293,0,0,,
2023-06-26,26,AL,Nordeste,youtube,0,0,11956.7,664261,0,0,,
2023-06-26,26,SE,Nordeste,youtube,0,0,8220.23,456679,0,0,,
2023-06-26,26,PI,Nordeste,youtube,0,0,11956.7,664261,0,0,,
2023-06-26,26,GO,Centro-Oeste,youtube,0,0,24660.69,1370038,0,0,,
2023-06-26,26,MT,Centro-Oeste,youtube,0,0,12703.99,705777,0,0,,
2023-06-26,26,MS,Centro-Oeste,youtube,0,0,9714.82,539712,0,0,,
2023-06-26,26,DF,Centro-Oeste,youtube,0,0,10462.11,581228,1,0,10462.11,
2023-06-26,26,AM,Norte,youtube,0,0,14945.87,830326,0,0,,
2023-06-26,26,PA,Norte,youtube,0,0,31386.34,1743685,1,0,31386.34,
2023-06-26,26,RO,Norte,youtube,0,0,5978.35,332130,0,0,,
2023-06-26,26,AC,Norte,youtube,0,0,2989.17,166065,0,0,,
2023-06-26,26,RR,Norte,youtube,0,0,2241.88,124548,0,0,,
2023-06-26,26,AP,Norte,youtube,0,0,2989.17,166065,0,0,,
2023-06-26,26,TO,Norte,youtube,0,0,5231.06,290614,0,0,,
2023-06-26,26,SP,Sudeste,meta,1,0,142546.28,11878856,0,0,,
2023-06-26,26,RJ,Sudeste,meta,1,0,53618.33,4468193,0,0,,
2023-06-26,26,MG,Sudeste,meta,0,0,66695.97,5557997,0,0,,
2023-06-26,26,ES,Sudeste,meta,0,0,12423.76,1035313,0,0,,
2023-06-26,26,PR,Sul,meta,1,0,36617.39,3051449,0,0,,
2023-06-26,26,SC,Sul,meta,0,0,23539.75,1961646,0,0,,
2023-06-26,26,RS,Sul,meta,1,0,36617.39,3051449,0,0,,
2023-06-26,26,BA,Nordeste,meta,0,0,47079.51,3923292,0,0,,
2023-06-26,26,CE,Nordeste,meta,1,0,29424.69,2452057,0,0,,
2023-06-26,26,PE,Nordeste,meta,0,0,31386.34,2615528,0,0,,
2023-06-26,26,MA,Nordeste,meta,0,0,22231.99,1852665,0,0,,
2023-06-26,26,PB,Nordeste,meta,0,0,13077.64,1089803,0,0,,
2023-06-26,26,RN,Nordeste,meta,0,0,11769.88,980823,1,0,11769.88,
2023-06-26,26,AL,Nordeste,meta,0,0,10462.11,871842,0,0,,
2023-06-26,26,SE,Nordeste,meta,0,0,7192.7,599391,0,0,,
2023-06-26,26,PI,Nordeste,meta,0,0,10462.11,871842,0,0,,
2023-06-26,26,GO,Centro-Oeste,meta,0,0,21578.11,1798175,0,0,,
2023-06-26,26,MT,Centro-Oeste,meta,0,0,11115.99,926332,0,0,,
2023-06-26,26,MS,Centro-Oeste,meta,0,0,8500.47,708372,0,0,,
2023-06-26,26,DF,Centro-Oeste,meta,0,0,9154.35,762862,0,0,,
2023-06-26,26,AM,Norte,meta,0,0,13077.64,1089803,0,0,,
2023-06-26,26,PA,Norte,meta,0,0,27463.04,2288587,0,0,,
2023-06-26,26,RO,Norte,meta,0,0,5231.06,435921,0,0,,
2023-06-26,26,AC,Norte,meta,0,0,2615.53,217960,0,0,,
2023-06-26,26,RR,Norte,meta,0,0,1961.65,163470,0,0,,
2023-06-26,26,AP,Norte,meta,0,0,2615.53,217960,0,0,,
2023-06-26,26,TO,Norte,meta,0,0,4577.17,381431,0,0,,
2023-06-26,26,SP,Sudeste,search,1,0,101818.77,12727346,0,0,,
2023-06-26,26,RJ,Sudeste,search,1,0,38298.8,4787350,0,0,,
2023-06-26,26,MG,Sudeste,search,0,0,47639.98,5954996,0,0,,
2023-06-26,26,ES,Sudeste,search,0,0,8874.11,1109264,0,0,,
2023-06-26,26,PR,Sul,search,1,0,26155.28,3269410,0,0,,
2023-06-26,26,SC,Sul,search,0,0,16814.11,2101763,0,0,,
2023-06-26,26,RS,Sul,search,1,0,26155.28,3269410,1,0,26155.28,
2023-06-26,26,BA,Nordeste,search,0,0,33628.22,4203527,0,0,,
2023-06-26,26,CE,Nordeste,search,1,0,21017.64,2627204,0,0,,
2023-06-26,26,PE,Nordeste,search,0,0,22418.81,2802351,0,0,,
2023-06-26,26,MA,Nordeste,search,0,0,15879.99,1984998,0,0,,
2023-06-26,26,PB,Nordeste,search,0,0,9341.17,1167646,0,0,,
2023-06-26,26,RN,Nordeste,search,0,0,8407.05,1050881,1,0,8407.05,
2023-06-26,26,AL,Nordeste,search,0,0,7472.94,934117,0,0,,
2023-06-26,26,SE,Nordeste,search,0,0,5137.64,642205,0,0,,
2023-06-26,26,PI,Nordeste,search,0,0,7472.94,934117,0,0,,
2023-06-26,26,GO,Centro-Oeste,search,0,0,15412.93,1926616,0,0,,
2023-06-26,26,MT,Centro-Oeste,search,0,0,7940.0,992499,0,0,,
2023-06-26,26,MS,Centro-Oeste,search,0,0,6071.76,758970,0,0,,
2023-06-26,26,DF,Centro-Oeste,search,0,0,6538.82,817352,0,0,,
2023-06-26,26,AM,Norte,search,0,0,9341.17,1167646,0,0,,
2023-06-26,26,PA,Norte,search,0,0,19616.46,2452057,0,0,,
2023-06-26,26,RO,Norte,search,0,0,3736.47,467058,0,0,,
2023-06-26,26,AC,Norte,search,0,0,1868.23,233529,0,0,,
2023-06-26,26,RR,Norte,search,0,0,1401.18,175146,0,0,,
2023-06-26,26,AP,Norte,search,0,0,1868.23,233529,0,0,,
2023-06-26,26,TO,Norte,search,0,0,3269.41,408676,0,0,,
2023-07-03,27,SP,Sudeste,youtube,1,0,202685.46,11260303,0,0,,
2023-07-03,27,RJ,Sudeste,youtube,1,0,76239.48,4235526,0,0,,
2023-07-03,27,MG,Sudeste,youtube,0,0,94834.48,5268582,0,0,,
2023-07-03,27,ES,Sudeste,youtube,0,0,17665.25,981402,0,0,,
2023-07-03,27,PR,Sul,youtube,1,0,52065.99,2892554,0,0,,
2023-07-03,27,SC,Sul,youtube,0,0,33470.99,1859499,0,0,,
2023-07-03,27,RS,Sul,youtube,1,0,52065.99,2892554,0,0,,
2023-07-03,27,BA,Nordeste,youtube,0,0,66941.99,3718999,0,0,,
2023-07-03,27,CE,Nordeste,youtube,1,0,41838.74,2324374,0,0,,
2023-07-03,27,PE,Nordeste,youtube,0,0,44627.99,2479332,0,0,,
2023-07-03,27,MA,Nordeste,youtube,0,0,31611.49,1756194,0,0,,
2023-07-03,27,PB,Nordeste,youtube,0,0,18595.0,1033055,0,0,,
2023-07-03,27,RN,Nordeste,youtube,0,0,16735.5,929749,0,0,,
2023-07-03,27,AL,Nordeste,youtube,0,0,14876.0,826444,0,0,,
2023-07-03,27,SE,Nordeste,youtube,0,0,10227.25,568180,0,0,,
2023-07-03,27,PI,Nordeste,youtube,0,0,14876.0,826444,0,0,,
2023-07-03,27,GO,Centro-Oeste,youtube,0,0,30681.74,1704541,0,0,,
2023-07-03,27,MT,Centro-Oeste,youtube,0,0,15805.75,878097,0,0,,
2023-07-03,27,MS,Centro-Oeste,youtube,0,0,12086.75,671485,0,0,,
2023-07-03,27,DF,Centro-Oeste,youtube,0,0,13016.5,723138,0,0,,
2023-07-03,27,AM,Norte,youtube,0,0,18595.0,1033055,0,0,,
2023-07-03,27,PA,Norte,youtube,0,0,39049.49,2169416,0,0,,
2023-07-03,27,RO,Norte,youtube,0,0,7438.0,413222,0,0,,
2023-07-03,27,AC,Norte,youtube,0,0,3719.0,206611,0,0,,
2023-07-03,27,RR,Norte,youtube,0,0,2789.25,154958,0,0,,
2023-07-03,27,AP,Norte,youtube,0,0,3719.0,206611,0,0,,
2023-07-03,27,TO,Norte,youtube,0,0,6508.25,361569,0,0,,
2023-07-03,27,SP,Sudeste,meta,1,0,177349.78,14779148,0,0,,
2023-07-03,27,RJ,Sudeste,meta,1,0,66709.55,5559129,0,0,,
2023-07-03,27,MG,Sudeste,meta,0,0,82980.17,6915014,0,0,,
2023-07-03,27,ES,Sudeste,meta,0,0,15457.09,1288090,0,0,,
2023-07-03,27,PR,Sul,meta,1,0,45557.74,3796478,0,0,,
2023-07-03,27,SC,Sul,meta,0,0,29287.12,2440593,0,0,,
2023-07-03,27,RS,Sul,meta,1,0,45557.74,3796478,0,0,,
2023-07-03,27,BA,Nordeste,meta,0,0,58574.24,4881186,0,0,,
2023-07-03,27,CE,Nordeste,meta,1,0,36608.9,3050741,0,0,,
2023-07-03,27,PE,Nordeste,meta,0,0,39049.49,3254124,0,0,,
2023-07-03,27,MA,Nordeste,meta,0,0,27660.06,2305004,0,0,,
2023-07-03,27,PB,Nordeste,meta,0,0,16270.62,1355885,0,0,,
2023-07-03,27,RN,Nordeste,meta,0,0,14643.56,1220296,0,0,,
2023-07-03,27,AL,Nordeste,meta,0,0,13016.5,1084708,0,0,,
2023-07-03,27,SE,Nordeste,meta,0,0,8948.84,745736,0,0,,
2023-07-03,27,PI,Nordeste,meta,0,0,13016.5,1084708,1,0,13016.5,
2023-07-03,27,GO,Centro-Oeste,meta,0,0,26846.53,2237210,0,0,,
2023-07-03,27,MT,Centro-Oeste,meta,0,0,13830.03,1152502,0,0,,
2023-07-03,27,MS,Centro-Oeste,meta,0,0,10575.9,881325,0,0,,
2023-07-03,27,DF,Centro-Oeste,meta,0,0,11389.44,949119,0,0,,
2023-07-03,27,AM,Norte,meta,0,0,16270.62,1355885,0,0,,
2023-07-03,27,PA,Norte,meta,0,0,34168.31,2847358,0,0,,
2023-07-03,27,RO,Norte,meta,0,0,6508.25,542354,0,0,,
2023-07-03,27,AC,Norte,meta,0,0,3254.12,271177,0,0,,
2023-07-03,27,RR,Norte,meta,0,0,2440.59,203382,0,0,,
2023-07-03,27,AP,Norte,meta,0,0,3254.12,271177,0,0,,
2023-07-03,27,TO,Norte,meta,0,0,5694.72,474559,0,0,,
2023-07-03,27,SP,Sudeste,search,1,0,126678.41,15834801,0,0,,
2023-07-03,27,RJ,Sudeste,search,1,0,47649.68,5956209,0,0,,
2023-07-03,27,MG,Sudeste,search,0,0,59271.55,7408943,0,0,,
2023-07-03,27,ES,Sudeste,search,0,0,11040.78,1380097,0,0,,
2023-07-03,27,PR,Sul,search,1,0,32541.24,4067655,0,0,,
2023-07-03,27,SC,Sul,search,0,0,20919.37,2614921,0,0,,
2023-07-03,27,RS,Sul,search,1,0,32541.24,4067655,1,0,32541.24,
2023-07-03,27,BA,Nordeste,search,0,0,41838.74,5229842,1,0,41838.74,
2023-07-03,27,CE,Nordeste,search,1,0,26149.21,3268651,0,0,,
2023-07-03,27,PE,Nordeste,search,0,0,27892.49,3486561,0,0,,
2023-07-03,27,MA,Nordeste,search,0,0,19757.18,2469647,1,0,19757.18,
2023-07-03,27,PB,Nordeste,search,0,0,11621.87,1452734,0,0,,
2023-07-03,27,RN,Nordeste,search,0,0,10459.69,1307460,0,0,,
2023-07-03,27,AL,Nordeste,search,0,0,9297.5,1162187,0,0,,
2023-07-03,27,SE,Nordeste,search,0,0,6392.03,799003,0,0,,
2023-07-03,27,PI,Nordeste,search,0,0,9297.5,1162187,0,0,,
2023-07-03,27,GO,Centro-Oeste,search,0,0,19176.09,2397011,0,0,,
2023-07-03,27,MT,Centro-Oeste,search,0,0,9878.59,1234823,0,0,,
2023-07-03,27,MS,Centro-Oeste,search,0,0,7554.22,944277,0,0,,
2023-07-03,27,DF,Centro-Oeste,search,0,0,8135.31,1016913,0,0,,
2023-07-03,27,AM,Norte,search,0,0,11621.87,1452734,0,0,,
2023-07-03,27,PA,Norte,search,0,0,24405.93,3050741,0,0,,
2023-07-03,27,RO,Norte,search,0,0,4648.75,581093,0,0,,
2023-07-03,27,AC,Norte,search,0,0,2324.37,290546,0,0,,
2023-07-03,27,RR,Norte,search,0,0,1743.28,217910,0,0,,
2023-07-03,27,AP,Norte,search,0,0,2324.37,290546,0,0,,
2023-07-03,27,TO,Norte,search,0,0,4067.66,508456,0,0,,
2023-07-10,28,SP,Sudeste,youtube,1,0,220247.94,12235996,0,0,,
2023-07-10,28,RJ,Sudeste,youtube,1,0,82845.55,4602530,0,0,,
2023-07-10,28,MG,Sudeste,youtube,0,0,103051.79,5725099,0,0,,
2023-07-10,28,ES,Sudeste,youtube,0,0,19195.92,1066440,0,0,,
2023-07-10,28,PR,Sul,youtube,1,0,56577.45,3143191,0,0,,
2023-07-10,28,SC,Sul,youtube,0,0,36371.22,2020623,0,0,,
2023-07-10,28,RS,Sul,youtube,1,0,56577.45,3143191,0,0,,
2023-07-10,28,BA,Nordeste,youtube,0,0,72742.44,4041246,1,0,72742.44,
2023-07-10,28,CE,Nordeste,youtube,1,0,45464.02,2525779,0,0,,
2023-07-10,28,PE,Nordeste,youtube,0,0,48494.96,2694164,1,0,48494.96,
2023-07-10,28,MA,Nordeste,youtube,0,0,34350.6,1908366,0,0,,
2023-07-10,28,PB,Nordeste,youtube,0,0,20206.23,1122568,0,0,,
2023-07-10,28,RN,Nordeste,youtube,0,0,18185.61,1010311,0,0,,
2023-07-10,28,AL,Nordeste,youtube,0,0,16164.99,898054,0,0,,
2023-07-10,28,SE,Nordeste,youtube,0,0,11113.43,617412,0,0,,
2023-07-10,28,PI,Nordeste,youtube,0,0,16164.99,898054,0,0,,
2023-07-10,28,GO,Centro-Oeste,youtube,0,0,33340.28,1852237,0,0,,
2023-07-10,28,MT,Centro-Oeste,youtube,0,0,17175.3,954183,0,0,,
2023-07-10,28,MS,Centro-Oeste,youtube,0,0,13134.05,729669,0,0,,
2023-07-10,28,DF,Centro-Oeste,youtube,0,0,14144.36,785797,0,0,,
2023-07-10,28,AM,Norte,youtube,0,0,20206.23,1122568,0,0,,
2023-07-10,28,PA,Norte,youtube,0,0,42433.09,2357393,0,0,,
2023-07-10,28,RO,Norte,youtube,0,0,8082.49,449027,0,0,,
2023-07-10,28,AC,Norte,youtube,0,0,4041.25,224513,0,0,,
2023-07-10,28,RR,Norte,youtube,0,0,3030.93,168385,0,0,,
2023-07-10,28,AP,Norte,youtube,0,0,4041.25,224513,0,0,,
2023-07-10,28,TO,Norte,youtube,0,0,7072.18,392898,0,0,,
2023-07-10,28,SP,Sudeste,meta,1,0,192716.95,16059745,0,0,,
2023-07-10,28,RJ,Sudeste,meta,1,0,72489.86,6040821,0,0,,
2023-07-10,28,MG,Sudeste,meta,0,0,90170.31,7514192,0,0,,
2023-07-10,28,ES,Sudeste,meta,0,0,16796.43,1399702,0,0,,
2023-07-10,28,PR,Sul,meta,1,0,49505.27,4125439,0,0,,
2023-07-10,28,SC,Sul,meta,0,0,31824.82,2652068,0,0,,
2023-07-10,28,RS,Sul,meta,1,0,49505.27,4125439,0,0,,
2023-07-10,28,BA,Nordeste,meta,0,0,63649.63,5304136,0,0,,
2023-07-10,28,CE,Nordeste,meta,1,0,39781.02,3315085,0,0,,
2023-07-10,28,PE,Nordeste,meta,0,0,42433.09,3536090,0,0,,
2023-07-10,28,MA,Nordeste,meta,0,0,30056.77,2504730,0,0,,
2023-07-10,28,PB,Nordeste,meta,0,0,17680.45,1473371,0,0,,
2023-07-10,28,RN,Nordeste,meta,0,0,15912.41,1326034,0,0,,
2023-07-10,28,AL,Nordeste,meta,0,0,14144.36,1178696,0,0,,
2023-07-10,28,SE,Nordeste,meta,0,0,9724.25,810354,0,0,,
2023-07-10,28,PI,Nordeste,meta,0,0,14144.36,1178696,0,0,,
2023-07-10,28,GO,Centro-Oeste,meta,0,0,29172.75,2431062,0,0,,
2023-07-10,28,MT,Centro-Oeste,meta,0,0,15028.39,1252365,0,0,,
2023-07-10,28,MS,Centro-Oeste,meta,0,0,11492.29,957691,0,0,,
2023-07-10,28,DF,Centro-Oeste,meta,0,0,12376.32,1031359,0,0,,
2023-07-10,28,AM,Norte,meta,0,0,17680.45,1473371,0,0,,
2023-07-10,28,PA,Norte,meta,0,0,37128.95,3094079,0,0,,
2023-07-10,28,RO,Norte,meta,0,0,7072.18,589348,0,0,,
2023-07-10,28,AC,Norte,meta,0,0,3536.09,294674,0,0,,
2023-07-10,28,RR,Norte,meta,0,0,2652.07,221005,0,0,,
2023-07-10,28,AP,Norte,meta,0,0,3536.09,294674,0,0,,
2023-07-10,28,TO,Norte,meta,0,0,6188.16,515679,0,0,,
2023-07-10,28,SP,Sudeste,search,1,0,137654.96,17206869,0,0,,
2023-07-10,28,RJ,Sudeste,search,1,0,51778.47,6472308,0,0,,
2023-07-10,28,MG,Sudeste,search,0,0,64407.37,8050920,0,0,,
2023-07-10,28,ES,Sudeste,search,0,0,11997.45,1499681,0,0,,
2023-07-10,28,PR,Sul,search,1,0,35360.91,4420113,0,0,,
2023-07-10,28,SC,Sul,search,0,0,22732.01,2841501,0,0,,
2023-07-10,28,RS,Sul,search,1,0,35360.91,4420113,0,0,,
2023-07-10,28,BA,Nordeste,search,0,0,45464.02,5683002,0,0,,
2023-07-10,28,CE,Nordeste,search,1,0,28415.01,3551876,0,0,,
2023-07-10,28,PE,Nordeste,search,0,0,30309.35,3788668,0,0,,
2023-07-10,28,MA,Nordeste,search,0,0,21469.12,2683640,0,0,,
2023-07-10,28,PB,Nordeste,search,0,0,12628.9,1578611,0,0,,
2023-07-10,28,RN,Nordeste,search,0,0,11366.01,1420750,0,0,,
2023-07-10,28,AL,Nordeste,search,0,0,10103.12,1262889,0,0,,
2023-07-10,28,SE,Nordeste,search,0,0,6945.89,868236,0,0,,
2023-07-10,28,PI,Nordeste,search,0,0,10103.12,1262889,0,0,,
2023-07-10,28,GO,Centro-Oeste,search,0,0,20837.68,2604709,0,0,,
2023-07-10,28,MT,Centro-Oeste,search,0,0,10734.56,1341820,0,0,,
2023-07-10,28,MS,Centro-Oeste,search,0,0,8208.78,1026097,0,0,,
2023-07-10,28,DF,Centro-Oeste,search,0,0,8840.23,1105028,0,0,,
2023-07-10,28,AM,Norte,search,0,0,12628.9,1578611,0,0,,
2023-07-10,28,PA,Norte,search,0,0,26520.68,3315085,0,0,,
2023-07-10,28,RO,Norte,search,0,0,5051.56,631444,0,0,,
2023-07-10,28,AC,Norte,search,0,0,2525.78,315722,0,0,,
2023-07-10,28,RR,Norte,search,0,0,1894.33,236791,0,0,,
2023-07-10,28,AP,Norte,search,0,0,2525.78,315722,0,0,,
2023-07-10,28,TO,Norte,search,0,0,4420.11,552514,0,0,,
2023-07-17,29,SP,Sudeste,youtube,1,0,225195.5,12510861,0,0,,
2023-07-17,29,RJ,Sudeste,youtube,1,0,84706.57,4705920,0,0,,
2023-07-17,29,MG,Sudeste,youtube,0,0,105366.7,5853705,0,0,,
2023-07-17,29,ES,Sudeste,youtube,0,0,19627.13,1090396,0,0,,
2023-07-17,29,PR,Sul,youtube,1,0,57848.39,3213799,0,0,,
2023-07-17,29,SC,Sul,youtube,0,0,37188.25,2066013,1,0,37188.25,
2023-07-17,29,RS,Sul,youtube,1,0,57848.39,3213799,0,0,,
2023-07-17,29,BA,Nordeste,youtube,0,0,74376.5,4132027,0,0,,
2023-07-17,29,CE,Nordeste,youtube,1,0,46485.31,2582517,0,0,,
2023-07-17,29,PE,Nordeste,youtube,0,0,49584.33,2754685,0,0,,
2023-07-17,29,MA,Nordeste,youtube,0,0,35122.23,1951235,0,0,,
2023-07-17,29,PB,Nordeste,youtube,0,0,20660.14,1147785,0,0,,
2023-07-17,29,RN,Nordeste,youtube,0,0,18594.12,1033006,1,0,18594.12,
2023-07-17,29,AL,Nordeste,youtube,0,0,16528.11,918228,0,0,,
2023-07-17,29,SE,Nordeste,youtube,0,0,11363.08,631281,0,0,,
2023-07-17,29,PI,Nordeste,youtube,0,0,16528.11,918228,0,0,,
2023-07-17,29,GO,Centro-Oeste,youtube,0,0,34089.23,1893845,0,0,,
2023-07-17,29,MT,Centro-Oeste,youtube,0,0,17561.12,975617,0,0,,
2023-07-17,29,MS,Centro-Oeste,youtube,0,0,13429.09,746060,0,0,,
2023-07-17,29,DF,Centro-Oeste,youtube,0,0,14462.1,803449,0,0,,
2023-07-17,29,AM,Norte,youtube,0,0,20660.14,1147785,0,0,,
2023-07-17,29,PA,Norte,youtube,0,0,43386.29,2410349,0,0,,
2023-07-17,29,RO,Norte,youtube,0,0,8264.06,459114,0,0,,
2023-07-17,29,AC,Norte,youtube,0,0,4132.03,229557,0,0,,
2023-07-17,29,RR,Norte,youtube,0,0,3099.02,172167,0,0,,
2023-07-17,29,AP,Norte,youtube,0,0,4132.03,229557,0,0,,
2023-07-17,29,TO,Norte,youtube,0,0,7231.05,401724,0,0,,
2023-07-17,29,SP,Sudeste,meta,1,0,197046.06,16420505,0,0,,
2023-07-17,29,RJ,Sudeste,meta,1,0,74118.24,6176520,0,0,,
2023-07-17,29,MG,Sudeste,meta,0,0,92195.87,7682988,0,0,,
2023-07-17,29,ES,Sudeste,meta,0,0,17173.74,1431144,0,0,,
2023-07-17,29,PR,Sul,meta,1,0,50617.34,4218111,0,0,,
2023-07-17,29,SC,Sul,meta,0,0,32539.72,2711643,0,0,,
2023-07-17,29,RS,Sul,meta,1,0,50617.34,4218111,0,0,,
2023-07-17,29,BA,Nordeste,meta,0,0,65079.43,5423286,0,0,,
2023-07-17,29,CE,Nordeste,meta,1,0,40674.65,3389553,0,0,,
2023-07-17,29,PE,Nordeste,meta,0,0,43386.29,3615524,0,0,,
2023-07-17,29,MA,Nordeste,meta,0,0,30731.96,2560996,0,0,,
2023-07-17,29,PB,Nordeste,meta,0,0,18077.62,1506468,0,0,,
2023-07-17,29,RN,Nordeste,meta,0,0,16269.86,1355821,0,0,,
2023-07-17,29,AL,Nordeste,meta,0,0,14462.1,1205174,1,0,14462.1,
2023-07-17,29,SE,Nordeste,meta,0,0,9942.69,828557,0,0,,
2023-07-17,29,PI,Nordeste,meta,0,0,14462.1,1205174,0,0,,
2023-07-17,29,GO,Centro-Oeste,meta,0,0,29828.07,2485672,0,0,,
2023-07-17,29,MT,Centro-Oeste,meta,0,0,15365.98,1280498,0,0,,
2023-07-17,29,MS,Centro-Oeste,meta,0,0,11750.45,979204,0,0,,
2023-07-17,29,DF,Centro-Oeste,meta,0,0,12654.33,1054527,0,0,,
2023-07-17,29,AM,Norte,meta,0,0,18077.62,1506468,0,0,,
2023-07-17,29,PA,Norte,meta,0,0,37963.0,3163583,0,0,,
2023-07-17,29,RO,Norte,meta,0,0,7231.05,602587,0,0,,
2023-07-17,29,AC,Norte,meta,0,0,3615.52,301293,0,0,,
2023-07-17,29,RR,Norte,meta,0,0,2711.64,225970,0,0,,
2023-07-17,29,AP,Norte,meta,0,0,3615.52,301293,0,0,,
2023-07-17,29,TO,Norte,meta,0,0,6327.17,527263,0,0,,
2023-07-17,29,SP,Sudeste,search,1,0,140747.19,17593398,0,0,,
2023-07-17,29,RJ,Sudeste,search,1,0,52941.6,6617700,0,0,,
2023-07-17,29,MG,Sudeste,search,0,0,65854.19,8231773,0,0,,
2023-07-17,29,ES,Sudeste,search,0,0,12266.96,1533369,0,0,,
2023-07-17,29,PR,Sul,search,1,0,36155.24,4519405,0,0,,
2023-07-17,29,SC,Sul,search,0,0,23242.66,2905331,0,0,,
2023-07-17,29,RS,Sul,search,1,0,36155.24,4519405,0,0,,
2023-07-17,29,BA,Nordeste,search,0,0,46485.31,5810663,0,0,,
2023-07-17,29,CE,Nordeste,search,1,0,29053.32,3631664,0,0,,
2023-07-17,29,PE,Nordeste,search,0,0,30990.21,3873775,0,0,,
2023-07-17,29,MA,Nordeste,search,0,0,21951.4,2743924,0,0,,
2023-07-17,29,PB,Nordeste,search,0,0,12912.59,1614073,0,0,,
2023-07-17,29,RN,Nordeste,search,0,0,11621.33,1452665,0,0,,
2023-07-17,29,AL,Nordeste,search,0,0,10330.07,1291258,0,0,,
2023-07-17,29,SE,Nordeste,search,0,0,7101.92,887740,0,0,,
2023-07-17,29,PI,Nordeste,search,0,0,10330.07,1291258,0,0,,
2023-07-17,29,GO,Centro-Oeste,search,0,0,21305.77,2663220,0,0,,
2023-07-17,29,MT,Centro-Oeste,search,0,0,10975.7,1371962,1,0,10975.7,
2023-07-17,29,MS,Centro-Oeste,search,0,0,8393.18,1049147,0,0,,
2023-07-17,29,DF,Centro-Oeste,search,0,0,9038.81,1129851,0,0,,
2023-07-17,29,AM,Norte,search,0,0,12912.59,1614073,0,0,,
2023-07-17,29,PA,Norte,search,0,0,27116.43,3389553,0,0,,
2023-07-17,29,RO,Norte,search,0,0,5165.03,645629,0,0,,
2023-07-17,29,AC,Norte,search,0,0,2582.52,322814,0,0,,
2023-07-17,29,RR,Norte,search,0,0,1936.89,242110,0,0,,
2023-07-17,29,AP,Norte,search,0,0,2582.52,322814,1,0,2582.52,
2023-07-17,29,TO,Norte,search,0,0,4519.41,564925,0,0,,
2023-07-24,30,SP,Sudeste,youtube,1,0,191744.39,10652466,0,0,,
2023-07-24,30,RJ,Sudeste,youtube,1,0,72124.04,4006890,0,0,,
2023-07-24,30,MG,Sudeste,youtube,0,0,89715.27,4984181,0,0,,
2023-07-24,30,ES,Sudeste,youtube,0,0,16711.67,928425,0,0,,
2023-07-24,30,PR,Sul,youtube,1,0,49255.44,2736413,1,0,49255.44,
2023-07-24,30,SC,Sul,youtube,0,0,31664.21,1759122,0,0,,
2023-07-24,30,RS,Sul,youtube,1,0,49255.44,2736413,0,0,,
2023-07-24,30,BA,Nordeste,youtube,0,0,63328.42,3518245,0,0,,
2023-07-24,30,CE,Nordeste,youtube,1,0,39580.26,2198903,0,0,,
2023-07-24,30,PE,Nordeste,youtube,0,0,42218.95,2345497,0,0,,
2023-07-24,30,MA,Nordeste,youtube,0,0,29905.09,1661393,0,0,,
2023-07-24,30,PB,Nordeste,youtube,0,0,17591.23,977290,0,0,,
2023-07-24,30,RN,Nordeste,youtube,0,0,15832.11,879561,0,0,,
2023-07-24,30,AL,Nordeste,youtube,0,0,14072.98,781832,0,0,,
2023-07-24,30,SE,Nordeste,youtube,0,0,9675.18,537509,0,0,,
2023-07-24,30,PI,Nordeste,youtube,0,0,14072.98,781832,0,0,,
2023-07-24,30,GO,Centro-Oeste,youtube,0,0,29025.53,1612529,0,0,,
2023-07-24,30,MT,Centro-Oeste,youtube,0,0,14952.54,830696,0,0,,
2023-07-24,30,MS,Centro-Oeste,youtube,0,0,11434.3,635238,0,0,,
2023-07-24,30,DF,Centro-Oeste,youtube,0,0,12313.86,684103,0,0,,
2023-07-24,30,AM,Norte,youtube,0,0,17591.23,977290,0,0,,
2023-07-24,30,PA,Norte,youtube,0,0,36941.58,2052309,0,0,,
2023-07-24,30,RO,Norte,youtube,0,0,7036.49,390916,0,0,,
2023-07-24,30,AC,Norte,youtube,0,0,3518.25,195458,0,0,,
2023-07-24,30,RR,Norte,youtube,0,0,2638.68,146593,0,0,,
2023-07-24,30,AP,Norte,youtube,0,0,3518.25,195458,0,0,,
2023-07-24,30,TO,Norte,youtube,0,0,6156.93,342051,0,0,,
2023-07-24,30,SP,Sudeste,meta,1,0,167776.34,13981361,0,0,,
2023-07-24,30,RJ,Sudeste,meta,1,0,63108.53,5259044,0,0,,
2023-07-24,30,MG,Sudeste,meta,0,0,78500.86,6541738,0,0,,
2023-07-24,30,ES,Sudeste,meta,0,0,14622.71,1218559,0,0,,
2023-07-24,30,PR,Sul,meta,1,0,43098.51,3591542,0,0,,
2023-07-24,30,SC,Sul,meta,0,0,27706.18,2308848,0,0,,
2023-07-24,30,RS,Sul,meta,1,0,43098.51,3591542,0,0,,
2023-07-24,30,BA,Nordeste,meta,0,0,55412.37,4617697,0,0,,
2023-07-24,30,CE,Nordeste,meta,1,0,34632.73,2886060,1,0,34632.73,
2023-07-24,30,PE,Nordeste,meta,0,0,36941.58,3078464,0,0,,
2023-07-24,30,MA,Nordeste,meta,0,0,26166.95,2180579,0,0,,
2023-07-24,30,PB,Nordeste,meta,0,0,15392.32,1282693,1,0,15392.32,
2023-07-24,30,RN,Nordeste,meta,0,0,13853.09,1154424,0,0,,
2023-07-24,30,AL,Nordeste,meta,0,0,12313.86,1026154,0,0,,
2023-07-24,30,SE,Nordeste,meta,0,0,8465.78,705481,0,0,,
2023-07-24,30,PI,Nordeste,meta,0,0,12313.86,1026154,0,0,,
2023-07-24,30,GO,Centro-Oeste,meta,0,0,25397.34,2116444,0,0,,
2023-07-24,30,MT,Centro-Oeste,meta,0,0,13083.48,1090289,0,0,,
2023-07-24,30,MS,Centro-Oeste,meta,0,0,10005.01,833750,0,0,,
2023-07-24,30,DF,Centro-Oeste,meta,0,0,10774.63,897885,0,0,,
2023-07-24,30,AM,Norte,meta,0,0,15392.32,1282693,0,0,,
2023-07-24,30,PA,Norte,meta,0,0,32323.88,2693656,1,0,32323.88,
2023-07-24,30,RO,Norte,meta,0,0,6156.93,513077,0,0,,
2023-07-24,30,AC,Norte,meta,0,0,3078.46,256538,0,0,,
2023-07-24,30,RR,Norte,meta,0,0,2308.85,192404,0,0,,
2023-07-24,30,AP,Norte,meta,0,0,3078.46,256538,0,0,,
2023-07-24,30,TO,Norte,meta,0,0,5387.31,448942,0,0,,
2023-07-24,30,SP,Sudeste,search,1,0,119840.24,14980030,0,0,,
2023-07-24,30,RJ,Sudeste,search,1,0,45077.52,5634690,0,0,,
2023-07-24,30,MG,Sudeste,search,0,0,56072.04,7009005,0,0,,
2023-07-24,30,ES,Sudeste,search,0,0,10444.79,1305598,0,0,,
2023-07-24,30,PR,Sul,search,1,0,30784.65,3848081,0,0,,
2023-07-24,30,SC,Sul,search,0,0,19790.13,2473766,0,0,,
2023-07-24,30,RS,Sul,search,1,0,30784.65,3848081,0,0,,
2023-07-24,30,BA,Nordeste,search,0,0,39580.26,4947532,0,0,,
2023-07-24,30,CE,Nordeste,search,1,0,24737.67,3092208,0,0,,
2023-07-24,30,PE,Nordeste,search,0,0,26386.84,3298355,0,0,,
2023-07-24,30,MA,Nordeste,search,0,0,18690.68,2336335,0,0,,
2023-07-24,30,PB,Nordeste,search,0,0,10994.52,1374314,0,0,,
2023-07-24,30,RN,Nordeste,search,0,0,9895.07,1236883,0,0,,
2023-07-24,30,AL,Nordeste,search,0,0,8795.61,1099451,0,0,,
2023-07-24,30,SE,Nordeste,search,0,0,6046.98,755873,0,0,,
2023-07-24,30,PI,Nordeste,search,0,0,8795.61,1099451,0,0,,
2023-07-24,30,GO,Centro-Oeste,search,0,0,18140.95,2267619,0,0,,
2023-07-24,30,MT,Centro-Oeste,search,0,0,9345.34,1168167,0,0,,
2023-07-24,30,MS,Centro-Oeste,search,0,0,7146.44,893304,0,0,,
2023-07-24,30,DF,Centro-Oeste,search,0,0,7696.16,962020,0,0,,
2023-07-24,30,AM,Norte,search,0,0,10994.52,1374314,0,0,,
2023-07-24,30,PA,Norte,search,0,0,23088.49,2886060,0,0,,
2023-07-24,30,RO,Norte,search,0,0,4397.81,549725,0,0,,
2023-07-24,30,AC,Norte,search,0,0,2198.9,274862,0,0,,
2023-07-24,30,RR,Norte,search,0,0,1649.18,206147,0,0,,
2023-07-24,30,AP,Norte,search,0,0,2198.9,274862,0,0,,
2023-07-24,30,TO,Norte,search,0,0,3848.08,481010,0,0,,
2023-07-31,31,SP,Sudeste,youtube,1,0,179173.57,9954087,0,0,,
2023-07-31,31,RJ,Sudeste,youtube,1,0,67395.56,3744197,0,0,,
2023-07-31,31,MG,Sudeste,youtube,0,0,83833.51,4657417,0,0,,
2023-07-31,31,ES,Sudeste,youtube,0,0,15616.05,867558,0,0,,
2023-07-31,31,PR,Sul,youtube,1,0,46026.24,2557013,0,0,,
2023-07-31,31,SC,Sul,youtube,0,0,29588.3,1643794,0,0,,
2023-07-31,31,RS,Sul,youtube,1,0,46026.24,2557013,0,0,,
2023-07-31,31,BA,Nordeste,youtube,0,0,59176.59,3287588,0,0,,
2023-07-31,31,CE,Nordeste,youtube,1,0,36985.37,2054742,0,0,,
2023-07-31,31,PE,Nordeste,youtube,0,0,39451.06,2191725,0,0,,
2023-07-31,31,MA,Nordeste,youtube,0,0,27944.5,1552472,0,0,,
2023-07-31,31,PB,Nordeste,youtube,0,0,16437.94,913219,0,0,,
2023-07-31,31,RN,Nordeste,youtube,0,0,14794.15,821897,0,0,,
2023-07-31,31,AL,Nordeste,youtube,0,0,13150.35,730575,0,0,,
2023-07-31,31,SE,Nordeste,youtube,0,0,9040.87,502270,0,0,,
2023-07-31,31,PI,Nordeste,youtube,0,0,13150.35,730575,0,0,,
2023-07-31,31,GO,Centro-Oeste,youtube,0,0,27122.61,1506811,0,0,,
2023-07-31,31,MT,Centro-Oeste,youtube,0,0,13972.25,776236,0,0,,
2023-07-31,31,MS,Centro-Oeste,youtube,0,0,10684.66,593592,0,0,,
2023-07-31,31,DF,Centro-Oeste,youtube,0,0,11506.56,639253,0,0,,
2023-07-31,31,AM,Norte,youtube,0,0,16437.94,913219,0,0,,
2023-07-31,31,PA,Norte,youtube,0,0,34519.68,1917759,0,0,,
2023-07-31,31,RO,Norte,youtube,0,0,6575.18,365287,0,0,,
2023-07-31,31,AC,Norte,youtube,0,0,3287.59,182643,0,0,,
2023-07-31,31,RR,Norte,youtube,0,0,2465.69,136982,0,0,,
2023-07-31,31,AP,Norte,youtube,0,0,3287.59,182643,0,0,,
2023-07-31,31,TO,Norte,youtube,0,0,5753.28,319626,0,0,,
2023-07-31,31,SP,Sudeste,meta,1,0,156776.88,13064739,0,0,,
2023-07-31,31,RJ,Sudeste,meta,1,0,58971.12,4914259,0,0,,
2023-07-31,31,MG,Sudeste,meta,0,0,73354.32,6112859,0,0,,
2023-07-31,31,ES,Sudeste,meta,0,0,13664.04,1138669,0,0,,
2023-07-31,31,PR,Sul,meta,1,0,40272.96,3356079,1,0,40272.96,
2023-07-31,31,SC,Sul,meta,0,0,25889.76,2157479,1,0,25889.76,
2023-07-31,31,RS,Sul,meta,1,0,40272.96,3356079,0,0,,
2023-07-31,31,BA,Nordeste,meta,0,0,51779.52,4314959,0,0,,
2023-07-31,31,CE,Nordeste,meta,1,0,32362.2,2696849,0,0,,
2023-07-31,31,PE,Nordeste,meta,0,0,34519.68,2876639,0,0,,
2023-07-31,31,MA,Nordeste,meta,0,0,24451.44,2037619,0,0,,
2023-07-31,31,PB,Nordeste,meta,0,0,14383.2,1198599,0,0,,
2023-07-31,31,RN,Nordeste,meta,0,0,12944.88,1078739,0,0,,
2023-07-31,31,AL,Nordeste,meta,0,0,11506.56,958879,0,0,,
2023-07-31,31,SE,Nordeste,meta,0,0,7910.76,659229,0,0,,
2023-07-31,31,PI,Nordeste,meta,0,0,11506.56,958879,0,0,,
2023-07-31,31,GO,Centro-Oeste,meta,0,0,23732.28,1977689,0,0,,
2023-07-31,31,MT,Centro-Oeste,meta,0,0,12225.72,1018809,0,0,,
2023-07-31,31,MS,Centro-Oeste,meta,0,0,9349.08,779089,0,0,,
2023-07-31,31,DF,Centro-Oeste,meta,0,0,10068.24,839019,0,0,,
2023-07-31,31,AM,Norte,meta,0,0,14383.2,1198599,0,0,,
2023-07-31,31,PA,Norte,meta,0,0,30204.72,2517059,0,0,,
2023-07-31,31,RO,Norte,meta,0,0,5753.28,479439,0,0,,
2023-07-31,31,AC,Norte,meta,0,0,2876.64,239719,0,0,,
2023-07-31,31,RR,Norte,meta,0,0,2157.48,179789,0,0,,
2023-07-31,31,AP,Norte,meta,0,0,2876.64,239719,0,0,,
2023-07-31,31,TO,Norte,meta,0,0,5034.12,419509,0,0,,
2023-07-31,31,SP,Sudeste,search,1,0,111983.48,13997935,0,0,,
2023-07-31,31,RJ,Sudeste,search,1,0,42122.23,5265278,0,0,,
2023-07-31,31,MG,Sudeste,search,0,0,52395.94,6549492,0,0,,
2023-07-31,31,ES,Sudeste,search,0,0,9760.03,1220003,0,0,,
2023-07-31,31,PR,Sul,search,1,0,28766.4,3595799,0,0,,
2023-07-31,31,SC,Sul,search,0,0,18492.69,2311585,0,0,,
2023-07-31,31,RS,Sul,search,1,0,28766.4,3595799,0,0,,
2023-07-31,31,BA,Nordeste,search,0,0,36985.37,4623171,0,0,,
2023-07-31,31,CE,Nordeste,search,1,0,23115.86,2889482,1,0,23115.86,
2023-07-31,31,PE,Nordeste,search,0,0,24656.91,3082114,0,0,,
2023-07-31,31,MA,Nordeste,search,0,0,17465.31,2183164,0,0,,
2023-07-31,31,PB,Nordeste,search,0,0,10273.71,1284214,0,0,,
2023-07-31,31,RN,Nordeste,search,0,0,9246.34,1155792,0,0,,
2023-07-31,31,AL,Nordeste,search,0,0,8218.97,1027371,0,0,,
2023-07-31,31,SE,Nordeste,search,0,0,5650.54,706317,0,0,,
2023-07-31,31,PI,Nordeste,search,0,0,8218.97,1027371,0,0,,
2023-07-31,31,GO,Centro-Oeste,search,0,0,16951.63,2118953,0,0,,
2023-07-31,31,MT,Centro-Oeste,search,0,0,8732.66,1091582,0,0,,
2023-07-31,31,MS,Centro-Oeste,search,0,0,6677.91,834739,0,0,,
2023-07-31,31,DF,Centro-Oeste,search,0,0,7191.6,898949,0,0,,
2023-07-31,31,AM,Norte,search,0,0,10273.71,1284214,0,0,,
2023-07-31,31,PA,Norte,search,0,0,21574.8,2696849,0,0,,
2023-07-31,31,RO,Norte,search,0,0,4109.49,513685,0,0,,
2023-07-31,31,AC,Norte,search,0,0,2054.74,256842,0,0,,
2023-07-31,31,RR,Norte,search,0,0,1541.06,192632,0,0,,
2023-07-31,31,AP,Norte,search,0,0,2054.74,256842,0,0,,
2023-07-31,31,TO,Norte,search,0,0,3595.8,449474,0,0,,
2023-08-07,32,SP,Sudeste,youtube,1,0,223843.24,12435735,0,0,,
2023-08-07,32,RJ,Sudeste,youtube,1,0,84197.92,4677661,0,0,,
2023-08-07,32,MG,Sudeste,youtube,0,0,104733.99,5818555,0,0,,
2023-08-07,32,ES,Sudeste,youtube,0,0,19509.27,1083848,0,0,,
2023-08-07,32,PR,Sul,youtube,1,0,57501.02,3194500,0,0,,
2023-08-07,32,SC,Sul,youtube,0,0,36964.94,2053607,0,0,,
2023-08-07,32,RS,Sul,youtube,1,0,57501.02,3194500,0,0,,
2023-08-07,32,BA,Nordeste,youtube,0,0,73929.88,4107215,0,0,,
2023-08-07,32,CE,Nordeste,youtube,1,0,46206.17,2567009,0,0,,
2023-08-07,32,PE,Nordeste,youtube,0,0,49286.58,2738143,0,0,,
2023-08-07,32,MA,Nordeste,youtube,0,0,34911.33,1939518,0,0,,
2023-08-07,32,PB,Nordeste,youtube,0,0,20536.08,1140893,0,0,,
2023-08-07,32,RN,Nordeste,youtube,0,0,18482.47,1026803,0,0,,
2023-08-07,32,AL,Nordeste,youtube,0,0,16428.86,912714,0,0,,
2023-08-07,32,SE,Nordeste,youtube,0,0,11294.84,627491,0,0,,
2023-08-07,32,PI,Nordeste,youtube,0,0,16428.86,912714,0,0,,
2023-08-07,32,GO,Centro-Oeste,youtube,0,0,33884.53,1882473,0,0,,
2023-08-07,32,MT,Centro-Oeste,youtube,0,0,17455.67,969759,1,0,17455.67,
2023-08-07,32,MS,Centro-Oeste,youtube,0,0,13348.45,741580,0,0,,
2023-08-07,32,DF,Centro-Oeste,youtube,0,0,14375.25,798625,0,0,,
2023-08-07,32,AM,Norte,youtube,0,0,20536.08,1140893,0,0,,
2023-08-07,32,PA,Norte,youtube,0,0,43125.76,2395875,0,0,,
2023-08-07,32,RO,Norte,youtube,0,0,8214.43,456357,0,0,,
2023-08-07,32,AC,Norte,youtube,0,0,4107.22,228178,0,0,,
2023-08-07,32,RR,Norte,youtube,0,0,3080.41,171133,0,0,,
2023-08-07,32,AP,Norte,youtube,0,0,4107.22,228178,0,0,,
2023-08-07,32,TO,Norte,youtube,0,0,7187.63,399312,0,0,,
2023-08-07,32,SP,Sudeste,meta,1,0,195862.83,16321902,0,0,,
2023-08-07,32,RJ,Sudeste,meta,1,0,73673.18,6139431,0,0,,
2023-08-07,32,MG,Sudeste,meta,0,0,91642.24,7636853,1,0,91642.24,
2023-08-07,32,ES,Sudeste,meta,0,0,17070.61,1422551,0,0,,
2023-08-07,32,PR,Sul,meta,1,0,50313.39,4192782,0,0,,
2023-08-07,32,SC,Sul,meta,0,0,32344.32,2695360,0,0,,
2023-08-07,32,RS,Sul,meta,1,0,50313.39,4192782,0,0,,
2023-08-07,32,BA,Nordeste,meta,0,0,64688.64,5390720,0,0,,
2023-08-07,32,CE,Nordeste,meta,1,0,40430.4,3369200,0,0,,
2023-08-07,32,PE,Nordeste,meta,0,0,43125.76,3593813,0,0,,
2023-08-07,32,MA,Nordeste,meta,0,0,30547.41,2545617,0,0,,
2023-08-07,32,PB,Nordeste,meta,0,0,17969.07,1497422,0,0,,
2023-08-07,32,RN,Nordeste,meta,0,0,16172.16,1347680,0,0,,
2023-08-07,32,AL,Nordeste,meta,0,0,14375.25,1197937,0,0,,
2023-08-07,32,SE,Nordeste,meta,0,0,9882.99,823582,0,0,,
2023-08-07,32,PI,Nordeste,meta,0,0,14375.25,1197937,0,0,,
2023-08-07,32,GO,Centro-Oeste,meta,0,0,29648.96,2470746,0,0,,
2023-08-07,32,MT,Centro-Oeste,meta,0,0,15273.71,1272808,0,0,,
2023-08-07,32,MS,Centro-Oeste,meta,0,0,11679.89,973324,1,0,11679.89,
2023-08-07,32,DF,Centro-Oeste,meta,0,0,12578.35,1048195,0,0,,
2023-08-07,32,AM,Norte,meta,0,0,17969.07,1497422,0,0,,
2023-08-07,32,PA,Norte,meta,0,0,37735.04,3144586,0,0,,
2023-08-07,32,RO,Norte,meta,0,0,7187.63,598968,0,0,,
2023-08-07,32,AC,Norte,meta,0,0,3593.81,299484,0,0,,
2023-08-07,32,RR,Norte,meta,0,0,2695.36,224613,0,0,,
2023-08-07,32,AP,Norte,meta,0,0,3593.81,299484,0,0,,
2023-08-07,32,TO,Norte,meta,0,0,6289.17,524097,0,0,,
2023-08-07,32,SP,Sudeste,search,1,0,139902.02,17487752,0,0,,
2023-08-07,32,RJ,Sudeste,search,1,0,52623.7,6577962,0,0,,
2023-08-07,32,MG,Sudeste,search,0,0,65458.75,8182343,0,0,,
2023-08-07,32,ES,Sudeste,search,0,0,12193.3,1524161,0,0,,
2023-08-07,32,PR,Sul,search,1,0,35938.13,4492266,0,0,,
2023-08-07,32,SC,Sul,search,0,0,23103.09,2887885,0,0,,
2023-08-07,32,RS,Sul,search,1,0,35938.13,4492266,0,0,,
2023-08-07,32,BA,Nordeste,search,0,0,46206.17,5775771,0,0,,
2023-08-07,32,CE,Nordeste,search,1,0,28878.86,3609857,0,0,,
2023-08-07,32,PE,Nordeste,search,0,0,30804.12,3850514,0,0,,
2023-08-07,32,MA,Nordeste,search,0,0,21819.58,2727447,0,0,,
2023-08-07,32,PB,Nordeste,search,0,0,12835.05,1604381,0,0,,
2023-08-07,32,RN,Nordeste,search,0,0,11551.54,1443942,0,0,,
2023-08-07,32,AL,Nordeste,search,0,0,10268.04,1283504,0,0,,
2023-08-07,32,SE,Nordeste,search,0,0,7059.28,882409,0,0,,
2023-08-07,32,PI,Nordeste,search,0,0,10268.04,1283504,0,0,,
2023-08-07,32,GO,Centro-Oeste,search,0,0,21177.83,2647228,0,0,,
2023-08-07,32,MT,Centro-Oeste,search,0,0,10909.79,1363723,0,0,,
2023-08-07,32,MS,Centro-Oeste,search,0,0,8342.78,1042847,0,0,,
2023-08-07,32,DF,Centro-Oeste,search,0,0,8984.53,1123066,0,0,,
2023-08-07,32,AM,Norte,search,0,0,12835.05,1604381,0,0,,
2023-08-07,32,PA,Norte,search,0,0,26953.6,3369200,0,0,,
2023-08-07,32,RO,Norte,search,0,0,5134.02,641752,0,0,,
2023-08-07,32,AC,Norte,search,0,0,2567.01,320876,0,0,,
2023-08-07,32,RR,Norte,search,0,0,1925.26,240657,0,0,,
2023-08-07,32,AP,Norte,search,0,0,2567.01,320876,0,0,,
2023-08-07,32,TO,Norte,search,0,0,4492.27,561533,0,0,,
2023-08-14,33,SP,Sudeste,youtube,1,0,181366.35,10075908,0,0,,
2023-08-14,33,RJ,Sudeste,youtube,1,0,68220.37,3790020,0,0,,
2023-08-14,33,MG,Sudeste,youtube,0,0,84859.48,4714415,0,0,,
2023-08-14,33,ES,Sudeste,youtube,0,0,15807.16,878175,0,0,,
2023-08-14,33,PR,Sul,youtube,1,0,46589.52,2588306,0,0,,
2023-08-14,33,SC,Sul,youtube,0,0,29950.41,1663911,0,0,,
2023-08-14,33,RS,Sul,youtube,1,0,46589.52,2588306,0,0,,
2023-08-14,33,BA,Nordeste,youtube,0,0,59900.81,3327822,0,0,,
2023-08-14,33,CE,Nordeste,youtube,1,0,37438.01,2079889,0,0,,
2023-08-14,33,PE,Nordeste,youtube,0,0,39933.88,2218548,0,0,,
2023-08-14,33,MA,Nordeste,youtube,0,0,28286.49,1571471,0,0,,
2023-08-14,33,PB,Nordeste,youtube,0,0,16639.11,924395,0,0,,
2023-08-14,33,RN,Nordeste,youtube,0,0,14975.2,831955,0,0,,
2023-08-14,33,AL,Nordeste,youtube,0,0,13311.29,739516,0,0,,
2023-08-14,33,SE,Nordeste,youtube,0,0,9151.51,508417,0,0,,
2023-08-14,33,PI,Nordeste,youtube,0,0,13311.29,739516,0,0,,
2023-08-14,33,GO,Centro-Oeste,youtube,0,0,27454.54,1525252,0,0,,
2023-08-14,33,MT,Centro-Oeste,youtube,0,0,14143.25,785735,0,0,,
2023-08-14,33,MS,Centro-Oeste,youtube,0,0,10815.42,600856,0,0,,
2023-08-14,33,DF,Centro-Oeste,youtube,0,0,11647.38,647076,0,0,,
2023-08-14,33,AM,Norte,youtube,0,0,16639.11,924395,0,0,,
2023-08-14,33,PA,Norte,youtube,0,0,34942.14,1941230,0,0,,
2023-08-14,33,RO,Norte,youtube,0,0,6655.65,369758,0,0,,
2023-08-14,33,AC,Norte,youtube,0,0,3327.82,184879,0,0,,
2023-08-14,33,RR,Norte,youtube,0,0,2495.87,138659,1,0,2495.87,
2023-08-14,33,AP,Norte,youtube,0,0,3327.82,184879,0,0,,
2023-08-14,33,TO,Norte,youtube,0,0,5823.69,323538,0,0,,
2023-08-14,33,SP,Sudeste,meta,1,0,158695.56,13224629,0,0,,
2023-08-14,33,RJ,Sudeste,meta,1,0,59692.82,4974401,0,0,,
2023-08-14,33,MG,Sudeste,meta,0,0,74252.05,6187670,0,0,,
2023-08-14,33,ES,Sudeste,meta,0,0,13831.26,1152605,0,0,,
2023-08-14,33,PR,Sul,meta,1,0,40765.83,3397152,0,0,,
2023-08-14,33,SC,Sul,meta,0,0,26206.61,2183883,0,0,,
2023-08-14,33,RS,Sul,meta,1,0,40765.83,3397152,0,0,,
2023-08-14,33,BA,Nordeste,meta,0,0,52413.21,4367767,0,0,,
2023-08-14,33,CE,Nordeste,meta,1,0,32758.26,2729854,0,0,,
2023-08-14,33,PE,Nordeste,meta,0,0,34942.14,2911845,0,0,,
2023-08-14,33,MA,Nordeste,meta,0,0,24750.68,2062556,0,0,,
2023-08-14,33,PB,Nordeste,meta,0,0,14559.23,1213268,0,0,,
2023-08-14,33,RN,Nordeste,meta,0,0,13103.3,1091941,0,0,,
2023-08-14,33,AL,Nordeste,meta,0,0,11647.38,970615,0,0,,
2023-08-14,33,SE,Nordeste,meta,0,0,8007.57,667297,0,0,,
2023-08-14,33,PI,Nordeste,meta,0,0,11647.38,970615,0,0,,
2023-08-14,33,GO,Centro-Oeste,meta,0,0,24022.72,2001893,0,0,,
2023-08-14,33,MT,Centro-Oeste,meta,0,0,12375.34,1031278,0,0,,
2023-08-14,33,MS,Centro-Oeste,meta,0,0,9463.5,788624,0,0,,
2023-08-14,33,DF,Centro-Oeste,meta,0,0,10191.46,849288,0,0,,
2023-08-14,33,AM,Norte,meta,0,0,14559.23,1213268,0,0,,
2023-08-14,33,PA,Norte,meta,0,0,30574.37,2547864,0,0,,
2023-08-14,33,RO,Norte,meta,0,0,5823.69,485307,0,0,,
2023-08-14,33,AC,Norte,meta,0,0,2911.85,242653,0,0,,
2023-08-14,33,RR,Norte,meta,0,0,2183.88,181990,0,0,,
2023-08-14,33,AP,Norte,meta,0,0,2911.85,242653,0,0,,
2023-08-14,33,TO,Norte,meta,0,0,5095.73,424644,0,0,,
2023-08-14,33,SP,Sudeste,search,1,0,113353.97,14169245,0,0,,
2023-08-14,33,RJ,Sudeste,search,1,0,42637.73,5329716,0,0,,
2023-08-14,33,MG,Sudeste,search,0,0,53037.18,6629647,0,0,,
2023-08-14,33,ES,Sudeste,search,0,0,9879.47,1234934,0,0,,
2023-08-14,33,PR,Sul,search,1,0,29118.45,3639806,0,0,,
2023-08-14,33,SC,Sul,search,0,0,18719.0,2339875,0,0,,
2023-08-14,33,RS,Sul,search,1,0,29118.45,3639806,0,0,,
2023-08-14,33,BA,Nordeste,search,0,0,37438.01,4679750,0,0,,
2023-08-14,33,CE,Nordeste,search,1,0,23398.75,2924844,0,0,,
2023-08-14,33,PE,Nordeste,search,0,0,24958.67,3119833,0,0,,
2023-08-14,33,MA,Nordeste,search,0,0,17679.06,2209882,0,0,,
2023-08-14,33,PB,Nordeste,search,0,0,10399.45,1299930,1,0,10399.45,
2023-08-14,33,RN,Nordeste,search,0,0,9359.5,1169937,0,0,,
2023-08-14,33,AL,Nordeste,search,0,0,8319.56,1039944,0,0,,
2023-08-14,33,SE,Nordeste,search,0,0,5719.7,714961,0,0,,
2023-08-14,33,PI,Nordeste,search,0,0,8319.56,1039944,0,0,,
2023-08-14,33,GO,Centro-Oeste,search,0,0,17159.09,2144885,0,0,,
2023-08-14,33,MT,Centro-Oeste,search,0,0,8839.53,1104941,0,0,,
2023-08-14,33,MS,Centro-Oeste,search,0,0,6759.64,844955,0,0,,
2023-08-14,33,DF,Centro-Oeste,search,0,0,7279.61,909951,0,0,,
2023-08-14,33,AM,Norte,search,0,0,10399.45,1299930,0,0,,
2023-08-14,33,PA,Norte,search,0,0,21838.84,2729854,0,0,,
2023-08-14,33,RO,Norte,search,0,0,4159.78,519972,0,0,,
2023-08-14,33,AC,Norte,search,0,0,2079.89,259986,0,0,,
2023-08-14,33,RR,Norte,search,0,0,1559.92,194989,0,0,,
2023-08-14,33,AP,Norte,search,0,0,2079.89,259986,0,0,,
2023-08-14,33,TO,Norte,search,0,0,3639.81,454975,0,0,,
2023-08-21,34,SP,Sudeste,youtube,1,0,163716.54,9095363,0,0,,
2023-08-21,34,RJ,Sudeste,youtube,1,0,61581.45,3421191,0,0,,
2023-08-21,34,MG,Sudeste,youtube,0,0,76601.32,4255628,0,0,,
2023-08-21,34,ES,Sudeste,youtube,0,0,14268.87,792715,0,0,,
2023-08-21,34,PR,Sul,youtube,1,0,42055.63,2336423,0,0,,
2023-08-21,34,SC,Sul,youtube,0,0,27035.76,1501986,0,0,,
2023-08-21,34,RS,Sul,youtube,1,0,42055.63,2336423,0,0,,
2023-08-21,34,BA,Nordeste,youtube,0,0,54071.52,3003973,0,0,,
2023-08-21,34,CE,Nordeste,youtube,1,0,33794.7,1877483,0,0,,
2023-08-21,34,PE,Nordeste,youtube,0,0,36047.68,2002648,1,0,36047.68,
2023-08-21,34,MA,Nordeste,youtube,0,0,25533.77,1418542,0,0,,
2023-08-21,34,PB,Nordeste,youtube,0,0,15019.87,834437,0,0,,
2023-08-21,34,RN,Nordeste,youtube,0,0,13517.88,750993,0,0,,
2023-08-21,34,AL,Nordeste,youtube,0,0,12015.89,667549,0,0,,
2023-08-21,34,SE,Nordeste,youtube,0,0,8260.93,458940,0,0,,
2023-08-21,34,PI,Nordeste,youtube,0,0,12015.89,667549,0,0,,
2023-08-21,34,GO,Centro-Oeste,youtube,0,0,24782.78,1376821,0,0,,
2023-08-21,34,MT,Centro-Oeste,youtube,0,0,12766.89,709271,0,0,,
2023-08-21,34,MS,Centro-Oeste,youtube,0,0,9762.91,542384,0,0,,
2023-08-21,34,DF,Centro-Oeste,youtube,0,0,10513.91,584105,0,0,,
2023-08-21,34,AM,Norte,youtube,0,0,15019.87,834437,0,0,,
2023-08-21,34,PA,Norte,youtube,0,0,31541.72,1752317,0,0,,
2023-08-21,34,RO,Norte,youtube,0,0,6007.95,333774,0,0,,
2023-08-21,34,AC,Norte,youtube,0,0,3003.97,166887,0,0,,
2023-08-21,34,RR,Norte,youtube,0,0,2252.98,125165,0,0,,
2023-08-21,34,AP,Norte,youtube,0,0,3003.97,166887,0,0,,
2023-08-21,34,TO,Norte,youtube,0,0,5256.95,292052,0,0,,
2023-08-21,34,SP,Sudeste,meta,1,0,143251.97,11937664,0,0,,
2023-08-21,34,RJ,Sudeste,meta,1,0,53883.77,4490314,0,0,,
2023-08-21,34,MG,Sudeste,meta,0,0,67026.15,5585512,0,0,,
2023-08-21,34,ES,Sudeste,meta,0,0,12485.26,1040438,1,0,12485.26,
2023-08-21,34,PR,Sul,meta,1,0,36798.67,3066555,0,0,,
2023-08-21,34,SC,Sul,meta,0,0,23656.29,1971357,0,0,,
2023-08-21,34,RS,Sul,meta,1,0,36798.67,3066555,0,0,,
2023-08-21,34,BA,Nordeste,meta,0,0,47312.58,3942714,0,0,,
2023-08-21,34,CE,Nordeste,meta,1,0,29570.36,2464196,0,0,,
2023-08-21,34,PE,Nordeste,meta,0,0,31541.72,2628476,0,0,,
2023-08-21,34,MA,Nordeste,meta,0,0,22342.05,1861837,0,0,,
2023-08-21,34,PB,Nordeste,meta,0,0,13142.38,1095198,0,0,,
2023-08-21,34,RN,Nordeste,meta,0,0,11828.14,985678,0,0,,
2023-08-21,34,AL,Nordeste,meta,0,0,10513.91,876158,0,0,,
2023-08-21,34,SE,Nordeste,meta,0,0,7228.31,602359,0,0,,
2023-08-21,34,PI,Nordeste,meta,0,0,10513.91,876158,0,0,,
2023-08-21,34,GO,Centro-Oeste,meta,0,0,21684.93,1807077,0,0,,
2023-08-21,34,MT,Centro-Oeste,meta,0,0,11171.03,930918,0,0,,
2023-08-21,34,MS,Centro-Oeste,meta,0,0,8542.55,711879,0,0,,
2023-08-21,34,DF,Centro-Oeste,meta,0,0,9199.67,766638,0,0,,
2023-08-21,34,AM,Norte,meta,0,0,13142.38,1095198,0,0,,
2023-08-21,34,PA,Norte,meta,0,0,27599.0,2299916,0,0,,
2023-08-21,34,RO,Norte,meta,0,0,5256.95,438079,0,0,,
2023-08-21,34,AC,Norte,meta,0,0,2628.48,219039,0,0,,
2023-08-21,34,RR,Norte,meta,0,0,1971.36,164279,0,0,,
2023-08-21,34,AP,Norte,meta,0,0,2628.48,219039,0,0,,
2023-08-21,34,TO,Norte,meta,0,0,4599.83,383319,0,0,,
2023-08-21,34,SP,Sudeste,search,1,0,102322.84,12790354,0,0,,
2023-08-21,34,RJ,Sudeste,search,1,0,38488.41,4811050,0,0,,
2023-08-21,34,MG,Sudeste,search,0,0,47875.82,5984477,1,0,47875.82,
2023-08-21,34,ES,Sudeste,search,0,0,8918.05,1114755,0,0,,
2023-08-21,34,PR,Sul,search,1,0,26284.77,3285595,0,0,,
2023-08-21,34,SC,Sul,search,0,0,16897.35,2112168,0,0,,
2023-08-21,34,RS,Sul,search,1,0,26284.77,3285595,0,0,,
2023-08-21,34,BA,Nordeste,search,0,0,33794.7,4224337,0,0,,
2023-08-21,34,CE,Nordeste,search,1,0,21121.69,2640210,0,0,,
2023-08-21,34,PE,Nordeste,search,0,0,22529.8,2816224,0,0,,
2023-08-21,34,MA,Nordeste,search,0,0,15958.61,1994825,0,0,,
2023-08-21,34,PB,Nordeste,search,0,0,9387.42,1173427,1,0,9387.42,
2023-08-21,34,RN,Nordeste,search,0,0,8448.67,1056084,0,0,,
2023-08-21,34,AL,Nordeste,search,0,0,7509.93,938741,0,0,,
2023-08-21,34,SE,Nordeste,search,0,0,5163.08,645384,0,0,,
2023-08-21,34,PI,Nordeste,search,0,0,7509.93,938741,0,0,,
2023-08-21,34,GO,Centro-Oeste,search,0,0,15489.24,1936154,0,0,,
2023-08-21,34,MT,Centro-Oeste,search,0,0,7979.3,997412,0,0,,
2023-08-21,34,MS,Centro-Oeste,search,0,0,6101.82,762727,0,0,,
2023-08-21,34,DF,Centro-Oeste,search,0,0,6571.19,821398,0,0,,
2023-08-21,34,AM,Norte,search,0,0,9387.42,1173427,0,0,,
2023-08-21,34,PA,Norte,search,0,0,19713.57,2464196,0,0,,
2023-08-21,34,RO,Norte,search,0,0,3754.97,469370,0,0,,
2023-08-21,34,AC,Norte,search,0,0,1877.48,234685,0,0,,
2023-08-21,34,RR,Norte,search,0,0,1408.11,176014,0,0,,
2023-08-21,34,AP,Norte,search,0,0,1877.48,234685,0,0,,
2023-08-21,34,TO,Norte,search,0,0,3285.6,410699,0,0,,
2023-08-28,35,SP,Sudeste,youtube,1,0,210473.67,11692981,0,0,,
2023-08-28,35,RJ,Sudeste,youtube,1,0,79168.99,4398277,0,0,,
2023-08-28,35,MG,Sudeste,youtube,0,0,98478.51,5471028,0,0,,
2023-08-28,35,ES,Sudeste,youtube,0,0,18344.04,1019113,0,0,,
2023-08-28,35,PR,Sul,youtube,1,0,54066.63,3003701,0,0,,
2023-08-28,35,SC,Sul,youtube,0,0,34757.12,1930951,0,0,,
2023-08-28,35,RS,Sul,youtube,1,0,54066.63,3003701,0,0,,
2023-08-28,35,BA,Nordeste,youtube,0,0,69514.24,3861902,0,0,,
2023-08-28,35,CE,Nordeste,youtube,1,0,43446.4,2413688,0,0,,
2023-08-28,35,PE,Nordeste,youtube,0,0,46342.83,2574601,0,0,,
2023-08-28,35,MA,Nordeste,youtube,0,0,32826.17,1823676,0,0,,
2023-08-28,35,PB,Nordeste,youtube,0,0,19309.51,1072750,0,0,,
2023-08-28,35,RN,Nordeste,youtube,0,0,17378.56,965475,0,0,,
2023-08-28,35,AL,Nordeste,youtube,0,0,15447.61,858200,0,0,,
2023-08-28,35,SE,Nordeste,youtube,0,0,10620.23,590012,0,0,,
2023-08-28,35,PI,Nordeste,youtube,0,0,15447.61,858200,0,0,,
2023-08-28,35,GO,Centro-Oeste,youtube,0,0,31860.69,1770038,0,0,,
2023-08-28,35,MT,Centro-Oeste,youtube,0,0,16413.08,911838,0,0,,
2023-08-28,35,MS,Centro-Oeste,youtube,0,0,12551.18,697287,0,0,,
2023-08-28,35,DF,Centro-Oeste,youtube,0,0,13516.66,750925,0,0,,
2023-08-28,35,AM,Norte,youtube,0,0,19309.51,1072750,0,0,,
2023-08-28,35,PA,Norte,youtube,0,0,40549.97,2252776,0,0,,
2023-08-28,35,RO,Norte,youtube,0,0,7723.8,429100,0,0,,
2023-08-28,35,AC,Norte,youtube,0,0,3861.9,214550,0,0,,
2023-08-28,35,RR,Norte,youtube,0,0,2896.43,160912,0,0,,
2023-08-28,35,AP,Norte,youtube,0,0,3861.9,214550,0,0,,
2023-08-28,35,TO,Norte,youtube,0,0,6758.33,375462,0,0,,
2023-08-28,35,SP,Sudeste,meta,1,0,184164.46,15347038,1,0,184164.46,
2023-08-28,35,RJ,Sudeste,meta,1,0,69272.87,5772739,0,0,,
2023-08-28,35,MG,Sudeste,meta,0,0,86168.69,7180724,1,0,86168.69,
2023-08-28,35,ES,Sudeste,meta,0,0,16051.03,1337585,0,0,,
2023-08-28,35,PR,Sul,meta,1,0,47308.3,3942358,0,0,,
2023-08-28,35,SC,Sul,meta,0,0,30412.48,2534373,0,0,,
2023-08-28,35,RS,Sul,meta,1,0,47308.3,3942358,0,0,,
2023-08-28,35,BA,Nordeste,meta,0,0,60824.96,5068746,0,0,,
2023-08-28,35,CE,Nordeste,meta,1,0,38015.6,3167966,0,0,,
2023-08-28,35,PE,Nordeste,meta,0,0,40549.97,3379164,0,0,,
2023-08-28,35,MA,Nordeste,meta,0,0,28722.9,2393574,0,0,,
2023-08-28,35,PB,Nordeste,meta,0,0,16895.82,1407985,1,0,16895.82,
2023-08-28,35,RN,Nordeste,meta,0,0,15206.24,1267186,0,0,,
2023-08-28,35,AL,Nordeste,meta,0,0,13516.66,1126388,0,0,,
2023-08-28,35,SE,Nordeste,meta,0,0,9292.7,774391,0,0,,
2023-08-28,35,PI,Nordeste,meta,0,0,13516.66,1126388,1,0,13516.66,
2023-08-28,35,GO,Centro-Oeste,meta,0,0,27878.11,2323175,0,0,,
2023-08-28,35,MT,Centro-Oeste,meta,0,0,14361.45,1196787,0,0,,
2023-08-28,35,MS,Centro-Oeste,meta,0,0,10982.28,915190,0,0,,
2023-08-28,35,DF,Centro-Oeste,meta,0,0,11827.08,985589,0,0,,
2023-08-28,35,AM,Norte,meta,0,0,16895.82,1407985,1,0,16895.82,
2023-08-28,35,PA,Norte,meta,0,0,35481.23,2956768,0,0,,
2023-08-28,35,RO,Norte,meta,0,0,6758.33,563194,0,0,,
2023-08-28,35,AC,Norte,meta,0,0,3379.16,281597,0,0,,
2023-08-28,35,RR,Norte,meta,0,0,2534.37,211197,0,0,,
2023-08-28,35,AP,Norte,meta,0,0,3379.16,281597,0,0,,
2023-08-28,35,TO,Norte,meta,0,0,5913.54,492794,0,0,,
2023-08-28,35,SP,Sudeste,search,1,0,131546.04,16443255,0,0,,
2023-08-28,35,RJ,Sudeste,search,1,0,49480.62,6185077,0,0,,
2023-08-28,35,MG,Sudeste,search,0,0,61549.07,7693633,0,0,,
2023-08-28,35,ES,Sudeste,search,0,0,11465.02,1433127,0,0,,
2023-08-28,35,PR,Sul,search,1,0,33791.64,4223955,0,0,,
2023-08-28,35,SC,Sul,search,0,0,21723.2,2715399,0,0,,
2023-08-28,35,RS,Sul,search,1,0,33791.64,4223955,0,0,,
2023-08-28,35,BA,Nordeste,search,0,0,43446.4,5430799,0,0,,
2023-08-28,35,CE,Nordeste,search,1,0,27154.0,3394249,1,0,27154.0,
2023-08-28,35,PE,Nordeste,search,0,0,28964.27,3620533,1,0,28964.27,
2023-08-28,35,MA,Nordeste,search,0,0,20516.36,2564544,0,0,,
2023-08-28,35,PB,Nordeste,search,0,0,12068.44,1508555,0,0,,
2023-08-28,35,RN,Nordeste,search,0,0,10861.6,1357699,0,0,,
2023-08-28,35,AL,Nordeste,search,0,0,9654.76,1206844,0,0,,
2023-08-28,35,SE,Nordeste,search,0,0,6637.64,829705,0,0,,
2023-08-28,35,PI,Nordeste,search,0,0,9654.76,1206844,0,0,,
2023-08-28,35,GO,Centro-Oeste,search,0,0,19912.93,2489116,0,0,,
2023-08-28,35,MT,Centro-Oeste,search,0,0,10258.18,1282272,0,0,,
2023-08-28,35,MS,Centro-Oeste,search,0,0,7844.49,980561,1,0,7844.49,
2023-08-28,35,DF,Centro-Oeste,search,0,0,8447.91,1055988,0,0,,
2023-08-28,35,AM,Norte,search,0,0,12068.44,1508555,0,0,,
2023-08-28,35,PA,Norte,search,0,0,25343.73,3167966,0,0,,
2023-08-28,35,RO,Norte,search,0,0,4827.38,603422,0,0,,
2023-08-28,35,AC,Norte,search,0,0,2413.69,301711,0,0,,
2023-08-28,35,RR,Norte,search,0,0,1810.27,226283,0,0,,
2023-08-28,35,AP,Norte,search,0,0,2413.69,301711,0,0,,
2023-08-28,35,TO,Norte,search,0,0,4223.96,527994,0,0,,
2023-09-04,36,SP,Sudeste,youtube,1,0,235032.68,13057371,0,0,,
2023-09-04,36,RJ,Sudeste,youtube,1,0,88406.79,4911488,0,0,,
2023-09-04,36,MG,Sudeste,youtube,0,0,109969.42,6109412,0,0,,
2023-09-04,36,ES,Sudeste,youtube,0,0,20484.5,1138027,0,0,,
2023-09-04,36,PR,Sul,youtube,1,0,60375.37,3354187,0,0,,
2023-09-04,36,SC,Sul,youtube,0,0,38812.74,2156263,0,0,,
2023-09-04,36,RS,Sul,youtube,1,0,60375.37,3354187,0,0,,
2023-09-04,36,BA,Nordeste,youtube,0,0,77625.47,4312526,0,0,,
2023-09-04,36,CE,Nordeste,youtube,1,0,48515.92,2695328,0,0,,
2023-09-04,36,PE,Nordeste,youtube,0,0,51750.32,2875017,0,0,,
2023-09-04,36,MA,Nordeste,youtube,0,0,36656.47,2036470,0,0,,
2023-09-04,36,PB,Nordeste,youtube,0,0,21562.63,1197923,0,0,,
2023-09-04,36,RN,Nordeste,youtube,0,0,19406.37,1078131,0,0,,
2023-09-04,36,AL,Nordeste,youtube,0,0,17250.11,958339,0,0,,
2023-09-04,36,SE,Nordeste,youtube,0,0,11859.45,658858,0,0,,
2023-09-04,36,PI,Nordeste,youtube,0,0,17250.11,958339,0,0,,
2023-09-04,36,GO,Centro-Oeste,youtube,0,0,35578.34,1976574,0,0,,
2023-09-04,36,MT,Centro-Oeste,youtube,0,0,18328.24,1018235,0,0,,
2023-09-04,36,MS,Centro-Oeste,youtube,0,0,14015.71,778650,0,0,,
2023-09-04,36,DF,Centro-Oeste,youtube,0,0,15093.84,838546,0,0,,
2023-09-04,36,AM,Norte,youtube,0,0,21562.63,1197923,0,0,,
2023-09-04,36,PA,Norte,youtube,0,0,45281.53,2515640,0,0,,
2023-09-04,36,RO,Norte,youtube,0,0,8625.05,479169,0,0,,
2023-09-04,36,AC,Norte,youtube,0,0,4312.53,239584,0,0,,
2023-09-04,36,RR,Norte,youtube,0,0,3234.39,179688,0,0,,
2023-09-04,36,AP,Norte,youtube,0,0,4312.53,239584,0,0,,
2023-09-04,36,TO,Norte,youtube,0,0,7546.92,419273,0,0,,
2023-09-04,36,SP,Sudeste,meta,1,0,205653.6,17137799,0,0,,
2023-09-04,36,RJ,Sudeste,meta,1,0,77355.94,6446328,1,0,77355.94,
2023-09-04,36,MG,Sudeste,meta,0,0,96223.24,8018603,0,0,,
2023-09-04,36,ES,Sudeste,meta,0,0,17923.94,1493661,0,0,,
2023-09-04,36,PR,Sul,meta,1,0,52828.45,4402370,0,0,,
2023-09-04,36,SC,Sul,meta,0,0,33961.14,2830095,0,0,,
2023-09-04,36,RS,Sul,meta,1,0,52828.45,4402370,0,0,,
2023-09-04,36,BA,Nordeste,meta,0,0,67922.29,5660190,0,0,,
2023-09-04,36,CE,Nordeste,meta,1,0,42451.43,3537619,0,0,,
2023-09-04,36,PE,Nordeste,meta,0,0,45281.53,3773460,0,0,,
2023-09-04,36,MA,Nordeste,meta,0,0,32074.41,2672867,0,0,,
2023-09-04,36,PB,Nordeste,meta,0,0,18867.3,1572275,0,0,,
2023-09-04,36,RN,Nordeste,meta,0,0,16980.57,1415047,0,0,,
2023-09-04,36,AL,Nordeste,meta,0,0,15093.84,1257820,0,0,,
2023-09-04,36,SE,Nordeste,meta,0,0,10377.02,864751,0,0,,
2023-09-04,36,PI,Nordeste,meta,0,0,15093.84,1257820,1,0,15093.84,
2023-09-04,36,GO,Centro-Oeste,meta,0,0,31131.05,2594254,0,0,,
2023-09-04,36,MT,Centro-Oeste,meta,0,0,16037.21,1336433,0,0,,
2023-09-04,36,MS,Centro-Oeste,meta,0,0,12263.75,1021978,1,0,12263.75,
2023-09-04,36,DF,Centro-Oeste,meta,0,0,13207.11,1100592,0,0,,
2023-09-04,36,AM,Norte,meta,0,0,18867.3,1572275,0,0,,
2023-09-04,36,PA,Norte,meta,0,0,39621.34,3301777,0,0,,
2023-09-04,36,RO,Norte,meta,0,0,7546.92,628910,0,0,,
2023-09-04,36,AC,Norte,meta,0,0,3773.46,314455,1,0,3773.46,
2023-09-04,36,RR,Norte,meta,0,0,2830.1,235841,0,0,,
2023-09-04,36,AP,Norte,meta,0,0,3773.46,314455,0,0,,
2023-09-04,36,TO,Norte,meta,0,0,6603.56,550296,0,0,,
2023-09-04,36,SP,Sudeste,search,1,0,146895.43,18361928,0,0,,
2023-09-04,36,RJ,Sudeste,search,1,0,55254.24,6906780,0,0,,
2023-09-04,36,MG,Sudeste,search,0,0,68730.89,8591360,0,0,,
2023-09-04,36,ES,Sudeste,search,0,0,12802.81,1600351,0,0,,
2023-09-04,36,PR,Sul,search,1,0,37734.6,4716825,1,0,37734.6,
2023-09-04,36,SC,Sul,search,0,0,24257.96,3032245,0,0,,
2023-09-04,36,RS,Sul,search,1,0,37734.6,4716825,1,0,37734.6,
2023-09-04,36,BA,Nordeste,search,0,0,48515.92,6064490,0,0,,
2023-09-04,36,CE,Nordeste,search,1,0,30322.45,3790306,0,0,,
2023-09-04,36,PE,Nordeste,search,0,0,32343.95,4042993,0,0,,
2023-09-04,36,MA,Nordeste,search,0,0,22910.3,2863786,0,0,,
2023-09-04,36,PB,Nordeste,search,0,0,13476.64,1684580,0,0,,
2023-09-04,36,RN,Nordeste,search,0,0,12128.98,1516122,0,0,,
2023-09-04,36,AL,Nordeste,search,0,0,10781.32,1347664,0,0,,
2023-09-04,36,SE,Nordeste,search,0,0,7412.15,926519,0,0,,
2023-09-04,36,PI,Nordeste,search,0,0,10781.32,1347664,0,0,,
2023-09-04,36,GO,Centro-Oeste,search,0,0,22236.46,2779557,0,0,,
2023-09-04,36,MT,Centro-Oeste,search,0,0,11455.15,1431893,0,0,,
2023-09-04,36,MS,Centro-Oeste,search,0,0,8759.82,1094977,0,0,,
2023-09-04,36,DF,Centro-Oeste,search,0,0,9433.65,1179206,0,0,,
2023-09-04,36,AM,Norte,search,0,0,13476.64,1684580,0,0,,
2023-09-04,36,PA,Norte,search,0,0,28300.95,3537619,0,0,,
2023-09-04,36,RO,Norte,search,0,0,5390.66,673832,0,0,,
2023-09-04,36,AC,Norte,search,0,0,2695.33,336916,0,0,,
2023-09-04,36,RR,Norte,search,0,0,2021.5,252687,0,0,,
2023-09-04,36,AP,Norte,search,0,0,2695.33,336916,0,0,,
2023-09-04,36,TO,Norte,search,0,0,4716.83,589603,0,0,,
2023-09-11,37,SP,Sudeste,youtube,1,0,204447.94,11358218,0,0,,
2023-09-11,37,RJ,Sudeste,youtube,1,0,76902.43,4272357,0,0,,
2023-09-11,37,MG,Sudeste,youtube,0,0,95659.13,5314395,1,0,95659.13,
2023-09-11,37,ES,Sudeste,youtube,0,0,17818.86,989936,0,0,,
2023-09-11,37,PR,Sul,youtube,1,0,52518.74,2917707,0,0,,
2023-09-11,37,SC,Sul,youtube,0,0,33762.04,1875669,0,0,,
2023-09-11,37,RS,Sul,youtube,1,0,52518.74,2917707,0,0,,
2023-09-11,37,BA,Nordeste,youtube,0,0,67524.09,3751338,0,0,,
2023-09-11,37,CE,Nordeste,youtube,1,0,42202.56,2344586,0,0,,
2023-09-11,37,PE,Nordeste,youtube,0,0,45016.06,2500892,0,0,,
2023-09-11,37,MA,Nordeste,youtube,0,0,31886.38,1771465,0,0,,
2023-09-11,37,PB,Nordeste,youtube,0,0,18756.69,1042038,0,0,,
2023-09-11,37,RN,Nordeste,youtube,0,0,16881.02,937834,0,0,,
2023-09-11,37,AL,Nordeste,youtube,0,0,15005.35,833630,0,0,,
2023-09-11,37,SE,Nordeste,youtube,0,0,10316.18,573121,0,0,,
2023-09-11,37,PI,Nordeste,youtube,0,0,15005.35,833630,0,0,,
2023-09-11,37,GO,Centro-Oeste,youtube,0,0,30948.54,1719363,0,0,,
2023-09-11,37,MT,Centro-Oeste,youtube,0,0,15943.19,885732,0,0,,
2023-09-11,37,MS,Centro-Oeste,youtube,0,0,12191.85,677324,0,0,,
2023-09-11,37,DF,Centro-Oeste,youtube,0,0,13129.68,729426,0,0,,
2023-09-11,37,AM,Norte,youtube,0,0,18756.69,1042038,0,0,,
2023-09-11,37,PA,Norte,youtube,0,0,39389.05,2188280,0,0,,
2023-09-11,37,RO,Norte,youtube,0,0,7502.68,416815,0,0,,
2023-09-11,37,AC,Norte,youtube,0,0,3751.34,208407,0,0,,
2023-09-11,37,RR,Norte,youtube,0,0,2813.5,156305,0,0,,
2023-09-11,37,AP,Norte,youtube,0,0,3751.34,208407,1,0,3751.34,
2023-09-11,37,TO,Norte,youtube,0,0,6564.84,364713,1,0,6564.84,
2023-09-11,37,SP,Sudeste,meta,1,0,178891.94,14907661,0,0,,
2023-09-11,37,RJ,Sudeste,meta,1,0,67289.63,5607469,0,0,,
2023-09-11,37,MG,Sudeste,meta,0,0,83701.74,6975144,0,0,,
2023-09-11,37,ES,Sudeste,meta,0,0,15591.5,1299291,0,0,,
2023-09-11,37,PR,Sul,meta,1,0,45953.89,3829491,0,0,,
2023-09-11,37,SC,Sul,meta,0,0,29541.79,2461815,0,0,,
2023-09-11,37,RS,Sul,meta,1,0,45953.89,3829491,0,0,,
2023-09-11,37,BA,Nordeste,meta,0,0,59083.58,4923631,0,0,,
2023-09-11,37,CE,Nordeste,meta,1,0,36927.24,3077269,0,0,,
2023-09-11,37,PE,Nordeste,meta,0,0,39389.05,3282420,0,0,,
2023-09-11,37,MA,Nordeste,meta,0,0,27900.58,2325048,0,0,,
2023-09-11,37,PB,Nordeste,meta,0,0,16412.11,1367675,0,0,,
2023-09-11,37,RN,Nordeste,meta,0,0,14770.89,1230907,0,0,,
2023-09-11,37,AL,Nordeste,meta,0,0,13129.68,1094140,0,0,,
2023-09-11,37,SE,Nordeste,meta,0,0,9026.66,752221,0,0,,
2023-09-11,37,PI,Nordeste,meta,0,0,13129.68,1094140,1,0,13129.68,
2023-09-11,37,GO,Centro-Oeste,meta,0,0,27079.97,2256664,0,0,,
2023-09-11,37,MT,Centro-Oeste,meta,0,0,13950.29,1162524,0,0,,
2023-09-11,37,MS,Centro-Oeste,meta,0,0,10667.87,888989,0,0,,
2023-09-11,37,DF,Centro-Oeste,meta,0,0,11488.47,957372,0,0,,
2023-09-11,37,AM,Norte,meta,0,0,16412.11,1367675,0,0,,
2023-09-11,37,PA,Norte,meta,0,0,34465.42,2872118,0,0,,
2023-09-11,37,RO,Norte,meta,0,0,6564.84,547070,0,0,,
2023-09-11,37,AC,Norte,meta,0,0,3282.42,273535,0,0,,
2023-09-11,37,RR,Norte,meta,0,0,2461.82,205151,0,0,,
2023-09-11,37,AP,Norte,meta,0,0,3282.42,273535,0,0,,
2023-09-11,37,TO,Norte,meta,0,0,5744.24,478686,0,0,,
2023-09-11,37,SP,Sudeste,search,1,0,127779.96,15972494,0,0,,
2023-09-11,37,RJ,Sudeste,search,1,0,48064.02,6008002,0,0,,
2023-09-11,37,MG,Sudeste,search,0,0,59786.95,7473369,0,0,,
2023-09-11,37,ES,Sudeste,search,0,0,11136.79,1392098,0,0,,
2023-09-11,37,PR,Sul,search,1,0,32824.21,4103026,0,0,,
2023-09-11,37,SC,Sul,search,0,0,21101.28,2637659,0,0,,
2023-09-11,37,RS,Sul,search,1,0,32824.21,4103026,0,0,,
2023-09-11,37,BA,Nordeste,search,0,0,42202.56,5275319,0,0,,
2023-09-11,37,CE,Nordeste,search,1,0,26376.6,3297074,0,0,,
2023-09-11,37,PE,Nordeste,search,0,0,28135.04,3516879,0,0,,
2023-09-11,37,MA,Nordeste,search,0,0,19928.98,2491123,0,0,,
2023-09-11,37,PB,Nordeste,search,0,0,11722.93,1465366,0,0,,
2023-09-11,37,RN,Nordeste,search,0,0,10550.64,1318829,0,0,,
2023-09-11,37,AL,Nordeste,search,0,0,9378.35,1172293,0,0,,
2023-09-11,37,SE,Nordeste,search,0,0,6447.61,805951,0,0,,
2023-09-11,37,PI,Nordeste,search,0,0,9378.35,1172293,0,0,,
2023-09-11,37,GO,Centro-Oeste,search,0,0,19342.84,2417854,0,0,,
2023-09-11,37,MT,Centro-Oeste,search,0,0,9964.49,1245561,0,0,,
2023-09-11,37,MS,Centro-Oeste,search,0,0,7619.91,952488,0,0,,
2023-09-11,37,DF,Centro-Oeste,search,0,0,8206.05,1025756,0,0,,
2023-09-11,37,AM,Norte,search,0,0,11722.93,1465366,0,0,,
2023-09-11,37,PA,Norte,search,0,0,24618.16,3077269,0,0,,
2023-09-11,37,RO,Norte,search,0,0,4689.17,586146,0,0,,
2023-09-11,37,AC,Norte,search,0,0,2344.59,293073,0,0,,
2023-09-11,37,RR,Norte,search,0,0,1758.44,219804,0,0,,
2023-09-11,37,AP,Norte,search,0,0,2344.59,293073,0,0,,
2023-09-11,37,TO,Norte,search,0,0,4103.03,512878,0,0,,
2023-09-18,38,SP,Sudeste,youtube,1,0,181335.17,10074176,0,0,,
2023-09-18,38,RJ,Sudeste,youtube,1,0,68208.64,3789368,0,0,,
2023-09-18,38,MG,Sudeste,youtube,0,0,84844.9,4713605,0,0,,
2023-09-18,38,ES,Sudeste,youtube,0,0,15804.44,878024,0,0,,
2023-09-18,38,PR,Sul,youtube,1,0,46581.51,2587861,0,0,,
2023-09-18,38,SC,Sul,youtube,0,0,29945.26,1663625,0,0,,
2023-09-18,38,RS,Sul,youtube,1,0,46581.51,2587861,0,0,,
2023-09-18,38,BA,Nordeste,youtube,0,0,59890.52,3327250,0,0,,
2023-09-18,38,CE,Nordeste,youtube,1,0,37431.57,2079531,0,0,,
2023-09-18,38,PE,Nordeste,youtube,0,0,39927.01,2218167,1,0,39927.01,
2023-09-18,38,MA,Nordeste,youtube,0,0,28281.63,1571201,1,0,28281.63,
2023-09-18,38,PB,Nordeste,youtube,0,0,16636.25,924236,0,0,,
2023-09-18,38,RN,Nordeste,youtube,0,0,14972.63,831812,0,0,,
2023-09-18,38,AL,Nordeste,youtube,0,0,13309.0,739389,0,0,,
2023-09-18,38,SE,Nordeste,youtube,0,0,9149.94,508329,0,0,,
2023-09-18,38,PI,Nordeste,youtube,0,0,13309.0,739389,0,0,,
2023-09-18,38,GO,Centro-Oeste,youtube,0,0,27449.82,1524989,0,0,,
2023-09-18,38,MT,Centro-Oeste,youtube,0,0,14140.82,785600,0,0,,
2023-09-18,38,MS,Centro-Oeste,youtube,0,0,10813.57,600753,0,0,,
2023-09-18,38,DF,Centro-Oeste,youtube,0,0,11645.38,646965,0,0,,
2023-09-18,38,AM,Norte,youtube,0,0,16636.25,924236,0,0,,
2023-09-18,38,PA,Norte,youtube,0,0,34936.13,1940896,0,0,,
2023-09-18,38,RO,Norte,youtube,0,0,6654.5,369694,0,0,,
2023-09-18,38,AC,Norte,youtube,0,0,3327.25,184847,0,0,,
2023-09-18,38,RR,Norte,youtube,0,0,2495.44,138635,0,0,,
2023-09-18,38,AP,Norte,youtube,0,0,3327.25,184847,0,0,,
2023-09-18,38,TO,Norte,youtube,0,0,5822.69,323482,0,0,,
2023-09-18,38,SP,Sudeste,meta,1,0,158668.28,13222356,0,0,,
2023-09-18,38,RJ,Sudeste,meta,1,0,59682.56,4973546,0,0,,
2023-09-18,38,MG,Sudeste,meta,0,0,74239.28,6186607,0,0,,
2023-09-18,38,ES,Sudeste,meta,0,0,13828.89,1152407,0,0,,
2023-09-18,38,PR,Sul,meta,1,0,40758.82,3396568,0,0,,
2023-09-18,38,SC,Sul,meta,0,0,26202.1,2183508,0,0,,
2023-09-18,38,RS,Sul,meta,1,0,40758.82,3396568,0,0,,
2023-09-18,38,BA,Nordeste,meta,0,0,52404.2,4367016,0,0,,
2023-09-18,38,CE,Nordeste,meta,1,0,32752.63,2729385,0,0,,
2023-09-18,38,PE,Nordeste,meta,0,0,34936.13,2911344,0,0,,
2023-09-18,38,MA,Nordeste,meta,0,0,24746.43,2062202,0,0,,
2023-09-18,38,PB,Nordeste,meta,0,0,14556.72,1213060,0,0,,
2023-09-18,38,RN,Nordeste,meta,0,0,13101.05,1091754,0,0,,
2023-09-18,38,AL,Nordeste,meta,0,0,11645.38,970448,0,0,,
2023-09-18,38,SE,Nordeste,meta,0,0,8006.2,667183,0,0,,
2023-09-18,38,PI,Nordeste,meta,0,0,11645.38,970448,0,0,,
2023-09-18,38,GO,Centro-Oeste,meta,0,0,24018.59,2001549,0,0,,
2023-09-18,38,MT,Centro-Oeste,meta,0,0,12373.21,1031101,0,0,,
2023-09-18,38,MS,Centro-Oeste,meta,0,0,9461.87,788489,1,0,9461.87,
2023-09-18,38,DF,Centro-Oeste,meta,0,0,10189.71,849142,0,0,,
2023-09-18,38,AM,Norte,meta,0,0,14556.72,1213060,0,0,,
2023-09-18,38,PA,Norte,meta,0,0,30569.12,2547426,0,0,,
2023-09-18,38,RO,Norte,meta,0,0,5822.69,485224,0,0,,
2023-09-18,38,AC,Norte,meta,0,0,2911.34,242612,0,0,,
2023-09-18,38,RR,Norte,meta,0,0,2183.51,181959,0,0,,
2023-09-18,38,AP,Norte,meta,0,0,2911.34,242612,0,0,,
2023-09-18,38,TO,Norte,meta,0,0,5094.85,424571,0,0,,
2023-09-18,38,SP,Sudeste,search,1,0,113334.48,14166810,0,0,,
2023-09-18,38,RJ,Sudeste,search,1,0,42630.4,5328800,0,0,,
2023-09-18,38,MG,Sudeste,search,0,0,53028.06,6628507,0,0,,
2023-09-18,38,ES,Sudeste,search,0,0,9877.78,1234721,0,0,,
2023-09-18,38,PR,Sul,search,1,0,29113.44,3639180,0,0,,
2023-09-18,38,SC,Sul,search,0,0,18715.79,2339473,0,0,,
2023-09-18,38,RS,Sul,search,1,0,29113.44,3639180,0,0,,
2023-09-18,38,BA,Nordeste,search,0,0,37431.57,4678946,0,0,,
2023-09-18,38,CE,Nordeste,search,1,0,23394.73,2924341,0,0,,
2023-09-18,38,PE,Nordeste,search,0,0,24954.38,3119297,0,0,,
2023-09-18,38,MA,Nordeste,search,0,0,17676.02,2209502,0,0,,
2023-09-18,38,PB,Nordeste,search,0,0,10397.66,1299707,0,0,,
2023-09-18,38,RN,Nordeste,search,0,0,9357.89,1169736,0,0,,
2023-09-18,38,AL,Nordeste,search,0,0,8318.13,1039765,0,0,,
2023-09-18,38,SE,Nordeste,search,0,0,5718.71,714839,0,0,,
2023-09-18,38,PI,Nordeste,search,0,0,8318.13,1039765,0,0,,
2023-09-18,38,GO,Centro-Oeste,search,0,0,17156.14,2144517,0,0,,
2023-09-18,38,MT,Centro-Oeste,search,0,0,8838.01,1104751,0,0,,
2023-09-18,38,MS,Centro-Oeste,search,0,0,6758.48,844809,0,0,,
2023-09-18,38,DF,Centro-Oeste,search,0,0,7278.36,909795,0,0,,
2023-09-18,38,AM,Norte,search,0,0,10397.66,1299707,0,0,,
2023-09-18,38,PA,Norte,search,0,0,21835.08,2729385,0,0,,
2023-09-18,38,RO,Norte,search,0,0,4159.06,519882,0,0,,
2023-09-18,38,AC,Norte,search,0,0,2079.53,259941,0,0,,
2023-09-18,38,RR,Norte,search,0,0,1559.65,194956,0,0,,
2023-09-18,38,AP,Norte,search,0,0,2079.53,259941,0,0,,
2023-09-18,38,TO,Norte,search,0,0,3639.18,454897,0,0,,
2023-09-25,39,SP,Sudeste,youtube,1,0,161257.89,8958771,0,0,,
2023-09-25,39,RJ,Sudeste,youtube,1,0,60656.64,3369813,0,0,,
2023-09-25,39,MG,Sudeste,youtube,0,0,75450.94,4191718,0,0,,
2023-09-25,39,ES,Sudeste,youtube,0,0,14054.59,780810,0,0,,
2023-09-25,39,PR,Sul,youtube,1,0,41424.04,2301335,0,0,,
2023-09-25,39,SC,Sul,youtube,0,0,26629.74,1479430,0,0,,
2023-09-25,39,RS,Sul,youtube,1,0,41424.04,2301335,0,0,,
2023-09-25,39,BA,Nordeste,youtube,0,0,53259.49,2958860,0,0,,
2023-09-25,39,CE,Nordeste,youtube,1,0,33287.18,1849287,1,0,33287.18,
2023-09-25,39,PE,Nordeste,youtube,0,0,35506.32,1972573,0,0,,
2023-09-25,39,MA,Nordeste,youtube,0,0,25150.31,1397239,0,0,,
2023-09-25,39,PB,Nordeste,youtube,0,0,14794.3,821905,0,0,,
2023-09-25,39,RN,Nordeste,youtube,0,0,13314.87,739715,0,0,,
2023-09-25,39,AL,Nordeste,youtube,0,0,11835.44,657524,0,0,,
2023-09-25,39,SE,Nordeste,youtube,0,0,8136.87,452048,0,0,,
2023-09-25,39,PI,Nordeste,youtube,0,0,11835.44,657524,1,0,11835.44,
2023-09-25,39,GO,Centro-Oeste,youtube,0,0,24410.6,1356144,0,0,,
2023-09-25,39,MT,Centro-Oeste,youtube,0,0,12575.16,698619,0,0,,
2023-09-25,39,MS,Centro-Oeste,youtube,0,0,9616.3,534238,1,0,9616.3,
2023-09-25,39,DF,Centro-Oeste,youtube,0,0,10356.01,575333,0,0,,
2023-09-25,39,AM,Norte,youtube,0,0,14794.3,821905,0,0,,
2023-09-25,39,PA,Norte,youtube,0,0,31068.03,1726001,0,0,,
2023-09-25,39,RO,Norte,youtube,0,0,5917.72,328762,0,0,,
2023-09-25,39,AC,Norte,youtube,0,0,2958.86,164381,0,0,,
2023-09-25,39,RR,Norte,youtube,0,0,2219.15,123285,0,0,,
2023-09-25,39,AP,Norte,youtube,0,0,2958.86,164381,0,0,,
2023-09-25,39,TO,Norte,youtube,0,0,5178.01,287666,0,0,,
2023-09-25,39,SP,Sudeste,meta,1,0,141100.65,11758387,0,0,,
2023-09-25,39,RJ,Sudeste,meta,1,0,53074.56,4422879,0,0,,
2023-09-25,39,MG,Sudeste,meta,0,0,66019.57,5501630,0,0,,
2023-09-25,39,ES,Sudeste,meta,0,0,12297.76,1024813,0,0,,
2023-09-25,39,PR,Sul,meta,1,0,36246.04,3020503,0,0,,
2023-09-25,39,SC,Sul,meta,0,0,23301.03,1941752,0,0,,
2023-09-25,39,RS,Sul,meta,1,0,36246.04,3020503,0,0,,
2023-09-25,39,BA,Nordeste,meta,0,0,46602.05,3883504,0,0,,
2023-09-25,39,CE,Nordeste,meta,1,0,29126.28,2427190,0,0,,
2023-09-25,39,PE,Nordeste,meta,0,0,31068.03,2589002,0,0,,
2023-09-25,39,MA,Nordeste,meta,0,0,22006.52,1833876,0,0,,
2023-09-25,39,PB,Nordeste,meta,0,0,12945.01,1078751,0,0,,
2023-09-25,39,RN,Nordeste,meta,0,0,11650.51,970876,0,0,,
2023-09-25,39,AL,Nordeste,meta,0,0,10356.01,863000,0,0,,
2023-09-25,39,SE,Nordeste,meta,0,0,7119.76,593313,0,0,,
2023-09-25,39,PI,Nordeste,meta,0,0,10356.01,863000,0,0,,
2023-09-25,39,GO,Centro-Oeste,meta,0,0,21359.27,1779939,0,0,,
2023-09-25,39,MT,Centro-Oeste,meta,0,0,11003.26,916938,0,0,,
2023-09-25,39,MS,Centro-Oeste,meta,0,0,8414.26,701188,0,0,,
2023-09-25,39,DF,Centro-Oeste,meta,0,0,9061.51,755125,0,0,,
2023-09-25,39,AM,Norte,meta,0,0,12945.01,1078751,0,0,,
2023-09-25,39,PA,Norte,meta,0,0,27184.53,2265377,0,0,,
2023-09-25,39,RO,Norte,meta,0,0,5178.01,431500,0,0,,
2023-09-25,39,AC,Norte,meta,0,0,2589.0,215750,0,0,,
2023-09-25,39,RR,Norte,meta,0,0,1941.75,161812,0,0,,
2023-09-25,39,AP,Norte,meta,0,0,2589.0,215750,0,0,,
2023-09-25,39,TO,Norte,meta,0,0,4530.75,377562,0,0,,
2023-09-25,39,SP,Sudeste,search,1,0,100786.18,12598272,0,0,,
2023-09-25,39,RJ,Sudeste,search,1,0,37910.4,4738799,0,0,,
2023-09-25,39,MG,Sudeste,search,0,0,47156.84,5894604,0,0,,
2023-09-25,39,ES,Sudeste,search,0,0,8784.12,1098014,0,0,,
2023-09-25,39,PR,Sul,search,1,0,25890.03,3236253,0,0,,
2023-09-25,39,SC,Sul,search,0,0,16643.59,2080448,0,0,,
2023-09-25,39,RS,Sul,search,1,0,25890.03,3236253,0,0,,
2023-09-25,39,BA,Nordeste,search,0,0,33287.18,4160897,0,0,,
2023-09-25,39,CE,Nordeste,search,1,0,20804.49,2600560,0,0,,
2023-09-25,39,PE,Nordeste,search,0,0,22191.45,2773931,0,0,,
2023-09-25,39,MA,Nordeste,search,0,0,15718.95,1964868,0,0,,
2023-09-25,39,PB,Nordeste,search,0,0,9246.44,1155804,0,0,,
2023-09-25,39,RN,Nordeste,search,0,0,8321.79,1040224,0,0,,
2023-09-25,39,AL,Nordeste,search,0,0,7397.15,924643,0,0,,
2023-09-25,39,SE,Nordeste,search,0,0,5085.54,635692,0,0,,
2023-09-25,39,PI,Nordeste,search,0,0,7397.15,924643,0,0,,
2023-09-25,39,GO,Centro-Oeste,search,0,0,15256.62,1907077,0,0,,
2023-09-25,39,MT,Centro-Oeste,search,0,0,7859.47,982434,0,0,,
2023-09-25,39,MS,Centro-Oeste,search,0,0,6010.19,751273,0,0,,
2023-09-25,39,DF,Centro-Oeste,search,0,0,6472.51,809063,0,0,,
2023-09-25,39,AM,Norte,search,0,0,9246.44,1155804,0,0,,
2023-09-25,39,PA,Norte,search,0,0,19417.52,2427190,0,0,,
2023-09-25,39,RO,Norte,search,0,0,3698.58,462321,0,0,,
2023-09-25,39,AC,Norte,search,0,0,1849.29,231160,0,0,,
2023-09-25,39,RR,Norte,search,0,0,1386.97,173370,0,0,,
2023-09-25,39,AP,Norte,search,0,0,1849.29,231160,0,0,,
2023-09-25,39,TO,Norte,search,0,0,3236.25,404531,0,0,,
2023-10-02,40,SP,Sudeste,youtube,1,1,163378.85,9076602,340,234,480.53,698.2
2023-10-02,40,RJ,Sudeste,youtube,1,1,61454.43,3414134,93,66,660.8,931.13
2023-10-02,40,MG,Sudeste,youtube,0,1,76443.32,4246850,0,0,,
2023-10-02,40,ES,Sudeste,youtube,0,1,14239.44,791080,0,0,,
2023-10-02,40,PR,Sul,youtube,1,1,41968.88,2331604,77,40,545.05,1049.22
2023-10-02,40,SC,Sul,youtube,0,1,26979.99,1498888,0,0,,
2023-10-02,40,RS,Sul,youtube,1,1,41968.88,2331604,81,44,518.13,953.84
2023-10-02,40,BA,Nordeste,youtube,0,1,53959.99,2997777,0,0,,
2023-10-02,40,CE,Nordeste,youtube,1,1,33724.99,1873610,57,42,591.67,802.98
2023-10-02,40,PE,Nordeste,youtube,0,1,35973.32,1998518,0,0,,
2023-10-02,40,MA,Nordeste,youtube,0,1,25481.11,1415616,0,0,,
2023-10-02,40,PB,Nordeste,youtube,0,1,14988.89,832715,0,0,,
2023-10-02,40,RN,Nordeste,youtube,0,1,13490.0,749444,0,0,,
2023-10-02,40,AL,Nordeste,youtube,0,1,11991.11,666172,0,0,,
2023-10-02,40,SE,Nordeste,youtube,0,1,8243.89,457993,1,0,8243.89,
2023-10-02,40,PI,Nordeste,youtube,0,1,11991.11,666172,0,0,,
2023-10-02,40,GO,Centro-Oeste,youtube,0,1,24731.66,1373981,0,0,,
2023-10-02,40,MT,Centro-Oeste,youtube,0,1,12740.55,707808,0,0,,
2023-10-02,40,MS,Centro-Oeste,youtube,0,1,9742.78,541265,0,0,,
2023-10-02,40,DF,Centro-Oeste,youtube,0,1,10492.22,582901,0,0,,
2023-10-02,40,AM,Norte,youtube,0,1,14988.89,832715,0,0,,
2023-10-02,40,PA,Norte,youtube,0,1,31476.66,1748703,0,0,,
2023-10-02,40,RO,Norte,youtube,0,1,5995.55,333086,0,0,,
2023-10-02,40,AC,Norte,youtube,0,1,2997.78,166543,0,0,,
2023-10-02,40,RR,Norte,youtube,0,1,2248.33,124907,0,0,,
2023-10-02,40,AP,Norte,youtube,0,1,2997.78,166543,0,0,,
2023-10-02,40,TO,Norte,youtube,0,1,5246.11,291450,0,0,,
2023-10-02,40,SP,Sudeste,meta,1,1,142956.49,11913040,323,286,442.59,499.85
2023-10-02,40,RJ,Sudeste,meta,1,1,53772.63,4481052,157,86,342.5,625.26
2023-10-02,40,MG,Sudeste,meta,0,1,66887.9,5573991,0,0,,
2023-10-02,40,ES,Sudeste,meta,0,1,12459.51,1038292,0,0,,
2023-10-02,40,PR,Sul,meta,1,1,36722.77,3060230,90,65,408.03,564.97
2023-10-02,40,SC,Sul,meta,0,1,23607.49,1967291,0,0,,
2023-10-02,40,RS,Sul,meta,1,1,36722.77,3060230,82,50,447.84,734.46
2023-10-02,40,BA,Nordeste,meta,0,1,47214.99,3934582,0,0,,
2023-10-02,40,CE,Nordeste,meta,1,1,29509.37,2459113,78,33,378.33,894.22
2023-10-02,40,PE,Nordeste,meta,0,1,31476.66,2623054,0,0,,
2023-10-02,40,MA,Nordeste,meta,0,1,22295.97,1857997,0,0,,
2023-10-02,40,PB,Nordeste,meta,0,1,13115.27,1092939,0,0,,
2023-10-02,40,RN,Nordeste,meta,0,1,11803.75,983645,0,0,,
2023-10-02,40,AL,Nordeste,meta,0,1,10492.22,874351,0,0,,
2023-10-02,40,SE,Nordeste,meta,0,1,7213.4,601116,0,0,,
2023-10-02,40,PI,Nordeste,meta,0,1,10492.22,874351,0,0,,
2023-10-02,40,GO,Centro-Oeste,meta,0,1,21640.2,1803350,1,0,21640.2,
2023-10-02,40,MT,Centro-Oeste,meta,0,1,11147.98,928998,0,0,,
2023-10-02,40,MS,Centro-Oeste,meta,0,1,8524.93,710410,0,0,,
2023-10-02,40,DF,Centro-Oeste,meta,0,1,9180.69,765057,0,0,,
2023-10-02,40,AM,Norte,meta,0,1,13115.27,1092939,0,0,,
2023-10-02,40,PA,Norte,meta,0,1,27542.08,2295173,1,0,27542.08,
2023-10-02,40,RO,Norte,meta,0,1,5246.11,437175,0,0,,
2023-10-02,40,AC,Norte,meta,0,1,2623.05,218587,0,0,,
2023-10-02,40,RR,Norte,meta,0,1,1967.29,163940,0,0,,
2023-10-02,40,AP,Norte,meta,0,1,2623.05,218587,0,0,,
2023-10-02,40,TO,Norte,meta,0,1,4590.35,382528,0,0,,
2023-10-02,40,SP,Sudeste,search,1,1,102111.78,12763972,360,264,283.64,386.79
2023-10-02,40,RJ,Sudeste,search,1,1,38409.02,4801127,157,93,244.64,413.0
2023-10-02,40,MG,Sudeste,search,0,1,47777.07,5972133,0,0,,
2023-10-02,40,ES,Sudeste,search,0,1,8899.65,1112456,0,0,,
2023-10-02,40,PR,Sul,search,1,1,26230.55,3278818,101,68,259.71,385.74
2023-10-02,40,SC,Sul,search,0,1,16862.5,2107811,0,0,,
2023-10-02,40,RS,Sul,search,1,1,26230.55,3278818,116,55,226.13,476.92
2023-10-02,40,BA,Nordeste,search,0,1,33724.99,4215623,0,0,,
2023-10-02,40,CE,Nordeste,search,1,1,21078.12,2634764,88,54,239.52,390.34
2023-10-02,40,PE,Nordeste,search,0,1,22483.33,2810415,0,0,,
2023-10-02,40,MA,Nordeste,search,0,1,15925.69,1990711,0,0,,
2023-10-02,40,PB,Nordeste,search,0,1,9368.05,1171006,0,0,,
2023-10-02,40,RN,Nordeste,search,0,1,8431.25,1053905,0,0,,
2023-10-02,40,AL,Nordeste,search,0,1,7494.44,936805,0,0,,
2023-10-02,40,SE,Nordeste,search,0,1,5152.43,644053,0,0,,
2023-10-02,40,PI,Nordeste,search,0,1,7494.44,936805,0,0,,
2023-10-02,40,GO,Centro-Oeste,search,0,1,15457.29,1932160,0,0,,
2023-10-02,40,MT,Centro-Oeste,search,0,1,7962.85,995355,0,0,,
2023-10-02,40,MS,Centro-Oeste,search,0,1,6089.23,761154,0,0,,
2023-10-02,40,DF,Centro-Oeste,search,0,1,6557.64,819704,0,0,,
2023-10-02,40,AM,Norte,search,0,1,9368.05,1171006,0,0,,
2023-10-02,40,PA,Norte,search,0,1,19672.91,2459113,0,0,,
2023-10-02,40,RO,Norte,search,0,1,3747.22,468402,0,0,,
2023-10-02,40,AC,Norte,search,0,1,1873.61,234201,0,0,,
2023-10-02,40,RR,Norte,search,0,1,1405.21,175650,0,0,,
2023-10-02,40,AP,Norte,search,0,1,1873.61,234201,0,0,,
2023-10-02,40,TO,Norte,search,0,1,3278.82,409852,0,0,,
2023-10-09,41,SP,Sudeste,youtube,1,1,241259.45,13403302,240,187,1005.25,1290.16
2023-10-09,41,RJ,Sudeste,youtube,1,1,90748.97,5041609,130,87,698.07,1043.09
2023-10-09,41,MG,Sudeste,youtube,0,1,112882.86,6271270,0,0,,
2023-10-09,41,ES,Sudeste,youtube,0,1,21027.2,1168177,0,0,,
2023-10-09,41,PR,Sul,youtube,1,1,61974.91,3443050,81,46,765.12,1347.28
2023-10-09,41,SC,Sul,youtube,0,1,39841.01,2213389,0,0,,
2023-10-09,41,RS,Sul,youtube,1,1,61974.91,3443050,87,44,712.36,1408.52
2023-10-09,41,BA,Nordeste,youtube,0,1,79682.02,4426778,1,0,79682.02,
2023-10-09,41,CE,Nordeste,youtube,1,1,49801.26,2766736,58,38,858.64,1310.56
2023-10-09,41,PE,Nordeste,youtube,0,1,53121.35,2951185,1,0,53121.35,
2023-10-09,41,MA,Nordeste,youtube,0,1,37627.62,2090423,0,0,,
2023-10-09,41,PB,Nordeste,youtube,0,1,22133.89,1229660,0,0,,
2023-10-09,41,RN,Nordeste,youtube,0,1,19920.51,1106694,0,0,,
2023-10-09,41,AL,Nordeste,youtube,0,1,17707.12,983728,0,0,,
2023-10-09,41,SE,Nordeste,youtube,0,1,12173.64,676313,0,0,,
2023-10-09,41,PI,Nordeste,youtube,0,1,17707.12,983728,1,0,17707.12,
2023-10-09,41,GO,Centro-Oeste,youtube,0,1,36520.93,2028940,0,0,,
2023-10-09,41,MT,Centro-Oeste,youtube,0,1,18813.81,1045211,0,0,,
2023-10-09,41,MS,Centro-Oeste,youtube,0,1,14387.03,799279,0,0,,
2023-10-09,41,DF,Centro-Oeste,youtube,0,1,15493.73,860762,0,0,,
2023-10-09,41,AM,Norte,youtube,0,1,22133.89,1229660,0,0,,
2023-10-09,41,PA,Norte,youtube,0,1,46481.18,2582287,0,0,,
2023-10-09,41,RO,Norte,youtube,0,1,8853.56,491864,0,0,,
2023-10-09,41,AC,Norte,youtube,0,1,4426.78,245932,0,0,,
2023-10-09,41,RR,Norte,youtube,0,1,3320.08,184449,0,0,,
2023-10-09,41,AP,Norte,youtube,0,1,4426.78,245932,0,0,,
2023-10-09,41,TO,Norte,youtube,0,1,7746.86,430381,0,0,,
2023-10-09,41,SP,Sudeste,meta,1,1,211102.02,17591835,314,220,672.3,959.55
2023-10-09,41,RJ,Sudeste,meta,1,1,79405.35,6617112,154,69,515.62,1150.8
2023-10-09,41,MG,Sudeste,meta,0,1,98772.51,8231042,0,0,,
2023-10-09,41,ES,Sudeste,meta,0,1,18398.8,1533233,0,0,,
2023-10-09,41,PR,Sul,meta,1,1,54228.04,4519003,111,46,488.54,1178.87
2023-10-09,41,SC,Sul,meta,0,1,34860.88,2905073,0,0,,
2023-10-09,41,RS,Sul,meta,1,1,54228.04,4519003,117,67,463.49,809.37
2023-10-09,41,BA,Nordeste,meta,0,1,69721.77,5810147,0,0,,
2023-10-09,41,CE,Nordeste,meta,1,1,43576.11,3631342,84,44,518.76,990.37
2023-10-09,41,PE,Nordeste,meta,0,1,46481.18,3873431,0,0,,
2023-10-09,41,MA,Nordeste,meta,0,1,32924.17,2743680,0,0,,
2023-10-09,41,PB,Nordeste,meta,0,1,19367.16,1613929,0,0,,
2023-10-09,41,RN,Nordeste,meta,0,1,17430.44,1452536,0,0,,
2023-10-09,41,AL,Nordeste,meta,0,1,15493.73,1291143,0,0,,
2023-10-09,41,SE,Nordeste,meta,0,1,10651.94,887661,0,0,,
2023-10-09,41,PI,Nordeste,meta,0,1,15493.73,1291143,0,0,,
2023-10-09,41,GO,Centro-Oeste,meta,0,1,31955.81,2662984,0,0,,
2023-10-09,41,MT,Centro-Oeste,meta,0,1,16462.08,1371840,0,0,,
2023-10-09,41,MS,Centro-Oeste,meta,0,1,12588.65,1049054,0,0,,
2023-10-09,41,DF,Centro-Oeste,meta,0,1,13557.01,1129750,0,0,,
2023-10-09,41,AM,Norte,meta,0,1,19367.16,1613929,0,0,,
2023-10-09,41,PA,Norte,meta,0,1,40671.03,3389252,0,0,,
2023-10-09,41,RO,Norte,meta,0,1,7746.86,645571,0,0,,
2023-10-09,41,AC,Norte,meta,0,1,3873.43,322785,0,0,,
2023-10-09,41,RR,Norte,meta,0,1,2905.07,242089,0,0,,
2023-10-09,41,AP,Norte,meta,0,1,3873.43,322785,0,0,,
2023-10-09,41,TO,Norte,meta,0,1,6778.51,564875,0,0,,
2023-10-09,41,SP,Sudeste,search,1,1,150787.16,18848394,466,227,323.58,664.26
2023-10-09,41,RJ,Sudeste,search,1,1,56718.11,7089763,161,92,352.29,616.5
2023-10-09,41,MG,Sudeste,search,0,1,70551.79,8818973,0,0,,
2023-10-09,41,ES,Sudeste,search,0,1,13142.0,1642749,1,0,13142.0,
2023-10-09,41,PR,Sul,search,1,1,38734.32,4841789,94,55,412.07,704.26
2023-10-09,41,SC,Sul,search,0,1,24900.63,3112578,0,0,,
2023-10-09,41,RS,Sul,search,1,1,38734.32,4841789,94,60,412.07,645.57
2023-10-09,41,BA,Nordeste,search,0,1,49801.26,6225157,0,0,,
2023-10-09,41,CE,Nordeste,search,1,1,31125.79,3890723,88,51,353.7,610.31
2023-10-09,41,PE,Nordeste,search,0,1,33200.84,4150105,0,0,,
2023-10-09,41,MA,Nordeste,search,0,1,23517.26,2939657,0,0,,
2023-10-09,41,PB,Nordeste,search,0,1,13833.68,1729210,0,0,,
2023-10-09,41,RN,Nordeste,search,0,1,12450.32,1556289,0,0,,
2023-10-09,41,AL,Nordeste,search,0,1,11066.95,1383368,0,0,,
2023-10-09,41,SE,Nordeste,search,0,1,7608.53,951065,0,0,,
2023-10-09,41,PI,Nordeste,search,0,1,11066.95,1383368,0,0,,
2023-10-09,41,GO,Centro-Oeste,search,0,1,22825.58,2853197,0,0,,
2023-10-09,41,MT,Centro-Oeste,search,0,1,11758.63,1469828,0,0,,
2023-10-09,41,MS,Centro-Oeste,search,0,1,8991.89,1123986,0,0,,
2023-10-09,41,DF,Centro-Oeste,search,0,1,9683.58,1210447,0,0,,
2023-10-09,41,AM,Norte,search,0,1,13833.68,1729210,0,0,,
2023-10-09,41,PA,Norte,search,0,1,29050.74,3631342,0,0,,
2023-10-09,41,RO,Norte,search,0,1,5533.47,691684,0,0,,
2023-10-09,41,AC,Norte,search,0,1,2766.74,345842,0,0,,
2023-10-09,41,RR,Norte,search,0,1,2075.05,259381,0,0,,
2023-10-09,41,AP,Norte,search,0,1,2766.74,345842,1,0,2766.74,
2023-10-09,41,TO,Norte,search,0,1,4841.79,605223,0,0,,
2023-10-16,42,SP,Sudeste,youtube,1,1,174526.9,9695938,302,194,577.9,899.62
2023-10-16,42,RJ,Sudeste,youtube,1,1,65647.73,3647096,102,70,643.61,937.82
2023-10-16,42,MG,Sudeste,youtube,0,1,81659.37,4536631,0,0,,
2023-10-16,42,ES,Sudeste,youtube,0,1,15211.06,845058,0,0,,
2023-10-16,42,PR,Sul,youtube,1,1,44832.6,2490699,71,47,631.45,953.89
2023-10-16,42,SC,Sul,youtube,0,1,28820.96,1601164,0,0,,
2023-10-16,42,RS,Sul,youtube,1,1,44832.6,2490699,91,46,492.67,974.62
2023-10-16,42,BA,Nordeste,youtube,0,1,57641.91,3202328,0,0,,
2023-10-16,42,CE,Nordeste,youtube,1,1,36026.19,2001455,60,39,600.44,923.75
2023-10-16,42,PE,Nordeste,youtube,0,1,38427.94,2134885,0,0,,
2023-10-16,42,MA,Nordeste,youtube,0,1,27219.79,1512210,0,0,,
2023-10-16,42,PB,Nordeste,youtube,0,1,16011.64,889535,0,0,,
2023-10-16,42,RN,Nordeste,youtube,0,1,14410.48,800582,0,0,,
2023-10-16,42,AL,Nordeste,youtube,0,1,12809.31,711628,0,0,,
2023-10-16,42,SE,Nordeste,youtube,0,1,8806.4,489244,0,0,,
2023-10-16,42,PI,Nordeste,youtube,0,1,12809.31,711628,0,0,,
2023-10-16,42,GO,Centro-Oeste,youtube,0,1,26419.21,1467733,0,0,,
2023-10-16,42,MT,Centro-Oeste,youtube,0,1,13609.9,756105,0,0,,
2023-10-16,42,MS,Centro-Oeste,youtube,0,1,10407.57,578198,0,0,,
2023-10-16,42,DF,Centro-Oeste,youtube,0,1,11208.15,622674,0,0,,
2023-10-16,42,AM,Norte,youtube,0,1,16011.64,889535,1,0,16011.64,
2023-10-16,42,PA,Norte,youtube,0,1,33624.45,1868024,0,0,,
2023-10-16,42,RO,Norte,youtube,0,1,6404.66,355814,1,0,6404.66,
2023-10-16,42,AC,Norte,youtube,0,1,3202.33,177907,0,0,,
2023-10-16,42,RR,Norte,youtube,0,1,2401.75,133430,0,0,,
2023-10-16,42,AP,Norte,youtube,0,1,3202.33,177907,0,0,,
2023-10-16,42,TO,Norte,youtube,0,1,5604.07,311337,0,0,,
2023-10-16,42,SP,Sudeste,meta,1,1,152711.03,12725919,434,215,351.87,710.28
2023-10-16,42,RJ,Sudeste,meta,1,1,57441.77,4786813,137,84,419.28,683.83
2023-10-16,42,MG,Sudeste,meta,0,1,71451.95,5954329,0,0,,
2023-10-16,42,ES,Sudeste,meta,0,1,13309.68,1109139,0,0,,
2023-10-16,42,PR,Sul,meta,1,1,39228.52,3269043,100,51,392.29,769.19
2023-10-16,42,SC,Sul,meta,0,1,25218.34,2101527,0,0,,
2023-10-16,42,RS,Sul,meta,1,1,39228.52,3269043,105,54,373.6,726.45
2023-10-16,42,BA,Nordeste,meta,0,1,50436.67,4203055,0,0,,
2023-10-16,42,CE,Nordeste,meta,1,1,31522.92,2626909,89,39,354.19,808.28
2023-10-16,42,PE,Nordeste,meta,0,1,33624.45,2802037,0,0,,
2023-10-16,42,MA,Nordeste,meta,0,1,23817.32,1984776,0,0,,
2023-10-16,42,PB,Nordeste,meta,0,1,14010.19,1167515,0,0,,
2023-10-16,42,RN,Nordeste,meta,0,1,12609.17,1050763,0,0,,
2023-10-16,42,AL,Nordeste,meta,0,1,11208.15,934012,0,0,,
2023-10-16,42,SE,Nordeste,meta,0,1,7705.6,642133,0,0,,
2023-10-16,42,PI,Nordeste,meta,0,1,11208.15,934012,1,0,11208.15,
2023-10-16,42,GO,Centro-Oeste,meta,0,1,23116.81,1926400,0,0,,
2023-10-16,42,MT,Centro-Oeste,meta,0,1,11908.66,992388,0,0,,
2023-10-16,42,MS,Centro-Oeste,meta,0,1,9106.62,758885,0,0,,
2023-10-16,42,DF,Centro-Oeste,meta,0,1,9807.13,817260,0,0,,
2023-10-16,42,AM,Norte,meta,0,1,14010.19,1167515,0,0,,
2023-10-16,42,PA,Norte,meta,0,1,29421.39,2451782,0,0,,
2023-10-16,42,RO,Norte,meta,0,1,5604.07,467006,0,0,,
2023-10-16,42,AC,Norte,meta,0,1,2802.04,233503,0,0,,
2023-10-16,42,RR,Norte,meta,0,1,2101.53,175127,0,0,,
2023-10-16,42,AP,Norte,meta,0,1,2802.04,233503,0,0,,
2023-10-16,42,TO,Norte,meta,0,1,4903.57,408630,0,0,,
2023-10-16,42,SP,Sudeste,search,1,1,109079.31,13634913,410,277,266.05,393.79
2023-10-16,42,RJ,Sudeste,search,1,1,41029.83,5128728,151,97,271.72,422.99
2023-10-16,42,MG,Sudeste,search,0,1,51037.11,6379638,0,0,,
2023-10-16,42,ES,Sudeste,search,0,1,9506.91,1188364,0,0,,
2023-10-16,42,PR,Sul,search,1,1,28020.37,3502546,111,42,252.44,667.15
2023-10-16,42,SC,Sul,search,0,1,18013.1,2251637,0,0,,
2023-10-16,42,RS,Sul,search,1,1,28020.37,3502546,82,60,341.71,467.01
2023-10-16,42,BA,Nordeste,search,0,1,36026.19,4503274,0,0,,
2023-10-16,42,CE,Nordeste,search,1,1,22516.37,2814546,78,52,288.67,433.01
2023-10-16,42,PE,Nordeste,search,0,1,24017.46,3002182,0,0,,
2023-10-16,42,MA,Nordeste,search,0,1,17012.37,2126546,0,0,,
2023-10-16,42,PB,Nordeste,search,0,1,10007.28,1250909,1,0,10007.28,
2023-10-16,42,RN,Nordeste,search,0,1,9006.55,1125818,0,0,,
2023-10-16,42,AL,Nordeste,search,0,1,8005.82,1000727,0,0,,
2023-10-16,42,SE,Nordeste,search,0,1,5504.0,688000,0,0,,
2023-10-16,42,PI,Nordeste,search,0,1,8005.82,1000727,0,0,,
2023-10-16,42,GO,Centro-Oeste,search,0,1,16512.01,2064000,0,0,,
2023-10-16,42,MT,Centro-Oeste,search,0,1,8506.18,1063273,0,0,,
2023-10-16,42,MS,Centro-Oeste,search,0,1,6504.73,813091,0,0,,
2023-10-16,42,DF,Centro-Oeste,search,0,1,7005.09,875636,1,0,7005.09,
2023-10-16,42,AM,Norte,search,0,1,10007.28,1250909,0,0,,
2023-10-16,42,PA,Norte,search,0,1,21015.28,2626909,0,0,,
2023-10-16,42,RO,Norte,search,0,1,4002.91,500363,0,0,,
2023-10-16,42,AC,Norte,search,0,1,2001.46,250181,0,0,,
2023-10-16,42,RR,Norte,search,0,1,1501.09,187636,0,0,,
2023-10-16,42,AP,Norte,search,0,1,2001.46,250181,0,0,,
2023-10-16,42,TO,Norte,search,0,1,3502.55,437818,0,0,,
2023-10-23,43,SP,Sudeste,youtube,1,1,241654.0,13425222,301,205,802.84,1178.8
2023-10-23,43,RJ,Sudeste,youtube,1,1,90897.38,5049854,118,70,770.32,1298.53
2023-10-23,43,MG,Sudeste,youtube,0,1,113067.47,6281525,0,0,,
2023-10-23,43,ES,Sudeste,youtube,0,1,21061.59,1170088,0,0,,
2023-10-23,43,PR,Sul,youtube,1,1,62076.26,3448680,80,55,775.95,1128.66
2023-10-23,43,SC,Sul,youtube,0,1,39906.17,2217009,0,0,,
2023-10-23,43,RS,Sul,youtube,1,1,62076.26,3448680,79,44,785.78,1410.82
2023-10-23,43,BA,Nordeste,youtube,0,1,79812.33,4434018,0,0,,
2023-10-23,43,CE,Nordeste,youtube,1,1,49882.71,2771261,61,39,817.75,1279.04
2023-10-23,43,PE,Nordeste,youtube,0,1,53208.22,2956012,0,0,,
2023-10-23,43,MA,Nordeste,youtube,0,1,37689.16,2093841,1,0,37689.16,
2023-10-23,43,PB,Nordeste,youtube,0,1,22170.09,1231671,0,0,,
2023-10-23,43,RN,Nordeste,youtube,0,1,19953.08,1108504,0,0,,
2023-10-23,43,AL,Nordeste,youtube,0,1,17736.07,985337,0,0,,
2023-10-23,43,SE,Nordeste,youtube,0,1,12193.55,677419,0,0,,
2023-10-23,43,PI,Nordeste,youtube,0,1,17736.07,985337,0,0,,
2023-10-23,43,GO,Centro-Oeste,youtube,0,1,36580.65,2032258,0,0,,
2023-10-23,43,MT,Centro-Oeste,youtube,0,1,18844.58,1046920,0,0,,
2023-10-23,43,MS,Centro-Oeste,youtube,0,1,14410.56,800586,0,0,,
2023-10-23,43,DF,Centro-Oeste,youtube,0,1,15519.06,862170,0,0,,
2023-10-23,43,AM,Norte,youtube,0,1,22170.09,1231671,0,0,,
2023-10-23,43,PA,Norte,youtube,0,1,46557.19,2586510,0,0,,
2023-10-23,43,RO,Norte,youtube,0,1,8868.04,492668,0,0,,
2023-10-23,43,AC,Norte,youtube,0,1,4434.02,246334,0,0,,
2023-10-23,43,RR,Norte,youtube,0,1,3325.51,184750,0,0,,
2023-10-23,43,AP,Norte,youtube,0,1,4434.02,246334,0,0,,
2023-10-23,43,TO,Norte,youtube,0,1,7759.53,431085,0,0,,
2023-10-23,43,SP,Sudeste,meta,1,1,211447.25,17620604,373,228,566.88,927.4
2023-10-23,43,RJ,Sudeste,meta,1,1,79535.2,6627933,120,82,662.79,969.94
2023-10-23,43,MG,Sudeste,meta,0,1,98934.04,8244502,0,0,,
2023-10-23,43,ES,Sudeste,meta,0,1,18428.89,1535740,0,0,,
2023-10-23,43,PR,Sul,meta,1,1,54316.73,4526393,110,57,493.79,952.93
2023-10-23,43,SC,Sul,meta,0,1,34917.89,2909824,0,0,,
2023-10-23,43,RS,Sul,meta,1,1,54316.73,4526393,79,52,687.55,1044.55
2023-10-23,43,BA,Nordeste,meta,0,1,69835.79,5819649,0,0,,
2023-10-23,43,CE,Nordeste,meta,1,1,43647.37,3637280,67,46,651.45,948.86
2023-10-23,43,PE,Nordeste,meta,0,1,46557.19,3879766,0,0,,
2023-10-23,43,MA,Nordeste,meta,0,1,32978.01,2748167,0,0,,
2023-10-23,43,PB,Nordeste,meta,0,1,19398.83,1616569,0,0,,
2023-10-23,43,RN,Nordeste,meta,0,1,17458.95,1454912,0,0,,
2023-10-23,43,AL,Nordeste,meta,0,1,15519.06,1293255,1,0,15519.06,
2023-10-23,43,SE,Nordeste,meta,0,1,10669.36,889113,0,0,,
2023-10-23,43,PI,Nordeste,meta,0,1,15519.06,1293255,0,0,,
2023-10-23,43,GO,Centro-Oeste,meta,0,1,32008.07,2667339,0,0,,
2023-10-23,43,MT,Centro-Oeste,meta,0,1,16489.01,1374083,0,0,,
2023-10-23,43,MS,Centro-Oeste,meta,0,1,12609.24,1050769,0,0,,
2023-10-23,43,DF,Centro-Oeste,meta,0,1,13579.18,1131598,0,0,,
2023-10-23,43,AM,Norte,meta,0,1,19398.83,1616569,0,0,,
2023-10-23,43,PA,Norte,meta,0,1,40737.54,3394795,0,0,,
2023-10-23,43,RO,Norte,meta,0,1,7759.53,646627,0,0,,
2023-10-23,43,AC,Norte,meta,0,1,3879.77,323313,0,0,,
2023-10-23,43,RR,Norte,meta,0,1,2909.82,242485,0,0,,
2023-10-23,43,AP,Norte,meta,0,1,3879.77,323313,0,0,,
2023-10-23,43,TO,Norte,meta,0,1,6789.59,565799,0,0,,
2023-10-23,43,SP,Sudeste,search,1,1,151033.75,18879218,432,228,349.62,662.43
2023-10-23,43,RJ,Sudeste,search,1,1,56810.86,7101357,170,73,334.18,778.23
2023-10-23,43,MG,Sudeste,search,0,1,70667.17,8833395,0,0,,
2023-10-23,43,ES,Sudeste,search,0,1,13163.49,1645436,0,0,,
2023-10-23,43,PR,Sul,search,1,1,38797.66,4849707,97,57,399.98,680.66
2023-10-23,43,SC,Sul,search,0,1,24941.35,3117669,0,0,,
2023-10-23,43,RS,Sul,search,1,1,38797.66,4849707,97,65,399.98,596.89
2023-10-23,43,BA,Nordeste,search,0,1,49882.71,6235338,0,0,,
2023-10-23,43,CE,Nordeste,search,1,1,31176.69,3897086,104,52,299.78,599.55
2023-10-23,43,PE,Nordeste,search,0,1,33255.14,4156892,1,0,33255.14,
2023-10-23,43,MA,Nordeste,search,0,1,23555.72,2944465,0,0,,
2023-10-23,43,PB,Nordeste,search,0,1,13856.31,1732038,0,0,,
2023-10-23,43,RN,Nordeste,search,0,1,12470.68,1558834,0,0,,
2023-10-23,43,AL,Nordeste,search,0,1,11085.05,1385630,0,0,,
2023-10-23,43,SE,Nordeste,search,0,1,7620.97,952621,0,0,,
2023-10-23,43,PI,Nordeste,search,0,1,11085.05,1385630,0,0,,
2023-10-23,43,GO,Centro-Oeste,search,0,1,22862.91,2857863,0,0,,
2023-10-23,43,MT,Centro-Oeste,search,0,1,11777.86,1472232,0,0,,
2023-10-23,43,MS,Centro-Oeste,search,0,1,9006.6,1125824,0,0,,
2023-10-23,43,DF,Centro-Oeste,search,0,1,9699.42,1212426,0,0,,
2023-10-23,43,AM,Norte,search,0,1,13856.31,1732038,0,0,,
2023-10-23,43,PA,Norte,search,0,1,29098.25,3637280,0,0,,
2023-10-23,43,RO,Norte,search,0,1,5542.52,692815,0,0,,
2023-10-23,43,AC,Norte,search,0,1,2771.26,346407,0,0,,
2023-10-23,43,RR,Norte,search,0,1,2078.45,259805,0,0,,
2023-10-23,43,AP,Norte,search,0,1,2771.26,346407,0,0,,
2023-10-23,43,TO,Norte,search,0,1,4849.71,606213,0,0,,
2023-10-30,44,SP,Sudeste,youtube,1,1,239308.73,13294929,259,229,923.97,1045.02
2023-10-30,44,RJ,Sudeste,youtube,1,1,90015.21,5000845,118,58,762.84,1551.99
2023-10-30,44,MG,Sudeste,youtube,0,1,111970.14,6220563,0,0,,
2023-10-30,44,ES,Sudeste,youtube,0,1,20857.18,1158732,0,0,,
2023-10-30,44,PR,Sul,youtube,1,1,61473.8,3415211,79,53,778.15,1159.88
2023-10-30,44,SC,Sul,youtube,0,1,39518.87,2195492,0,0,,
2023-10-30,44,RS,Sul,youtube,1,1,61473.8,3415211,76,54,808.87,1138.4
2023-10-30,44,BA,Nordeste,youtube,0,1,79037.75,4390985,1,0,79037.75,
2023-10-30,44,CE,Nordeste,youtube,1,1,49398.59,2744366,77,33,641.54,1496.93
2023-10-30,44,PE,Nordeste,youtube,0,1,52691.83,2927323,0,0,,
2023-10-30,44,MA,Nordeste,youtube,0,1,37323.38,2073521,0,0,,
2023-10-30,44,PB,Nordeste,youtube,0,1,21954.93,1219718,0,0,,
2023-10-30,44,RN,Nordeste,youtube,0,1,19759.44,1097746,0,0,,
2023-10-30,44,AL,Nordeste,youtube,0,1,17563.94,975774,1,0,17563.94,
2023-10-30,44,SE,Nordeste,youtube,0,1,12075.21,670845,0,0,,
2023-10-30,44,PI,Nordeste,youtube,0,1,17563.94,975774,0,0,,
2023-10-30,44,GO,Centro-Oeste,youtube,0,1,36225.63,2012535,0,0,,
2023-10-30,44,MT,Centro-Oeste,youtube,0,1,18661.69,1036760,0,0,,
2023-10-30,44,MS,Centro-Oeste,youtube,0,1,14270.7,792816,0,0,,
2023-10-30,44,DF,Centro-Oeste,youtube,0,1,15368.45,853802,0,0,,
2023-10-30,44,AM,Norte,youtube,0,1,21954.93,1219718,0,0,,
2023-10-30,44,PA,Norte,youtube,0,1,46105.35,2561408,0,0,,
2023-10-30,44,RO,Norte,youtube,0,1,8781.97,487887,1,0,8781.97,
2023-10-30,44,AC,Norte,youtube,0,1,4390.99,243943,0,0,,
2023-10-30,44,RR,Norte,youtube,0,1,3293.24,182957,0,0,,
2023-10-30,44,AP,Norte,youtube,0,1,4390.99,243943,0,0,,
2023-10-30,44,TO,Norte,youtube,0,1,7684.23,426901,0,0,,
2023-10-30,44,SP,Sudeste,meta,1,1,209395.14,17449595,441,197,474.82,1062.92
2023-10-30,44,RJ,Sudeste,meta,1,1,78763.31,6563609,140,91,562.6,865.53
2023-10-30,44,MG,Sudeste,meta,0,1,97973.87,8164489,0,0,,
2023-10-30,44,ES,Sudeste,meta,0,1,18250.04,1520836,0,0,,
2023-10-30,44,PR,Sul,meta,1,1,53789.58,4482464,95,51,566.21,1054.7
2023-10-30,44,SC,Sul,meta,0,1,34579.01,2881584,0,0,,
2023-10-30,44,RS,Sul,meta,1,1,53789.58,4482464,82,63,655.97,853.8
2023-10-30,44,BA,Nordeste,meta,0,1,69158.03,5763169,0,0,,
2023-10-30,44,CE,Nordeste,meta,1,1,43223.77,3601980,68,30,635.64,1440.79
2023-10-30,44,PE,Nordeste,meta,0,1,46105.35,3842112,0,0,,
2023-10-30,44,MA,Nordeste,meta,0,1,32657.96,2721496,0,0,,
2023-10-30,44,PB,Nordeste,meta,0,1,19210.56,1600880,0,0,,
2023-10-30,44,RN,Nordeste,meta,0,1,17289.51,1440792,0,0,,
2023-10-30,44,AL,Nordeste,meta,0,1,15368.45,1280704,0,0,,
2023-10-30,44,SE,Nordeste,meta,0,1,10565.81,880484,0,0,,
2023-10-30,44,PI,Nordeste,meta,0,1,15368.45,1280704,0,0,,
2023-10-30,44,GO,Centro-Oeste,meta,0,1,31697.43,2641452,0,0,,
2023-10-30,44,MT,Centro-Oeste,meta,0,1,16328.98,1360748,0,0,,
2023-10-30,44,MS,Centro-Oeste,meta,0,1,12486.87,1040572,0,0,,
2023-10-30,44,DF,Centro-Oeste,meta,0,1,13447.39,1120616,0,0,,
2023-10-30,44,AM,Norte,meta,0,1,19210.56,1600880,1,0,19210.56,
2023-10-30,44,PA,Norte,meta,0,1,40342.18,3361848,0,0,,
2023-10-30,44,RO,Norte,meta,0,1,7684.23,640352,0,0,,
2023-10-30,44,AC,Norte,meta,0,1,3842.11,320176,0,0,,
2023-10-30,44,RR,Norte,meta,0,1,2881.58,240132,0,0,,
2023-10-30,44,AP,Norte,meta,0,1,3842.11,320176,0,0,,
2023-10-30,44,TO,Norte,meta,0,1,6723.7,560308,0,0,,
2023-10-30,44,SP,Sudeste,search,1,1,149567.96,18695994,436,249,343.05,600.67
2023-10-30,44,RJ,Sudeste,search,1,1,56259.51,7032438,157,103,358.34,546.21
2023-10-30,44,MG,Sudeste,search,0,1,69981.34,8747667,0,0,,
2023-10-30,44,ES,Sudeste,search,0,1,13035.74,1629467,0,0,,
2023-10-30,44,PR,Sul,search,1,1,38421.13,4802640,104,56,369.43,686.09
2023-10-30,44,SC,Sul,search,0,1,24699.3,3087411,0,0,,
2023-10-30,44,RS,Sul,search,1,1,38421.13,4802640,116,63,331.22,609.86
2023-10-30,44,BA,Nordeste,search,0,1,49398.59,6174823,0,0,,
2023-10-30,44,CE,Nordeste,search,1,1,30874.12,3859264,76,48,406.24,643.21
2023-10-30,44,PE,Nordeste,search,0,1,32932.39,4116549,0,0,,
2023-10-30,44,MA,Nordeste,search,0,1,23327.11,2915889,0,0,,
2023-10-30,44,PB,Nordeste,search,0,1,13721.83,1715228,0,0,,
2023-10-30,44,RN,Nordeste,search,0,1,12349.65,1543705,0,0,,
2023-10-30,44,AL,Nordeste,search,0,1,10977.46,1372183,0,0,,
2023-10-30,44,SE,Nordeste,search,0,1,7547.01,943375,0,0,,
2023-10-30,44,PI,Nordeste,search,0,1,10977.46,1372183,0,0,,
2023-10-30,44,GO,Centro-Oeste,search,0,1,22641.02,2830127,0,0,,
2023-10-30,44,MT,Centro-Oeste,search,0,1,11663.56,1457944,0,0,,
2023-10-30,44,MS,Centro-Oeste,search,0,1,8919.19,1114898,0,0,,
2023-10-30,44,DF,Centro-Oeste,search,0,1,9605.28,1200660,0,0,,
2023-10-30,44,AM,Norte,search,0,1,13721.83,1715228,0,0,,
2023-10-30,44,PA,Norte,search,0,1,28815.85,3601980,0,0,,
2023-10-30,44,RO,Norte,search,0,1,5488.73,686091,0,0,,
2023-10-30,44,AC,Norte,search,0,1,2744.37,343045,0,0,,
2023-10-30,44,RR,Norte,search,0,1,2058.27,257284,1,0,2058.27,
2023-10-30,44,AP,Norte,search,0,1,2744.37,343045,0,0,,
2023-10-30,44,TO,Norte,search,0,1,4802.64,600330,0,0,,
2023-11-06,45,SP,Sudeste,youtube,1,1,234900.42,13050023,334,196,703.29,1198.47
2023-11-06,45,RJ,Sudeste,youtube,1,1,88357.04,4908724,115,73,768.32,1210.37
2023-11-06,45,MG,Sudeste,youtube,0,1,109907.53,6105974,0,0,,
2023-11-06,45,ES,Sudeste,youtube,0,1,20472.97,1137387,0,0,,
2023-11-06,45,PR,Sul,youtube,1,1,60341.39,3352299,80,42,754.27,1436.7
2023-11-06,45,SC,Sul,youtube,0,1,38790.89,2155049,0,0,,
2023-11-06,45,RS,Sul,youtube,1,1,60341.39,3352299,91,46,663.09,1311.77
2023-11-06,45,BA,Nordeste,youtube,0,1,77581.79,4310099,0,0,,
2023-11-06,45,CE,Nordeste,youtube,1,1,48488.62,2693812,56,31,865.87,1564.15
2023-11-06,45,PE,Nordeste,youtube,0,1,51721.19,2873399,0,0,,
2023-11-06,45,MA,Nordeste,youtube,0,1,36635.84,2035324,0,0,,
2023-11-06,45,PB,Nordeste,youtube,0,1,21550.5,1197249,0,0,,
2023-11-06,45,RN,Nordeste,youtube,0,1,19395.45,1077524,0,0,,
2023-11-06,45,AL,Nordeste,youtube,0,1,17240.4,957799,0,0,,
2023-11-06,45,SE,Nordeste,youtube,0,1,11852.77,658487,0,0,,
2023-11-06,45,PI,Nordeste,youtube,0,1,17240.4,957799,0,0,,
2023-11-06,45,GO,Centro-Oeste,youtube,0,1,35558.32,1975462,1,0,35558.32,
2023-11-06,45,MT,Centro-Oeste,youtube,0,1,18317.92,1017662,0,0,,
2023-11-06,45,MS,Centro-Oeste,youtube,0,1,14007.82,778212,0,0,,
2023-11-06,45,DF,Centro-Oeste,youtube,0,1,15085.35,838074,0,0,,
2023-11-06,45,AM,Norte,youtube,0,1,21550.5,1197249,0,0,,
2023-11-06,45,PA,Norte,youtube,0,1,45256.04,2514224,0,0,,
2023-11-06,45,RO,Norte,youtube,0,1,8620.2,478899,0,0,,
2023-11-06,45,AC,Norte,youtube,0,1,4310.1,239449,0,0,,
2023-11-06,45,RR,Norte,youtube,0,1,3232.57,179587,0,0,,
2023-11-06,45,AP,Norte,youtube,0,1,4310.1,239449,0,0,,
2023-11-06,45,TO,Norte,youtube,0,1,7542.67,419037,0,0,,
2023-11-06,45,SP,Sudeste,meta,1,1,205537.87,17128155,395,248,520.35,828.78
2023-11-06,45,RJ,Sudeste,meta,1,1,77312.41,6442700,109,97,709.29,797.04
2023-11-06,45,MG,Sudeste,meta,0,1,96169.09,8014091,0,0,,
2023-11-06,45,ES,Sudeste,meta,0,1,17913.85,1492820,0,0,,
2023-11-06,45,PR,Sul,meta,1,1,52798.72,4399893,86,60,613.94,879.98
2023-11-06,45,SC,Sul,meta,0,1,33942.03,2828502,0,0,,
2023-11-06,45,RS,Sul,meta,1,1,52798.72,4399893,102,53,517.63,996.2
2023-11-06,45,BA,Nordeste,meta,0,1,67884.07,5657005,0,0,,
2023-11-06,45,CE,Nordeste,meta,1,1,42427.54,3535628,85,49,499.15,865.87
2023-11-06,45,PE,Nordeste,meta,0,1,45256.04,3771336,0,0,,
2023-11-06,45,MA,Nordeste,meta,0,1,32056.36,2671363,0,0,,
2023-11-06,45,PB,Nordeste,meta,0,1,18856.68,1571390,0,0,,
2023-11-06,45,RN,Nordeste,meta,0,1,16971.02,1414251,0,0,,
2023-11-06,45,AL,Nordeste,meta,0,1,15085.35,1257112,0,0,,
2023-11-06,45,SE,Nordeste,meta,0,1,10371.18,864264,0,0,,
2023-11-06,45,PI,Nordeste,meta,0,1,15085.35,1257112,0,0,,
2023-11-06,45,GO,Centro-Oeste,meta,0,1,31113.53,2592794,0,0,,
2023-11-06,45,MT,Centro-Oeste,meta,0,1,16028.18,1335681,0,0,,
2023-11-06,45,MS,Centro-Oeste,meta,0,1,12256.85,1021403,0,0,,
2023-11-06,45,DF,Centro-Oeste,meta,0,1,13199.68,1099973,0,0,,
2023-11-06,45,AM,Norte,meta,0,1,18856.68,1571390,0,0,,
2023-11-06,45,PA,Norte,meta,0,1,39599.04,3299919,0,0,,
2023-11-06,45,RO,Norte,meta,0,1,7542.67,628556,0,0,,
2023-11-06,45,AC,Norte,meta,0,1,3771.34,314278,0,0,,
2023-11-06,45,RR,Norte,meta,0,1,2828.5,235708,0,0,,
2023-11-06,45,AP,Norte,meta,0,1,3771.34,314278,0,0,,
2023-11-06,45,TO,Norte,meta,0,1,6599.84,549986,0,0,,
2023-11-06,45,SP,Sudeste,search,1,1,146812.76,18351595,371,308,395.72,476.66
2023-11-06,45,RJ,Sudeste,search,1,1,55223.15,6902893,164,94,336.73,587.48
2023-11-06,45,MG,Sudeste,search,0,1,68692.21,8586526,0,0,,
2023-11-06,45,ES,Sudeste,search,0,1,12795.61,1599450,0,0,,
2023-11-06,45,PR,Sul,search,1,1,37713.37,4714171,89,62,423.75,608.28
2023-11-06,45,SC,Sul,search,0,1,24244.31,3030538,0,0,,
2023-11-06,45,RS,Sul,search,1,1,37713.37,4714171,110,71,342.85,531.17
2023-11-06,45,BA,Nordeste,search,0,1,48488.62,6061077,1,0,48488.62,
2023-11-06,45,CE,Nordeste,search,1,1,30305.39,3788173,81,56,374.14,541.17
2023-11-06,45,PE,Nordeste,search,0,1,32325.75,4040718,0,0,,
2023-11-06,45,MA,Nordeste,search,0,1,22897.4,2862175,0,0,,
2023-11-06,45,PB,Nordeste,search,0,1,13469.06,1683632,0,0,,
2023-11-06,45,RN,Nordeste,search,0,1,12122.15,1515269,0,0,,
2023-11-06,45,AL,Nordeste,search,0,1,10775.25,1346906,0,0,,
2023-11-06,45,SE,Nordeste,search,0,1,7407.98,925997,0,0,,
2023-11-06,45,PI,Nordeste,search,0,1,10775.25,1346906,0,0,,
2023-11-06,45,GO,Centro-Oeste,search,0,1,22223.95,2777993,0,0,,
2023-11-06,45,MT,Centro-Oeste,search,0,1,11448.7,1431087,0,0,,
2023-11-06,45,MS,Centro-Oeste,search,0,1,8754.89,1094361,0,0,,
2023-11-06,45,DF,Centro-Oeste,search,0,1,9428.34,1178542,0,0,,
2023-11-06,45,AM,Norte,search,0,1,13469.06,1683632,0,0,,
2023-11-06,45,PA,Norte,search,0,1,28285.03,3535628,0,0,,
2023-11-06,45,RO,Norte,search,0,1,5387.62,673453,1,0,5387.62,
2023-11-06,45,AC,Norte,search,0,1,2693.81,336726,1,0,2693.81,
2023-11-06,45,RR,Norte,search,0,1,2020.36,252544,0,0,,
2023-11-06,45,AP,Norte,search,0,1,2693.81,336726,0,0,,
2023-11-06,45,TO,Norte,search,0,1,4714.17,589271,0,0,,
2023-11-13,46,SP,Sudeste,youtube,1,1,236624.03,13145779,284,163,833.18,1451.68
2023-11-13,46,RJ,Sudeste,youtube,1,1,89005.37,4944742,119,66,747.94,1348.57
2023-11-13,46,MG,Sudeste,youtube,0,1,110714.0,6150777,0,0,,
2023-11-13,46,ES,Sudeste,youtube,0,1,20623.2,1145733,0,0,,
2023-11-13,46,PR,Sul,youtube,1,1,60784.15,3376897,79,53,769.42,1146.87
2023-11-13,46,SC,Sul,youtube,0,1,39075.53,2170862,0,0,,
2023-11-13,46,RS,Sul,youtube,1,1,60784.15,3376897,80,47,759.8,1293.28
2023-11-13,46,BA,Nordeste,youtube,0,1,78151.06,4341725,0,0,,
2023-11-13,46,CE,Nordeste,youtube,1,1,48844.41,2713578,58,35,842.15,1395.55
2023-11-13,46,PE,Nordeste,youtube,0,1,52100.7,2894483,0,0,,
2023-11-13,46,MA,Nordeste,youtube,0,1,36904.67,2050259,0,0,,
2023-11-13,46,PB,Nordeste,youtube,0,1,21708.63,1206034,0,0,,
2023-11-13,46,RN,Nordeste,youtube,0,1,19537.76,1085431,0,0,,
2023-11-13,46,AL,Nordeste,youtube,0,1,17366.9,964827,0,0,,
2023-11-13,46,SE,Nordeste,youtube,0,1,11939.74,663319,0,0,,
2023-11-13,46,PI,Nordeste,youtube,0,1,17366.9,964827,0,0,,
2023-11-13,46,GO,Centro-Oeste,youtube,0,1,35819.23,1989957,0,0,,
2023-11-13,46,MT,Centro-Oeste,youtube,0,1,18452.33,1025129,0,0,,
2023-11-13,46,MS,Centro-Oeste,youtube,0,1,14110.61,783922,0,0,,
2023-11-13,46,DF,Centro-Oeste,youtube,0,1,15196.04,844224,0,0,,
2023-11-13,46,AM,Norte,youtube,0,1,21708.63,1206034,0,0,,
2023-11-13,46,PA,Norte,youtube,0,1,45588.12,2532673,0,0,,
2023-11-13,46,RO,Norte,youtube,0,1,8683.45,482413,0,0,,
2023-11-13,46,AC,Norte,youtube,0,1,4341.73,241206,0,0,,
2023-11-13,46,RR,Norte,youtube,0,1,3256.29,180905,0,0,,
2023-11-13,46,AP,Norte,youtube,0,1,4341.73,241206,0,0,,
2023-11-13,46,TO,Norte,youtube,0,1,7598.02,422112,0,0,,
2023-11-13,46,SP,Sudeste,meta,1,1,207046.03,17253835,378,224,547.74,924.31
2023-11-13,46,RJ,Sudeste,meta,1,1,77879.7,6489974,118,79,660.0,985.82
2023-11-13,46,MG,Sudeste,meta,0,1,96874.75,8072895,0,0,,
2023-11-13,46,ES,Sudeste,meta,0,1,18045.3,1503774,0,0,,
2023-11-13,46,PR,Sul,meta,1,1,53186.14,4432177,93,61,571.89,871.9
2023-11-13,46,SC,Sul,meta,0,1,34191.09,2849257,0,0,,
2023-11-13,46,RS,Sul,meta,1,1,53186.14,4432177,97,49,548.31,1085.43
2023-11-13,46,BA,Nordeste,meta,0,1,68382.17,5698514,0,0,,
2023-11-13,46,CE,Nordeste,meta,1,1,42738.86,3561571,78,55,547.93,777.07
2023-11-13,46,PE,Nordeste,meta,0,1,45588.12,3799009,0,0,,
2023-11-13,46,MA,Nordeste,meta,0,1,32291.58,2690965,0,0,,
2023-11-13,46,PB,Nordeste,meta,0,1,18995.05,1582920,0,0,,
2023-11-13,46,RN,Nordeste,meta,0,1,17095.54,1424628,0,0,,
2023-11-13,46,AL,Nordeste,meta,0,1,15196.04,1266336,0,0,,
2023-11-13,46,SE,Nordeste,meta,0,1,10447.28,870606,0,0,,
2023-11-13,46,PI,Nordeste,meta,0,1,15196.04,1266336,0,0,,
2023-11-13,46,GO,Centro-Oeste,meta,0,1,31341.83,2611819,0,0,,
2023-11-13,46,MT,Centro-Oeste,meta,0,1,16145.79,1345482,0,0,,
2023-11-13,46,MS,Centro-Oeste,meta,0,1,12346.78,1028898,1,0,12346.78,
2023-11-13,46,DF,Centro-Oeste,meta,0,1,13296.53,1108044,0,0,,
2023-11-13,46,AM,Norte,meta,0,1,18995.05,1582920,0,0,,
2023-11-13,46,PA,Norte,meta,0,1,39889.6,3324133,0,0,,
2023-11-13,46,RO,Norte,meta,0,1,7598.02,633168,0,0,,
2023-11-13,46,AC,Norte,meta,0,1,3799.01,316584,0,0,,
2023-11-13,46,RR,Norte,meta,0,1,2849.26,237438,0,0,,
2023-11-13,46,AP,Norte,meta,0,1,3799.01,316584,0,0,,
2023-11-13,46,TO,Norte,meta,0,1,6648.27,554022,0,0,,
2023-11-13,46,SP,Sudeste,search,1,1,147890.02,18486252,495,278,298.77,531.98
2023-11-13,46,RJ,Sudeste,search,1,1,55628.36,6953544,170,75,327.23,741.71
2023-11-13,46,MG,Sudeste,search,0,1,69196.25,8649530,0,0,,
2023-11-13,46,ES,Sudeste,search,0,1,12889.5,1611187,0,0,,
2023-11-13,46,PR,Sul,search,1,1,37990.1,4748762,89,65,426.86,584.46
2023-11-13,46,SC,Sul,search,0,1,24422.21,3052775,0,0,,
2023-11-13,46,RS,Sul,search,1,1,37990.1,4748762,107,51,355.05,744.9
2023-11-13,46,BA,Nordeste,search,0,1,48844.41,6105551,1,0,48844.41,
2023-11-13,46,CE,Nordeste,search,1,1,30527.76,3815969,80,47,381.6,649.53
2023-11-13,46,PE,Nordeste,search,0,1,32562.94,4070367,0,0,,
2023-11-13,46,MA,Nordeste,search,0,1,23065.42,2883176,0,0,,
2023-11-13,46,PB,Nordeste,search,0,1,13567.89,1695986,0,0,,
2023-11-13,46,RN,Nordeste,search,0,1,12211.1,1526387,0,0,,
2023-11-13,46,AL,Nordeste,search,0,1,10854.31,1356789,0,0,,
2023-11-13,46,SE,Nordeste,search,0,1,7462.34,932792,0,0,,
2023-11-13,46,PI,Nordeste,search,0,1,10854.31,1356789,0,0,,
2023-11-13,46,GO,Centro-Oeste,search,0,1,22387.02,2798377,0,0,,
2023-11-13,46,MT,Centro-Oeste,search,0,1,11532.71,1441588,0,0,,
2023-11-13,46,MS,Centro-Oeste,search,0,1,8819.13,1102391,0,0,,
2023-11-13,46,DF,Centro-Oeste,search,0,1,9497.52,1187190,0,0,,
2023-11-13,46,AM,Norte,search,0,1,13567.89,1695986,0,0,,
2023-11-13,46,PA,Norte,search,0,1,28492.57,3561571,0,0,,
2023-11-13,46,RO,Norte,search,0,1,5427.16,678394,0,0,,
2023-11-13,46,AC,Norte,search,0,1,2713.58,339197,0,0,,
2023-11-13,46,RR,Norte,search,0,1,2035.18,254397,0,0,,
2023-11-13,46,AP,Norte,search,0,1,2713.58,339197,0,0,,
2023-11-13,46,TO,Norte,search,0,1,4748.76,593595,0,0,,
2023-11-20,47,SP,Sudeste,youtube,1,1,178938.2,9941011,359,172,498.44,1040.34
2023-11-20,47,RJ,Sudeste,youtube,1,1,67307.03,3739279,115,71,585.28,947.99
2023-11-20,47,MG,Sudeste,youtube,0,1,83723.38,4651298,0,0,,
2023-11-20,47,ES,Sudeste,youtube,0,1,15595.53,866418,0,0,,
2023-11-20,47,PR,Sul,youtube,1,1,45965.78,2553654,89,50,516.47,919.32
2023-11-20,47,SC,Sul,youtube,0,1,29549.43,1641634,0,0,,
2023-11-20,47,RS,Sul,youtube,1,1,45965.78,2553654,83,45,553.8,1021.46
2023-11-20,47,BA,Nordeste,youtube,0,1,59098.86,3283269,0,0,,
2023-11-20,47,CE,Nordeste,youtube,1,1,36936.78,2052043,64,43,577.14,858.99
2023-11-20,47,PE,Nordeste,youtube,0,1,39399.24,2188846,0,0,,
2023-11-20,47,MA,Nordeste,youtube,0,1,27907.79,1550432,0,0,,
2023-11-20,47,PB,Nordeste,youtube,0,1,16416.35,912019,0,0,,
2023-11-20,47,RN,Nordeste,youtube,0,1,14774.71,820817,0,0,,
2023-11-20,47,AL,Nordeste,youtube,0,1,13133.08,729615,0,0,,
2023-11-20,47,SE,Nordeste,youtube,0,1,9028.99,501610,0,0,,
2023-11-20,47,PI,Nordeste,youtube,0,1,13133.08,729615,0,0,,
2023-11-20,47,GO,Centro-Oeste,youtube,0,1,27086.98,1504831,0,0,,
2023-11-20,47,MT,Centro-Oeste,youtube,0,1,13953.9,775216,0,0,,
2023-11-20,47,MS,Centro-Oeste,youtube,0,1,10670.63,592812,1,0,10670.63,
2023-11-20,47,DF,Centro-Oeste,youtube,0,1,11491.44,638413,0,0,,
2023-11-20,47,AM,Norte,youtube,0,1,16416.35,912019,0,0,,
2023-11-20,47,PA,Norte,youtube,0,1,34474.33,1915240,0,0,,
2023-11-20,47,RO,Norte,youtube,0,1,6566.54,364807,0,0,,
2023-11-20,47,AC,Norte,youtube,0,1,3283.27,182403,0,0,,
2023-11-20,47,RR,Norte,youtube,0,1,2462.45,136802,0,0,,
2023-11-20,47,AP,Norte,youtube,0,1,3283.27,182403,0,0,,
2023-11-20,47,TO,Norte,youtube,0,1,5745.72,319206,0,0,,
2023-11-20,47,SP,Sudeste,meta,1,1,156570.93,13047577,330,270,474.46,579.89
2023-11-20,47,RJ,Sudeste,meta,1,1,58893.65,4907804,135,85,436.25,692.87
2023-11-20,47,MG,Sudeste,meta,0,1,73257.96,6104829,0,0,,
2023-11-20,47,ES,Sudeste,meta,0,1,13646.09,1137174,0,0,,
2023-11-20,47,PR,Sul,meta,1,1,40220.05,3351671,97,55,414.64,731.27
2023-11-20,47,SC,Sul,meta,0,1,25855.75,2154645,0,0,,
2023-11-20,47,RS,Sul,meta,1,1,40220.05,3351671,95,59,423.37,681.7
2023-11-20,47,BA,Nordeste,meta,0,1,51711.5,4309291,1,0,51711.5,
2023-11-20,47,CE,Nordeste,meta,1,1,32319.69,2693307,77,45,419.74,718.22
2023-11-20,47,PE,Nordeste,meta,0,1,34474.33,2872861,0,0,,
2023-11-20,47,MA,Nordeste,meta,0,1,24419.32,2034943,0,0,,
2023-11-20,47,PB,Nordeste,meta,0,1,14364.31,1197025,0,0,,
2023-11-20,47,RN,Nordeste,meta,0,1,12927.87,1077322,1,0,12927.87,
2023-11-20,47,AL,Nordeste,meta,0,1,11491.44,957620,0,0,,
2023-11-20,47,SE,Nordeste,meta,0,1,7900.37,658363,0,0,,
2023-11-20,47,PI,Nordeste,meta,0,1,11491.44,957620,0,0,,
2023-11-20,47,GO,Centro-Oeste,meta,0,1,23701.1,1975091,0,0,,
2023-11-20,47,MT,Centro-Oeste,meta,0,1,12209.66,1017471,0,0,,
2023-11-20,47,MS,Centro-Oeste,meta,0,1,9336.8,778066,0,0,,
2023-11-20,47,DF,Centro-Oeste,meta,0,1,10055.01,837917,0,0,,
2023-11-20,47,AM,Norte,meta,0,1,14364.31,1197025,0,0,,
2023-11-20,47,PA,Norte,meta,0,1,30165.04,2513753,0,0,,
2023-11-20,47,RO,Norte,meta,0,1,5745.72,478810,0,0,,
2023-11-20,47,AC,Norte,meta,0,1,2872.86,239405,0,0,,
2023-11-20,47,RR,Norte,meta,0,1,2154.65,179553,0,0,,
2023-11-20,47,AP,Norte,meta,0,1,2872.86,239405,0,0,,
2023-11-20,47,TO,Norte,meta,0,1,5027.51,418958,0,0,,
2023-11-20,47,SP,Sudeste,search,1,1,111836.38,13979546,317,239,352.8,467.93
2023-11-20,47,RJ,Sudeste,search,1,1,42066.89,5258361,145,118,290.12,356.5
2023-11-20,47,MG,Sudeste,search,0,1,52327.11,6540888,0,0,,
2023-11-20,47,ES,Sudeste,search,0,1,9747.21,1218400,0,0,,
2023-11-20,47,PR,Sul,search,1,1,28728.61,3591076,99,66,290.19,435.28
2023-11-20,47,SC,Sul,search,0,1,18468.39,2308549,0,0,,
2023-11-20,47,RS,Sul,search,1,1,28728.61,3591076,110,70,261.17,410.41
2023-11-20,47,BA,Nordeste,search,0,1,36936.78,4617098,0,0,,
2023-11-20,47,CE,Nordeste,search,1,1,23085.49,2885686,77,46,299.81,501.86
2023-11-20,47,PE,Nordeste,search,0,1,24624.52,3078065,0,0,,
2023-11-20,47,MA,Nordeste,search,0,1,17442.37,2180296,0,0,,
2023-11-20,47,PB,Nordeste,search,0,1,10260.22,1282527,0,0,,
2023-11-20,47,RN,Nordeste,search,0,1,9234.2,1154274,0,0,,
2023-11-20,47,AL,Nordeste,search,0,1,8208.17,1026021,0,0,,
2023-11-20,47,SE,Nordeste,search,0,1,5643.12,705389,0,0,,
2023-11-20,47,PI,Nordeste,search,0,1,8208.17,1026021,1,0,8208.17,
2023-11-20,47,GO,Centro-Oeste,search,0,1,16929.36,2116169,0,0,,
2023-11-20,47,MT,Centro-Oeste,search,0,1,8721.19,1090148,0,0,,
2023-11-20,47,MS,Centro-Oeste,search,0,1,6669.14,833642,0,0,,
2023-11-20,47,DF,Centro-Oeste,search,0,1,7182.15,897769,0,0,,
2023-11-20,47,AM,Norte,search,0,1,10260.22,1282527,0,0,,
2023-11-20,47,PA,Norte,search,0,1,21546.46,2693307,0,0,,
2023-11-20,47,RO,Norte,search,0,1,4104.09,513010,0,0,,
2023-11-20,47,AC,Norte,search,0,1,2052.04,256505,1,0,2052.04,
2023-11-20,47,RR,Norte,search,0,1,1539.03,192379,0,0,,
2023-11-20,47,AP,Norte,search,0,1,2052.04,256505,1,0,2052.04,
2023-11-20,47,TO,Norte,search,0,1,3591.08,448884,0,0,,
2023-11-27,48,SP,Sudeste,youtube,1,1,205946.95,11441497,322,194,639.59,1061.58
2023-11-27,48,RJ,Sudeste,youtube,1,1,77466.28,4303682,130,83,595.89,933.33
2023-11-27,48,MG,Sudeste,youtube,0,1,96360.5,5353361,0,0,,
2023-11-27,48,ES,Sudeste,youtube,0,1,17949.5,997194,0,0,,
2023-11-27,48,PR,Sul,youtube,1,1,52903.8,2939100,77,58,687.06,912.13
2023-11-27,48,SC,Sul,youtube,0,1,34009.59,1889421,0,0,,
2023-11-27,48,RS,Sul,youtube,1,1,52903.8,2939100,85,52,622.4,1017.38
2023-11-27,48,BA,Nordeste,youtube,0,1,68019.18,3778843,0,0,,
2023-11-27,48,CE,Nordeste,youtube,1,1,42511.99,2361776,68,33,625.18,1288.24
2023-11-27,48,PE,Nordeste,youtube,0,1,45346.12,2519228,0,0,,
2023-11-27,48,MA,Nordeste,youtube,0,1,32120.17,1784453,0,0,,
2023-11-27,48,PB,Nordeste,youtube,0,1,18894.22,1049678,0,0,,
2023-11-27,48,RN,Nordeste,youtube,0,1,17004.79,944710,0,0,,
2023-11-27,48,AL,Nordeste,youtube,0,1,15115.37,839742,0,0,,
2023-11-27,48,SE,Nordeste,youtube,0,1,10391.82,577323,0,0,,
2023-11-27,48,PI,Nordeste,youtube,0,1,15115.37,839742,0,0,,
2023-11-27,48,GO,Centro-Oeste,youtube,0,1,31175.46,1731969,0,0,,
2023-11-27,48,MT,Centro-Oeste,youtube,0,1,16060.08,892226,0,0,,
2023-11-27,48,MS,Centro-Oeste,youtube,0,1,12281.24,682291,0,0,,
2023-11-27,48,DF,Centro-Oeste,youtube,0,1,13225.95,734775,0,0,,
2023-11-27,48,AM,Norte,youtube,0,1,18894.22,1049678,0,0,,
2023-11-27,48,PA,Norte,youtube,0,1,39677.85,2204325,0,0,,
2023-11-27,48,RO,Norte,youtube,0,1,7557.69,419871,0,0,,
2023-11-27,48,AC,Norte,youtube,0,1,3778.84,209935,0,0,,
2023-11-27,48,RR,Norte,youtube,0,1,2834.13,157451,0,0,,
2023-11-27,48,AP,Norte,youtube,0,1,3778.84,209935,0,0,,
2023-11-27,48,TO,Norte,youtube,0,1,6612.98,367387,0,0,,
2023-11-27,48,SP,Sudeste,meta,1,1,180203.58,15016965,386,225,466.85,800.9
2023-11-27,48,RJ,Sudeste,meta,1,1,67783.0,5648583,156,77,434.51,880.3
2023-11-27,48,MG,Sudeste,meta,0,1,84315.44,7026286,0,0,,
2023-11-27,48,ES,Sudeste,meta,0,1,15705.82,1308818,0,0,,
2023-11-27,48,PR,Sul,meta,1,1,46290.83,3857569,97,57,477.23,812.12
2023-11-27,48,SC,Sul,meta,0,1,29758.39,2479865,0,0,,
2023-11-27,48,RS,Sul,meta,1,1,46290.83,3857569,115,69,402.53,670.88
2023-11-27,48,BA,Nordeste,meta,0,1,59516.78,4959731,0,0,,
2023-11-27,48,CE,Nordeste,meta,1,1,37197.99,3099832,78,43,476.9,865.07
2023-11-27,48,PE,Nordeste,meta,0,1,39677.85,3306487,0,0,,
2023-11-27,48,MA,Nordeste,meta,0,1,28105.15,2342095,0,0,,
2023-11-27,48,PB,Nordeste,meta,0,1,16532.44,1377703,0,0,,
2023-11-27,48,RN,Nordeste,meta,0,1,14879.19,1239932,0,0,,
2023-11-27,48,AL,Nordeste,meta,0,1,13225.95,1102162,0,0,,
2023-11-27,48,SE,Nordeste,meta,0,1,9092.84,757736,0,0,,
2023-11-27,48,PI,Nordeste,meta,0,1,13225.95,1102162,0,0,,
2023-11-27,48,GO,Centro-Oeste,meta,0,1,27278.52,2273210,0,0,,
2023-11-27,48,MT,Centro-Oeste,meta,0,1,14052.57,1171047,1,0,14052.57,
2023-11-27,48,MS,Centro-Oeste,meta,0,1,10746.09,895507,0,0,,
2023-11-27,48,DF,Centro-Oeste,meta,0,1,11572.71,964392,0,0,,
2023-11-27,48,AM,Norte,meta,0,1,16532.44,1377703,1,0,16532.44,
2023-11-27,48,PA,Norte,meta,0,1,34718.12,2893176,0,0,,
2023-11-27,48,RO,Norte,meta,0,1,6612.98,551081,0,0,,
2023-11-27,48,AC,Norte,meta,0,1,3306.49,275540,1,0,3306.49,
2023-11-27,48,RR,Norte,meta,0,1,2479.87,206655,0,0,,
2023-11-27,48,AP,Norte,meta,0,1,3306.49,275540,0,0,,
2023-11-27,48,TO,Norte,meta,0,1,5786.35,482196,0,0,,
2023-11-27,48,SP,Sudeste,search,1,1,128716.84,16089605,458,200,281.04,643.58
2023-11-27,48,RJ,Sudeste,search,1,1,48416.43,6052053,136,85,356.0,569.61
2023-11-27,48,MG,Sudeste,search,0,1,60225.31,7528164,0,0,,
2023-11-27,48,ES,Sudeste,search,0,1,11218.44,1402305,0,0,,
2023-11-27,48,PR,Sul,search,1,1,33064.88,4133109,94,64,351.75,516.64
2023-11-27,48,SC,Sul,search,0,1,21255.99,2656999,0,0,,
2023-11-27,48,RS,Sul,search,1,1,33064.88,4133109,101,69,327.38,479.2
2023-11-27,48,BA,Nordeste,search,0,1,42511.99,5313998,0,0,,
2023-11-27,48,CE,Nordeste,search,1,1,26569.99,3321248,80,57,332.12,466.14
2023-11-27,48,PE,Nordeste,search,0,1,28341.32,3542665,1,0,28341.32,
2023-11-27,48,MA,Nordeste,search,0,1,20075.1,2509388,0,0,,
2023-11-27,48,PB,Nordeste,search,0,1,11808.88,1476110,0,0,,
2023-11-27,48,RN,Nordeste,search,0,1,10628.0,1328499,0,0,,
2023-11-27,48,AL,Nordeste,search,0,1,9447.11,1180888,0,0,,
2023-11-27,48,SE,Nordeste,search,0,1,6494.89,811860,0,0,,
2023-11-27,48,PI,Nordeste,search,0,1,9447.11,1180888,0,0,,
2023-11-27,48,GO,Centro-Oeste,search,0,1,19484.66,2435582,0,0,,
2023-11-27,48,MT,Centro-Oeste,search,0,1,10037.55,1254694,0,0,,
2023-11-27,48,MS,Centro-Oeste,search,0,1,7675.78,959471,0,0,,
2023-11-27,48,DF,Centro-Oeste,search,0,1,8266.22,1033277,0,0,,
2023-11-27,48,AM,Norte,search,0,1,11808.88,1476110,0,0,,
2023-11-27,48,PA,Norte,search,0,1,24798.66,3099832,0,0,,
2023-11-27,48,RO,Norte,search,0,1,4723.55,590444,0,0,,
2023-11-27,48,AC,Norte,search,0,1,2361.78,295222,0,0,,
2023-11-27,48,RR,Norte,search,0,1,1771.33,221416,1,0,1771.33,
2023-11-27,48,AP,Norte,search,0,1,2361.78,295222,0,0,,
2023-11-27,48,TO,Norte,search,0,1,4133.11,516638,0,0,,
2023-12-04,49,SP,Sudeste,youtube,1,1,219893.26,12216292,304,177,723.33,1242.33
2023-12-04,49,RJ,Sudeste,youtube,1,1,82712.14,4595119,100,76,827.12,1088.32
2023-12-04,49,MG,Sudeste,youtube,0,1,102885.84,5715879,0,0,,
2023-12-04,49,ES,Sudeste,youtube,0,1,19165.01,1064722,0,0,,
2023-12-04,49,PR,Sul,youtube,1,1,56486.34,3138130,75,50,753.15,1129.73
2023-12-04,49,SC,Sul,youtube,0,1,36312.65,2017369,0,0,,
2023-12-04,49,RS,Sul,youtube,1,1,56486.34,3138130,87,49,649.27,1152.78
2023-12-04,49,BA,Nordeste,youtube,0,1,72625.3,4034738,0,0,,
2023-12-04,49,CE,Nordeste,youtube,1,1,45390.81,2521711,68,37,667.51,1226.78
2023-12-04,49,PE,Nordeste,youtube,0,1,48416.86,2689825,0,0,,
2023-12-04,49,MA,Nordeste,youtube,0,1,34295.28,1905293,0,0,,
2023-12-04,49,PB,Nordeste,youtube,0,1,20173.69,1120760,0,0,,
2023-12-04,49,RN,Nordeste,youtube,0,1,18156.32,1008684,0,0,,
2023-12-04,49,AL,Nordeste,youtube,0,1,16138.95,896608,0,0,,
2023-12-04,49,SE,Nordeste,youtube,0,1,11095.53,616418,0,0,,
2023-12-04,49,PI,Nordeste,youtube,0,1,16138.95,896608,0,0,,
2023-12-04,49,GO,Centro-Oeste,youtube,0,1,33286.59,1849255,0,0,,
2023-12-04,49,MT,Centro-Oeste,youtube,0,1,17147.64,952646,0,0,,
2023-12-04,49,MS,Centro-Oeste,youtube,0,1,13112.9,728494,0,0,,
2023-12-04,49,DF,Centro-Oeste,youtube,0,1,14121.59,784532,0,0,,
2023-12-04,49,AM,Norte,youtube,0,1,20173.69,1120760,0,0,,
2023-12-04,49,PA,Norte,youtube,0,1,42364.76,2353597,0,0,,
2023-12-04,49,RO,Norte,youtube,0,1,8069.48,448304,0,0,,
2023-12-04,49,AC,Norte,youtube,0,1,4034.74,224152,0,0,,
2023-12-04,49,RR,Norte,youtube,0,1,3026.05,168114,0,0,,
2023-12-04,49,AP,Norte,youtube,0,1,4034.74,224152,0,0,,
2023-12-04,49,TO,Norte,youtube,0,1,7060.79,392266,0,0,,
2023-12-04,49,SP,Sudeste,meta,1,1,192406.6,16033883,330,255,583.05,754.54
2023-12-04,49,RJ,Sudeste,meta,1,1,72373.13,6031093,137,89,528.27,813.18
2023-12-04,49,MG,Sudeste,meta,0,1,90025.11,7502092,0,0,,
2023-12-04,49,ES,Sudeste,meta,0,1,16769.38,1397448,0,0,,
2023-12-04,49,PR,Sul,meta,1,1,49425.55,4118795,94,59,525.8,837.72
2023-12-04,49,SC,Sul,meta,0,1,31773.57,2647797,0,0,,
2023-12-04,49,RS,Sul,meta,1,1,49425.55,4118795,93,69,531.46,716.31
2023-12-04,49,BA,Nordeste,meta,0,1,63547.13,5295594,0,0,,
2023-12-04,49,CE,Nordeste,meta,1,1,39716.96,3309746,81,46,490.33,863.41
2023-12-04,49,PE,Nordeste,meta,0,1,42364.76,3530396,0,0,,
2023-12-04,49,MA,Nordeste,meta,0,1,30008.37,2500697,0,0,,
2023-12-04,49,PB,Nordeste,meta,0,1,17651.98,1470998,0,0,,
2023-12-04,49,RN,Nordeste,meta,0,1,15886.78,1323898,0,0,,
2023-12-04,49,AL,Nordeste,meta,0,1,14121.59,1176798,0,0,,
2023-12-04,49,SE,Nordeste,meta,0,1,9708.59,809049,0,0,,
2023-12-04,49,PI,Nordeste,meta,0,1,14121.59,1176798,0,0,,
2023-12-04,49,GO,Centro-Oeste,meta,0,1,29125.77,2427147,0,0,,
2023-12-04,49,MT,Centro-Oeste,meta,0,1,15004.18,1250348,0,0,,
2023-12-04,49,MS,Centro-Oeste,meta,0,1,11473.79,956148,0,0,,
2023-12-04,49,DF,Centro-Oeste,meta,0,1,12356.39,1029698,0,0,,
2023-12-04,49,AM,Norte,meta,0,1,17651.98,1470998,0,0,,
2023-12-04,49,PA,Norte,meta,0,1,37069.16,3089096,0,0,,
2023-12-04,49,RO,Norte,meta,0,1,7060.79,588399,0,0,,
2023-12-04,49,AC,Norte,meta,0,1,3530.4,294199,0,0,,
2023-12-04,49,RR,Norte,meta,0,1,2647.8,220649,1,0,2647.8,
2023-12-04,49,AP,Norte,meta,0,1,3530.4,294199,0,0,,
2023-12-04,49,TO,Norte,meta,0,1,6178.19,514849,0,0,,
2023-12-04,49,SP,Sudeste,search,1,1,137433.29,17179160,424,288,324.14,477.2
2023-12-04,49,RJ,Sudeste,search,1,1,51695.09,6461886,159,95,325.13,544.16
2023-12-04,49,MG,Sudeste,search,0,1,64303.65,8037955,0,0,,
2023-12-04,49,ES,Sudeste,search,0,1,11978.13,1497266,0,0,,
2023-12-04,49,PR,Sul,search,1,1,35303.96,4412995,101,60,349.54,588.4
2023-12-04,49,SC,Sul,search,0,1,22695.41,2836925,0,0,,
2023-12-04,49,RS,Sul,search,1,1,35303.96,4412995,99,68,356.61,519.18
2023-12-04,49,BA,Nordeste,search,0,1,45390.81,5673851,0,0,,
2023-12-04,49,CE,Nordeste,search,1,1,28369.26,3546157,81,47,350.24,603.6
2023-12-04,49,PE,Nordeste,search,0,1,30260.54,3782567,0,0,,
2023-12-04,49,MA,Nordeste,search,0,1,21434.55,2679318,0,0,,
2023-12-04,49,PB,Nordeste,search,0,1,12608.56,1576069,0,0,,
2023-12-04,49,RN,Nordeste,search,0,1,11347.7,1418462,0,0,,
2023-12-04,49,AL,Nordeste,search,0,1,10086.85,1260855,0,0,,
2023-12-04,49,SE,Nordeste,search,0,1,6934.71,866838,0,0,,
2023-12-04,49,PI,Nordeste,search,0,1,10086.85,1260855,0,0,,
2023-12-04,49,GO,Centro-Oeste,search,0,1,20804.12,2600515,0,0,,
2023-12-04,49,MT,Centro-Oeste,search,0,1,10717.27,1339659,0,0,,
2023-12-04,49,MS,Centro-Oeste,search,0,1,8195.56,1024445,0,0,,
2023-12-04,49,DF,Centro-Oeste,search,0,1,8825.99,1103248,0,0,,
2023-12-04,49,AM,Norte,search,0,1,12608.56,1576069,0,0,,
2023-12-04,49,PA,Norte,search,0,1,26477.97,3309746,0,0,,
2023-12-04,49,RO,Norte,search,0,1,5043.42,630427,0,0,,
2023-12-04,49,AC,Norte,search,0,1,2521.71,315213,0,0,,
2023-12-04,49,RR,Norte,search,0,1,1891.28,236410,0,0,,
2023-12-04,49,AP,Norte,search,0,1,2521.71,315213,0,0,,
2023-12-04,49,TO,Norte,search,0,1,4413.0,551624,0,0,,
2023-12-11,50,SP,Sudeste,youtube,1,1,172782.17,9599009,308,174,560.98,993.0
2023-12-11,50,RJ,Sudeste,youtube,1,1,64991.46,3610636,100,57,649.91,1140.2
2023-12-11,50,MG,Sudeste,youtube,0,1,80843.03,4491279,0,0,,
2023-12-11,50,ES,Sudeste,youtube,0,1,15059.0,836610,0,0,,
2023-12-11,50,PR,Sul,youtube,1,1,44384.41,2465800,74,51,599.79,870.28
2023-12-11,50,SC,Sul,youtube,0,1,28532.84,1585157,0,0,,
2023-12-11,50,RS,Sul,youtube,1,1,44384.41,2465800,76,56,584.01,792.58
2023-12-11,50,BA,Nordeste,youtube,0,1,57065.67,3170314,0,0,,
2023-12-11,50,CE,Nordeste,youtube,1,1,35666.04,1981446,61,38,584.69,938.58
2023-12-11,50,PE,Nordeste,youtube,0,1,38043.78,2113543,0,0,,
2023-12-11,50,MA,Nordeste,youtube,0,1,26947.68,1497093,0,0,,
2023-12-11,50,PB,Nordeste,youtube,0,1,15851.58,880643,0,0,,
2023-12-11,50,RN,Nordeste,youtube,0,1,14266.42,792578,0,0,,
2023-12-11,50,AL,Nordeste,youtube,0,1,12681.26,704514,0,0,,
2023-12-11,50,SE,Nordeste,youtube,0,1,8718.37,484353,0,0,,
2023-12-11,50,PI,Nordeste,youtube,0,1,12681.26,704514,0,0,,
2023-12-11,50,GO,Centro-Oeste,youtube,0,1,26155.1,1453061,0,0,,
2023-12-11,50,MT,Centro-Oeste,youtube,0,1,13473.84,748546,0,0,,
2023-12-11,50,MS,Centro-Oeste,youtube,0,1,10303.52,572417,0,0,,
2023-12-11,50,DF,Centro-Oeste,youtube,0,1,11096.1,616450,0,0,,
2023-12-11,50,AM,Norte,youtube,0,1,15851.58,880643,1,0,15851.58,
2023-12-11,50,PA,Norte,youtube,0,1,33288.31,1849350,0,0,,
2023-12-11,50,RO,Norte,youtube,0,1,6340.63,352257,0,0,,
2023-12-11,50,AC,Norte,youtube,0,1,3170.32,176128,0,0,,
2023-12-11,50,RR,Norte,youtube,0,1,2377.74,132096,0,0,,
2023-12-11,50,AP,Norte,youtube,0,1,3170.32,176128,0,0,,
2023-12-11,50,TO,Norte,youtube,0,1,5548.05,308225,0,0,,
2023-12-11,50,SP,Sudeste,meta,1,1,151184.4,12598699,329,191,459.53,791.54
2023-12-11,50,RJ,Sudeste,meta,1,1,56867.53,4738960,155,90,366.89,631.86
2023-12-11,50,MG,Sudeste,meta,0,1,70737.65,5894804,0,0,,
2023-12-11,50,ES,Sudeste,meta,0,1,13176.62,1098051,0,0,,
2023-12-11,50,PR,Sul,meta,1,1,38836.36,3236363,115,66,337.71,588.43
2023-12-11,50,SC,Sul,meta,0,1,24966.23,2080519,0,0,,
2023-12-11,50,RS,Sul,meta,1,1,38836.36,3236363,88,66,441.32,588.43
2023-12-11,50,BA,Nordeste,meta,0,1,49932.46,4161038,0,0,,
2023-12-11,50,CE,Nordeste,meta,1,1,31207.79,2600649,82,50,380.58,624.16
2023-12-11,50,PE,Nordeste,meta,0,1,33288.31,2774025,0,0,,
2023-12-11,50,MA,Nordeste,meta,0,1,23579.22,1964934,0,0,,
2023-12-11,50,PB,Nordeste,meta,0,1,13870.13,1155844,0,0,,
2023-12-11,50,RN,Nordeste,meta,0,1,12483.12,1040259,0,0,,
2023-12-11,50,AL,Nordeste,meta,0,1,11096.1,924675,0,0,,
2023-12-11,50,SE,Nordeste,meta,0,1,7628.57,635714,0,0,,
2023-12-11,50,PI,Nordeste,meta,0,1,11096.1,924675,0,0,,
2023-12-11,50,GO,Centro-Oeste,meta,0,1,22885.71,1907142,0,0,,
2023-12-11,50,MT,Centro-Oeste,meta,0,1,11789.61,982467,0,0,,
2023-12-11,50,MS,Centro-Oeste,meta,0,1,9015.58,751298,0,0,,
2023-12-11,50,DF,Centro-Oeste,meta,0,1,9709.09,809090,0,0,,
2023-12-11,50,AM,Norte,meta,0,1,13870.13,1155844,0,0,,
2023-12-11,50,PA,Norte,meta,0,1,29127.27,2427272,0,0,,
2023-12-11,50,RO,Norte,meta,0,1,5548.05,462337,1,0,5548.05,
2023-12-11,50,AC,Norte,meta,0,1,2774.03,231168,0,0,,
2023-12-11,50,RR,Norte,meta,0,1,2080.52,173376,0,0,,
2023-12-11,50,AP,Norte,meta,0,1,2774.03,231168,0,0,,
2023-12-11,50,TO,Norte,meta,0,1,4854.54,404545,0,0,,
2023-12-11,50,SP,Sudeste,search,1,1,107988.85,13498606,450,262,239.98,412.17
2023-12-11,50,RJ,Sudeste,search,1,1,40619.66,5077457,169,96,240.35,423.12
2023-12-11,50,MG,Sudeste,search,0,1,50526.9,6315861,0,0,,
2023-12-11,50,ES,Sudeste,search,0,1,9411.87,1176484,0,0,,
2023-12-11,50,PR,Sul,search,1,1,27740.26,3467532,111,72,249.91,385.28
2023-12-11,50,SC,Sul,search,0,1,17833.02,2229127,0,0,,
2023-12-11,50,RS,Sul,search,1,1,27740.26,3467532,113,80,245.49,346.75
2023-12-11,50,BA,Nordeste,search,0,1,35666.04,4458255,0,0,,
2023-12-11,50,CE,Nordeste,search,1,1,22291.28,2786409,80,52,278.64,428.68
2023-12-11,50,PE,Nordeste,search,0,1,23777.36,2972170,1,0,23777.36,
2023-12-11,50,MA,Nordeste,search,0,1,16842.3,2105287,0,0,,
2023-12-11,50,PB,Nordeste,search,0,1,9907.23,1238404,1,0,9907.23,
2023-12-11,50,RN,Nordeste,search,0,1,8916.51,1114563,0,0,,
2023-12-11,50,AL,Nordeste,search,0,1,7925.79,990723,0,0,,
2023-12-11,50,SE,Nordeste,search,0,1,5448.98,681122,0,0,,
2023-12-11,50,PI,Nordeste,search,0,1,7925.79,990723,0,0,,
2023-12-11,50,GO,Centro-Oeste,search,0,1,16346.94,2043367,0,0,,
2023-12-11,50,MT,Centro-Oeste,search,0,1,8421.15,1052643,0,0,,
2023-12-11,50,MS,Centro-Oeste,search,0,1,6439.7,804962,0,0,,
2023-12-11,50,DF,Centro-Oeste,search,0,1,6935.06,866883,0,0,,
2023-12-11,50,AM,Norte,search,0,1,9907.23,1238404,0,0,,
2023-12-11,50,PA,Norte,search,0,1,20805.19,2600649,0,0,,
2023-12-11,50,RO,Norte,search,0,1,3962.89,495361,1,0,3962.89,
2023-12-11,50,AC,Norte,search,0,1,1981.45,247680,0,0,,
2023-12-11,50,RR,Norte,search,0,1,1486.09,185760,0,0,,
2023-12-11,50,AP,Norte,search,0,1,1981.45,247680,0,0,,
2023-12-11,50,TO,Norte,search,0,1,3467.53,433441,0,0,,
2023-12-18,51,SP,Sudeste,youtube,1,1,206444.53,11469140,261,232,790.98,889.85
2023-12-18,51,RJ,Sudeste,youtube,1,1,77653.45,4314080,113,53,687.2,1465.16
2023-12-18,51,MG,Sudeste,youtube,0,1,96593.31,5366295,0,0,,
2023-12-18,51,ES,Sudeste,youtube,0,1,17992.87,999603,0,0,,
2023-12-18,51,PR,Sul,youtube,1,1,53031.62,2946201,70,51,757.59,1039.84
2023-12-18,51,SC,Sul,youtube,0,1,34091.76,1893986,0,0,,
2023-12-18,51,RS,Sul,youtube,1,1,53031.62,2946201,66,52,803.51,1019.84
2023-12-18,51,BA,Nordeste,youtube,0,1,68183.52,3787972,0,0,,
2023-12-18,51,CE,Nordeste,youtube,1,1,42614.7,2367483,71,42,600.21,1014.64
2023-12-18,51,PE,Nordeste,youtube,0,1,45455.68,2525315,0,0,,
2023-12-18,51,MA,Nordeste,youtube,0,1,32197.77,1788765,0,0,,
2023-12-18,51,PB,Nordeste,youtube,0,1,18939.87,1052214,0,0,,
2023-12-18,51,RN,Nordeste,youtube,0,1,17045.88,946993,0,0,,
2023-12-18,51,AL,Nordeste,youtube,0,1,15151.89,841771,1,0,15151.89,
2023-12-18,51,SE,Nordeste,youtube,0,1,10416.93,578718,0,0,,
2023-12-18,51,PI,Nordeste,youtube,0,1,15151.89,841771,0,0,,
2023-12-18,51,GO,Centro-Oeste,youtube,0,1,31250.78,1736154,0,0,,
2023-12-18,51,MT,Centro-Oeste,youtube,0,1,16098.89,894382,0,0,,
2023-12-18,51,MS,Centro-Oeste,youtube,0,1,12310.91,683939,0,0,,
2023-12-18,51,DF,Centro-Oeste,youtube,0,1,13257.91,736550,0,0,,
2023-12-18,51,AM,Norte,youtube,0,1,18939.87,1052214,0,0,,
2023-12-18,51,PA,Norte,youtube,0,1,39773.72,2209650,0,0,,
2023-12-18,51,RO,Norte,youtube,0,1,7575.95,420885,0,0,,
2023-12-18,51,AC,Norte,youtube,0,1,3787.97,210442,0,0,,
2023-12-18,51,RR,Norte,youtube,0,1,2840.98,157832,0,0,,
2023-12-18,51,AP,Norte,youtube,0,1,3787.97,210442,0,0,,
2023-12-18,51,TO,Norte,youtube,0,1,6628.95,368275,0,0,,
2023-12-18,51,SP,Sudeste,meta,1,1,180638.97,15053247,435,270,415.26,669.03
2023-12-18,51,RJ,Sudeste,meta,1,1,67946.77,5662230,136,99,499.61,686.33
2023-12-18,51,MG,Sudeste,meta,0,1,84519.15,7043262,0,0,,
2023-12-18,51,ES,Sudeste,meta,0,1,15743.76,1311980,0,0,,
2023-12-18,51,PR,Sul,meta,1,1,46402.67,3866889,95,61,488.45,760.7
2023-12-18,51,SC,Sul,meta,0,1,29830.29,2485857,0,0,,
2023-12-18,51,RS,Sul,meta,1,1,46402.67,3866889,113,70,410.64,662.9
2023-12-18,51,BA,Nordeste,meta,0,1,59660.58,4971714,0,0,,
2023-12-18,51,CE,Nordeste,meta,1,1,37287.86,3107321,72,51,517.89,731.13
2023-12-18,51,PE,Nordeste,meta,0,1,39773.72,3314476,0,0,,
2023-12-18,51,MA,Nordeste,meta,0,1,28173.05,2347754,0,0,,
2023-12-18,51,PB,Nordeste,meta,0,1,16572.38,1381031,0,0,,
2023-12-18,51,RN,Nordeste,meta,0,1,14915.14,1242928,0,0,,
2023-12-18,51,AL,Nordeste,meta,0,1,13257.91,1104825,0,0,,
2023-12-18,51,SE,Nordeste,meta,0,1,9114.81,759567,0,0,,
2023-12-18,51,PI,Nordeste,meta,0,1,13257.91,1104825,1,0,13257.91,
2023-12-18,51,GO,Centro-Oeste,meta,0,1,27344.43,2278702,0,0,,
2023-12-18,51,MT,Centro-Oeste,meta,0,1,14086.52,1173877,0,0,,
2023-12-18,51,MS,Centro-Oeste,meta,0,1,10772.05,897670,0,0,,
2023-12-18,51,DF,Centro-Oeste,meta,0,1,11600.67,966722,0,0,,
2023-12-18,51,AM,Norte,meta,0,1,16572.38,1381031,0,0,,
2023-12-18,51,PA,Norte,meta,0,1,34802.0,2900166,0,0,,
2023-12-18,51,RO,Norte,meta,0,1,6628.95,552412,0,0,,
2023-12-18,51,AC,Norte,meta,0,1,3314.48,276206,0,0,,
2023-12-18,51,RR,Norte,meta,0,1,2485.86,207154,0,0,,
2023-12-18,51,AP,Norte,meta,0,1,3314.48,276206,0,0,,
2023-12-18,51,TO,Norte,meta,0,1,5800.33,483361,0,0,,
2023-12-18,51,SP,Sudeste,search,1,1,129027.83,16128478,344,262,375.08,492.47
2023-12-18,51,RJ,Sudeste,search,1,1,48533.4,6066675,171,111,283.82,437.24
2023-12-18,51,MG,Sudeste,search,0,1,60370.82,7546352,0,0,,
2023-12-18,51,ES,Sudeste,search,0,1,11245.55,1405693,0,0,,
2023-12-18,51,PR,Sul,search,1,1,33144.76,4143095,76,55,436.12,602.63
2023-12-18,51,SC,Sul,search,0,1,21307.35,2663418,1,0,21307.35,
2023-12-18,51,RS,Sul,search,1,1,33144.76,4143095,105,55,315.66,602.63
2023-12-18,51,BA,Nordeste,search,0,1,42614.7,5326837,0,0,,
2023-12-18,51,CE,Nordeste,search,1,1,26634.19,3329273,77,40,345.9,665.85
2023-12-18,51,PE,Nordeste,search,0,1,28409.8,3551224,0,0,,
2023-12-18,51,MA,Nordeste,search,0,1,20123.61,2515450,0,0,,
2023-12-18,51,PB,Nordeste,search,0,1,11837.42,1479676,0,0,,
2023-12-18,51,RN,Nordeste,search,0,1,10653.67,1331709,0,0,,
2023-12-18,51,AL,Nordeste,search,0,1,9469.93,1183741,0,0,,
2023-12-18,51,SE,Nordeste,search,0,1,6510.58,813822,0,0,,
2023-12-18,51,PI,Nordeste,search,0,1,9469.93,1183741,0,0,,
2023-12-18,51,GO,Centro-Oeste,search,0,1,19531.74,2441466,0,0,,
2023-12-18,51,MT,Centro-Oeste,search,0,1,10061.8,1257725,1,0,10061.8,
2023-12-18,51,MS,Centro-Oeste,search,0,1,7694.32,961790,0,0,,
2023-12-18,51,DF,Centro-Oeste,search,0,1,8286.19,1035773,0,0,,
2023-12-18,51,AM,Norte,search,0,1,11837.42,1479676,0,0,,
2023-12-18,51,PA,Norte,search,0,1,24858.57,3107321,0,0,,
2023-12-18,51,RO,Norte,search,0,1,4734.97,591870,0,0,,
2023-12-18,51,AC,Norte,search,0,1,2367.48,295935,0,0,,
2023-12-18,51,RR,Norte,search,0,1,1775.61,221951,0,0,,
2023-12-18,51,AP,Norte,search,0,1,2367.48,295935,0,0,,
2023-12-18,51,TO,Norte,search,0,1,4143.1,517886,0,0,,
2023-12-25,52,SP,Sudeste,youtube,1,1,236462.82,13136823,306,180,772.75,1313.68
2023-12-25,52,RJ,Sudeste,youtube,1,1,88944.73,4941373,121,63,735.08,1411.82
2023-12-25,52,MG,Sudeste,youtube,0,1,110638.57,6146586,0,0,,
2023-12-25,52,ES,Sudeste,youtube,0,1,20609.14,1144952,0,0,,
2023-12-25,52,PR,Sul,youtube,1,1,60742.74,3374596,76,46,799.25,1320.49
2023-12-25,52,SC,Sul,youtube,0,1,39048.91,2169383,0,0,,
2023-12-25,52,RS,Sul,youtube,1,1,60742.74,3374596,84,52,723.13,1168.13
2023-12-25,52,BA,Nordeste,youtube,0,1,78097.81,4338767,1,0,78097.81,
2023-12-25,52,CE,Nordeste,youtube,1,1,48811.13,2711729,61,41,800.18,1190.52
2023-12-25,52,PE,Nordeste,youtube,0,1,52065.21,2892511,0,0,,
2023-12-25,52,MA,Nordeste,youtube,0,1,36879.52,2048862,0,0,,
2023-12-25,52,PB,Nordeste,youtube,0,1,21693.84,1205213,0,0,,
2023-12-25,52,RN,Nordeste,youtube,0,1,19524.45,1084691,0,0,,
2023-12-25,52,AL,Nordeste,youtube,0,1,17355.07,964170,0,0,,
2023-12-25,52,SE,Nordeste,youtube,0,1,11931.61,662867,0,0,,
2023-12-25,52,PI,Nordeste,youtube,0,1,17355.07,964170,0,0,,
2023-12-25,52,GO,Centro-Oeste,youtube,0,1,35794.83,1988601,0,0,,
2023-12-25,52,MT,Centro-Oeste,youtube,0,1,18439.76,1024431,1,0,18439.76,
2023-12-25,52,MS,Centro-Oeste,youtube,0,1,14100.99,783388,0,0,,
2023-12-25,52,DF,Centro-Oeste,youtube,0,1,15185.69,843649,0,0,,
2023-12-25,52,AM,Norte,youtube,0,1,21693.84,1205213,0,0,,
2023-12-25,52,PA,Norte,youtube,0,1,45557.06,2530947,0,0,,
2023-12-25,52,RO,Norte,youtube,0,1,8677.53,482085,0,0,,
2023-12-25,52,AC,Norte,youtube,0,1,4338.77,241042,1,0,4338.77,
2023-12-25,52,RR,Norte,youtube,0,1,3254.08,180781,0,0,,
2023-12-25,52,AP,Norte,youtube,0,1,4338.77,241042,0,0,,
2023-12-25,52,TO,Norte,youtube,0,1,7592.84,421824,0,0,,
2023-12-25,52,SP,Sudeste,meta,1,1,206904.96,17242080,383,159,540.22,1301.29
2023-12-25,52,RJ,Sudeste,meta,1,1,77826.64,6485553,152,76,512.02,1024.03
2023-12-25,52,MG,Sudeste,meta,0,1,96808.74,8067395,0,0,,
2023-12-25,52,ES,Sudeste,meta,0,1,18033.0,1502750,0,0,,
2023-12-25,52,PR,Sul,meta,1,1,53149.9,4429158,89,59,597.19,900.85
2023-12-25,52,SC,Sul,meta,0,1,34167.79,2847315,0,0,,
2023-12-25,52,RS,Sul,meta,1,1,53149.9,4429158,96,66,553.64,805.3
2023-12-25,52,BA,Nordeste,meta,0,1,68335.58,5694631,0,0,,
2023-12-25,52,CE,Nordeste,meta,1,1,42709.74,3559144,79,53,540.63,805.84
2023-12-25,52,PE,Nordeste,meta,0,1,45557.06,3796421,0,0,,
2023-12-25,52,MA,Nordeste,meta,0,1,32269.58,2689131,0,0,,
2023-12-25,52,PB,Nordeste,meta,0,1,18982.11,1581842,0,0,,
2023-12-25,52,RN,Nordeste,meta,0,1,17083.9,1423657,0,0,,
2023-12-25,52,AL,Nordeste,meta,0,1,15185.69,1265473,0,0,,
2023-12-25,52,SE,Nordeste,meta,0,1,10440.16,870013,0,0,,
2023-12-25,52,PI,Nordeste,meta,0,1,15185.69,1265473,0,0,,
2023-12-25,52,GO,Centro-Oeste,meta,0,1,31320.48,2610039,0,0,,
2023-12-25,52,MT,Centro-Oeste,meta,0,1,16134.79,1344565,0,0,,
2023-12-25,52,MS,Centro-Oeste,meta,0,1,12338.37,1028197,0,0,,
2023-12-25,52,DF,Centro-Oeste,meta,0,1,13287.47,1107289,0,0,,
2023-12-25,52,AM,Norte,meta,0,1,18982.11,1581842,0,0,,
2023-12-25,52,PA,Norte,meta,0,1,39862.42,3321868,0,0,,
2023-12-25,52,RO,Norte,meta,0,1,7592.84,632736,0,0,,
2023-12-25,52,AC,Norte,meta,0,1,3796.42,316368,0,0,,
2023-12-25,52,RR,Norte,meta,0,1,2847.32,237276,0,0,,
2023-12-25,52,AP,Norte,meta,0,1,3796.42,316368,0,0,,
2023-12-25,52,TO,Norte,meta,0,1,6643.74,553644,0,0,,
2023-12-25,52,SP,Sudeste,search,1,1,147789.26,18473657,403,256,366.72,577.3
2023-12-25,52,RJ,Sudeste,search,1,1,55590.46,6948806,144,117,386.04,475.13
2023-12-25,52,MG,Sudeste,search,0,1,69149.1,8643637,0,0,,
2023-12-25,52,ES,Sudeste,search,0,1,12880.72,1610089,0,0,,
2023-12-25,52,PR,Sul,search,1,1,37964.21,4745526,107,61,354.81,622.36
2023-12-25,52,SC,Sul,search,0,1,24405.57,3050695,0,0,,
2023-12-25,52,RS,Sul,search,1,1,37964.21,4745526,106,63,358.15,602.61
2023-12-25,52,BA,Nordeste,search,0,1,48811.13,6101391,0,0,,
2023-12-25,52,CE,Nordeste,search,1,1,30506.96,3813369,79,61,386.16,500.11
2023-12-25,52,PE,Nordeste,search,0,1,32540.75,4067594,0,0,,
2023-12-25,52,MA,Nordeste,search,0,1,23049.7,2881212,0,0,,
2023-12-25,52,PB,Nordeste,search,0,1,13558.65,1694830,0,0,,
2023-12-25,52,RN,Nordeste,search,0,1,12202.78,1525347,0,0,,
2023-12-25,52,AL,Nordeste,search,0,1,10846.92,1355864,0,0,,
2023-12-25,52,SE,Nordeste,search,0,1,7457.26,932157,0,0,,
2023-12-25,52,PI,Nordeste,search,0,1,10846.92,1355864,1,0,10846.92,
2023-12-25,52,GO,Centro-Oeste,search,0,1,22371.77,2796471,0,0,,
2023-12-25,52,MT,Centro-Oeste,search,0,1,11524.85,1440606,0,0,,
2023-12-25,52,MS,Centro-Oeste,search,0,1,8813.12,1101640,0,0,,
2023-12-25,52,DF,Centro-Oeste,search,0,1,9491.05,1186381,0,0,,
2023-12-25,52,AM,Norte,search,0,1,13558.65,1694830,0,0,,
2023-12-25,52,PA,Norte,search,0,1,28473.16,3559145,0,0,,
2023-12-25,52,RO,Norte,search,0,1,5423.46,677932,0,0,,
2023-12-25,52,AC,Norte,search,0,1,2711.73,338966,0,0,,
2023-12-25,52,RR,Norte,search,0,1,2033.8,254224,0,0,,
2023-12-25,52,AP,Norte,search,0,1,2711.73,338966,0,0,,
2023-12-25,52,TO,Norte,search,0,1,4745.53,593190,0,0,,
2024-01-01,53,SP,Sudeste,youtube,1,0,206523.78,11473543,0,0,,
2024-01-01,53,RJ,Sudeste,youtube,1,0,77683.26,4315736,0,0,,
2024-01-01,53,MG,Sudeste,youtube,0,0,96630.39,5368355,0,0,,
2024-01-01,53,ES,Sudeste,youtube,0,0,17999.78,999987,0,0,,
2024-01-01,53,PR,Sul,youtube,1,0,53051.98,2947332,0,0,,
2024-01-01,53,SC,Sul,youtube,0,0,34104.84,1894713,0,0,,
2024-01-01,53,RS,Sul,youtube,1,0,53051.98,2947332,0,0,,
2024-01-01,53,BA,Nordeste,youtube,0,0,68209.69,3789427,0,0,,
2024-01-01,53,CE,Nordeste,youtube,1,0,42631.06,2368391,0,0,,
2024-01-01,53,PE,Nordeste,youtube,0,0,45473.13,2526284,0,0,,
2024-01-01,53,MA,Nordeste,youtube,0,0,32210.13,1789451,0,0,,
2024-01-01,53,PB,Nordeste,youtube,0,0,18947.14,1052618,0,0,,
2024-01-01,53,RN,Nordeste,youtube,0,0,17052.42,947356,0,0,,
2024-01-01,53,AL,Nordeste,youtube,0,0,15157.71,842094,0,0,,
2024-01-01,53,SE,Nordeste,youtube,0,0,10420.92,578940,0,0,,
2024-01-01,53,PI,Nordeste,youtube,0,0,15157.71,842094,1,0,15157.71,
2024-01-01,53,GO,Centro-Oeste,youtube,0,0,31262.77,1736820,0,0,,
2024-01-01,53,MT,Centro-Oeste,youtube,0,0,16105.07,894725,0,0,,
2024-01-01,53,MS,Centro-Oeste,youtube,0,0,12315.64,684202,0,0,,
2024-01-01,53,DF,Centro-Oeste,youtube,0,0,13262.99,736833,0,0,,
2024-01-01,53,AM,Norte,youtube,0,0,18947.14,1052618,0,0,,
2024-01-01,53,PA,Norte,youtube,0,0,39788.98,2210499,0,0,,
2024-01-01,53,RO,Norte,youtube,0,0,7578.85,421047,0,0,,
2024-01-01,53,AC,Norte,youtube,0,0,3789.43,210523,0,0,,
2024-01-01,53,RR,Norte,youtube,0,0,2842.07,157892,0,0,,
2024-01-01,53,AP,Norte,youtube,0,0,3789.43,210523,0,0,,
2024-01-01,53,TO,Norte,youtube,0,0,6631.5,368416,1,0,6631.5,
2024-01-01,53,SP,Sudeste,meta,1,0,180708.31,15059025,0,0,,
2024-01-01,53,RJ,Sudeste,meta,1,0,67972.85,5664404,0,0,,
2024-01-01,53,MG,Sudeste,meta,0,0,84551.59,7045965,0,0,,
2024-01-01,53,ES,Sudeste,meta,0,0,15749.81,1312483,0,0,,
2024-01-01,53,PR,Sul,meta,1,0,46420.48,3868373,0,0,,
2024-01-01,53,SC,Sul,meta,0,0,29841.74,2486811,0,0,,
2024-01-01,53,RS,Sul,meta,1,0,46420.48,3868373,0,0,,
2024-01-01,53,BA,Nordeste,meta,0,0,59683.48,4973623,0,0,,
2024-01-01,53,CE,Nordeste,meta,1,0,37302.17,3108514,0,0,,
2024-01-01,53,PE,Nordeste,meta,0,0,39788.98,3315748,0,0,,
2024-01-01,53,MA,Nordeste,meta,0,0,28183.86,2348655,0,0,,
2024-01-01,53,PB,Nordeste,meta,0,0,16578.74,1381561,0,0,,
2024-01-01,53,RN,Nordeste,meta,0,0,14920.87,1243405,0,0,,
2024-01-01,53,AL,Nordeste,meta,0,0,13262.99,1105249,0,0,,
2024-01-01,53,SE,Nordeste,meta,0,0,9118.31,759859,0,0,,
2024-01-01,53,PI,Nordeste,meta,0,0,13262.99,1105249,0,0,,
2024-01-01,53,GO,Centro-Oeste,meta,0,0,27354.93,2279577,1,0,27354.93,
2024-01-01,53,MT,Centro-Oeste,meta,0,0,14091.93,1174327,0,0,,
2024-01-01,53,MS,Centro-Oeste,meta,0,0,10776.18,898015,0,0,,
2024-01-01,53,DF,Centro-Oeste,meta,0,0,11605.12,967093,0,0,,
2024-01-01,53,AM,Norte,meta,0,0,16578.74,1381561,1,0,16578.74,
2024-01-01,53,PA,Norte,meta,0,0,34815.36,2901280,0,0,,
2024-01-01,53,RO,Norte,meta,0,0,6631.5,552624,0,0,,
2024-01-01,53,AC,Norte,meta,0,0,3315.75,276312,0,0,,
2024-01-01,53,RR,Norte,meta,0,0,2486.81,207234,0,0,,
2024-01-01,53,AP,Norte,meta,0,0,3315.75,276312,0,0,,
2024-01-01,53,TO,Norte,meta,0,0,5802.56,483546,0,0,,
2024-01-01,53,SP,Sudeste,search,1,0,129077.36,16134670,0,0,,
2024-01-01,53,RJ,Sudeste,search,1,0,48552.04,6069004,0,0,,
2024-01-01,53,MG,Sudeste,search,0,0,60393.99,7549249,0,0,,
2024-01-01,53,ES,Sudeste,search,0,0,11249.86,1406232,0,0,,
2024-01-01,53,PR,Sul,search,1,0,33157.49,4144685,0,0,,
2024-01-01,53,SC,Sul,search,0,0,21315.53,2664440,0,0,,
2024-01-01,53,RS,Sul,search,1,0,33157.49,4144685,0,0,,
2024-01-01,53,BA,Nordeste,search,0,0,42631.06,5328881,0,0,,
2024-01-01,53,CE,Nordeste,search,1,0,26644.41,3330551,0,0,,
2024-01-01,53,PE,Nordeste,search,0,0,28420.7,3552587,0,0,,
2024-01-01,53,MA,Nordeste,search,0,0,20131.33,2516416,0,0,,
2024-01-01,53,PB,Nordeste,search,0,0,11841.96,1480244,0,0,,
2024-01-01,53,RN,Nordeste,search,0,0,10657.76,1332220,0,0,,
2024-01-01,53,AL,Nordeste,search,0,0,9473.57,1184195,0,0,,
2024-01-01,53,SE,Nordeste,search,0,0,6513.08,814134,0,0,,
2024-01-01,53,PI,Nordeste,search,0,0,9473.57,1184195,0,0,,
2024-01-01,53,GO,Centro-Oeste,search,0,0,19539.23,2442404,1,0,19539.23,
2024-01-01,53,MT,Centro-Oeste,search,0,0,10065.67,1258208,0,0,,
2024-01-01,53,MS,Centro-Oeste,search,0,0,7697.27,962159,0,0,,
2024-01-01,53,DF,Centro-Oeste,search,0,0,8289.37,1036171,0,0,,
2024-01-01,53,AM,Norte,search,0,0,11841.96,1480244,0,0,,
2024-01-01,53,PA,Norte,search,0,0,24868.12,3108514,0,0,,
2024-01-01,53,RO,Norte,search,0,0,4736.78,592097,0,0,,
2024-01-01,53,AC,Norte,search,0,0,2368.39,296048,0,0,,
2024-01-01,53,RR,Norte,search,0,0,1776.29,222036,0,0,,
2024-01-01,53,AP,Norte,search,0,0,2368.39,296048,0,0,,
2024-01-01,53,TO,Norte,search,0,0,4144.69,518085,0,0,,
2024-01-08,54,SP,Sudeste,youtube,1,0,180151.66,10008425,0,0,,
2024-01-08,54,RJ,Sudeste,youtube,1,0,67763.47,3764636,0,0,,
2024-01-08,54,MG,Sudeste,youtube,0,0,84291.14,4682841,0,0,,
2024-01-08,54,ES,Sudeste,youtube,0,0,15701.29,872293,0,0,,
2024-01-08,54,PR,Sul,youtube,1,0,46277.49,2570971,0,0,,
2024-01-08,54,SC,Sul,youtube,0,0,29749.81,1652767,1,0,29749.81,
2024-01-08,54,RS,Sul,youtube,1,0,46277.49,2570971,0,0,,
2024-01-08,54,BA,Nordeste,youtube,0,0,59499.63,3305534,0,0,,
2024-01-08,54,CE,Nordeste,youtube,1,0,37187.27,2065959,0,0,,
2024-01-08,54,PE,Nordeste,youtube,0,0,39666.42,2203689,0,0,,
2024-01-08,54,MA,Nordeste,youtube,0,0,28097.05,1560947,0,0,,
2024-01-08,54,PB,Nordeste,youtube,0,0,16527.67,918204,0,0,,
2024-01-08,54,RN,Nordeste,youtube,0,0,14874.91,826383,0,0,,
2024-01-08,54,AL,Nordeste,youtube,0,0,13222.14,734563,0,0,,
2024-01-08,54,SE,Nordeste,youtube,0,0,9090.22,505012,1,0,9090.22,
2024-01-08,54,PI,Nordeste,youtube,0,0,13222.14,734563,0,0,,
2024-01-08,54,GO,Centro-Oeste,youtube,0,0,27270.66,1515036,0,0,,
2024-01-08,54,MT,Centro-Oeste,youtube,0,0,14048.52,780473,0,0,,
2024-01-08,54,MS,Centro-Oeste,youtube,0,0,10742.99,596832,1,0,10742.99,
2024-01-08,54,DF,Centro-Oeste,youtube,0,0,11569.37,642742,0,0,,
2024-01-08,54,AM,Norte,youtube,0,0,16527.67,918204,0,0,,
2024-01-08,54,PA,Norte,youtube,0,0,34708.12,1928228,0,0,,
2024-01-08,54,RO,Norte,youtube,0,0,6611.07,367281,0,0,,
2024-01-08,54,AC,Norte,youtube,0,0,3305.53,183640,0,0,,
2024-01-08,54,RR,Norte,youtube,0,0,2479.15,137730,0,0,,
2024-01-08,54,AP,Norte,youtube,0,0,3305.53,183640,0,0,,
2024-01-08,54,TO,Norte,youtube,0,0,5784.69,321371,1,0,5784.69,
2024-01-08,54,SP,Sudeste,meta,1,0,157632.7,13136058,0,0,,
2024-01-08,54,RJ,Sudeste,meta,1,0,59293.03,4941086,1,0,59293.03,
2024-01-08,54,MG,Sudeste,meta,0,0,73754.75,6146228,0,0,,
2024-01-08,54,ES,Sudeste,meta,0,0,13738.63,1144885,0,0,,
2024-01-08,54,PR,Sul,meta,1,0,40492.8,3374400,1,0,40492.8,
2024-01-08,54,SC,Sul,meta,0,0,26031.09,2169257,0,0,,
2024-01-08,54,RS,Sul,meta,1,0,40492.8,3374400,0,0,,
2024-01-08,54,BA,Nordeste,meta,0,0,52062.18,4338514,0,0,,
2024-01-08,54,CE,Nordeste,meta,1,0,32538.86,2711571,0,0,,
2024-01-08,54,PE,Nordeste,meta,0,0,34708.12,2892343,0,0,,
2024-01-08,54,MA,Nordeste,meta,0,0,24584.92,2048742,0,0,,
2024-01-08,54,PB,Nordeste,meta,0,0,14461.72,1205142,0,0,,
2024-01-08,54,RN,Nordeste,meta,0,0,13015.54,1084628,0,0,,
2024-01-08,54,AL,Nordeste,meta,0,0,11569.37,964114,0,0,,
2024-01-08,54,SE,Nordeste,meta,0,0,7953.94,662828,0,0,,
2024-01-08,54,PI,Nordeste,meta,0,0,11569.37,964114,0,0,,
2024-01-08,54,GO,Centro-Oeste,meta,0,0,23861.83,1988485,0,0,,
2024-01-08,54,MT,Centro-Oeste,meta,0,0,12292.46,1024371,0,0,,
2024-01-08,54,MS,Centro-Oeste,meta,0,0,9400.12,783342,0,0,,
2024-01-08,54,DF,Centro-Oeste,meta,0,0,10123.2,843600,0,0,,
2024-01-08,54,AM,Norte,meta,0,0,14461.72,1205142,0,0,,
2024-01-08,54,PA,Norte,meta,0,0,30369.6,2530800,0,0,,
2024-01-08,54,RO,Norte,meta,0,0,5784.69,482057,0,0,,
2024-01-08,54,AC,Norte,meta,0,0,2892.34,241028,0,0,,
2024-01-08,54,RR,Norte,meta,0,0,2169.26,180771,0,0,,
2024-01-08,54,AP,Norte,meta,0,0,2892.34,241028,0,0,,
2024-01-08,54,TO,Norte,meta,0,0,5061.6,421800,0,0,,
2024-01-08,54,SP,Sudeste,search,1,0,112594.78,14074347,0,0,,
2024-01-08,54,RJ,Sudeste,search,1,0,42352.17,5294020,0,0,,
2024-01-08,54,MG,Sudeste,search,0,0,52681.96,6585245,0,0,,
2024-01-08,54,ES,Sudeste,search,0,0,9813.31,1226663,0,0,,
2024-01-08,54,PR,Sul,search,1,0,28923.43,3615428,1,0,28923.43,
2024-01-08,54,SC,Sul,search,0,0,18593.63,2324204,0,0,,
2024-01-08,54,RS,Sul,search,1,0,28923.43,3615428,0,0,,
2024-01-08,54,BA,Nordeste,search,0,0,37187.27,4648408,0,0,,
2024-01-08,54,CE,Nordeste,search,1,0,23242.04,2905255,0,0,,
2024-01-08,54,PE,Nordeste,search,0,0,24791.51,3098938,0,0,,
2024-01-08,54,MA,Nordeste,search,0,0,17560.65,2195081,0,0,,
2024-01-08,54,PB,Nordeste,search,0,0,10329.8,1291224,0,0,,
2024-01-08,54,RN,Nordeste,search,0,0,9296.82,1162102,0,0,,
2024-01-08,54,AL,Nordeste,search,0,0,8263.84,1032979,0,0,,
2024-01-08,54,SE,Nordeste,search,0,0,5681.39,710173,0,0,,
2024-01-08,54,PI,Nordeste,search,0,0,8263.84,1032979,1,0,8263.84,
2024-01-08,54,GO,Centro-Oeste,search,0,0,17044.16,2130520,0,0,,
2024-01-08,54,MT,Centro-Oeste,search,0,0,8780.33,1097540,0,0,,
2024-01-08,54,MS,Centro-Oeste,search,0,0,6714.37,839295,0,0,,
2024-01-08,54,DF,Centro-Oeste,search,0,0,7230.86,903857,0,0,,
2024-01-08,54,AM,Norte,search,0,0,10329.8,1291224,0,0,,
2024-01-08,54,PA,Norte,search,0,0,21692.57,2711571,0,0,,
2024-01-08,54,RO,Norte,search,0,0,4131.92,516489,0,0,,
2024-01-08,54,AC,Norte,search,0,0,2065.96,258244,0,0,,
2024-01-08,54,RR,Norte,search,0,0,1549.47,193683,0,0,,
2024-01-08,54,AP,Norte,search,0,0,2065.96,258244,0,0,,
2024-01-08,54,TO,Norte,search,0,0,3615.43,451928,0,0,,
2024-01-15,55,SP,Sudeste,youtube,1,0,195855.58,10880865,0,0,,
2024-01-15,55,RJ,Sudeste,youtube,1,0,73670.45,4092802,0,0,,
2024-01-15,55,MG,Sudeste,youtube,0,0,91638.85,5091047,1,0,91638.85,
2024-01-15,55,ES,Sudeste,youtube,0,0,17069.98,948332,0,0,,
2024-01-15,55,PR,Sul,youtube,1,0,50311.53,2795084,0,0,,
2024-01-15,55,SC,Sul,youtube,0,0,32343.12,1796840,0,0,,
2024-01-15,55,RS,Sul,youtube,1,0,50311.53,2795084,0,0,,
2024-01-15,55,BA,Nordeste,youtube,0,0,64686.25,3593680,0,0,,
2024-01-15,55,CE,Nordeste,youtube,1,0,40428.9,2246050,0,0,,
2024-01-15,55,PE,Nordeste,youtube,0,0,43124.16,2395786,0,0,,
2024-01-15,55,MA,Nordeste,youtube,0,0,30546.28,1697015,0,0,,
2024-01-15,55,PB,Nordeste,youtube,0,0,17968.4,998244,0,0,,
2024-01-15,55,RN,Nordeste,youtube,0,0,16171.56,898420,0,0,,
2024-01-15,55,AL,Nordeste,youtube,0,0,14374.72,798595,0,0,,
2024-01-15,55,SE,Nordeste,youtube,0,0,9882.62,549034,0,0,,
2024-01-15,55,PI,Nordeste,youtube,0,0,14374.72,798595,0,0,,
2024-01-15,55,GO,Centro-Oeste,youtube,0,0,29647.86,1647103,0,0,,
2024-01-15,55,MT,Centro-Oeste,youtube,0,0,15273.14,848507,0,0,,
2024-01-15,55,MS,Centro-Oeste,youtube,0,0,11679.46,648858,0,0,,
2024-01-15,55,DF,Centro-Oeste,youtube,0,0,12577.88,698771,0,0,,
2024-01-15,55,AM,Norte,youtube,0,0,17968.4,998244,0,0,,
2024-01-15,55,PA,Norte,youtube,0,0,37733.64,2096313,0,0,,
2024-01-15,55,RO,Norte,youtube,0,0,7187.36,399297,0,0,,
2024-01-15,55,AC,Norte,youtube,0,0,3593.68,199648,0,0,,
2024-01-15,55,RR,Norte,youtube,0,0,2695.26,149736,0,0,,
2024-01-15,55,AP,Norte,youtube,0,0,3593.68,199648,0,0,,
2024-01-15,55,TO,Norte,youtube,0,0,6288.94,349385,1,0,6288.94,
2024-01-15,55,SP,Sudeste,meta,1,0,171373.63,14281135,0,0,,
2024-01-15,55,RJ,Sudeste,meta,1,0,64461.64,5371803,0,0,,
2024-01-15,55,MG,Sudeste,meta,0,0,80183.99,6681999,0,0,,
2024-01-15,55,ES,Sudeste,meta,0,0,14936.23,1244686,0,0,,
2024-01-15,55,PR,Sul,meta,1,0,44022.58,3668548,1,0,44022.58,
2024-01-15,55,SC,Sul,meta,0,0,28300.23,2358352,0,0,,
2024-01-15,55,RS,Sul,meta,1,0,44022.58,3668548,0,0,,
2024-01-15,55,BA,Nordeste,meta,0,0,56600.47,4716705,0,0,,
2024-01-15,55,CE,Nordeste,meta,1,0,35375.29,2947940,0,0,,
2024-01-15,55,PE,Nordeste,meta,0,0,37733.64,3144470,0,0,,
2024-01-15,55,MA,Nordeste,meta,0,0,26728.0,2227333,0,0,,
2024-01-15,55,PB,Nordeste,meta,0,0,15722.35,1310195,0,0,,
2024-01-15,55,RN,Nordeste,meta,0,0,14150.12,1179176,1,0,14150.12,
2024-01-15,55,AL,Nordeste,meta,0,0,12577.88,1048156,1,0,12577.88,
2024-01-15,55,SE,Nordeste,meta,0,0,8647.29,720607,0,0,,
2024-01-15,55,PI,Nordeste,meta,0,0,12577.88,1048156,0,0,,
2024-01-15,55,GO,Centro-Oeste,meta,0,0,25941.88,2161823,0,0,,
2024-01-15,55,MT,Centro-Oeste,meta,0,0,13364.0,1113666,0,0,,
2024-01-15,55,MS,Centro-Oeste,meta,0,0,10219.53,851627,0,0,,
2024-01-15,55,DF,Centro-Oeste,meta,0,0,11005.65,917137,0,0,,
2024-01-15,55,AM,Norte,meta,0,0,15722.35,1310195,0,0,,
2024-01-15,55,PA,Norte,meta,0,0,33016.94,2751411,0,0,,
2024-01-15,55,RO,Norte,meta,0,0,6288.94,524078,0,0,,
2024-01-15,55,AC,Norte,meta,0,0,3144.47,262039,0,0,,
2024-01-15,55,RR,Norte,meta,0,0,2358.35,196529,0,0,,
2024-01-15,55,AP,Norte,meta,0,0,3144.47,262039,0,0,,
2024-01-15,55,TO,Norte,meta,0,0,5502.82,458568,0,0,,
2024-01-15,55,SP,Sudeste,search,1,0,122409.74,15301217,1,0,122409.74,
2024-01-15,55,RJ,Sudeste,search,1,0,46044.03,5755503,0,0,,
2024-01-15,55,MG,Sudeste,search,0,0,57274.28,7159285,0,0,,
2024-01-15,55,ES,Sudeste,search,0,0,10668.74,1333592,0,0,,
2024-01-15,55,PR,Sul,search,1,0,31444.7,3930587,0,0,,
2024-01-15,55,SC,Sul,search,0,0,20214.45,2526806,0,0,,
2024-01-15,55,RS,Sul,search,1,0,31444.7,3930587,1,0,31444.7,
2024-01-15,55,BA,Nordeste,search,0,0,40428.9,5053612,0,0,,
2024-01-15,55,CE,Nordeste,search,1,0,25268.07,3158508,0,0,,
2024-01-15,55,PE,Nordeste,search,0,0,26952.6,3369075,1,0,26952.6,
2024-01-15,55,MA,Nordeste,search,0,0,19091.43,2386428,0,0,,
2024-01-15,55,PB,Nordeste,search,0,0,11230.25,1403781,0,0,,
2024-01-15,55,RN,Nordeste,search,0,0,10107.23,1263403,0,0,,
2024-01-15,55,AL,Nordeste,search,0,0,8984.2,1123025,0,0,,
2024-01-15,55,SE,Nordeste,search,0,0,6176.64,772079,0,0,,
2024-01-15,55,PI,Nordeste,search,0,0,8984.2,1123025,1,0,8984.2,
2024-01-15,55,GO,Centro-Oeste,search,0,0,18529.91,2316239,0,0,,
2024-01-15,55,MT,Centro-Oeste,search,0,0,9545.71,1193214,0,0,,
2024-01-15,55,MS,Centro-Oeste,search,0,0,7299.66,912457,0,0,,
2024-01-15,55,DF,Centro-Oeste,search,0,0,7861.18,982646,0,0,,
2024-01-15,55,AM,Norte,search,0,0,11230.25,1403781,0,0,,
2024-01-15,55,PA,Norte,search,0,0,23583.53,2947940,0,0,,
2024-01-15,55,RO,Norte,search,0,0,4492.1,561512,0,0,,
2024-01-15,55,AC,Norte,search,0,0,2246.05,280756,0,0,,
2024-01-15,55,RR,Norte,search,0,0,1684.54,210567,0,0,,
2024-01-15,55,AP,Norte,search,0,0,2246.05,280756,0,0,,
2024-01-15,55,TO,Norte,search,0,0,3930.59,491323,0,0,,
2024-01-22,56,SP,Sudeste,youtube,1,0,175663.15,9759063,1,0,175663.15,
2024-01-22,56,RJ,Sudeste,youtube,1,0,66075.13,3670840,0,0,,
2024-01-22,56,MG,Sudeste,youtube,0,0,82191.01,4566167,0,0,,
2024-01-22,56,ES,Sudeste,youtube,0,0,15310.09,850560,0,0,,
2024-01-22,56,PR,Sul,youtube,1,0,45124.48,2506915,0,0,,
2024-01-22,56,SC,Sul,youtube,0,0,29008.59,1611588,0,0,,
2024-01-22,56,RS,Sul,youtube,1,0,45124.48,2506915,1,0,45124.48,
2024-01-22,56,BA,Nordeste,youtube,0,0,58017.19,3223176,0,0,,
2024-01-22,56,CE,Nordeste,youtube,1,0,36260.74,2014485,0,0,,
2024-01-22,56,PE,Nordeste,youtube,0,0,38678.12,2148784,0,0,,
2024-01-22,56,MA,Nordeste,youtube,0,0,27397.0,1522055,0,0,,
2024-01-22,56,PB,Nordeste,youtube,0,0,16115.88,895326,0,0,,
2024-01-22,56,RN,Nordeste,youtube,0,0,14504.3,805794,0,0,,
2024-01-22,56,AL,Nordeste,youtube,0,0,12892.71,716261,0,0,,
2024-01-22,56,SE,Nordeste,youtube,0,0,8863.74,492429,0,0,,
2024-01-22,56,PI,Nordeste,youtube,0,0,12892.71,716261,0,0,,
2024-01-22,56,GO,Centro-Oeste,youtube,0,0,26591.21,1477289,0,0,,
2024-01-22,56,MT,Centro-Oeste,youtube,0,0,13698.5,761027,0,0,,
2024-01-22,56,MS,Centro-Oeste,youtube,0,0,10475.33,581962,0,0,,
2024-01-22,56,DF,Centro-Oeste,youtube,0,0,11281.12,626728,0,0,,
2024-01-22,56,AM,Norte,youtube,0,0,16115.88,895326,0,0,,
2024-01-22,56,PA,Norte,youtube,0,0,33843.36,1880186,0,0,,
2024-01-22,56,RO,Norte,youtube,0,0,6446.35,358130,0,0,,
2024-01-22,56,AC,Norte,youtube,0,0,3223.18,179065,0,0,,
2024-01-22,56,RR,Norte,youtube,0,0,2417.38,134299,0,0,,
2024-01-22,56,AP,Norte,youtube,0,0,3223.18,179065,0,0,,
2024-01-22,56,TO,Norte,youtube,0,0,5640.56,313364,0,0,,
2024-01-22,56,SP,Sudeste,meta,1,0,153705.25,12808770,0,0,,
2024-01-22,56,RJ,Sudeste,meta,1,0,57815.74,4817978,0,0,,
2024-01-22,56,MG,Sudeste,meta,0,0,71917.14,5993094,1,0,71917.14,
2024-01-22,56,ES,Sudeste,meta,0,0,13396.33,1116360,0,0,,
2024-01-22,56,PR,Sul,meta,1,0,39483.92,3290326,0,0,,
2024-01-22,56,SC,Sul,meta,0,0,25382.52,2115209,0,0,,
2024-01-22,56,RS,Sul,meta,1,0,39483.92,3290326,0,0,,
2024-01-22,56,BA,Nordeste,meta,0,0,50765.04,4230419,0,0,,
2024-01-22,56,CE,Nordeste,meta,1,0,31728.15,2644012,0,0,,
2024-01-22,56,PE,Nordeste,meta,0,0,33843.36,2820279,0,0,,
2024-01-22,56,MA,Nordeste,meta,0,0,23972.38,1997698,0,0,,
2024-01-22,56,PB,Nordeste,meta,0,0,14101.4,1175116,0,0,,
2024-01-22,56,RN,Nordeste,meta,0,0,12691.26,1057604,0,0,,
2024-01-22,56,AL,Nordeste,meta,0,0,11281.12,940093,0,0,,
2024-01-22,56,SE,Nordeste,meta,0,0,7755.77,646314,0,0,,
2024-01-22,56,PI,Nordeste,meta,0,0,11281.12,940093,0,0,,
2024-01-22,56,GO,Centro-Oeste,meta,0,0,23267.31,1938942,0,0,,
2024-01-22,56,MT,Centro-Oeste,meta,0,0,11986.19,998849,0,0,,
2024-01-22,56,MS,Centro-Oeste,meta,0,0,9165.91,763825,0,0,,
2024-01-22,56,DF,Centro-Oeste,meta,0,0,9870.98,822581,0,0,,
2024-01-22,56,AM,Norte,meta,0,0,14101.4,1175116,0,0,,
2024-01-22,56,PA,Norte,meta,0,0,29612.94,2467744,0,0,,
2024-01-22,56,RO,Norte,meta,0,0,5640.56,470046,0,0,,
2024-01-22,56,AC,Norte,meta,0,0,2820.28,235023,1,0,2820.28,
2024-01-22,56,RR,Norte,meta,0,0,2115.21,176267,0,0,,
2024-01-22,56,AP,Norte,meta,0,0,2820.28,235023,0,0,,
2024-01-22,56,TO,Norte,meta,0,0,4935.49,411290,0,0,,
2024-01-22,56,SP,Sudeste,search,1,0,109789.47,13723683,0,0,,
2024-01-22,56,RJ,Sudeste,search,1,0,41296.96,5162119,0,0,,
2024-01-22,56,MG,Sudeste,search,0,0,51369.38,6421172,1,0,51369.38,
2024-01-22,56,ES,Sudeste,search,0,0,9568.81,1196100,0,0,,
2024-01-22,56,PR,Sul,search,1,0,28202.8,3525349,0,0,,
2024-01-22,56,SC,Sul,search,0,0,18130.37,2266296,1,0,18130.37,
2024-01-22,56,RS,Sul,search,1,0,28202.8,3525349,0,0,,
2024-01-22,56,BA,Nordeste,search,0,0,36260.74,4532592,0,0,,
2024-01-22,56,CE,Nordeste,search,1,0,22662.96,2832870,0,0,,
2024-01-22,56,PE,Nordeste,search,0,0,24173.83,3021728,0,0,,
2024-01-22,56,MA,Nordeste,search,0,0,17123.13,2140390,0,0,,
2024-01-22,56,PB,Nordeste,search,0,0,10072.43,1259053,0,0,,
2024-01-22,56,RN,Nordeste,search,0,0,9065.19,1133148,0,0,,
2024-01-22,56,AL,Nordeste,search,0,0,8057.94,1007242,0,0,,
2024-01-22,56,SE,Nordeste,search,0,0,5539.84,692479,0,0,,
2024-01-22,56,PI,Nordeste,search,0,0,8057.94,1007242,0,0,,
2024-01-22,56,GO,Centro-Oeste,search,0,0,16619.51,2077438,1,0,16619.51,
2024-01-22,56,MT,Centro-Oeste,search,0,0,8561.56,1070195,0,0,,
2024-01-22,56,MS,Centro-Oeste,search,0,0,6547.08,818384,0,0,,
2024-01-22,56,DF,Centro-Oeste,search,0,0,7050.7,881337,0,0,,
2024-01-22,56,AM,Norte,search,0,0,10072.43,1259053,0,0,,
2024-01-22,56,PA,Norte,search,0,0,21152.1,2644012,0,0,,
2024-01-22,56,RO,Norte,search,0,0,4028.97,503621,0,0,,
2024-01-22,56,AC,Norte,search,0,0,2014.49,251810,0,0,,
2024-01-22,56,RR,Norte,search,0,0,1510.86,188858,0,0,,
2024-01-22,56,AP,Norte,search,0,0,2014.49,251810,0,0,,
2024-01-22,56,TO,Norte,search,0,0,3525.35,440668,0,0,,
2024-01-29,57,SP,Sudeste,youtube,1,0,188468.55,10470475,1,0,188468.55,
2024-01-29,57,RJ,Sudeste,youtube,1,0,70891.84,3938435,0,0,,
2024-01-29,57,MG,Sudeste,youtube,0,0,88182.53,4899029,0,0,,
2024-01-29,57,ES,Sudeste,youtube,0,0,16426.16,912564,1,0,16426.16,
2024-01-29,57,PR,Sul,youtube,1,0,48413.94,2689663,1,0,48413.94,
2024-01-29,57,SC,Sul,youtube,0,0,31123.25,1729069,1,0,31123.25,
2024-01-29,57,RS,Sul,youtube,1,0,48413.94,2689663,0,0,,
2024-01-29,57,BA,Nordeste,youtube,0,0,62246.49,3458138,0,0,,
2024-01-29,57,CE,Nordeste,youtube,1,0,38904.06,2161336,0,0,,
2024-01-29,57,PE,Nordeste,youtube,0,0,41497.66,2305425,0,0,,
2024-01-29,57,MA,Nordeste,youtube,0,0,29394.18,1633009,0,0,,
2024-01-29,57,PB,Nordeste,youtube,0,0,17290.69,960594,0,0,,
2024-01-29,57,RN,Nordeste,youtube,0,0,15561.62,864534,0,0,,
2024-01-29,57,AL,Nordeste,youtube,0,0,13832.55,768475,0,0,,
2024-01-29,57,SE,Nordeste,youtube,0,0,9509.88,528326,0,0,,
2024-01-29,57,PI,Nordeste,youtube,0,0,13832.55,768475,0,0,,
2024-01-29,57,GO,Centro-Oeste,youtube,0,0,28529.64,1584980,0,0,,
2024-01-29,57,MT,Centro-Oeste,youtube,0,0,14697.09,816504,0,0,,
2024-01-29,57,MS,Centro-Oeste,youtube,0,0,11238.95,624386,0,0,,
2024-01-29,57,DF,Centro-Oeste,youtube,0,0,12103.48,672415,0,0,,
2024-01-29,57,AM,Norte,youtube,0,0,17290.69,960594,0,0,,
2024-01-29,57,PA,Norte,youtube,0,0,36310.45,2017247,0,0,,
2024-01-29,57,RO,Norte,youtube,0,0,6916.28,384237,0,0,,
2024-01-29,57,AC,Norte,youtube,0,0,3458.14,192118,0,0,,
2024-01-29,57,RR,Norte,youtube,0,0,2593.6,144089,0,0,,
2024-01-29,57,AP,Norte,youtube,0,0,3458.14,192118,0,0,,
2024-01-29,57,TO,Norte,youtube,0,0,6051.74,336207,0,0,,
2024-01-29,57,SP,Sudeste,meta,1,0,164909.98,13742498,0,0,,
2024-01-29,57,RJ,Sudeste,meta,1,0,62030.36,5169196,0,0,,
2024-01-29,57,MG,Sudeste,meta,0,0,77159.72,6429976,0,0,,
2024-01-29,57,ES,Sudeste,meta,0,0,14372.89,1197740,0,0,,
2024-01-29,57,PR,Sul,meta,1,0,42362.2,3530183,0,0,,
2024-01-29,57,SC,Sul,meta,0,0,27232.84,2269403,0,0,,
2024-01-29,57,RS,Sul,meta,1,0,42362.2,3530183,0,0,,
2024-01-29,57,BA,Nordeste,meta,0,0,54465.68,4538806,1,0,54465.68,
2024-01-29,57,CE,Nordeste,meta,1,0,34041.05,2836754,1,0,34041.05,
2024-01-29,57,PE,Nordeste,meta,0,0,36310.45,3025871,0,0,,
2024-01-29,57,MA,Nordeste,meta,0,0,25719.91,2143325,0,0,,
2024-01-29,57,PB,Nordeste,meta,0,0,15129.36,1260779,0,0,,
2024-01-29,57,RN,Nordeste,meta,0,0,13616.42,1134701,0,0,,
2024-01-29,57,AL,Nordeste,meta,0,0,12103.48,1008623,0,0,,
2024-01-29,57,SE,Nordeste,meta,0,0,8321.15,693428,0,0,,
2024-01-29,57,PI,Nordeste,meta,0,0,12103.48,1008623,0,0,,
2024-01-29,57,GO,Centro-Oeste,meta,0,0,24963.44,2080286,0,0,,
2024-01-29,57,MT,Centro-Oeste,meta,0,0,12859.95,1071662,0,0,,
2024-01-29,57,MS,Centro-Oeste,meta,0,0,9834.08,819506,0,0,,
2024-01-29,57,DF,Centro-Oeste,meta,0,0,10590.55,882545,0,0,,
2024-01-29,57,AM,Norte,meta,0,0,15129.36,1260779,0,0,,
2024-01-29,57,PA,Norte,meta,0,0,31771.65,2647637,0,0,,
2024-01-29,57,RO,Norte,meta,0,0,6051.74,504311,0,0,,
2024-01-29,57,AC,Norte,meta,0,0,3025.87,252155,0,0,,
2024-01-29,57,RR,Norte,meta,0,0,2269.4,189116,0,0,,
2024-01-29,57,AP,Norte,meta,0,0,3025.87,252155,0,0,,
2024-01-29,57,TO,Norte,meta,0,0,5295.27,441272,0,0,,
2024-01-29,57,SP,Sudeste,search,1,0,117792.84,14724105,0,0,,
2024-01-29,57,RJ,Sudeste,search,1,0,44307.4,5538424,0,0,,
2024-01-29,57,MG,Sudeste,search,0,0,55114.08,6889260,0,0,,
2024-01-29,57,ES,Sudeste,search,0,0,10266.35,1283293,0,0,,
2024-01-29,57,PR,Sul,search,1,0,30258.71,3782339,0,0,,
2024-01-29,57,SC,Sul,search,0,0,19452.03,2431503,0,0,,
2024-01-29,57,RS,Sul,search,1,0,30258.71,3782339,0,0,,
2024-01-29,57,BA,Nordeste,search,0,0,38904.06,4863007,0,0,,
2024-01-29,57,CE,Nordeste,search,1,0,24315.04,3039379,0,0,,
2024-01-29,57,PE,Nordeste,search,0,0,25936.04,3242004,0,0,,
2024-01-29,57,MA,Nordeste,search,0,0,18371.36,2296420,0,0,,
2024-01-29,57,PB,Nordeste,search,0,0,10806.68,1350835,0,0,,
2024-01-29,57,RN,Nordeste,search,0,0,9726.01,1215751,0,0,,
2024-01-29,57,AL,Nordeste,search,0,0,8645.35,1080668,0,0,,
2024-01-29,57,SE,Nordeste,search,0,0,5943.68,742959,0,0,,
2024-01-29,57,PI,Nordeste,search,0,0,8645.35,1080668,0,0,,
2024-01-29,57,GO,Centro-Oeste,search,0,0,17831.03,2228878,0,0,,
2024-01-29,57,MT,Centro-Oeste,search,0,0,9185.68,1148210,0,0,,
2024-01-29,57,MS,Centro-Oeste,search,0,0,7024.34,878042,0,0,,
2024-01-29,57,DF,Centro-Oeste,search,0,0,7564.68,945584,0,0,,
2024-01-29,57,AM,Norte,search,0,0,10806.68,1350835,0,0,,
2024-01-29,57,PA,Norte,search,0,0,22694.03,2836754,0,0,,
2024-01-29,57,RO,Norte,search,0,0,4322.67,540334,0,0,,
2024-01-29,57,AC,Norte,search,0,0,2161.34,270167,0,0,,
2024-01-29,57,RR,Norte,search,0,0,1621.0,202625,0,0,,
2024-01-29,57,AP,Norte,search,0,0,2161.34,270167,0,0,,
2024-01-29,57,TO,Norte,search,0,0,3782.34,472792,0,0,,
2024-02-05,58,SP,Sudeste,youtube,1,0,162704.38,9039132,0,0,,
2024-02-05,58,RJ,Sudeste,youtube,1,0,61200.73,3400040,0,0,,
2024-02-05,58,MG,Sudeste,youtube,0,0,76127.74,4229318,0,0,,
2024-02-05,58,ES,Sudeste,youtube,0,0,14180.66,787814,0,0,,
2024-02-05,58,PR,Sul,youtube,1,0,41795.62,2321978,0,0,,
2024-02-05,58,SC,Sul,youtube,0,0,26868.61,1492700,0,0,,
2024-02-05,58,RS,Sul,youtube,1,0,41795.62,2321978,1,0,41795.62,
2024-02-05,58,BA,Nordeste,youtube,0,0,53737.23,2985401,0,0,,
2024-02-05,58,CE,Nordeste,youtube,1,0,33585.77,1865875,0,0,,
2024-02-05,58,PE,Nordeste,youtube,0,0,35824.82,1990267,0,0,,
2024-02-05,58,MA,Nordeste,youtube,0,0,25375.91,1409772,0,0,,
2024-02-05,58,PB,Nordeste,youtube,0,0,14927.01,829278,0,0,,
2024-02-05,58,RN,Nordeste,youtube,0,0,13434.31,746350,0,0,,
2024-02-05,58,AL,Nordeste,youtube,0,0,11941.61,663422,0,0,,
2024-02-05,58,SE,Nordeste,youtube,0,0,8209.85,456102,0,0,,
2024-02-05,58,PI,Nordeste,youtube,0,0,11941.61,663422,0,0,,
2024-02-05,58,GO,Centro-Oeste,youtube,0,0,24629.56,1368308,0,0,,
2024-02-05,58,MT,Centro-Oeste,youtube,0,0,12687.96,704886,0,0,,
2024-02-05,58,MS,Centro-Oeste,youtube,0,0,9702.55,539030,0,0,,
2024-02-05,58,DF,Centro-Oeste,youtube,0,0,10448.91,580494,0,0,,
2024-02-05,58,AM,Norte,youtube,0,0,14927.01,829278,0,0,,
2024-02-05,58,PA,Norte,youtube,0,0,31346.72,1741484,0,0,,
2024-02-05,58,RO,Norte,youtube,0,0,5970.8,331711,0,0,,
2024-02-05,58,AC,Norte,youtube,0,0,2985.4,165855,0,0,,
2024-02-05,58,RR,Norte,youtube,0,0,2239.05,124391,0,0,,
2024-02-05,58,AP,Norte,youtube,0,0,2985.4,165855,0,0,,
2024-02-05,58,TO,Norte,youtube,0,0,5224.45,290247,0,0,,
2024-02-05,58,SP,Sudeste,meta,1,0,142366.33,11863861,0,0,,
2024-02-05,58,RJ,Sudeste,meta,1,0,53550.64,4462553,0,0,,
2024-02-05,58,MG,Sudeste,meta,0,0,66611.77,5550980,0,0,,
2024-02-05,58,ES,Sudeste,meta,0,0,12408.07,1034006,0,0,,
2024-02-05,58,PR,Sul,meta,1,0,36571.17,3047597,0,0,,
2024-02-05,58,SC,Sul,meta,0,0,23510.04,1959169,0,0,,
2024-02-05,58,RS,Sul,meta,1,0,36571.17,3047597,1,0,36571.17,
2024-02-05,58,BA,Nordeste,meta,0,0,47020.07,3918339,0,0,,
2024-02-05,58,CE,Nordeste,meta,1,0,29387.55,2448962,0,0,,
2024-02-05,58,PE,Nordeste,meta,0,0,31346.72,2612226,0,0,,
2024-02-05,58,MA,Nordeste,meta,0,0,22203.92,1850326,0,0,,
2024-02-05,58,PB,Nordeste,meta,0,0,13061.13,1088427,0,0,,
2024-02-05,58,RN,Nordeste,meta,0,0,11755.02,979584,1,0,11755.02,
2024-02-05,58,AL,Nordeste,meta,0,0,10448.91,870742,0,0,,
2024-02-05,58,SE,Nordeste,meta,0,0,7183.62,598635,0,0,,
2024-02-05,58,PI,Nordeste,meta,0,0,10448.91,870742,0,0,,
2024-02-05,58,GO,Centro-Oeste,meta,0,0,21550.87,1795905,0,0,,
2024-02-05,58,MT,Centro-Oeste,meta,0,0,11101.96,925163,0,0,,
2024-02-05,58,MS,Centro-Oeste,meta,0,0,8489.74,707477,0,0,,
2024-02-05,58,DF,Centro-Oeste,meta,0,0,9142.79,761899,0,0,,
2024-02-05,58,AM,Norte,meta,0,0,13061.13,1088427,0,0,,
2024-02-05,58,PA,Norte,meta,0,0,27428.38,2285698,0,0,,
2024-02-05,58,RO,Norte,meta,0,0,5224.45,435371,0,0,,
2024-02-05,58,AC,Norte,meta,0,0,2612.23,217685,0,0,,
2024-02-05,58,RR,Norte,meta,0,0,1959.17,163264,0,0,,
2024-02-05,58,AP,Norte,meta,0,0,2612.23,217685,0,0,,
2024-02-05,58,TO,Norte,meta,0,0,4571.4,380949,0,0,,
2024-02-05,58,SP,Sudeste,search,1,0,101690.24,12711279,0,0,,
2024-02-05,58,RJ,Sudeste,search,1,0,38250.46,4781307,1,0,38250.46,
2024-02-05,58,MG,Sudeste,search,0,0,47579.84,5947479,0,0,,
2024-02-05,58,ES,Sudeste,search,0,0,8862.91,1107863,0,0,,
2024-02-05,58,PR,Sul,search,1,0,26122.26,3265282,0,0,,
2024-02-05,58,SC,Sul,search,0,0,16792.88,2099110,0,0,,
2024-02-05,58,RS,Sul,search,1,0,26122.26,3265282,0,0,,
2024-02-05,58,BA,Nordeste,search,0,0,33585.77,4198220,0,0,,
2024-02-05,58,CE,Nordeste,search,1,0,20991.1,2623887,0,0,,
2024-02-05,58,PE,Nordeste,search,0,0,22390.51,2798813,0,0,,
2024-02-05,58,MA,Nordeste,search,0,0,15859.95,1982493,0,0,,
2024-02-05,58,PB,Nordeste,search,0,0,9329.38,1166172,0,0,,
2024-02-05,58,RN,Nordeste,search,0,0,8396.44,1049555,0,0,,
2024-02-05,58,AL,Nordeste,search,0,0,7463.5,932937,0,0,,
2024-02-05,58,SE,Nordeste,search,0,0,5131.16,641394,0,0,,
2024-02-05,58,PI,Nordeste,search,0,0,7463.5,932937,0,0,,
2024-02-05,58,GO,Centro-Oeste,search,0,0,15393.48,1924184,0,0,,
2024-02-05,58,MT,Centro-Oeste,search,0,0,7929.97,991246,0,0,,
2024-02-05,58,MS,Centro-Oeste,search,0,0,6064.1,758012,0,0,,
2024-02-05,58,DF,Centro-Oeste,search,0,0,6530.57,816320,0,0,,
2024-02-05,58,AM,Norte,search,0,0,9329.38,1166172,0,0,,
2024-02-05,58,PA,Norte,search,0,0,19591.7,2448962,0,0,,
2024-02-05,58,RO,Norte,search,0,0,3731.75,466468,0,0,,
2024-02-05,58,AC,Norte,search,0,0,1865.88,233234,0,0,,
2024-02-05,58,RR,Norte,search,0,0,1399.41,174925,0,0,,
2024-02-05,58,AP,Norte,search,0,0,1865.88,233234,0,0,,
2024-02-05,58,TO,Norte,search,0,0,3265.28,408160,0,0,,
2024-02-12,59,SP,Sudeste,youtube,1,0,167019.13,9278840,0,0,,
2024-02-12,59,RJ,Sudeste,youtube,1,0,62823.71,3490206,0,0,,
2024-02-12,59,MG,Sudeste,youtube,0,0,78146.57,4341475,0,0,,
2024-02-12,59,ES,Sudeste,youtube,0,0,14556.71,808706,0,0,,
2024-02-12,59,PR,Sul,youtube,1,0,42904.0,2383555,0,0,,
2024-02-12,59,SC,Sul,youtube,0,0,27581.14,1532285,0,0,,
2024-02-12,59,RS,Sul,youtube,1,0,42904.0,2383555,0,0,,
2024-02-12,59,BA,Nordeste,youtube,0,0,55162.28,3064571,0,0,,
2024-02-12,59,CE,Nordeste,youtube,1,0,34476.43,1915356,0,0,,
2024-02-12,59,PE,Nordeste,youtube,0,0,36774.85,2043047,0,0,,
2024-02-12,59,MA,Nordeste,youtube,0,0,26048.86,1447158,0,0,,
2024-02-12,59,PB,Nordeste,youtube,0,0,15322.86,851269,0,0,,
2024-02-12,59,RN,Nordeste,youtube,0,0,13790.57,766142,0,0,,
2024-02-12,59,AL,Nordeste,youtube,0,0,12258.28,681015,0,0,,
2024-02-12,59,SE,Nordeste,youtube,0,0,8427.57,468198,0,0,,
2024-02-12,59,PI,Nordeste,youtube,0,0,12258.28,681015,0,0,,
2024-02-12,59,GO,Centro-Oeste,youtube,0,0,25282.71,1404595,0,0,,
2024-02-12,59,MT,Centro-Oeste,youtube,0,0,13024.43,723579,0,0,,
2024-02-12,59,MS,Centro-Oeste,youtube,0,0,9959.86,553325,0,0,,
2024-02-12,59,DF,Centro-Oeste,youtube,0,0,10726.0,595888,0,0,,
2024-02-12,59,AM,Norte,youtube,0,0,15322.86,851269,0,0,,
2024-02-12,59,PA,Norte,youtube,0,0,32178.0,1787666,0,0,,
2024-02-12,59,RO,Norte,youtube,0,0,6129.14,340507,0,0,,
2024-02-12,59,AC,Norte,youtube,0,0,3064.57,170253,0,0,,
2024-02-12,59,RR,Norte,youtube,0,0,2298.43,127690,1,0,2298.43,
2024-02-12,59,AP,Norte,youtube,0,0,3064.57,170253,0,0,,
2024-02-12,59,TO,Norte,youtube,0,0,5363.0,297944,0,0,,
2024-02-12,59,SP,Sudeste,meta,1,0,146141.74,12178478,0,0,,
2024-02-12,59,RJ,Sudeste,meta,1,0,54970.75,4580895,0,0,,
2024-02-12,59,MG,Sudeste,meta,0,0,68378.25,5698187,0,0,,
2024-02-12,59,ES,Sudeste,meta,0,0,12737.12,1061427,0,0,,
2024-02-12,59,PR,Sul,meta,1,0,37541.0,3128416,0,0,,
2024-02-12,59,SC,Sul,meta,0,0,24133.5,2011124,0,0,,
2024-02-12,59,RS,Sul,meta,1,0,37541.0,3128416,0,0,,
2024-02-12,59,BA,Nordeste,meta,0,0,48267.0,4022249,0,0,,
2024-02-12,59,CE,Nordeste,meta,1,0,30166.87,2513906,0,0,,
2024-02-12,59,PE,Nordeste,meta,0,0,32178.0,2681499,0,0,,
2024-02-12,59,MA,Nordeste,meta,0,0,22792.75,1899395,1,0,22792.75,
2024-02-12,59,PB,Nordeste,meta,0,0,13407.5,1117291,1,0,13407.5,
2024-02-12,59,RN,Nordeste,meta,0,0,12066.75,1005562,0,0,,
2024-02-12,59,AL,Nordeste,meta,0,0,10726.0,893833,0,0,,
2024-02-12,59,SE,Nordeste,meta,0,0,7374.12,614510,0,0,,
2024-02-12,59,PI,Nordeste,meta,0,0,10726.0,893833,0,0,,
2024-02-12,59,GO,Centro-Oeste,meta,0,0,22122.37,1843531,0,0,,
2024-02-12,59,MT,Centro-Oeste,meta,0,0,11396.37,949697,0,0,,
2024-02-12,59,MS,Centro-Oeste,meta,0,0,8714.87,726239,0,0,,
2024-02-12,59,DF,Centro-Oeste,meta,0,0,9385.25,782104,0,0,,
2024-02-12,59,AM,Norte,meta,0,0,13407.5,1117291,0,0,,
2024-02-12,59,PA,Norte,meta,0,0,28155.75,2346312,0,0,,
2024-02-12,59,RO,Norte,meta,0,0,5363.0,446916,0,0,,
2024-02-12,59,AC,Norte,meta,0,0,2681.5,223458,0,0,,
2024-02-12,59,RR,Norte,meta,0,0,2011.12,167593,0,0,,
2024-02-12,59,AP,Norte,meta,0,0,2681.5,223458,0,0,,
2024-02-12,59,TO,Norte,meta,0,0,4692.62,391052,0,0,,
2024-02-12,59,SP,Sudeste,search,1,0,104386.96,13048369,0,0,,
2024-02-12,59,RJ,Sudeste,search,1,0,39264.82,4908102,0,0,,
2024-02-12,59,MG,Sudeste,search,0,0,48841.6,6105200,0,0,,
2024-02-12,59,ES,Sudeste,search,0,0,9097.95,1137243,0,0,,
2024-02-12,59,PR,Sul,search,1,0,26815.0,3351874,0,0,,
2024-02-12,59,SC,Sul,search,0,0,17238.21,2154776,0,0,,
2024-02-12,59,RS,Sul,search,1,0,26815.0,3351874,0,0,,
2024-02-12,59,BA,Nordeste,search,0,0,34476.43,4309553,0,0,,
2024-02-12,59,CE,Nordeste,search,1,0,21547.77,2693470,0,0,,
2024-02-12,59,PE,Nordeste,search,0,0,22984.28,2873035,1,0,22984.28,
2024-02-12,59,MA,Nordeste,search,0,0,16280.53,2035066,0,0,,
2024-02-12,59,PB,Nordeste,search,0,0,9576.79,1197098,0,0,,
2024-02-12,59,RN,Nordeste,search,0,0,8619.11,1077388,0,0,,
2024-02-12,59,AL,Nordeste,search,0,0,7661.43,957678,0,0,,
2024-02-12,59,SE,Nordeste,search,0,0,5267.23,658403,0,0,,
2024-02-12,59,PI,Nordeste,search,0,0,7661.43,957678,0,0,,
2024-02-12,59,GO,Centro-Oeste,search,0,0,15801.7,1975211,0,0,,
2024-02-12,59,MT,Centro-Oeste,search,0,0,8140.27,1017533,0,0,,
2024-02-12,59,MS,Centro-Oeste,search,0,0,6224.91,778113,0,0,,
2024-02-12,59,DF,Centro-Oeste,search,0,0,6703.75,837968,0,0,,
2024-02-12,59,AM,Norte,search,0,0,9576.79,1197098,0,0,,
2024-02-12,59,PA,Norte,search,0,0,20111.25,2513906,1,0,20111.25,
2024-02-12,59,RO,Norte,search,0,0,3830.71,478839,1,0,3830.71,
2024-02-12,59,AC,Norte,search,0,0,1915.36,239419,1,0,1915.36,
2024-02-12,59,RR,Norte,search,0,0,1436.52,179564,0,0,,
2024-02-12,59,AP,Norte,search,0,0,1915.36,239419,0,0,,
2024-02-12,59,TO,Norte,search,0,0,3351.87,418984,0,0,,
2024-02-19,60,SP,Sudeste,youtube,1,0,163219.66,9067758,1,0,163219.66,
2024-02-19,60,RJ,Sudeste,youtube,1,0,61394.55,3410808,0,0,,
2024-02-19,60,MG,Sudeste,youtube,0,0,76368.83,4242712,0,0,,
2024-02-19,60,ES,Sudeste,youtube,0,0,14225.57,790309,0,0,,
2024-02-19,60,PR,Sul,youtube,1,0,41927.98,2329332,0,0,,
2024-02-19,60,SC,Sul,youtube,0,0,26953.7,1497428,0,0,,
2024-02-19,60,RS,Sul,youtube,1,0,41927.98,2329332,0,0,,
2024-02-19,60,BA,Nordeste,youtube,0,0,53907.41,2994856,0,0,,
2024-02-19,60,CE,Nordeste,youtube,1,0,33692.13,1871785,0,0,,
2024-02-19,60,PE,Nordeste,youtube,0,0,35938.27,1996570,0,0,,
2024-02-19,60,MA,Nordeste,youtube,0,0,25456.28,1414237,0,0,,
2024-02-19,60,PB,Nordeste,youtube,0,0,14974.28,831904,0,0,,
2024-02-19,60,RN,Nordeste,youtube,0,0,13476.85,748714,0,0,,
2024-02-19,60,AL,Nordeste,youtube,0,0,11979.42,665523,0,0,,
2024-02-19,60,SE,Nordeste,youtube,0,0,8235.85,457547,0,0,,
2024-02-19,60,PI,Nordeste,youtube,0,0,11979.42,665523,1,0,11979.42,
2024-02-19,60,GO,Centro-Oeste,youtube,0,0,24707.56,1372642,0,0,,
2024-02-19,60,MT,Centro-Oeste,youtube,0,0,12728.14,707118,0,0,,
2024-02-19,60,MS,Centro-Oeste,youtube,0,0,9733.28,540737,0,0,,
2024-02-19,60,DF,Centro-Oeste,youtube,0,0,10482.0,582333,0,0,,
2024-02-19,60,AM,Norte,youtube,0,0,14974.28,831904,0,0,,
2024-02-19,60,PA,Norte,youtube,0,0,31445.99,1746999,0,0,,
2024-02-19,60,RO,Norte,youtube,0,0,5989.71,332761,0,0,,
2024-02-19,60,AC,Norte,youtube,0,0,2994.86,166380,0,0,,
2024-02-19,60,RR,Norte,youtube,0,0,2246.14,124785,0,0,,
2024-02-19,60,AP,Norte,youtube,0,0,2994.86,166380,0,0,,
2024-02-19,60,TO,Norte,youtube,0,0,5241.0,291166,0,0,,
2024-02-19,60,SP,Sudeste,meta,1,0,142817.2,11901433,1,0,142817.2,
2024-02-19,60,RJ,Sudeste,meta,1,0,53720.23,4476685,0,0,,
2024-02-19,60,MG,Sudeste,meta,0,0,66822.73,5568560,0,0,,
2024-02-19,60,ES,Sudeste,meta,0,0,12447.37,1037280,0,0,,
2024-02-19,60,PR,Sul,meta,1,0,36686.99,3057248,0,0,,
2024-02-19,60,SC,Sul,meta,0,0,23584.49,1965374,0,0,,
2024-02-19,60,RS,Sul,meta,1,0,36686.99,3057248,0,0,,
2024-02-19,60,BA,Nordeste,meta,0,0,47168.98,3930748,0,0,,
2024-02-19,60,CE,Nordeste,meta,1,0,29480.61,2456717,0,0,,
2024-02-19,60,PE,Nordeste,meta,0,0,31445.99,2620499,0,0,,
2024-02-19,60,MA,Nordeste,meta,0,0,22274.24,1856186,0,0,,
2024-02-19,60,PB,Nordeste,meta,0,0,13102.5,1091874,0,0,,
2024-02-19,60,RN,Nordeste,meta,0,0,11792.25,982687,0,0,,
2024-02-19,60,AL,Nordeste,meta,0,0,10482.0,873499,0,0,,
2024-02-19,60,SE,Nordeste,meta,0,0,7206.37,600531,0,0,,
2024-02-19,60,PI,Nordeste,meta,0,0,10482.0,873499,0,0,,
2024-02-19,60,GO,Centro-Oeste,meta,0,0,21619.12,1801593,0,0,,
2024-02-19,60,MT,Centro-Oeste,meta,0,0,11137.12,928093,0,0,,
2024-02-19,60,MS,Centro-Oeste,meta,0,0,8516.62,709718,0,0,,
2024-02-19,60,DF,Centro-Oeste,meta,0,0,9171.75,764312,0,0,,
2024-02-19,60,AM,Norte,meta,0,0,13102.5,1091874,0,0,,
2024-02-19,60,PA,Norte,meta,0,0,27515.24,2292936,0,0,,
2024-02-19,60,RO,Norte,meta,0,0,5241.0,436749,0,0,,
2024-02-19,60,AC,Norte,meta,0,0,2620.5,218374,0,0,,
2024-02-19,60,RR,Norte,meta,0,0,1965.37,163781,0,0,,
2024-02-19,60,AP,Norte,meta,0,0,2620.5,218374,0,0,,
2024-02-19,60,TO,Norte,meta,0,0,4585.87,382156,0,0,,
2024-02-19,60,SP,Sudeste,search,1,0,102012.28,12751535,0,0,,
2024-02-19,60,RJ,Sudeste,search,1,0,38371.59,4796449,0,0,,
2024-02-19,60,MG,Sudeste,search,0,0,47730.52,5966314,0,0,,
2024-02-19,60,ES,Sudeste,search,0,0,8890.98,1111372,0,0,,
2024-02-19,60,PR,Sul,search,1,0,26204.99,3275623,0,0,,
2024-02-19,60,SC,Sul,search,0,0,16846.07,2105758,0,0,,
2024-02-19,60,RS,Sul,search,1,0,26204.99,3275623,0,0,,
2024-02-19,60,BA,Nordeste,search,0,0,33692.13,4211516,0,0,,
2024-02-19,60,CE,Nordeste,search,1,0,21057.58,2632197,0,0,,
2024-02-19,60,PE,Nordeste,search,0,0,22461.42,2807677,0,0,,
2024-02-19,60,MA,Nordeste,search,0,0,15910.17,1988771,0,0,,
2024-02-19,60,PB,Nordeste,search,0,0,9358.93,1169865,0,0,,
2024-02-19,60,RN,Nordeste,search,0,0,8423.03,1052879,0,0,,
2024-02-19,60,AL,Nordeste,search,0,0,7487.14,935892,0,0,,
2024-02-19,60,SE,Nordeste,search,0,0,5147.41,643426,0,0,,
2024-02-19,60,PI,Nordeste,search,0,0,7487.14,935892,0,0,,
2024-02-19,60,GO,Centro-Oeste,search,0,0,15442.23,1930278,0,0,,
2024-02-19,60,MT,Centro-Oeste,search,0,0,7955.09,994385,0,0,,
2024-02-19,60,MS,Centro-Oeste,search,0,0,6083.3,760412,0,0,,
2024-02-19,60,DF,Centro-Oeste,search,0,0,6551.25,818905,0,0,,
2024-02-19,60,AM,Norte,search,0,0,9358.93,1169865,0,0,,
2024-02-19,60,PA,Norte,search,0,0,19653.74,2456717,0,0,,
2024-02-19,60,RO,Norte,search,0,0,3743.57,467946,0,0,,
2024-02-19,60,AC,Norte,search,0,0,1871.79,233973,1,0,1871.79,
2024-02-19,60,RR,Norte,search,0,0,1403.84,175479,0,0,,
2024-02-19,60,AP,Norte,search,0,0,1871.79,233973,0,0,,
2024-02-19,60,TO,Norte,search,0,0,3275.62,409452,0,0,,
2024-02-26,61,SP,Sudeste,youtube,1,0,212327.88,11795993,0,0,,
2024-02-26,61,RJ,Sudeste,youtube,1,0,79866.45,4437025,0,0,,
2024-02-26,61,MG,Sudeste,youtube,0,0,99346.07,5519226,0,0,,
2024-02-26,61,ES,Sudeste,youtube,0,0,18505.64,1028091,0,0,,
2024-02-26,61,PR,Sul,youtube,1,0,54542.94,3030163,0,0,,
2024-02-26,61,SC,Sul,youtube,0,0,35063.32,1947962,0,0,,
2024-02-26,61,RS,Sul,youtube,1,0,54542.94,3030163,0,0,,
2024-02-26,61,BA,Nordeste,youtube,0,0,70126.64,3895924,0,0,,
2024-02-26,61,CE,Nordeste,youtube,1,0,43829.15,2434952,0,0,,
2024-02-26,61,PE,Nordeste,youtube,0,0,46751.09,2597282,0,0,,
2024-02-26,61,MA,Nordeste,youtube,0,0,33115.36,1839742,0,0,,
2024-02-26,61,PB,Nordeste,youtube,0,0,19479.62,1082201,0,0,,
2024-02-26,61,RN,Nordeste,youtube,0,0,17531.66,973981,0,0,,
2024-02-26,61,AL,Nordeste,youtube,0,0,15583.7,865760,0,0,,
2024-02-26,61,SE,Nordeste,youtube,0,0,10713.79,595210,0,0,,
2024-02-26,61,PI,Nordeste,youtube,0,0,15583.7,865760,0,0,,
2024-02-26,61,GO,Centro-Oeste,youtube,0,0,32141.38,1785632,0,0,,
2024-02-26,61,MT,Centro-Oeste,youtube,0,0,16557.68,919871,0,0,,
2024-02-26,61,MS,Centro-Oeste,youtube,0,0,12661.75,703430,0,0,,
2024-02-26,61,DF,Centro-Oeste,youtube,0,0,13635.74,757540,0,0,,
2024-02-26,61,AM,Norte,youtube,0,0,19479.62,1082201,0,0,,
2024-02-26,61,PA,Norte,youtube,0,0,40907.21,2272622,0,0,,
2024-02-26,61,RO,Norte,youtube,0,0,7791.85,432880,0,0,,
2024-02-26,61,AC,Norte,youtube,0,0,3895.92,216440,0,0,,
2024-02-26,61,RR,Norte,youtube,0,0,2921.94,162330,0,0,,
2024-02-26,61,AP,Norte,youtube,0,0,3895.92,216440,0,0,,
2024-02-26,61,TO,Norte,youtube,0,0,6817.87,378770,0,0,,
2024-02-26,61,SP,Sudeste,meta,1,0,185786.9,15482241,0,0,,
2024-02-26,61,RJ,Sudeste,meta,1,0,69883.14,5823595,0,0,,
2024-02-26,61,MG,Sudeste,meta,0,0,86927.81,7243984,0,0,,
2024-02-26,61,ES,Sudeste,meta,0,0,16192.44,1349369,0,0,,
2024-02-26,61,PR,Sul,meta,1,0,47725.07,3977089,0,0,,
2024-02-26,61,SC,Sul,meta,0,0,30680.4,2556700,0,0,,
2024-02-26,61,RS,Sul,meta,1,0,47725.07,3977089,0,0,,
2024-02-26,61,BA,Nordeste,meta,0,0,61360.81,5113400,0,0,,
2024-02-26,61,CE,Nordeste,meta,1,0,38350.51,3195875,0,0,,
2024-02-26,61,PE,Nordeste,meta,0,0,40907.21,3408933,0,0,,
2024-02-26,61,MA,Nordeste,meta,0,0,28975.94,2414661,0,0,,
2024-02-26,61,PB,Nordeste,meta,0,0,17044.67,1420389,0,0,,
2024-02-26,61,RN,Nordeste,meta,0,0,15340.2,1278350,0,0,,
2024-02-26,61,AL,Nordeste,meta,0,0,13635.74,1136311,0,0,,
2024-02-26,61,SE,Nordeste,meta,0,0,9374.57,781214,0,0,,
2024-02-26,61,PI,Nordeste,meta,0,0,13635.74,1136311,1,0,13635.74,
2024-02-26,61,GO,Centro-Oeste,meta,0,0,28123.7,2343642,0,0,,
2024-02-26,61,MT,Centro-Oeste,meta,0,0,14487.97,1207330,0,0,,
2024-02-26,61,MS,Centro-Oeste,meta,0,0,11079.04,923252,0,0,,
2024-02-26,61,DF,Centro-Oeste,meta,0,0,11931.27,994272,0,0,,
2024-02-26,61,AM,Norte,meta,0,0,17044.67,1420389,0,0,,
2024-02-26,61,PA,Norte,meta,0,0,35793.81,2982817,0,0,,
2024-02-26,61,RO,Norte,meta,0,0,6817.87,568155,0,0,,
2024-02-26,61,AC,Norte,meta,0,0,3408.93,284077,0,0,,
2024-02-26,61,RR,Norte,meta,0,0,2556.7,213058,0,0,,
2024-02-26,61,AP,Norte,meta,0,0,3408.93,284077,0,0,,
2024-02-26,61,TO,Norte,meta,0,0,5965.63,497136,0,0,,
2024-02-26,61,SP,Sudeste,search,1,0,132704.93,16588115,0,0,,
2024-02-26,61,RJ,Sudeste,search,1,0,49916.53,6239566,0,0,,
2024-02-26,61,MG,Sudeste,search,0,0,62091.3,7761411,0,0,,
2024-02-26,61,ES,Sudeste,search,0,0,11566.03,1445753,0,0,,
2024-02-26,61,PR,Sul,search,1,0,34089.34,4261167,0,0,,
2024-02-26,61,SC,Sul,search,0,0,21914.57,2739321,0,0,,
2024-02-26,61,RS,Sul,search,1,0,34089.34,4261167,0,0,,
2024-02-26,61,BA,Nordeste,search,0,0,43829.15,5478643,0,0,,
2024-02-26,61,CE,Nordeste,search,1,0,27393.22,3424152,0,0,,
2024-02-26,61,PE,Nordeste,search,0,0,29219.43,3652429,0,0,,
2024-02-26,61,MA,Nordeste,search,0,0,20697.1,2587137,0,0,,
2024-02-26,61,PB,Nordeste,search,0,0,12174.76,1521845,0,0,,
2024-02-26,61,RN,Nordeste,search,0,0,10957.29,1369660,0,0,,
2024-02-26,61,AL,Nordeste,search,0,0,9739.81,1217476,0,0,,
2024-02-26,61,SE,Nordeste,search,0,0,6696.12,837015,0,0,,
2024-02-26,61,PI,Nordeste,search,0,0,9739.81,1217476,0,0,,
2024-02-26,61,GO,Centro-Oeste,search,0,0,20088.36,2511045,0,0,,
2024-02-26,61,MT,Centro-Oeste,search,0,0,10348.55,1293568,0,0,,
2024-02-26,61,MS,Centro-Oeste,search,0,0,7913.6,989199,0,0,,
2024-02-26,61,DF,Centro-Oeste,search,0,0,8522.33,1065291,0,0,,
2024-02-26,61,AM,Norte,search,0,0,12174.76,1521845,0,0,,
2024-02-26,61,PA,Norte,search,0,0,25567.0,3195875,0,0,,
2024-02-26,61,RO,Norte,search,0,0,4869.91,608738,0,0,,
2024-02-26,61,AC,Norte,search,0,0,2434.95,304369,0,0,,
2024-02-26,61,RR,Norte,search,0,0,1826.21,228276,0,0,,
2024-02-26,61,AP,Norte,search,0,0,2434.95,304369,0,0,,
2024-02-26,61,TO,Norte,search,0,0,4261.17,532645,0,0,,
2024-03-04,62,SP,Sudeste,youtube,1,0,171810.65,9545036,0,0,,
2024-03-04,62,RJ,Sudeste,youtube,1,0,64626.02,3590334,0,0,,
2024-03-04,62,MG,Sudeste,youtube,0,0,80388.47,4466026,0,0,,
2024-03-04,62,ES,Sudeste,youtube,0,0,14974.32,831906,0,0,,
2024-03-04,62,PR,Sul,youtube,1,0,44134.85,2451935,0,0,,
2024-03-04,62,SC,Sul,youtube,0,0,28372.4,1576244,0,0,,
2024-03-04,62,RS,Sul,youtube,1,0,44134.85,2451935,0,0,,
2024-03-04,62,BA,Nordeste,youtube,0,0,56744.8,3152488,0,0,,
2024-03-04,62,CE,Nordeste,youtube,1,0,35465.5,1970305,0,0,,
2024-03-04,62,PE,Nordeste,youtube,0,0,37829.87,2101659,0,0,,
2024-03-04,62,MA,Nordeste,youtube,0,0,26796.16,1488675,0,0,,
2024-03-04,62,PB,Nordeste,youtube,0,0,15762.44,875691,1,0,15762.44,
2024-03-04,62,RN,Nordeste,youtube,0,0,14186.2,788122,0,0,,
2024-03-04,62,AL,Nordeste,youtube,0,0,12609.96,700553,0,0,,
2024-03-04,62,SE,Nordeste,youtube,0,0,8669.34,481630,0,0,,
2024-03-04,62,PI,Nordeste,youtube,0,0,12609.96,700553,0,0,,
2024-03-04,62,GO,Centro-Oeste,youtube,0,0,26008.03,1444890,0,0,,
2024-03-04,62,MT,Centro-Oeste,youtube,0,0,13398.08,744337,0,0,,
2024-03-04,62,MS,Centro-Oeste,youtube,0,0,10245.59,569199,0,0,,
2024-03-04,62,DF,Centro-Oeste,youtube,0,0,11033.71,612983,0,0,,
2024-03-04,62,AM,Norte,youtube,0,0,15762.44,875691,0,0,,
2024-03-04,62,PA,Norte,youtube,0,0,33101.13,1838951,0,0,,
2024-03-04,62,RO,Norte,youtube,0,0,6304.98,350276,0,0,,
2024-03-04,62,AC,Norte,youtube,0,0,3152.49,175138,0,0,,
2024-03-04,62,RR,Norte,youtube,0,0,2364.37,131353,0,0,,
2024-03-04,62,AP,Norte,youtube,0,0,3152.49,175138,0,0,,
2024-03-04,62,TO,Norte,youtube,0,0,5516.86,306491,0,0,,
2024-03-04,62,SP,Sudeste,meta,1,0,150334.32,12527859,0,0,,
2024-03-04,62,RJ,Sudeste,meta,1,0,56547.77,4712314,0,0,,
2024-03-04,62,MG,Sudeste,meta,0,0,70339.91,5861659,0,0,,
2024-03-04,62,ES,Sudeste,meta,0,0,13102.53,1091877,0,0,,
2024-03-04,62,PR,Sul,meta,1,0,38617.99,3218165,0,0,,
2024-03-04,62,SC,Sul,meta,0,0,24825.85,2068820,0,0,,
2024-03-04,62,RS,Sul,meta,1,0,38617.99,3218165,0,0,,
2024-03-04,62,BA,Nordeste,meta,0,0,49651.7,4137641,0,0,,
2024-03-04,62,CE,Nordeste,meta,1,0,31032.31,2586026,0,0,,
2024-03-04,62,PE,Nordeste,meta,0,0,33101.13,2758427,0,0,,
2024-03-04,62,MA,Nordeste,meta,0,0,23446.64,1953886,0,0,,
2024-03-04,62,PB,Nordeste,meta,0,0,13792.14,1149344,0,0,,
2024-03-04,62,RN,Nordeste,meta,0,0,12412.93,1034410,0,0,,
2024-03-04,62,AL,Nordeste,meta,0,0,11033.71,919475,0,0,,
2024-03-04,62,SE,Nordeste,meta,0,0,7585.68,632139,0,0,,
2024-03-04,62,PI,Nordeste,meta,0,0,11033.71,919475,0,0,,
2024-03-04,62,GO,Centro-Oeste,meta,0,0,22757.03,1896419,0,0,,
2024-03-04,62,MT,Centro-Oeste,meta,0,0,11723.32,976943,0,0,,
2024-03-04,62,MS,Centro-Oeste,meta,0,0,8964.89,747074,0,0,,
2024-03-04,62,DF,Centro-Oeste,meta,0,0,9654.5,804541,0,0,,
2024-03-04,62,AM,Norte,meta,0,0,13792.14,1149344,0,0,,
2024-03-04,62,PA,Norte,meta,0,0,28963.49,2413624,0,0,,
2024-03-04,62,RO,Norte,meta,0,0,5516.86,459737,0,0,,
2024-03-04,62,AC,Norte,meta,0,0,2758.43,229868,0,0,,
2024-03-04,62,RR,Norte,meta,0,0,2068.82,172401,0,0,,
2024-03-04,62,AP,Norte,meta,0,0,2758.43,229868,0,0,,
2024-03-04,62,TO,Norte,meta,0,0,4827.25,402270,0,0,,
2024-03-04,62,SP,Sudeste,search,1,0,107381.66,13422706,0,0,,
2024-03-04,62,RJ,Sudeste,search,1,0,40391.27,5048908,0,0,,
2024-03-04,62,MG,Sudeste,search,0,0,50242.79,6280349,0,0,,
2024-03-04,62,ES,Sudeste,search,0,0,9358.95,1169868,0,0,,
2024-03-04,62,PR,Sul,search,1,0,27584.28,3448034,0,0,,
2024-03-04,62,SC,Sul,search,0,0,17732.75,2216593,0,0,,
2024-03-04,62,RS,Sul,search,1,0,27584.28,3448034,0,0,,
2024-03-04,62,BA,Nordeste,search,0,0,35465.5,4433187,0,0,,
2024-03-04,62,CE,Nordeste,search,1,0,22165.94,2770742,0,0,,
2024-03-04,62,PE,Nordeste,search,0,0,23643.67,2955458,0,0,,
2024-03-04,62,MA,Nordeste,search,0,0,16747.6,2093449,0,0,,
2024-03-04,62,PB,Nordeste,search,0,0,9851.53,1231441,0,0,,
2024-03-04,62,RN,Nordeste,search,0,0,8866.38,1108296,0,0,,
2024-03-04,62,AL,Nordeste,search,0,0,7881.22,985152,0,0,,
2024-03-04,62,SE,Nordeste,search,0,0,5418.34,677292,1,0,5418.34,
2024-03-04,62,PI,Nordeste,search,0,0,7881.22,985152,0,0,,
2024-03-04,62,GO,Centro-Oeste,search,0,0,16255.02,2031877,0,0,,
2024-03-04,62,MT,Centro-Oeste,search,0,0,8373.8,1046724,0,0,,
2024-03-04,62,MS,Centro-Oeste,search,0,0,6403.49,800436,0,0,,
2024-03-04,62,DF,Centro-Oeste,search,0,0,6896.07,862008,0,0,,
2024-03-04,62,AM,Norte,search,0,0,9851.53,1231441,0,0,,
2024-03-04,62,PA,Norte,search,0,0,20688.21,2586026,0,0,,
2024-03-04,62,RO,Norte,search,0,0,3940.61,492576,0,0,,
2024-03-04,62,AC,Norte,search,0,0,1970.31,246288,0,0,,
2024-03-04,62,RR,Norte,search,0,0,1477.73,184716,0,0,,
2024-03-04,62,AP,Norte,search,0,0,1970.31,246288,0,0,,
2024-03-04,62,TO,Norte,search,0,0,3448.03,431004,0,0,,
2024-03-11,63,SP,Sudeste,youtube,1,0,179767.03,9987057,0,0,,
2024-03-11,63,RJ,Sudeste,youtube,1,0,67618.79,3756599,0,0,,
2024-03-11,63,MG,Sudeste,youtube,0,0,84111.18,4672843,0,0,,
2024-03-11,63,ES,Sudeste,youtube,0,0,15667.77,870431,0,0,,
2024-03-11,63,PR,Sul,youtube,1,0,46178.69,2565482,0,0,,
2024-03-11,63,SC,Sul,youtube,0,0,29686.3,1649238,0,0,,
2024-03-11,63,RS,Sul,youtube,1,0,46178.69,2565482,0,0,,
2024-03-11,63,BA,Nordeste,youtube,0,0,59372.6,3298477,0,0,,
2024-03-11,63,CE,Nordeste,youtube,1,0,37107.87,2061548,0,0,,
2024-03-11,63,PE,Nordeste,youtube,0,0,39581.73,2198985,0,0,,
2024-03-11,63,MA,Nordeste,youtube,0,0,28037.06,1557614,0,0,,
2024-03-11,63,PB,Nordeste,youtube,0,0,16492.39,916243,0,0,,
2024-03-11,63,RN,Nordeste,youtube,0,0,14843.15,824619,0,0,,
2024-03-11,63,AL,Nordeste,youtube,0,0,13193.91,732995,1,0,13193.91,
2024-03-11,63,SE,Nordeste,youtube,0,0,9070.81,503934,0,0,,
2024-03-11,63,PI,Nordeste,youtube,0,0,13193.91,732995,0,0,,
2024-03-11,63,GO,Centro-Oeste,youtube,0,0,27212.44,1511802,0,0,,
2024-03-11,63,MT,Centro-Oeste,youtube,0,0,14018.53,778807,0,0,,
2024-03-11,63,MS,Centro-Oeste,youtube,0,0,10720.05,595558,0,0,,
2024-03-11,63,DF,Centro-Oeste,youtube,0,0,11544.67,641370,0,0,,
2024-03-11,63,AM,Norte,youtube,0,0,16492.39,916243,0,0,,
2024-03-11,63,PA,Norte,youtube,0,0,34634.02,1924111,0,0,,
2024-03-11,63,RO,Norte,youtube,0,0,6596.96,366497,0,0,,
2024-03-11,63,AC,Norte,youtube,0,0,3298.48,183248,0,0,,
2024-03-11,63,RR,Norte,youtube,0,0,2473.86,137436,0,0,,
2024-03-11,63,AP,Norte,youtube,0,0,3298.48,183248,0,0,,
2024-03-11,63,TO,Norte,youtube,0,0,5772.34,320685,0,0,,
2024-03-11,63,SP,Sudeste,meta,1,0,157296.15,13108012,0,0,,
2024-03-11,63,RJ,Sudeste,meta,1,0,59166.44,4930536,0,0,,
2024-03-11,63,MG,Sudeste,meta,0,0,73597.28,6133106,0,0,,
2024-03-11,63,ES,Sudeste,meta,0,0,13709.3,1142441,0,0,,
2024-03-11,63,PR,Sul,meta,1,0,40406.35,3367195,0,0,,
2024-03-11,63,SC,Sul,meta,0,0,25975.51,2164625,0,0,,
2024-03-11,63,RS,Sul,meta,1,0,40406.35,3367195,0,0,,
2024-03-11,63,BA,Nordeste,meta,0,0,51951.02,4329251,0,0,,
2024-03-11,63,CE,Nordeste,meta,1,0,32469.39,2705782,0,0,,
2024-03-11,63,PE,Nordeste,meta,0,0,34634.02,2886167,0,0,,
2024-03-11,63,MA,Nordeste,meta,0,0,24532.43,2044368,0,0,,
2024-03-11,63,PB,Nordeste,meta,0,0,14430.84,1202569,0,0,,
2024-03-11,63,RN,Nordeste,meta,0,0,12987.76,1082312,0,0,,
2024-03-11,63,AL,Nordeste,meta,0,0,11544.67,962055,0,0,,
2024-03-11,63,SE,Nordeste,meta,0,0,7936.96,661413,0,0,,
2024-03-11,63,PI,Nordeste,meta,0,0,11544.67,962055,1,0,11544.67,
2024-03-11,63,GO,Centro-Oeste,meta,0,0,23810.89,1984240,0,0,,
2024-03-11,63,MT,Centro-Oeste,meta,0,0,12266.21,1022184,0,0,,
2024-03-11,63,MS,Centro-Oeste,meta,0,0,9380.05,781670,0,0,,
2024-03-11,63,DF,Centro-Oeste,meta,0,0,10101.59,841798,0,0,,
2024-03-11,63,AM,Norte,meta,0,0,14430.84,1202569,0,0,,
2024-03-11,63,PA,Norte,meta,0,0,30304.76,2525396,0,0,,
2024-03-11,63,RO,Norte,meta,0,0,5772.34,481027,0,0,,
2024-03-11,63,AC,Norte,meta,0,0,2886.17,240513,0,0,,
2024-03-11,63,RR,Norte,meta,0,0,2164.63,180385,0,0,,
2024-03-11,63,AP,Norte,meta,0,0,2886.17,240513,0,0,,
2024-03-11,63,TO,Norte,meta,0,0,5050.79,420899,0,0,,
2024-03-11,63,SP,Sudeste,search,1,0,112354.4,14044299,0,0,,
2024-03-11,63,RJ,Sudeste,search,1,0,42261.75,5282718,0,0,,
2024-03-11,63,MG,Sudeste,search,0,0,52569.49,6571185,0,0,,
2024-03-11,63,ES,Sudeste,search,0,0,9792.36,1224044,0,0,,
2024-03-11,63,PR,Sul,search,1,0,28861.68,3607709,0,0,,
2024-03-11,63,SC,Sul,search,0,0,18553.94,2319242,0,0,,
2024-03-11,63,RS,Sul,search,1,0,28861.68,3607709,0,0,,
2024-03-11,63,BA,Nordeste,search,0,0,37107.87,4638484,0,0,,
2024-03-11,63,CE,Nordeste,search,1,0,23192.42,2899052,0,0,,
2024-03-11,63,PE,Nordeste,search,0,0,24738.58,3092322,0,0,,
2024-03-11,63,MA,Nordeste,search,0,0,17523.16,2190395,0,0,,
2024-03-11,63,PB,Nordeste,search,0,0,10307.74,1288467,0,0,,
2024-03-11,63,RN,Nordeste,search,0,0,9276.97,1159621,0,0,,
2024-03-11,63,AL,Nordeste,search,0,0,8246.19,1030774,0,0,,
2024-03-11,63,SE,Nordeste,search,0,0,5669.26,708657,0,0,,
2024-03-11,63,PI,Nordeste,search,0,0,8246.19,1030774,0,0,,
2024-03-11,63,GO,Centro-Oeste,search,0,0,17007.78,2125971,0,0,,
2024-03-11,63,MT,Centro-Oeste,search,0,0,8761.58,1095197,0,0,,
2024-03-11,63,MS,Centro-Oeste,search,0,0,6700.03,837504,0,0,,
2024-03-11,63,DF,Centro-Oeste,search,0,0,7215.42,901927,0,0,,
2024-03-11,63,AM,Norte,search,0,0,10307.74,1288467,0,0,,
2024-03-11,63,PA,Norte,search,0,0,21646.26,2705782,0,0,,
2024-03-11,63,RO,Norte,search,0,0,4123.1,515387,0,0,,
2024-03-11,63,AC,Norte,search,0,0,2061.55,257693,0,0,,
2024-03-11,63,RR,Norte,search,0,0,1546.16,193270,0,0,,
2024-03-11,63,AP,Norte,search,0,0,2061.55,257693,0,0,,
2024-03-11,63,TO,Norte,search,0,0,3607.71,450963,0,0,,
2024-03-18,64,SP,Sudeste,youtube,1,0,177078.98,9837721,0,0,,
2024-03-18,64,RJ,Sudeste,youtube,1,0,66607.69,3700427,1,0,66607.69,
2024-03-18,64,MG,Sudeste,youtube,0,0,82853.47,4602970,0,0,,
2024-03-18,64,ES,Sudeste,youtube,0,0,15433.49,857416,0,0,,
2024-03-18,64,PR,Sul,youtube,1,0,45488.18,2527121,0,0,,
2024-03-18,64,SC,Sul,youtube,0,0,29242.4,1624577,0,0,,
2024-03-18,64,RS,Sul,youtube,1,0,45488.18,2527121,0,0,,
2024-03-18,64,BA,Nordeste,youtube,0,0,58484.8,3249155,0,0,,
2024-03-18,64,CE,Nordeste,youtube,1,0,36553.0,2030722,0,0,,
2024-03-18,64,PE,Nordeste,youtube,0,0,38989.87,2166103,0,0,,
2024-03-18,64,MA,Nordeste,youtube,0,0,27617.82,1534323,0,0,,
2024-03-18,64,PB,Nordeste,youtube,0,0,16245.78,902543,0,0,,
2024-03-18,64,RN,Nordeste,youtube,0,0,14621.2,812288,0,0,,
2024-03-18,64,AL,Nordeste,youtube,0,0,12996.62,722034,0,0,,
2024-03-18,64,SE,Nordeste,youtube,0,0,8935.18,496398,0,0,,
2024-03-18,64,PI,Nordeste,youtube,0,0,12996.62,722034,0,0,,
2024-03-18,64,GO,Centro-Oeste,youtube,0,0,26805.53,1489196,0,0,,
2024-03-18,64,MT,Centro-Oeste,youtube,0,0,13808.91,767161,0,0,,
2024-03-18,64,MS,Centro-Oeste,youtube,0,0,10559.76,586653,0,0,,
2024-03-18,64,DF,Centro-Oeste,youtube,0,0,11372.04,631780,0,0,,
2024-03-18,64,AM,Norte,youtube,0,0,16245.78,902543,0,0,,
2024-03-18,64,PA,Norte,youtube,0,0,34116.13,1895340,0,0,,
2024-03-18,64,RO,Norte,youtube,0,0,6498.31,361017,0,0,,
2024-03-18,64,AC,Norte,youtube,0,0,3249.16,180508,0,0,,
2024-03-18,64,RR,Norte,youtube,0,0,2436.87,135381,0,0,,
2024-03-18,64,AP,Norte,youtube,0,0,3249.16,180508,0,0,,
2024-03-18,64,TO,Norte,youtube,0,0,5686.02,315890,0,0,,
2024-03-18,64,SP,Sudeste,meta,1,0,154944.11,12912008,0,0,,
2024-03-18,64,RJ,Sudeste,meta,1,0,58281.73,4856810,0,0,,
2024-03-18,64,MG,Sudeste,meta,0,0,72496.79,6041398,0,0,,
2024-03-18,64,ES,Sudeste,meta,0,0,13504.3,1125358,0,0,,
2024-03-18,64,PR,Sul,meta,1,0,39802.16,3316846,0,0,,
2024-03-18,64,SC,Sul,meta,0,0,25587.1,2132258,0,0,,
2024-03-18,64,RS,Sul,meta,1,0,39802.16,3316846,0,0,,
2024-03-18,64,BA,Nordeste,meta,0,0,51174.2,4264516,0,0,,
2024-03-18,64,CE,Nordeste,meta,1,0,31983.88,2665322,0,0,,
2024-03-18,64,PE,Nordeste,meta,0,0,34116.13,2843011,0,0,,
2024-03-18,64,MA,Nordeste,meta,0,0,24165.6,2013799,0,0,,
2024-03-18,64,PB,Nordeste,meta,0,0,14215.06,1184587,1,0,14215.06,
2024-03-18,64,RN,Nordeste,meta,0,0,12793.55,1066129,0,0,,
2024-03-18,64,AL,Nordeste,meta,0,0,11372.04,947670,0,0,,
2024-03-18,64,SE,Nordeste,meta,0,0,7818.28,651523,0,0,,
2024-03-18,64,PI,Nordeste,meta,0,0,11372.04,947670,0,0,,
2024-03-18,64,GO,Centro-Oeste,meta,0,0,23454.84,1954570,0,0,,
2024-03-18,64,MT,Centro-Oeste,meta,0,0,12082.8,1006899,0,0,,
2024-03-18,64,MS,Centro-Oeste,meta,0,0,9239.79,769982,0,0,,
2024-03-18,64,DF,Centro-Oeste,meta,0,0,9950.54,829211,0,0,,
2024-03-18,64,AM,Norte,meta,0,0,14215.06,1184587,0,0,,
2024-03-18,64,PA,Norte,meta,0,0,29851.62,2487634,0,0,,
2024-03-18,64,RO,Norte,meta,0,0,5686.02,473835,0,0,,
2024-03-18,64,AC,Norte,meta,0,0,2843.01,236917,0,0,,
2024-03-18,64,RR,Norte,meta,0,0,2132.26,177688,0,0,,
2024-03-18,64,AP,Norte,meta,0,0,2843.01,236917,0,0,,
2024-03-18,64,TO,Norte,meta,0,0,4975.27,414605,1,0,4975.27,
2024-03-18,64,SP,Sudeste,search,1,0,110674.36,13834295,0,0,,
2024-03-18,64,RJ,Sudeste,search,1,0,41629.81,5203725,0,0,,
2024-03-18,64,MG,Sudeste,search,0,0,51783.42,6472927,0,0,,
2024-03-18,64,ES,Sudeste,search,0,0,9645.93,1205741,0,0,,
2024-03-18,64,PR,Sul,search,1,0,28430.11,3553763,0,0,,
2024-03-18,64,SC,Sul,search,0,0,18276.5,2284562,0,0,,
2024-03-18,64,RS,Sul,search,1,0,28430.11,3553763,0,0,,
2024-03-18,64,BA,Nordeste,search,0,0,36553.0,4569125,1,0,36553.0,
2024-03-18,64,CE,Nordeste,search,1,0,22845.63,2855703,0,0,,
2024-03-18,64,PE,Nordeste,search,0,0,24368.67,3046083,0,0,,
2024-03-18,64,MA,Nordeste,search,0,0,17261.14,2157642,0,0,,
2024-03-18,64,PB,Nordeste,search,0,0,10153.61,1269201,0,0,,
2024-03-18,64,RN,Nordeste,search,0,0,9138.25,1142281,0,0,,
2024-03-18,64,AL,Nordeste,search,0,0,8122.89,1015361,0,0,,
2024-03-18,64,SE,Nordeste,search,0,0,5584.49,698060,0,0,,
2024-03-18,64,PI,Nordeste,search,0,0,8122.89,1015361,0,0,,
2024-03-18,64,GO,Centro-Oeste,search,0,0,16753.46,2094182,0,0,,
2024-03-18,64,MT,Centro-Oeste,search,0,0,8630.57,1078821,0,0,,
2024-03-18,64,MS,Centro-Oeste,search,0,0,6599.85,824980,0,0,,
2024-03-18,64,DF,Centro-Oeste,search,0,0,7107.53,888440,0,0,,
2024-03-18,64,AM,Norte,search,0,0,10153.61,1269201,0,0,,
2024-03-18,64,PA,Norte,search,0,0,21322.58,2665322,0,0,,
2024-03-18,64,RO,Norte,search,0,0,4061.44,507680,0,0,,
2024-03-18,64,AC,Norte,search,0,0,2030.72,253840,0,0,,
2024-03-18,64,RR,Norte,search,0,0,1523.04,190380,0,0,,
2024-03-18,64,AP,Norte,search,0,0,2030.72,253840,0,0,,
2024-03-18,64,TO,Norte,search,0,0,3553.76,444220,0,0,,
2024-03-25,65,SP,Sudeste,youtube,1,0,199183.14,11065729,0,0,,
2024-03-25,65,RJ,Sudeste,youtube,1,0,74922.1,4162338,0,0,,
2024-03-25,65,MG,Sudeste,youtube,0,0,93195.78,5177543,0,0,,
2024-03-25,65,ES,Sudeste,youtube,0,0,17360.0,964444,0,0,,
2024-03-25,65,PR,Sul,youtube,1,0,51166.31,2842572,0,0,,
2024-03-25,65,SC,Sul,youtube,0,0,32892.63,1827368,0,0,,
2024-03-25,65,RS,Sul,youtube,1,0,51166.31,2842572,0,0,,
2024-03-25,65,BA,Nordeste,youtube,0,0,65785.26,3654736,0,0,,
2024-03-25,65,CE,Nordeste,youtube,1,0,41115.78,2284210,0,0,,
2024-03-25,65,PE,Nordeste,youtube,0,0,43856.84,2436490,0,0,,
2024-03-25,65,MA,Nordeste,youtube,0,0,31065.26,1725847,0,0,,
2024-03-25,65,PB,Nordeste,youtube,0,0,18273.68,1015204,0,0,,
2024-03-25,65,RN,Nordeste,youtube,0,0,16446.31,913684,0,0,,
2024-03-25,65,AL,Nordeste,youtube,0,0,14618.95,812163,0,0,,
2024-03-25,65,SE,Nordeste,youtube,0,0,10050.53,558362,0,0,,
2024-03-25,65,PI,Nordeste,youtube,0,0,14618.95,812163,0,0,,
2024-03-25,65,GO,Centro-Oeste,youtube,0,0,30151.58,1675087,0,0,,
2024-03-25,65,MT,Centro-Oeste,youtube,0,0,15532.63,862923,0,0,,
2024-03-25,65,MS,Centro-Oeste,youtube,0,0,11877.89,659882,0,0,,
2024-03-25,65,DF,Centro-Oeste,youtube,0,0,12791.58,710643,0,0,,
2024-03-25,65,AM,Norte,youtube,0,0,18273.68,1015204,0,0,,
2024-03-25,65,PA,Norte,youtube,0,0,38374.73,2131929,0,0,,
2024-03-25,65,RO,Norte,youtube,0,0,7309.47,406081,1,0,7309.47,
2024-03-25,65,AC,Norte,youtube,0,0,3654.74,203040,0,0,,
2024-03-25,65,RR,Norte,youtube,0,0,2741.05,152280,0,0,,
2024-03-25,65,AP,Norte,youtube,0,0,3654.74,203040,0,0,,
2024-03-25,65,TO,Norte,youtube,0,0,6395.79,355321,0,0,,
2024-03-25,65,SP,Sudeste,meta,1,0,174285.24,14523770,1,0,174285.24,
2024-03-25,65,RJ,Sudeste,meta,1,0,65556.83,5463069,0,0,,
2024-03-25,65,MG,Sudeste,meta,0,0,81546.31,6795525,0,0,,
2024-03-25,65,ES,Sudeste,meta,0,0,15190.0,1265833,0,0,,
2024-03-25,65,PR,Sul,meta,1,0,44770.52,3730876,0,0,,
2024-03-25,65,SC,Sul,meta,0,0,28781.05,2398420,0,0,,
2024-03-25,65,RS,Sul,meta,1,0,44770.52,3730876,0,0,,
2024-03-25,65,BA,Nordeste,meta,0,0,57562.1,4796841,0,0,,
2024-03-25,65,CE,Nordeste,meta,1,0,35976.31,2998025,0,0,,
2024-03-25,65,PE,Nordeste,meta,0,0,38374.73,3197894,0,0,,
2024-03-25,65,MA,Nordeste,meta,0,0,27182.1,2265175,0,0,,
2024-03-25,65,PB,Nordeste,meta,0,0,15989.47,1332455,1,0,15989.47,
2024-03-25,65,RN,Nordeste,meta,0,0,14390.52,1199210,0,0,,
2024-03-25,65,AL,Nordeste,meta,0,0,12791.58,1065964,0,0,,
2024-03-25,65,SE,Nordeste,meta,0,0,8794.21,732850,0,0,,
2024-03-25,65,PI,Nordeste,meta,0,0,12791.58,1065964,0,0,,
2024-03-25,65,GO,Centro-Oeste,meta,0,0,26382.63,2198552,1,0,26382.63,
2024-03-25,65,MT,Centro-Oeste,meta,0,0,13591.05,1132587,0,0,,
2024-03-25,65,MS,Centro-Oeste,meta,0,0,10393.16,866096,0,0,,
2024-03-25,65,DF,Centro-Oeste,meta,0,0,11192.63,932719,0,0,,
2024-03-25,65,AM,Norte,meta,0,0,15989.47,1332455,0,0,,
2024-03-25,65,PA,Norte,meta,0,0,33577.89,2798157,0,0,,
2024-03-25,65,RO,Norte,meta,0,0,6395.79,532982,0,0,,
2024-03-25,65,AC,Norte,meta,0,0,3197.89,266491,0,0,,
2024-03-25,65,RR,Norte,meta,0,0,2398.42,199868,0,0,,
2024-03-25,65,AP,Norte,meta,0,0,3197.89,266491,0,0,,
2024-03-25,65,TO,Norte,meta,0,0,5596.32,466359,0,0,,
2024-03-25,65,SP,Sudeste,search,1,0,124489.46,15561182,0,0,,
2024-03-25,65,RJ,Sudeste,search,1,0,46826.31,5853288,0,0,,
2024-03-25,65,MG,Sudeste,search,0,0,58247.36,7280920,0,0,,
2024-03-25,65,ES,Sudeste,search,0,0,10850.0,1356249,0,0,,
2024-03-25,65,PR,Sul,search,1,0,31978.94,3997367,0,0,,
2024-03-25,65,SC,Sul,search,0,0,20557.89,2569736,0,0,,
2024-03-25,65,RS,Sul,search,1,0,31978.94,3997367,0,0,,
2024-03-25,65,BA,Nordeste,search,0,0,41115.78,5139473,0,0,,
2024-03-25,65,CE,Nordeste,search,1,0,25697.37,3212170,0,0,,
2024-03-25,65,PE,Nordeste,search,0,0,27410.52,3426315,0,0,,
2024-03-25,65,MA,Nordeste,search,0,0,19415.79,2426973,0,0,,
2024-03-25,65,PB,Nordeste,search,0,0,11421.05,1427631,0,0,,
2024-03-25,65,RN,Nordeste,search,0,0,10278.95,1284868,0,0,,
2024-03-25,65,AL,Nordeste,search,0,0,9136.84,1142105,0,0,,
2024-03-25,65,SE,Nordeste,search,0,0,6281.58,785197,0,0,,
2024-03-25,65,PI,Nordeste,search,0,0,9136.84,1142105,0,0,,
2024-03-25,65,GO,Centro-Oeste,search,0,0,18844.73,2355591,0,0,,
2024-03-25,65,MT,Centro-Oeste,search,0,0,9707.89,1213486,0,0,,
2024-03-25,65,MS,Centro-Oeste,search,0,0,7423.68,927960,0,0,,
2024-03-25,65,DF,Centro-Oeste,search,0,0,7994.74,999341,0,0,,
2024-03-25,65,AM,Norte,search,0,0,11421.05,1427631,0,0,,
2024-03-25,65,PA,Norte,search,0,0,23984.21,2998025,0,0,,
2024-03-25,65,RO,Norte,search,0,0,4568.42,571052,0,0,,
2024-03-25,65,AC,Norte,search,0,0,2284.21,285526,0,0,,
2024-03-25,65,RR,Norte,search,0,0,1713.16,214144,0,0,,
2024-03-25,65,AP,Norte,search,0,0,2284.21,285526,0,0,,
2024-03-25,65,TO,Norte,search,0,0,3997.37,499670,0,0,,
2024-04-01,66,SP,Sudeste,youtube,1,0,201419.54,11189974,1,0,201419.54,
2024-04-01,66,RJ,Sudeste,youtube,1,0,75763.31,4209072,0,0,,
2024-04-01,66,MG,Sudeste,youtube,0,0,94242.17,5235676,0,0,,
2024-04-01,66,ES,Sudeste,youtube,0,0,17554.91,975272,0,0,,
2024-04-01,66,PR,Sul,youtube,1,0,51740.8,2874488,0,0,,
2024-04-01,66,SC,Sul,youtube,0,0,33261.94,1847885,0,0,,
2024-04-01,66,RS,Sul,youtube,1,0,51740.8,2874488,0,0,,
2024-04-01,66,BA,Nordeste,youtube,0,0,66523.88,3695771,1,0,66523.88,
2024-04-01,66,CE,Nordeste,youtube,1,0,41577.43,2309857,0,0,,
2024-04-01,66,PE,Nordeste,youtube,0,0,44349.26,2463847,0,0,,
2024-04-01,66,MA,Nordeste,youtube,0,0,31414.06,1745225,0,0,,
2024-04-01,66,PB,Nordeste,youtube,0,0,18478.86,1026603,0,0,,
2024-04-01,66,RN,Nordeste,youtube,0,0,16630.97,923942,0,0,,
2024-04-01,66,AL,Nordeste,youtube,0,0,14783.09,821282,0,0,,
2024-04-01,66,SE,Nordeste,youtube,0,0,10163.37,564631,0,0,,
2024-04-01,66,PI,Nordeste,youtube,0,0,14783.09,821282,0,0,,
2024-04-01,66,GO,Centro-Oeste,youtube,0,0,30490.11,1693895,0,0,,
2024-04-01,66,MT,Centro-Oeste,youtube,0,0,15707.03,872612,0,0,,
2024-04-01,66,MS,Centro-Oeste,youtube,0,0,12011.26,667292,0,0,,
2024-04-01,66,DF,Centro-Oeste,youtube,0,0,12935.2,718622,0,0,,
2024-04-01,66,AM,Norte,youtube,0,0,18478.86,1026603,0,0,,
2024-04-01,66,PA,Norte,youtube,0,0,38805.6,2155866,0,0,,
2024-04-01,66,RO,Norte,youtube,0,0,7391.54,410641,0,0,,
2024-04-01,66,AC,Norte,youtube,0,0,3695.77,205320,0,0,,
2024-04-01,66,RR,Norte,youtube,0,0,2771.83,153990,0,0,,
2024-04-01,66,AP,Norte,youtube,0,0,3695.77,205320,0,0,,
2024-04-01,66,TO,Norte,youtube,0,0,6467.6,359311,0,0,,
2024-04-01,66,SP,Sudeste,meta,1,0,176242.1,14686841,0,0,,
2024-04-01,66,RJ,Sudeste,meta,1,0,66292.9,5524408,0,0,,
2024-04-01,66,MG,Sudeste,meta,0,0,82461.9,6871824,0,0,,
2024-04-01,66,ES,Sudeste,meta,0,0,15360.55,1280045,0,0,,
2024-04-01,66,PR,Sul,meta,1,0,45273.2,3772766,0,0,,
2024-04-01,66,SC,Sul,meta,0,0,29104.2,2425349,0,0,,
2024-04-01,66,RS,Sul,meta,1,0,45273.2,3772766,0,0,,
2024-04-01,66,BA,Nordeste,meta,0,0,58208.4,4850699,0,0,,
2024-04-01,66,CE,Nordeste,meta,1,0,36380.25,3031687,0,0,,
2024-04-01,66,PE,Nordeste,meta,0,0,38805.6,3233799,0,0,,
2024-04-01,66,MA,Nordeste,meta,0,0,27487.3,2290608,0,0,,
2024-04-01,66,PB,Nordeste,meta,0,0,16169.0,1347416,0,0,,
2024-04-01,66,RN,Nordeste,meta,0,0,14552.1,1212674,0,0,,
2024-04-01,66,AL,Nordeste,meta,0,0,12935.2,1077933,0,0,,
2024-04-01,66,SE,Nordeste,meta,0,0,8892.95,741079,0,0,,
2024-04-01,66,PI,Nordeste,meta,0,0,12935.2,1077933,0,0,,
2024-04-01,66,GO,Centro-Oeste,meta,0,0,26678.85,2223237,0,0,,
2024-04-01,66,MT,Centro-Oeste,meta,0,0,13743.65,1145304,0,0,,
2024-04-01,66,MS,Centro-Oeste,meta,0,0,10509.85,875820,0,0,,
2024-04-01,66,DF,Centro-Oeste,meta,0,0,11318.3,943191,0,0,,
2024-04-01,66,AM,Norte,meta,0,0,16169.0,1347416,0,0,,
2024-04-01,66,PA,Norte,meta,0,0,33954.9,2829574,0,0,,
2024-04-01,66,RO,Norte,meta,0,0,6467.6,538966,0,0,,
2024-04-01,66,AC,Norte,meta,0,0,3233.8,269483,0,0,,
2024-04-01,66,RR,Norte,meta,0,0,2425.35,202112,0,0,,
2024-04-01,66,AP,Norte,meta,0,0,3233.8,269483,0,0,,
2024-04-01,66,TO,Norte,meta,0,0,5659.15,471595,0,0,,
2024-04-01,66,SP,Sudeste,search,1,0,125887.21,15735901,0,0,,
2024-04-01,66,RJ,Sudeste,search,1,0,47352.07,5919008,0,0,,
2024-04-01,66,MG,Sudeste,search,0,0,58901.36,7362669,0,0,,
2024-04-01,66,ES,Sudeste,search,0,0,10971.82,1371477,0,0,,
2024-04-01,66,PR,Sul,search,1,0,32338.0,4042249,0,0,,
2024-04-01,66,SC,Sul,search,0,0,20788.71,2598589,0,0,,
2024-04-01,66,RS,Sul,search,1,0,32338.0,4042249,0,0,,
2024-04-01,66,BA,Nordeste,search,0,0,41577.43,5197178,0,0,,
2024-04-01,66,CE,Nordeste,search,1,0,25985.89,3248236,0,0,,
2024-04-01,66,PE,Nordeste,search,0,0,27718.29,3464785,0,0,,
2024-04-01,66,MA,Nordeste,search,0,0,19633.79,2454223,0,0,,
2024-04-01,66,PB,Nordeste,search,0,0,11549.29,1443660,0,0,,
2024-04-01,66,RN,Nordeste,search,0,0,10394.36,1299294,0,0,,
2024-04-01,66,AL,Nordeste,search,0,0,9239.43,1154928,0,0,,
2024-04-01,66,SE,Nordeste,search,0,0,6352.11,794013,0,0,,
2024-04-01,66,PI,Nordeste,search,0,0,9239.43,1154928,0,0,,
2024-04-01,66,GO,Centro-Oeste,search,0,0,19056.32,2382040,0,0,,
2024-04-01,66,MT,Centro-Oeste,search,0,0,9816.89,1227111,0,0,,
2024-04-01,66,MS,Centro-Oeste,search,0,0,7507.04,938379,0,0,,
2024-04-01,66,DF,Centro-Oeste,search,0,0,8084.5,1010562,0,0,,
2024-04-01,66,AM,Norte,search,0,0,11549.29,1443660,0,0,,
2024-04-01,66,PA,Norte,search,0,0,24253.5,3031687,0,0,,
2024-04-01,66,RO,Norte,search,0,0,4619.71,577464,0,0,,
2024-04-01,66,AC,Norte,search,0,0,2309.86,288732,0,0,,
2024-04-01,66,RR,Norte,search,0,0,1732.39,216549,0,0,,
2024-04-01,66,AP,Norte,search,0,0,2309.86,288732,0,0,,
2024-04-01,66,TO,Norte,search,0,0,4042.25,505281,0,0,,
2024-04-08,67,SP,Sudeste,youtube,1,0,203538.08,11307671,0,0,,
2024-04-08,67,RJ,Sudeste,youtube,1,0,76560.2,4253344,0,0,,
2024-04-08,67,MG,Sudeste,youtube,0,0,95233.41,5290745,0,0,,
2024-04-08,67,ES,Sudeste,youtube,0,0,17739.56,985530,0,0,,
2024-04-08,67,PR,Sul,youtube,1,0,52285.01,2904722,0,0,,
2024-04-08,67,SC,Sul,youtube,0,0,33611.79,1867321,0,0,,
2024-04-08,67,RS,Sul,youtube,1,0,52285.01,2904722,0,0,,
2024-04-08,67,BA,Nordeste,youtube,0,0,67223.59,3734643,0,0,,
2024-04-08,67,CE,Nordeste,youtube,1,0,42014.74,2334152,0,0,,
2024-04-08,67,PE,Nordeste,youtube,0,0,44815.72,2489762,0,0,,
2024-04-08,67,MA,Nordeste,youtube,0,0,31744.47,1763581,0,0,,
2024-04-08,67,PB,Nordeste,youtube,0,0,18673.22,1037401,0,0,,
2024-04-08,67,RN,Nordeste,youtube,0,0,16805.9,933660,1,0,16805.9,
2024-04-08,67,AL,Nordeste,youtube,0,0,14938.57,829920,1,0,14938.57,
2024-04-08,67,SE,Nordeste,youtube,0,0,10270.27,570570,0,0,,
2024-04-08,67,PI,Nordeste,youtube,0,0,14938.57,829920,0,0,,
2024-04-08,67,GO,Centro-Oeste,youtube,0,0,30810.81,1711711,0,0,,
2024-04-08,67,MT,Centro-Oeste,youtube,0,0,15872.24,881790,0,0,,
2024-04-08,67,MS,Centro-Oeste,youtube,0,0,12137.59,674310,0,0,,
2024-04-08,67,DF,Centro-Oeste,youtube,0,0,13071.25,726180,0,0,,
2024-04-08,67,AM,Norte,youtube,0,0,18673.22,1037401,0,0,,
2024-04-08,67,PA,Norte,youtube,0,0,39213.76,2178542,0,0,,
2024-04-08,67,RO,Norte,youtube,0,0,7469.29,414960,0,0,,
2024-04-08,67,AC,Norte,youtube,0,0,3734.64,207480,0,0,,
2024-04-08,67,RR,Norte,youtube,0,0,2800.98,155610,0,0,,
2024-04-08,67,AP,Norte,youtube,0,0,3734.64,207480,0,0,,
2024-04-08,67,TO,Norte,youtube,0,0,6535.63,363090,0,0,,
2024-04-08,67,SP,Sudeste,meta,1,0,178095.82,14841318,0,0,,
2024-04-08,67,RJ,Sudeste,meta,1,0,66990.17,5582514,1,0,66990.17,
2024-04-08,67,MG,Sudeste,meta,0,0,83329.24,6944103,1,0,83329.24,
2024-04-08,67,ES,Sudeste,meta,0,0,15522.11,1293509,0,0,,
2024-04-08,67,PR,Sul,meta,1,0,45749.39,3812448,0,0,,
2024-04-08,67,SC,Sul,meta,0,0,29410.32,2450859,0,0,,
2024-04-08,67,RS,Sul,meta,1,0,45749.39,3812448,0,0,,
2024-04-08,67,BA,Nordeste,meta,0,0,58820.64,4901719,1,0,58820.64,
2024-04-08,67,CE,Nordeste,meta,1,0,36762.9,3063574,0,0,,
2024-04-08,67,PE,Nordeste,meta,0,0,39213.76,3267813,0,0,,
2024-04-08,67,MA,Nordeste,meta,0,0,27776.41,2314701,0,0,,
2024-04-08,67,PB,Nordeste,meta,0,0,16339.07,1361588,0,0,,
2024-04-08,67,RN,Nordeste,meta,0,0,14705.16,1225429,0,0,,
2024-04-08,67,AL,Nordeste,meta,0,0,13071.25,1089271,0,0,,
2024-04-08,67,SE,Nordeste,meta,0,0,8986.49,748873,0,0,,
2024-04-08,67,PI,Nordeste,meta,0,0,13071.25,1089271,0,0,,
2024-04-08,67,GO,Centro-Oeste,meta,0,0,26959.46,2246621,0,0,,
2024-04-08,67,MT,Centro-Oeste,meta,0,0,13888.21,1157350,0,0,,
2024-04-08,67,MS,Centro-Oeste,meta,0,0,10620.39,885032,0,0,,
2024-04-08,67,DF,Centro-Oeste,meta,0,0,11437.35,953112,0,0,,
2024-04-08,67,AM,Norte,meta,0,0,16339.07,1361588,0,0,,
2024-04-08,67,PA,Norte,meta,0,0,34312.04,2859336,0,0,,
2024-04-08,67,RO,Norte,meta,0,0,6535.63,544635,0,0,,
2024-04-08,67,AC,Norte,meta,0,0,3267.81,272317,0,0,,
2024-04-08,67,RR,Norte,meta,0,0,2450.86,204238,0,0,,
2024-04-08,67,AP,Norte,meta,0,0,3267.81,272317,0,0,,
2024-04-08,67,TO,Norte,meta,0,0,5718.67,476556,0,0,,
2024-04-08,67,SP,Sudeste,search,1,0,127211.3,15901412,0,0,,
2024-04-08,67,RJ,Sudeste,search,1,0,47850.12,5981265,0,0,,
2024-04-08,67,MG,Sudeste,search,0,0,59520.88,7440110,0,0,,
2024-04-08,67,ES,Sudeste,search,0,0,11087.22,1385902,0,0,,
2024-04-08,67,PR,Sul,search,1,0,32678.13,4084766,0,0,,
2024-04-08,67,SC,Sul,search,0,0,21007.37,2625921,0,0,,
2024-04-08,67,RS,Sul,search,1,0,32678.13,4084766,0,0,,
2024-04-08,67,BA,Nordeste,search,0,0,42014.74,5251842,1,0,42014.74,
2024-04-08,67,CE,Nordeste,search,1,0,26259.21,3282401,0,0,,
2024-04-08,67,PE,Nordeste,search,0,0,28009.83,3501228,0,0,,
2024-04-08,67,MA,Nordeste,search,0,0,19840.29,2480036,0,0,,
2024-04-08,67,PB,Nordeste,search,0,0,11670.76,1458845,0,0,,
2024-04-08,67,RN,Nordeste,search,0,0,10503.69,1312960,0,0,,
2024-04-08,67,AL,Nordeste,search,0,0,9336.61,1167076,0,0,,
2024-04-08,67,SE,Nordeste,search,0,0,6418.92,802364,0,0,,
2024-04-08,67,PI,Nordeste,search,0,0,9336.61,1167076,0,0,,
2024-04-08,67,GO,Centro-Oeste,search,0,0,19256.76,2407094,0,0,,
2024-04-08,67,MT,Centro-Oeste,search,0,0,9920.15,1240018,0,0,,
2024-04-08,67,MS,Centro-Oeste,search,0,0,7586.0,948249,0,0,,
2024-04-08,67,DF,Centro-Oeste,search,0,0,8169.53,1021191,0,0,,
2024-04-08,67,AM,Norte,search,0,0,11670.76,1458845,0,0,,
2024-04-08,67,PA,Norte,search,0,0,24508.6,3063574,0,0,,
2024-04-08,67,RO,Norte,search,0,0,4668.3,583538,0,0,,
2024-04-08,67,AC,Norte,search,0,0,2334.15,291769,0,0,,
2024-04-08,67,RR,Norte,search,0,0,1750.61,218826,0,0,,
2024-04-08,67,AP,Norte,search,0,0,2334.15,291769,0,0,,
2024-04-08,67,TO,Norte,search,0,0,4084.77,510595,0,0,,
2024-04-15,68,SP,Sudeste,youtube,1,0,162582.32,9032350,0,0,,
2024-04-15,68,RJ,Sudeste,youtube,1,0,61154.82,3397489,1,0,61154.82,
2024-04-15,68,MG,Sudeste,youtube,0,0,76070.63,4226145,0,0,,
2024-04-15,68,ES,Sudeste,youtube,0,0,14170.02,787223,0,0,,
2024-04-15,68,PR,Sul,youtube,1,0,41764.26,2320236,0,0,,
2024-04-15,68,SC,Sul,youtube,0,0,26848.46,1491580,0,0,,
2024-04-15,68,RS,Sul,youtube,1,0,41764.26,2320236,0,0,,
2024-04-15,68,BA,Nordeste,youtube,0,0,53696.91,2983161,0,0,,
2024-04-15,68,CE,Nordeste,youtube,1,0,33560.57,1864476,0,0,,
2024-04-15,68,PE,Nordeste,youtube,0,0,35797.94,1988774,1,0,35797.94,
2024-04-15,68,MA,Nordeste,youtube,0,0,25356.88,1408715,0,0,,
2024-04-15,68,PB,Nordeste,youtube,0,0,14915.81,828656,0,0,,
2024-04-15,68,RN,Nordeste,youtube,0,0,13424.23,745790,0,0,,
2024-04-15,68,AL,Nordeste,youtube,0,0,11932.65,662924,0,0,,
2024-04-15,68,SE,Nordeste,youtube,0,0,8203.69,455760,0,0,,
2024-04-15,68,PI,Nordeste,youtube,0,0,11932.65,662924,0,0,,
2024-04-15,68,GO,Centro-Oeste,youtube,0,0,24611.08,1367282,0,0,,
2024-04-15,68,MT,Centro-Oeste,youtube,0,0,12678.44,704357,0,0,,
2024-04-15,68,MS,Centro-Oeste,youtube,0,0,9695.28,538626,0,0,,
2024-04-15,68,DF,Centro-Oeste,youtube,0,0,10441.07,580059,0,0,,
2024-04-15,68,AM,Norte,youtube,0,0,14915.81,828656,0,0,,
2024-04-15,68,PA,Norte,youtube,0,0,31323.2,1740177,0,0,,
2024-04-15,68,RO,Norte,youtube,0,0,5966.32,331462,0,0,,
2024-04-15,68,AC,Norte,youtube,0,0,2983.16,165731,0,0,,
2024-04-15,68,RR,Norte,youtube,0,0,2237.37,124298,0,0,,
2024-04-15,68,AP,Norte,youtube,0,0,2983.16,165731,0,0,,
2024-04-15,68,TO,Norte,youtube,0,0,5220.53,290029,0,0,,
2024-04-15,68,SP,Sudeste,meta,1,0,142259.53,11854960,0,0,,
2024-04-15,68,RJ,Sudeste,meta,1,0,53510.46,4459205,0,0,,
2024-04-15,68,MG,Sudeste,meta,0,0,66561.8,5546816,0,0,,
2024-04-15,68,ES,Sudeste,meta,0,0,12398.77,1033230,0,0,,
2024-04-15,68,PR,Sul,meta,1,0,36543.73,3045310,0,0,,
2024-04-15,68,SC,Sul,meta,0,0,23492.4,1957699,0,0,,
2024-04-15,68,RS,Sul,meta,1,0,36543.73,3045310,1,0,36543.73,
2024-04-15,68,BA,Nordeste,meta,0,0,46984.8,3915399,0,0,,
2024-04-15,68,CE,Nordeste,meta,1,0,29365.5,2447124,0,0,,
2024-04-15,68,PE,Nordeste,meta,0,0,31323.2,2610266,0,0,,
2024-04-15,68,MA,Nordeste,meta,0,0,22187.27,1848938,1,0,22187.27,
2024-04-15,68,PB,Nordeste,meta,0,0,13051.33,1087611,0,0,,
2024-04-15,68,RN,Nordeste,meta,0,0,11746.2,978849,0,0,,
2024-04-15,68,AL,Nordeste,meta,0,0,10441.07,870088,0,0,,
2024-04-15,68,SE,Nordeste,meta,0,0,7178.23,598186,0,0,,
2024-04-15,68,PI,Nordeste,meta,0,0,10441.07,870088,0,0,,
2024-04-15,68,GO,Centro-Oeste,meta,0,0,21534.7,1794558,0,0,,
2024-04-15,68,MT,Centro-Oeste,meta,0,0,11093.63,924469,0,0,,
2024-04-15,68,MS,Centro-Oeste,meta,0,0,8483.37,706947,0,0,,
2024-04-15,68,DF,Centro-Oeste,meta,0,0,9135.93,761327,0,0,,
2024-04-15,68,AM,Norte,meta,0,0,13051.33,1087611,0,0,,
2024-04-15,68,PA,Norte,meta,0,0,27407.8,2283983,0,0,,
2024-04-15,68,RO,Norte,meta,0,0,5220.53,435044,0,0,,
2024-04-15,68,AC,Norte,meta,0,0,2610.27,217522,0,0,,
2024-04-15,68,RR,Norte,meta,0,0,1957.7,163141,1,0,1957.7,
2024-04-15,68,AP,Norte,meta,0,0,2610.27,217522,0,0,,
2024-04-15,68,TO,Norte,meta,0,0,4567.97,380663,0,0,,
2024-04-15,68,SP,Sudeste,search,1,0,101613.95,12701743,0,0,,
2024-04-15,68,RJ,Sudeste,search,1,0,38221.76,4777719,0,0,,
2024-04-15,68,MG,Sudeste,search,0,0,47544.14,5943017,0,0,,
2024-04-15,68,ES,Sudeste,search,0,0,8856.26,1107032,0,0,,
2024-04-15,68,PR,Sul,search,1,0,26102.67,3262833,0,0,,
2024-04-15,68,SC,Sul,search,0,0,16780.29,2097535,0,0,,
2024-04-15,68,RS,Sul,search,1,0,26102.67,3262833,0,0,,
2024-04-15,68,BA,Nordeste,search,0,0,33560.57,4195071,0,0,,
2024-04-15,68,CE,Nordeste,search,1,0,20975.36,2621919,0,0,,
2024-04-15,68,PE,Nordeste,search,0,0,22373.71,2796714,0,0,,
2024-04-15,68,MA,Nordeste,search,0,0,15848.05,1981005,0,0,,
2024-04-15,68,PB,Nordeste,search,0,0,9322.38,1165297,0,0,,
2024-04-15,68,RN,Nordeste,search,0,0,8390.14,1048767,0,0,,
2024-04-15,68,AL,Nordeste,search,0,0,7457.9,932238,0,0,,
2024-04-15,68,SE,Nordeste,search,0,0,5127.31,640913,0,0,,
2024-04-15,68,PI,Nordeste,search,0,0,7457.9,932238,0,0,,
2024-04-15,68,GO,Centro-Oeste,search,0,0,15381.93,1922740,0,0,,
2024-04-15,68,MT,Centro-Oeste,search,0,0,7924.02,990502,0,0,,
2024-04-15,68,MS,Centro-Oeste,search,0,0,6059.55,757443,0,0,,
2024-04-15,68,DF,Centro-Oeste,search,0,0,6525.67,815708,0,0,,
2024-04-15,68,AM,Norte,search,0,0,9322.38,1165297,0,0,,
2024-04-15,68,PA,Norte,search,0,0,19577.0,2447124,1,0,19577.0,
2024-04-15,68,RO,Norte,search,0,0,3728.95,466119,0,0,,
2024-04-15,68,AC,Norte,search,0,0,1864.48,233059,0,0,,
2024-04-15,68,RR,Norte,search,0,0,1398.36,174794,0,0,,
2024-04-15,68,AP,Norte,search,0,0,1864.48,233059,0,0,,
2024-04-15,68,TO,Norte,search,0,0,3262.83,407854,0,0,,
2024-04-22,69,SP,Sudeste,youtube,1,0,175694.81,9760822,0,0,,
2024-04-22,69,RJ,Sudeste,youtube,1,0,66087.04,3671502,0,0,,
2024-04-22,69,MG,Sudeste,youtube,0,0,82205.83,4566990,0,0,,
2024-04-22,69,ES,Sudeste,youtube,0,0,15312.85,850713,0,0,,
2024-04-22,69,PR,Sul,youtube,1,0,45132.61,2507367,0,0,,
2024-04-22,69,SC,Sul,youtube,0,0,29013.82,1611878,0,0,,
2024-04-22,69,RS,Sul,youtube,1,0,45132.61,2507367,0,0,,
2024-04-22,69,BA,Nordeste,youtube,0,0,58027.64,3223757,0,0,,
2024-04-22,69,CE,Nordeste,youtube,1,0,36267.28,2014848,0,0,,
2024-04-22,69,PE,Nordeste,youtube,0,0,38685.09,2149171,0,0,,
2024-04-22,69,MA,Nordeste,youtube,0,0,27401.94,1522330,0,0,,
2024-04-22,69,PB,Nordeste,youtube,0,0,16118.79,895488,0,0,,
2024-04-22,69,RN,Nordeste,youtube,0,0,14506.91,805939,0,0,,
2024-04-22,69,AL,Nordeste,youtube,0,0,12895.03,716390,0,0,,
2024-04-22,69,SE,Nordeste,youtube,0,0,8865.33,492518,0,0,,
2024-04-22,69,PI,Nordeste,youtube,0,0,12895.03,716390,0,0,,
2024-04-22,69,GO,Centro-Oeste,youtube,0,0,26596.0,1477555,0,0,,
2024-04-22,69,MT,Centro-Oeste,youtube,0,0,13700.97,761165,1,0,13700.97,
2024-04-22,69,MS,Centro-Oeste,youtube,0,0,10477.21,582067,0,0,,
2024-04-22,69,DF,Centro-Oeste,youtube,0,0,11283.15,626841,0,0,,
2024-04-22,69,AM,Norte,youtube,0,0,16118.79,895488,0,0,,
2024-04-22,69,PA,Norte,youtube,0,0,33849.46,1880525,0,0,,
2024-04-22,69,RO,Norte,youtube,0,0,6447.52,358195,0,0,,
2024-04-22,69,AC,Norte,youtube,0,0,3223.76,179097,0,0,,
2024-04-22,69,RR,Norte,youtube,0,0,2417.82,134323,0,0,,
2024-04-22,69,AP,Norte,youtube,0,0,3223.76,179097,0,0,,
2024-04-22,69,TO,Norte,youtube,0,0,5641.58,313420,1,0,5641.58,
2024-04-22,69,SP,Sudeste,meta,1,0,153732.95,12811079,0,0,,
2024-04-22,69,RJ,Sudeste,meta,1,0,57826.16,4818846,0,0,,
2024-04-22,69,MG,Sudeste,meta,0,0,71930.1,5994174,0,0,,
2024-04-22,69,ES,Sudeste,meta,0,0,13398.74,1116561,0,0,,
2024-04-22,69,PR,Sul,meta,1,0,39491.03,3290919,0,0,,
2024-04-22,69,SC,Sul,meta,0,0,25387.09,2115591,0,0,,
2024-04-22,69,RS,Sul,meta,1,0,39491.03,3290919,1,0,39491.03,
2024-04-22,69,BA,Nordeste,meta,0,0,50774.19,4231182,0,0,,
2024-04-22,69,CE,Nordeste,meta,1,0,31733.87,2644488,0,0,,
2024-04-22,69,PE,Nordeste,meta,0,0,33849.46,2820788,0,0,,
2024-04-22,69,MA,Nordeste,meta,0,0,23976.7,1998058,0,0,,
2024-04-22,69,PB,Nordeste,meta,0,0,14103.94,1175328,0,0,,
2024-04-22,69,RN,Nordeste,meta,0,0,12693.55,1057795,0,0,,
2024-04-22,69,AL,Nordeste,meta,0,0,11283.15,940262,0,0,,
2024-04-22,69,SE,Nordeste,meta,0,0,7757.17,646430,0,0,,
2024-04-22,69,PI,Nordeste,meta,0,0,11283.15,940262,0,0,,
2024-04-22,69,GO,Centro-Oeste,meta,0,0,23271.5,1939291,0,0,,
2024-04-22,69,MT,Centro-Oeste,meta,0,0,11988.35,999029,0,0,,
2024-04-22,69,MS,Centro-Oeste,meta,0,0,9167.56,763963,0,0,,
2024-04-22,69,DF,Centro-Oeste,meta,0,0,9872.76,822729,0,0,,
2024-04-22,69,AM,Norte,meta,0,0,14103.94,1175328,0,0,,
2024-04-22,69,PA,Norte,meta,0,0,29618.28,2468189,1,0,29618.28,
2024-04-22,69,RO,Norte,meta,0,0,5641.58,470131,0,0,,
2024-04-22,69,AC,Norte,meta,0,0,2820.79,235065,0,0,,
2024-04-22,69,RR,Norte,meta,0,0,2115.59,176299,0,0,,
2024-04-22,69,AP,Norte,meta,0,0,2820.79,235065,0,0,,
2024-04-22,69,TO,Norte,meta,0,0,4936.38,411364,0,0,,
2024-04-22,69,SP,Sudeste,search,1,0,109809.25,13726156,0,0,,
2024-04-22,69,RJ,Sudeste,search,1,0,41304.4,5163049,0,0,,
2024-04-22,69,MG,Sudeste,search,0,0,51378.64,6422330,0,0,,
2024-04-22,69,ES,Sudeste,search,0,0,9570.53,1196316,0,0,,
2024-04-22,69,PR,Sul,search,1,0,28207.88,3525985,0,0,,
2024-04-22,69,SC,Sul,search,0,0,18133.64,2266704,0,0,,
2024-04-22,69,RS,Sul,search,1,0,28207.88,3525985,0,0,,
2024-04-22,69,BA,Nordeste,search,0,0,36267.28,4533409,0,0,,
2024-04-22,69,CE,Nordeste,search,1,0,22667.05,2833380,0,0,,
2024-04-22,69,PE,Nordeste,search,0,0,24178.18,3022273,0,0,,
2024-04-22,69,MA,Nordeste,search,0,0,17126.21,2140776,0,0,,
2024-04-22,69,PB,Nordeste,search,0,0,10074.24,1259280,0,0,,
2024-04-22,69,RN,Nordeste,search,0,0,9066.82,1133352,0,0,,
2024-04-22,69,AL,Nordeste,search,0,0,8059.39,1007424,0,0,,
2024-04-22,69,SE,Nordeste,search,0,0,5540.83,692604,0,0,,
2024-04-22,69,PI,Nordeste,search,0,0,8059.39,1007424,0,0,,
2024-04-22,69,GO,Centro-Oeste,search,0,0,16622.5,2077812,0,0,,
2024-04-22,69,MT,Centro-Oeste,search,0,0,8563.11,1070388,0,0,,
2024-04-22,69,MS,Centro-Oeste,search,0,0,6548.26,818532,0,0,,
2024-04-22,69,DF,Centro-Oeste,search,0,0,7051.97,881496,0,0,,
2024-04-22,69,AM,Norte,search,0,0,10074.24,1259280,0,0,,
2024-04-22,69,PA,Norte,search,0,0,21155.91,2644488,0,0,,
2024-04-22,69,RO,Norte,search,0,0,4029.7,503712,0,0,,
2024-04-22,69,AC,Norte,search,0,0,2014.85,251856,0,0,,
2024-04-22,69,RR,Norte,search,0,0,1511.14,188892,0,0,,
2024-04-22,69,AP,Norte,search,0,0,2014.85,251856,0,0,,
2024-04-22,69,TO,Norte,search,0,0,3525.99,440748,0,0,,
2024-04-29,70,SP,Sudeste,youtube,1,0,171073.48,9504082,0,0,,
2024-04-29,70,RJ,Sudeste,youtube,1,0,64348.74,3574930,0,0,,
2024-04-29,70,MG,Sudeste,youtube,0,0,80043.56,4446864,0,0,,
2024-04-29,70,ES,Sudeste,youtube,0,0,14910.07,828337,1,0,14910.07,
2024-04-29,70,PR,Sul,youtube,1,0,43945.48,2441415,0,0,,
2024-04-29,70,SC,Sul,youtube,0,0,28250.67,1569481,1,0,28250.67,
2024-04-29,70,RS,Sul,youtube,1,0,43945.48,2441415,0,0,,
2024-04-29,70,BA,Nordeste,youtube,0,0,56501.33,3138962,0,0,,
2024-04-29,70,CE,Nordeste,youtube,1,0,35313.33,1961851,0,0,,
2024-04-29,70,PE,Nordeste,youtube,0,0,37667.56,2092641,0,0,,
2024-04-29,70,MA,Nordeste,youtube,0,0,26681.19,1482288,0,0,,
2024-04-29,70,PB,Nordeste,youtube,0,0,15694.81,871934,0,0,,
2024-04-29,70,RN,Nordeste,youtube,0,0,14125.33,784740,0,0,,
2024-04-29,70,AL,Nordeste,youtube,0,0,12555.85,697547,0,0,,
2024-04-29,70,SE,Nordeste,youtube,0,0,8632.15,479563,0,0,,
2024-04-29,70,PI,Nordeste,youtube,0,0,12555.85,697547,0,0,,
2024-04-29,70,GO,Centro-Oeste,youtube,0,0,25896.44,1438691,0,0,,
2024-04-29,70,MT,Centro-Oeste,youtube,0,0,13340.59,741144,0,0,,
2024-04-29,70,MS,Centro-Oeste,youtube,0,0,10201.63,566757,0,0,,
2024-04-29,70,DF,Centro-Oeste,youtube,0,0,10986.37,610353,0,0,,
2024-04-29,70,AM,Norte,youtube,0,0,15694.81,871934,0,0,,
2024-04-29,70,PA,Norte,youtube,0,0,32959.11,1831061,0,0,,
2024-04-29,70,RO,Norte,youtube,0,0,6277.93,348773,0,0,,
2024-04-29,70,AC,Norte,youtube,0,0,3138.96,174386,0,0,,
2024-04-29,70,RR,Norte,youtube,0,0,2354.22,130790,0,0,,
2024-04-29,70,AP,Norte,youtube,0,0,3138.96,174386,0,0,,
2024-04-29,70,TO,Norte,youtube,0,0,5493.19,305176,0,0,,
2024-04-29,70,SP,Sudeste,meta,1,0,149689.3,12474108,0,0,,
2024-04-29,70,RJ,Sudeste,meta,1,0,56305.15,4692095,0,0,,
2024-04-29,70,MG,Sudeste,meta,0,0,70038.11,5836509,0,0,,
2024-04-29,70,ES,Sudeste,meta,0,0,13046.31,1087192,0,0,,
2024-04-29,70,PR,Sul,meta,1,0,38452.3,3204358,0,0,,
2024-04-29,70,SC,Sul,meta,0,0,24719.33,2059944,0,0,,
2024-04-29,70,RS,Sul,meta,1,0,38452.3,3204358,0,0,,
2024-04-29,70,BA,Nordeste,meta,0,0,49438.67,4119888,0,0,,
2024-04-29,70,CE,Nordeste,meta,1,0,30899.17,2574930,0,0,,
2024-04-29,70,PE,Nordeste,meta,0,0,32959.11,2746592,0,0,,
2024-04-29,70,MA,Nordeste,meta,0,0,23346.04,1945503,0,0,,
2024-04-29,70,PB,Nordeste,meta,0,0,13732.96,1144413,0,0,,
2024-04-29,70,RN,Nordeste,meta,0,0,12359.67,1029972,0,0,,
2024-04-29,70,AL,Nordeste,meta,0,0,10986.37,915530,0,0,,
2024-04-29,70,SE,Nordeste,meta,0,0,7553.13,629427,0,0,,
2024-04-29,70,PI,Nordeste,meta,0,0,10986.37,915530,0,0,,
2024-04-29,70,GO,Centro-Oeste,meta,0,0,22659.39,1888282,0,0,,
2024-04-29,70,MT,Centro-Oeste,meta,0,0,11673.02,972751,0,0,,
2024-04-29,70,MS,Centro-Oeste,meta,0,0,8926.43,743868,0,0,,
2024-04-29,70,DF,Centro-Oeste,meta,0,0,9613.07,801089,0,0,,
2024-04-29,70,AM,Norte,meta,0,0,13732.96,1144413,0,0,,
2024-04-29,70,PA,Norte,meta,0,0,28839.22,2403268,0,0,,
2024-04-29,70,RO,Norte,meta,0,0,5493.19,457765,0,0,,
2024-04-29,70,AC,Norte,meta,0,0,2746.59,228882,0,0,,
2024-04-29,70,RR,Norte,meta,0,0,2059.94,171662,0,0,,
2024-04-29,70,AP,Norte,meta,0,0,2746.59,228882,0,0,,
2024-04-29,70,TO,Norte,meta,0,0,4806.54,400544,0,0,,
2024-04-29,70,SP,Sudeste,search,1,0,106920.93,13365115,0,0,,
2024-04-29,70,RJ,Sudeste,search,1,0,40217.96,5027245,0,0,,
2024-04-29,70,MG,Sudeste,search,0,0,50027.22,6253402,0,0,,
2024-04-29,70,ES,Sudeste,search,0,0,9318.8,1164849,0,0,,
2024-04-29,70,PR,Sul,search,1,0,27465.93,3433240,0,0,,
2024-04-29,70,SC,Sul,search,0,0,17656.67,2207083,0,0,,
2024-04-29,70,RS,Sul,search,1,0,27465.93,3433240,0,0,,
2024-04-29,70,BA,Nordeste,search,0,0,35313.33,4414166,0,0,,
2024-04-29,70,CE,Nordeste,search,1,0,22070.83,2758854,0,0,,
2024-04-29,70,PE,Nordeste,search,0,0,23542.22,2942777,0,0,,
2024-04-29,70,MA,Nordeste,search,0,0,16675.74,2084467,0,0,,
2024-04-29,70,PB,Nordeste,search,0,0,9809.26,1226157,0,0,,
2024-04-29,70,RN,Nordeste,search,0,0,8828.33,1103541,0,0,,
2024-04-29,70,AL,Nordeste,search,0,0,7847.41,980925,0,0,,
2024-04-29,70,SE,Nordeste,search,0,0,5395.09,674386,0,0,,
2024-04-29,70,PI,Nordeste,search,0,0,7847.41,980925,0,0,,
2024-04-29,70,GO,Centro-Oeste,search,0,0,16185.28,2023159,0,0,,
2024-04-29,70,MT,Centro-Oeste,search,0,0,8337.87,1042233,0,0,,
2024-04-29,70,MS,Centro-Oeste,search,0,0,6376.02,797002,0,0,,
2024-04-29,70,DF,Centro-Oeste,search,0,0,6866.48,858310,0,0,,
2024-04-29,70,AM,Norte,search,0,0,9809.26,1226157,0,0,,
2024-04-29,70,PA,Norte,search,0,0,20599.44,2574930,0,0,,
2024-04-29,70,RO,Norte,search,0,0,3923.7,490462,0,0,,
2024-04-29,70,AC,Norte,search,0,0,1961.85,245231,0,0,,
2024-04-29,70,RR,Norte,search,0,0,1471.39,183923,0,0,,
2024-04-29,70,AP,Norte,search,0,0,1961.85,245231,0,0,,
2024-04-29,70,TO,Norte,search,0,0,3433.24,429155,0,0,,
2024-05-06,71,SP,Sudeste,youtube,1,0,202111.82,11228434,0,0,,
2024-05-06,71,RJ,Sudeste,youtube,1,0,76023.71,4223539,0,0,,
2024-05-06,71,MG,Sudeste,youtube,0,0,94566.08,5253671,0,0,,
2024-05-06,71,ES,Sudeste,youtube,0,0,17615.25,978625,0,0,,
2024-05-06,71,PR,Sul,youtube,1,0,51918.63,2884368,0,0,,
2024-05-06,71,SC,Sul,youtube,0,0,33376.26,1854236,0,0,,
2024-05-06,71,RS,Sul,youtube,1,0,51918.63,2884368,0,0,,
2024-05-06,71,BA,Nordeste,youtube,0,0,66752.53,3708473,0,0,,
2024-05-06,71,CE,Nordeste,youtube,1,0,41720.33,2317796,0,0,,
2024-05-06,71,PE,Nordeste,youtube,0,0,44501.69,2472315,0,0,,
2024-05-06,71,MA,Nordeste,youtube,0,0,31522.03,1751223,0,0,,
2024-05-06,71,PB,Nordeste,youtube,0,0,18542.37,1030131,0,0,,
2024-05-06,71,RN,Nordeste,youtube,0,0,16688.13,927118,0,0,,
2024-05-06,71,AL,Nordeste,youtube,0,0,14833.9,824105,0,0,,
2024-05-06,71,SE,Nordeste,youtube,0,0,10198.3,566572,0,0,,
2024-05-06,71,PI,Nordeste,youtube,0,0,14833.9,824105,0,0,,
2024-05-06,71,GO,Centro-Oeste,youtube,0,0,30594.91,1699717,0,0,,
2024-05-06,71,MT,Centro-Oeste,youtube,0,0,15761.01,875611,0,0,,
2024-05-06,71,MS,Centro-Oeste,youtube,0,0,12052.54,669585,0,0,,
2024-05-06,71,DF,Centro-Oeste,youtube,0,0,12979.66,721092,0,0,,
2024-05-06,71,AM,Norte,youtube,0,0,18542.37,1030131,0,0,,
2024-05-06,71,PA,Norte,youtube,0,0,38938.97,2163276,0,0,,
2024-05-06,71,RO,Norte,youtube,0,0,7416.95,412052,0,0,,
2024-05-06,71,AC,Norte,youtube,0,0,3708.47,206026,0,0,,
2024-05-06,71,RR,Norte,youtube,0,0,2781.36,154519,0,0,,
2024-05-06,71,AP,Norte,youtube,0,0,3708.47,206026,1,0,3708.47,
2024-05-06,71,TO,Norte,youtube,0,0,6489.83,360546,0,0,,
2024-05-06,71,SP,Sudeste,meta,1,0,176847.84,14737320,0,0,,
2024-05-06,71,RJ,Sudeste,meta,1,0,66520.75,5543395,0,0,,
2024-05-06,71,MG,Sudeste,meta,0,0,82745.32,6895443,0,0,,
2024-05-06,71,ES,Sudeste,meta,0,0,15413.34,1284445,0,0,,
2024-05-06,71,PR,Sul,meta,1,0,45428.8,3785733,0,0,,
2024-05-06,71,SC,Sul,meta,0,0,29204.23,2433685,0,0,,
2024-05-06,71,RS,Sul,meta,1,0,45428.8,3785733,0,0,,
2024-05-06,71,BA,Nordeste,meta,0,0,58408.46,4867371,0,0,,
2024-05-06,71,CE,Nordeste,meta,1,0,36505.29,3042107,0,0,,
2024-05-06,71,PE,Nordeste,meta,0,0,38938.97,3244914,1,0,38938.97,
2024-05-06,71,MA,Nordeste,meta,0,0,27581.77,2298481,0,0,,
2024-05-06,71,PB,Nordeste,meta,0,0,16224.57,1352047,0,0,,
2024-05-06,71,RN,Nordeste,meta,0,0,14602.12,1216842,0,0,,
2024-05-06,71,AL,Nordeste,meta,0,0,12979.66,1081638,0,0,,
2024-05-06,71,SE,Nordeste,meta,0,0,8923.52,743626,0,0,,
2024-05-06,71,PI,Nordeste,meta,0,0,12979.66,1081638,0,0,,
2024-05-06,71,GO,Centro-Oeste,meta,0,0,26770.55,2230878,0,0,,
2024-05-06,71,MT,Centro-Oeste,meta,0,0,13790.89,1149240,0,0,,
2024-05-06,71,MS,Centro-Oeste,meta,0,0,10545.97,878831,0,0,,
2024-05-06,71,DF,Centro-Oeste,meta,0,0,11357.2,946433,0,0,,
2024-05-06,71,AM,Norte,meta,0,0,16224.57,1352047,0,0,,
2024-05-06,71,PA,Norte,meta,0,0,34071.6,2839300,0,0,,
2024-05-06,71,RO,Norte,meta,0,0,6489.83,540819,0,0,,
2024-05-06,71,AC,Norte,meta,0,0,3244.91,270409,0,0,,
2024-05-06,71,RR,Norte,meta,0,0,2433.69,202807,0,0,,
2024-05-06,71,AP,Norte,meta,0,0,3244.91,270409,0,0,,
2024-05-06,71,TO,Norte,meta,0,0,5678.6,473216,0,0,,
2024-05-06,71,SP,Sudeste,search,1,0,126319.89,15789985,0,0,,
2024-05-06,71,RJ,Sudeste,search,1,0,47514.82,5939352,0,0,,
2024-05-06,71,MG,Sudeste,search,0,0,59103.8,7387975,0,0,,
2024-05-06,71,ES,Sudeste,search,0,0,11009.53,1376191,0,0,,
2024-05-06,71,PR,Sul,search,1,0,32449.15,4056143,0,0,,
2024-05-06,71,SC,Sul,search,0,0,20860.17,2607520,0,0,,
2024-05-06,71,RS,Sul,search,1,0,32449.15,4056143,0,0,,
2024-05-06,71,BA,Nordeste,search,0,0,41720.33,5215041,0,0,,
2024-05-06,71,CE,Nordeste,search,1,0,26075.21,3259400,0,0,,
2024-05-06,71,PE,Nordeste,search,0,0,27813.55,3476694,0,0,,
2024-05-06,71,MA,Nordeste,search,0,0,19701.27,2462658,0,0,,
2024-05-06,71,PB,Nordeste,search,0,0,11588.98,1448622,0,0,,
2024-05-06,71,RN,Nordeste,search,0,0,10430.08,1303760,0,0,,
2024-05-06,71,AL,Nordeste,search,0,0,9271.18,1158898,0,0,,
2024-05-06,71,SE,Nordeste,search,0,0,6373.94,796742,0,0,,
2024-05-06,71,PI,Nordeste,search,0,0,9271.18,1158898,0,0,,
2024-05-06,71,GO,Centro-Oeste,search,0,0,19121.82,2390227,0,0,,
2024-05-06,71,MT,Centro-Oeste,search,0,0,9850.63,1231329,0,0,,
2024-05-06,71,MS,Centro-Oeste,search,0,0,7532.84,941604,0,0,,
2024-05-06,71,DF,Centro-Oeste,search,0,0,8112.29,1014035,0,0,,
2024-05-06,71,AM,Norte,search,0,0,11588.98,1448622,0,0,,
2024-05-06,71,PA,Norte,search,0,0,24336.86,3042107,0,0,,
2024-05-06,71,RO,Norte,search,0,0,4635.59,579449,0,0,,
2024-05-06,71,AC,Norte,search,0,0,2317.8,289724,0,0,,
2024-05-06,71,RR,Norte,search,0,0,1738.35,217293,0,0,,
2024-05-06,71,AP,Norte,search,0,0,2317.8,289724,0,0,,
2024-05-06,71,TO,Norte,search,0,0,4056.14,507017,0,0,,
2024-05-13,72,SP,Sudeste,youtube,1,0,187207.25,10400402,0,0,,
2024-05-13,72,RJ,Sudeste,youtube,1,0,70417.4,3912077,0,0,,
2024-05-13,72,MG,Sudeste,youtube,0,0,87592.38,4866243,0,0,,
2024-05-13,72,ES,Sudeste,youtube,0,0,16316.23,906457,0,0,,
2024-05-13,72,PR,Sul,youtube,1,0,48089.93,2671663,0,0,,
2024-05-13,72,SC,Sul,youtube,0,0,30914.96,1717497,0,0,,
2024-05-13,72,RS,Sul,youtube,1,0,48089.93,2671663,0,0,,
2024-05-13,72,BA,Nordeste,youtube,0,0,61829.92,3434995,1,0,61829.92,
2024-05-13,72,CE,Nordeste,youtube,1,0,38643.7,2146872,0,0,,
2024-05-13,72,PE,Nordeste,youtube,0,0,41219.94,2289996,0,0,,
2024-05-13,72,MA,Nordeste,youtube,0,0,29197.46,1622081,0,0,,
2024-05-13,72,PB,Nordeste,youtube,0,0,17174.98,954165,0,0,,
2024-05-13,72,RN,Nordeste,youtube,0,0,15457.48,858748,1,0,15457.48,
2024-05-13,72,AL,Nordeste,youtube,0,0,13739.98,763332,0,0,,
2024-05-13,72,SE,Nordeste,youtube,0,0,9446.24,524790,0,0,,
2024-05-13,72,PI,Nordeste,youtube,0,0,13739.98,763332,0,0,,
2024-05-13,72,GO,Centro-Oeste,youtube,0,0,28338.71,1574372,0,0,,
2024-05-13,72,MT,Centro-Oeste,youtube,0,0,14598.73,811040,0,0,,
2024-05-13,72,MS,Centro-Oeste,youtube,0,0,11163.73,620207,0,0,,
2024-05-13,72,DF,Centro-Oeste,youtube,0,0,12022.48,667915,0,0,,
2024-05-13,72,AM,Norte,youtube,0,0,17174.98,954165,0,0,,
2024-05-13,72,PA,Norte,youtube,0,0,36067.45,2003747,0,0,,
2024-05-13,72,RO,Norte,youtube,0,0,6869.99,381666,0,0,,
2024-05-13,72,AC,Norte,youtube,0,0,3435.0,190833,0,0,,
2024-05-13,72,RR,Norte,youtube,0,0,2576.25,143124,0,0,,
2024-05-13,72,AP,Norte,youtube,0,0,3435.0,190833,0,0,,
2024-05-13,72,TO,Norte,youtube,0,0,6011.24,333957,0,0,,
2024-05-13,72,SP,Sudeste,meta,1,0,163806.34,13650528,1,0,163806.34,
2024-05-13,72,RJ,Sudeste,meta,1,0,61615.23,5134602,0,0,,
2024-05-13,72,MG,Sudeste,meta,0,0,76643.33,6386944,0,0,,
2024-05-13,72,ES,Sudeste,meta,0,0,14276.7,1189724,0,0,,
2024-05-13,72,PR,Sul,meta,1,0,42078.69,3506557,0,0,,
2024-05-13,72,SC,Sul,meta,0,0,27050.59,2254215,0,0,,
2024-05-13,72,RS,Sul,meta,1,0,42078.69,3506557,0,0,,
2024-05-13,72,BA,Nordeste,meta,0,0,54101.18,4508431,0,0,,
2024-05-13,72,CE,Nordeste,meta,1,0,33813.24,2817769,0,0,,
2024-05-13,72,PE,Nordeste,meta,0,0,36067.45,3005620,0,0,,
2024-05-13,72,MA,Nordeste,meta,0,0,25547.78,2128981,0,0,,
2024-05-13,72,PB,Nordeste,meta,0,0,15028.1,1252342,0,0,,
2024-05-13,72,RN,Nordeste,meta,0,0,13525.29,1127107,0,0,,
2024-05-13,72,AL,Nordeste,meta,0,0,12022.48,1001873,0,0,,
2024-05-13,72,SE,Nordeste,meta,0,0,8265.46,688788,0,0,,
2024-05-13,72,PI,Nordeste,meta,0,0,12022.48,1001873,0,0,,
2024-05-13,72,GO,Centro-Oeste,meta,0,0,24796.37,2066364,0,0,,
2024-05-13,72,MT,Centro-Oeste,meta,0,0,12773.89,1064490,0,0,,
2024-05-13,72,MS,Centro-Oeste,meta,0,0,9768.27,814022,0,0,,
2024-05-13,72,DF,Centro-Oeste,meta,0,0,10519.67,876639,0,0,,
2024-05-13,72,AM,Norte,meta,0,0,15028.1,1252342,0,0,,
2024-05-13,72,PA,Norte,meta,0,0,31559.02,2629918,0,0,,
2024-05-13,72,RO,Norte,meta,0,0,6011.24,500936,0,0,,
2024-05-13,72,AC,Norte,meta,0,0,3005.62,250468,0,0,,
2024-05-13,72,RR,Norte,meta,0,0,2254.22,187851,0,0,,
2024-05-13,72,AP,Norte,meta,0,0,3005.62,250468,0,0,,
2024-05-13,72,TO,Norte,meta,0,0,5259.84,438319,0,0,,
2024-05-13,72,SP,Sudeste,search,1,0,117004.53,14625565,0,0,,
2024-05-13,72,RJ,Sudeste,search,1,0,44010.88,5501359,0,0,,
2024-05-13,72,MG,Sudeste,search,0,0,54745.24,6843154,0,0,,
2024-05-13,72,ES,Sudeste,search,0,0,10197.64,1274705,0,0,,
2024-05-13,72,PR,Sul,search,1,0,30056.21,3757026,0,0,,
2024-05-13,72,SC,Sul,search,0,0,19321.85,2415231,0,0,,
2024-05-13,72,RS,Sul,search,1,0,30056.21,3757026,0,0,,
2024-05-13,72,BA,Nordeste,search,0,0,38643.7,4830462,1,0,38643.7,
2024-05-13,72,CE,Nordeste,search,1,0,24152.31,3019038,0,0,,
2024-05-13,72,PE,Nordeste,search,0,0,25762.47,3220308,0,0,,
2024-05-13,72,MA,Nordeste,search,0,0,18248.41,2281051,0,0,,
2024-05-13,72,PB,Nordeste,search,0,0,10734.36,1341795,0,0,,
2024-05-13,72,RN,Nordeste,search,0,0,9660.92,1207615,0,0,,
2024-05-13,72,AL,Nordeste,search,0,0,8587.49,1073436,0,0,,
2024-05-13,72,SE,Nordeste,search,0,0,5903.9,737987,0,0,,
2024-05-13,72,PI,Nordeste,search,0,0,8587.49,1073436,0,0,,
2024-05-13,72,GO,Centro-Oeste,search,0,0,17711.69,2213961,0,0,,
2024-05-13,72,MT,Centro-Oeste,search,0,0,9124.21,1140525,0,0,,
2024-05-13,72,MS,Centro-Oeste,search,0,0,6977.33,872166,0,0,,
2024-05-13,72,DF,Centro-Oeste,search,0,0,7514.05,939256,0,0,,
2024-05-13,72,AM,Norte,search,0,0,10734.36,1341795,0,0,,
2024-05-13,72,PA,Norte,search,0,0,22542.16,2817769,0,0,,
2024-05-13,72,RO,Norte,search,0,0,4293.74,536718,0,0,,
2024-05-13,72,AC,Norte,search,0,0,2146.87,268359,0,0,,
2024-05-13,72,RR,Norte,search,0,0,1610.15,201269,0,0,,
2024-05-13,72,AP,Norte,search,0,0,2146.87,268359,0,0,,
2024-05-13,72,TO,Norte,search,0,0,3757.03,469628,0,0,,
2024-05-20,73,SP,Sudeste,youtube,1,0,186053.02,10336278,0,0,,
2024-05-20,73,RJ,Sudeste,youtube,1,0,69983.25,3887958,0,0,,
2024-05-20,73,MG,Sudeste,youtube,0,0,87052.33,4836240,0,0,,
2024-05-20,73,ES,Sudeste,youtube,0,0,16215.63,900868,0,0,,
2024-05-20,73,PR,Sul,youtube,1,0,47793.44,2655190,0,0,,
2024-05-20,73,SC,Sul,youtube,0,0,30724.35,1706908,0,0,,
2024-05-20,73,RS,Sul,youtube,1,0,47793.44,2655190,0,0,,
2024-05-20,73,BA,Nordeste,youtube,0,0,61448.7,3413816,0,0,,
2024-05-20,73,CE,Nordeste,youtube,1,0,38405.44,2133635,0,0,,
2024-05-20,73,PE,Nordeste,youtube,0,0,40965.8,2275877,0,0,,
2024-05-20,73,MA,Nordeste,youtube,0,0,29017.44,1612080,0,0,,
2024-05-20,73,PB,Nordeste,youtube,0,0,17069.08,948282,0,0,,
2024-05-20,73,RN,Nordeste,youtube,0,0,15362.18,853454,0,0,,
2024-05-20,73,AL,Nordeste,youtube,0,0,13655.27,758625,0,0,,
2024-05-20,73,SE,Nordeste,youtube,0,0,9388.0,521555,0,0,,
2024-05-20,73,PI,Nordeste,youtube,0,0,13655.27,758625,0,0,,
2024-05-20,73,GO,Centro-Oeste,youtube,0,0,28163.99,1564666,0,0,,
2024-05-20,73,MT,Centro-Oeste,youtube,0,0,14508.72,806040,0,0,,
2024-05-20,73,MS,Centro-Oeste,youtube,0,0,11094.9,616383,0,0,,
2024-05-20,73,DF,Centro-Oeste,youtube,0,0,11948.36,663797,0,0,,
2024-05-20,73,AM,Norte,youtube,0,0,17069.08,948282,0,0,,
2024-05-20,73,PA,Norte,youtube,0,0,35845.08,1991393,0,0,,
2024-05-20,73,RO,Norte,youtube,0,0,6827.63,379312,0,0,,
2024-05-20,73,AC,Norte,youtube,0,0,3413.82,189656,0,0,,
2024-05-20,73,RR,Norte,youtube,0,0,2560.36,142242,0,0,,
2024-05-20,73,AP,Norte,youtube,0,0,3413.82,189656,0,0,,
2024-05-20,73,TO,Norte,youtube,0,0,5974.18,331898,0,0,,
2024-05-20,73,SP,Sudeste,meta,1,0,162796.39,13566365,0,0,,
2024-05-20,73,RJ,Sudeste,meta,1,0,61235.34,5102944,0,0,,
2024-05-20,73,MG,Sudeste,meta,0,0,76170.79,6347565,0,0,,
2024-05-20,73,ES,Sudeste,meta,0,0,14188.68,1182389,0,0,,
2024-05-20,73,PR,Sul,meta,1,0,41819.26,3484938,0,0,,
2024-05-20,73,SC,Sul,meta,0,0,26883.81,2240317,0,0,,
2024-05-20,73,RS,Sul,meta,1,0,41819.26,3484938,0,0,,
2024-05-20,73,BA,Nordeste,meta,0,0,53767.62,4480634,0,0,,
2024-05-20,73,CE,Nordeste,meta,1,0,33604.76,2800396,0,0,,
2024-05-20,73,PE,Nordeste,meta,0,0,35845.08,2987089,0,0,,
2024-05-20,73,MA,Nordeste,meta,0,0,25390.26,2115855,0,0,,
2024-05-20,73,PB,Nordeste,meta,0,0,14935.45,1244620,0,0,,
2024-05-20,73,RN,Nordeste,meta,0,0,13441.9,1120158,0,0,,
2024-05-20,73,AL,Nordeste,meta,0,0,11948.36,995696,0,0,,
2024-05-20,73,SE,Nordeste,meta,0,0,8214.5,684541,0,0,,
2024-05-20,73,PI,Nordeste,meta,0,0,11948.36,995696,0,0,,
2024-05-20,73,GO,Centro-Oeste,meta,0,0,24643.49,2053624,0,0,,
2024-05-20,73,MT,Centro-Oeste,meta,0,0,12695.13,1057927,0,0,,
2024-05-20,73,MS,Centro-Oeste,meta,0,0,9708.04,809003,0,0,,
2024-05-20,73,DF,Centro-Oeste,meta,0,0,10454.81,871234,0,0,,
2024-05-20,73,AM,Norte,meta,0,0,14935.45,1244620,0,0,,
2024-05-20,73,PA,Norte,meta,0,0,31364.44,2613703,0,0,,
2024-05-20,73,RO,Norte,meta,0,0,5974.18,497848,0,0,,
2024-05-20,73,AC,Norte,meta,0,0,2987.09,248924,0,0,,
2024-05-20,73,RR,Norte,meta,0,0,2240.32,186693,0,0,,
2024-05-20,73,AP,Norte,meta,0,0,2987.09,248924,0,0,,
2024-05-20,73,TO,Norte,meta,0,0,5227.41,435617,0,0,,
2024-05-20,73,SP,Sudeste,search,1,0,116283.14,14535391,0,0,,
2024-05-20,73,RJ,Sudeste,search,1,0,43739.53,5467441,0,0,,
2024-05-20,73,MG,Sudeste,search,0,0,54407.71,6800963,0,0,,
2024-05-20,73,ES,Sudeste,search,0,0,10134.77,1266846,1,0,10134.77,
2024-05-20,73,PR,Sul,search,1,0,29870.9,3733862,0,0,,
2024-05-20,73,SC,Sul,search,0,0,19202.72,2400339,0,0,,
2024-05-20,73,RS,Sul,search,1,0,29870.9,3733862,0,0,,
2024-05-20,73,BA,Nordeste,search,0,0,38405.44,4800679,0,0,,
2024-05-20,73,CE,Nordeste,search,1,0,24003.4,3000424,0,0,,
2024-05-20,73,PE,Nordeste,search,0,0,25603.63,3200453,0,0,,
2024-05-20,73,MA,Nordeste,search,0,0,18135.9,2266987,0,0,,
2024-05-20,73,PB,Nordeste,search,0,0,10668.18,1333522,0,0,,
2024-05-20,73,RN,Nordeste,search,0,0,9601.36,1200169,0,0,,
2024-05-20,73,AL,Nordeste,search,0,0,8534.54,1066817,0,0,,
2024-05-20,73,SE,Nordeste,search,0,0,5867.5,733437,0,0,,
2024-05-20,73,PI,Nordeste,search,0,0,8534.54,1066817,0,0,,
2024-05-20,73,GO,Centro-Oeste,search,0,0,17602.49,2200311,0,0,,
2024-05-20,73,MT,Centro-Oeste,search,0,0,9067.95,1133493,0,0,,
2024-05-20,73,MS,Centro-Oeste,search,0,0,6934.32,866789,0,0,,
2024-05-20,73,DF,Centro-Oeste,search,0,0,7467.72,933465,1,0,7467.72,
2024-05-20,73,AM,Norte,search,0,0,10668.18,1333522,0,0,,
2024-05-20,73,PA,Norte,search,0,0,22403.17,2800396,0,0,,
2024-05-20,73,RO,Norte,search,0,0,4267.27,533408,0,0,,
2024-05-20,73,AC,Norte,search,0,0,2133.64,266704,0,0,,
2024-05-20,73,RR,Norte,search,0,0,1600.23,200028,1,0,1600.23,
2024-05-20,73,AP,Norte,search,0,0,2133.64,266704,0,0,,
2024-05-20,73,TO,Norte,search,0,0,3733.86,466732,0,0,,
2024-05-27,74,SP,Sudeste,youtube,1,0,204667.71,11370428,0,0,,
2024-05-27,74,RJ,Sudeste,youtube,1,0,76985.1,4276950,0,0,,
2024-05-27,74,MG,Sudeste,youtube,0,0,95761.96,5320108,0,0,,
2024-05-27,74,ES,Sudeste,youtube,0,0,17838.01,991000,0,0,,
2024-05-27,74,PR,Sul,youtube,1,0,52575.19,2920843,0,0,,
2024-05-27,74,SC,Sul,youtube,0,0,33798.34,1877685,0,0,,
2024-05-27,74,RS,Sul,youtube,1,0,52575.19,2920843,0,0,,
2024-05-27,74,BA,Nordeste,youtube,0,0,67596.67,3755370,0,0,,
2024-05-27,74,CE,Nordeste,youtube,1,0,42247.92,2347106,0,0,,
2024-05-27,74,PE,Nordeste,youtube,0,0,45064.45,2503580,0,0,,
2024-05-27,74,MA,Nordeste,youtube,0,0,31920.65,1773369,0,0,,
2024-05-27,74,PB,Nordeste,youtube,0,0,18776.85,1043158,0,0,,
2024-05-27,74,RN,Nordeste,youtube,0,0,16899.17,938842,0,0,,
2024-05-27,74,AL,Nordeste,youtube,0,0,15021.48,834526,0,0,,
2024-05-27,74,SE,Nordeste,youtube,0,0,10327.27,573737,1,0,10327.27,
2024-05-27,74,PI,Nordeste,youtube,0,0,15021.48,834526,0,0,,
2024-05-27,74,GO,Centro-Oeste,youtube,0,0,30981.81,1721211,0,0,,
2024-05-27,74,MT,Centro-Oeste,youtube,0,0,15960.33,886684,0,0,,
2024-05-27,74,MS,Centro-Oeste,youtube,0,0,12204.96,678053,0,0,,
2024-05-27,74,DF,Centro-Oeste,youtube,0,0,13143.8,730210,0,0,,
2024-05-27,74,AM,Norte,youtube,0,0,18776.85,1043158,0,0,,
2024-05-27,74,PA,Norte,youtube,0,0,39431.39,2190632,0,0,,
2024-05-27,74,RO,Norte,youtube,0,0,7510.74,417263,0,0,,
2024-05-27,74,AC,Norte,youtube,0,0,3755.37,208631,0,0,,
2024-05-27,74,RR,Norte,youtube,0,0,2816.53,156473,0,0,,
2024-05-27,74,AP,Norte,youtube,0,0,3755.37,208631,0,0,,
2024-05-27,74,TO,Norte,youtube,0,0,6571.9,365105,0,0,,
2024-05-27,74,SP,Sudeste,meta,1,0,179084.24,14923686,0,0,,
2024-05-27,74,RJ,Sudeste,meta,1,0,67361.96,5613496,0,0,,
2024-05-27,74,MG,Sudeste,meta,0,0,83791.71,6982642,0,0,,
2024-05-27,74,ES,Sudeste,meta,0,0,15608.26,1300688,0,0,,
2024-05-27,74,PR,Sul,meta,1,0,46003.29,3833607,0,0,,
2024-05-27,74,SC,Sul,meta,0,0,29573.54,2464462,0,0,,
2024-05-27,74,RS,Sul,meta,1,0,46003.29,3833607,0,0,,
2024-05-27,74,BA,Nordeste,meta,0,0,59147.09,4928924,0,0,,
2024-05-27,74,CE,Nordeste,meta,1,0,36966.93,3080577,0,0,,
2024-05-27,74,PE,Nordeste,meta,0,0,39431.39,3285949,0,0,,
2024-05-27,74,MA,Nordeste,meta,0,0,27930.57,2327547,0,0,,
2024-05-27,74,PB,Nordeste,meta,0,0,16429.75,1369145,0,0,,
2024-05-27,74,RN,Nordeste,meta,0,0,14786.77,1232231,0,0,,
2024-05-27,74,AL,Nordeste,meta,0,0,13143.8,1095316,0,0,,
2024-05-27,74,SE,Nordeste,meta,0,0,9036.36,753030,0,0,,
2024-05-27,74,PI,Nordeste,meta,0,0,13143.8,1095316,0,0,,
2024-05-27,74,GO,Centro-Oeste,meta,0,0,27109.08,2259090,0,0,,
2024-05-27,74,MT,Centro-Oeste,meta,0,0,13965.29,1163773,0,0,,
2024-05-27,74,MS,Centro-Oeste,meta,0,0,10679.34,889944,0,0,,
2024-05-27,74,DF,Centro-Oeste,meta,0,0,11500.82,958401,0,0,,
2024-05-27,74,AM,Norte,meta,0,0,16429.75,1369145,0,0,,
2024-05-27,74,PA,Norte,meta,0,0,34502.47,2875205,0,0,,
2024-05-27,74,RO,Norte,meta,0,0,6571.9,547658,0,0,,
2024-05-27,74,AC,Norte,meta,0,0,3285.95,273829,0,0,,
2024-05-27,74,RR,Norte,meta,0,0,2464.46,205371,0,0,,
2024-05-27,74,AP,Norte,meta,0,0,3285.95,273829,0,0,,
2024-05-27,74,TO,Norte,meta,0,0,5750.41,479200,0,0,,
2024-05-27,74,SP,Sudeste,search,1,0,127917.32,15989664,0,0,,
2024-05-27,74,RJ,Sudeste,search,1,0,48115.69,6014460,0,0,,
2024-05-27,74,MG,Sudeste,search,0,0,59851.22,7481402,0,0,,
2024-05-27,74,ES,Sudeste,search,0,0,11148.76,1393594,0,0,,
2024-05-27,74,PR,Sul,search,1,0,32859.49,4107436,0,0,,
2024-05-27,74,SC,Sul,search,0,0,21123.96,2640495,1,0,21123.96,
2024-05-27,74,RS,Sul,search,1,0,32859.49,4107436,0,0,,
2024-05-27,74,BA,Nordeste,search,0,0,42247.92,5280990,0,0,,
2024-05-27,74,CE,Nordeste,search,1,0,26404.95,3300618,0,0,,
2024-05-27,74,PE,Nordeste,search,0,0,28165.28,3520660,0,0,,
2024-05-27,74,MA,Nordeste,search,0,0,19950.41,2493800,0,0,,
2024-05-27,74,PB,Nordeste,search,0,0,11735.53,1466941,0,0,,
2024-05-27,74,RN,Nordeste,search,0,0,10561.98,1320247,0,0,,
2024-05-27,74,AL,Nordeste,search,0,0,9388.43,1173553,0,0,,
2024-05-27,74,SE,Nordeste,search,0,0,6454.54,806817,1,0,6454.54,
2024-05-27,74,PI,Nordeste,search,0,0,9388.43,1173553,0,0,,
2024-05-27,74,GO,Centro-Oeste,search,0,0,19363.63,2420453,0,0,,
2024-05-27,74,MT,Centro-Oeste,search,0,0,9975.2,1246900,0,0,,
2024-05-27,74,MS,Centro-Oeste,search,0,0,7628.1,953512,0,0,,
2024-05-27,74,DF,Centro-Oeste,search,0,0,8214.87,1026859,0,0,,
2024-05-27,74,AM,Norte,search,0,0,11735.53,1466941,1,0,11735.53,
2024-05-27,74,PA,Norte,search,0,0,24644.62,3080577,0,0,,
2024-05-27,74,RO,Norte,search,0,0,4694.21,586776,0,0,,
2024-05-27,74,AC,Norte,search,0,0,2347.11,293388,0,0,,
2024-05-27,74,RR,Norte,search,0,0,1760.33,220041,0,0,,
2024-05-27,74,AP,Norte,search,0,0,2347.11,293388,0,0,,
2024-05-27,74,TO,Norte,search,0,0,4107.44,513429,0,0,,
2024-06-03,75,SP,Sudeste,youtube,1,0,182010.29,10111682,0,0,,
2024-06-03,75,RJ,Sudeste,youtube,1,0,68462.58,3803476,0,0,,
2024-06-03,75,MG,Sudeste,youtube,0,0,85160.78,4731154,0,0,,
2024-06-03,75,ES,Sudeste,youtube,0,0,15863.28,881293,0,0,,
2024-06-03,75,PR,Sul,youtube,1,0,46754.94,2597496,0,0,,
2024-06-03,75,SC,Sul,youtube,0,0,30056.74,1669819,0,0,,
2024-06-03,75,RS,Sul,youtube,1,0,46754.94,2597496,0,0,,
2024-06-03,75,BA,Nordeste,youtube,0,0,60113.49,3339638,0,0,,
2024-06-03,75,CE,Nordeste,youtube,1,0,37570.93,2087273,0,0,,
2024-06-03,75,PE,Nordeste,youtube,0,0,40075.66,2226425,0,0,,
2024-06-03,75,MA,Nordeste,youtube,0,0,28386.93,1577051,0,0,,
2024-06-03,75,PB,Nordeste,youtube,0,0,16698.19,927677,0,0,,
2024-06-03,75,RN,Nordeste,youtube,0,0,15028.37,834909,0,0,,
2024-06-03,75,AL,Nordeste,youtube,0,0,13358.55,742141,0,0,,
2024-06-03,75,SE,Nordeste,youtube,0,0,9184.01,510222,0,0,,
2024-06-03,75,PI,Nordeste,youtube,0,0,13358.55,742141,0,0,,
2024-06-03,75,GO,Centro-Oeste,youtube,0,0,27552.02,1530667,0,0,,
2024-06-03,75,MT,Centro-Oeste,youtube,0,0,14193.46,788525,0,0,,
2024-06-03,75,MS,Centro-Oeste,youtube,0,0,10853.82,602990,0,0,,
2024-06-03,75,DF,Centro-Oeste,youtube,0,0,11688.73,649374,0,0,,
2024-06-03,75,AM,Norte,youtube,0,0,16698.19,927677,0,0,,
2024-06-03,75,PA,Norte,youtube,0,0,35066.2,1948122,0,0,,
2024-06-03,75,RO,Norte,youtube,0,0,6679.28,371070,0,0,,
2024-06-03,75,AC,Norte,youtube,0,0,3339.64,185535,0,0,,
2024-06-03,75,RR,Norte,youtube,0,0,2504.73,139151,1,0,2504.73,
2024-06-03,75,AP,Norte,youtube,0,0,3339.64,185535,0,0,,
2024-06-03,75,TO,Norte,youtube,0,0,5844.37,324687,0,0,,
2024-06-03,75,SP,Sudeste,meta,1,0,159259.0,13271583,1,0,159259.0,
2024-06-03,75,RJ,Sudeste,meta,1,0,59904.76,4992063,0,0,,
2024-06-03,75,MG,Sudeste,meta,0,0,74515.68,6209639,0,0,,
2024-06-03,75,ES,Sudeste,meta,0,0,13880.37,1156697,0,0,,
2024-06-03,75,PR,Sul,meta,1,0,40910.57,3409214,0,0,,
2024-06-03,75,SC,Sul,meta,0,0,26299.65,2191637,0,0,,
2024-06-03,75,RS,Sul,meta,1,0,40910.57,3409214,0,0,,
2024-06-03,75,BA,Nordeste,meta,0,0,52599.3,4383275,0,0,,
2024-06-03,75,CE,Nordeste,meta,1,0,32874.56,2739546,0,0,,
2024-06-03,75,PE,Nordeste,meta,0,0,35066.2,2922183,0,0,,
2024-06-03,75,MA,Nordeste,meta,0,0,24838.56,2069879,0,0,,
2024-06-03,75,PB,Nordeste,meta,0,0,14610.92,1217576,1,0,14610.92,
2024-06-03,75,RN,Nordeste,meta,0,0,13149.83,1095818,0,0,,
2024-06-03,75,AL,Nordeste,meta,0,0,11688.73,974061,0,0,,
2024-06-03,75,SE,Nordeste,meta,0,0,8036.0,669667,0,0,,
2024-06-03,75,PI,Nordeste,meta,0,0,11688.73,974061,0,0,,
2024-06-03,75,GO,Centro-Oeste,meta,0,0,24108.01,2009001,0,0,,
2024-06-03,75,MT,Centro-Oeste,meta,0,0,12419.28,1034939,0,0,,
2024-06-03,75,MS,Centro-Oeste,meta,0,0,9497.1,791424,1,0,9497.1,
2024-06-03,75,DF,Centro-Oeste,meta,0,0,10227.64,852303,0,0,,
2024-06-03,75,AM,Norte,meta,0,0,14610.92,1217576,0,0,,
2024-06-03,75,PA,Norte,meta,0,0,30682.93,2556910,0,0,,
2024-06-03,75,RO,Norte,meta,0,0,5844.37,487030,0,0,,
2024-06-03,75,AC,Norte,meta,0,0,2922.18,243515,0,0,,
2024-06-03,75,RR,Norte,meta,0,0,2191.64,182636,0,0,,
2024-06-03,75,AP,Norte,meta,0,0,2922.18,243515,0,0,,
2024-06-03,75,TO,Norte,meta,0,0,5113.82,426151,0,0,,
2024-06-03,75,SP,Sudeste,search,1,0,113756.43,14219553,0,0,,
2024-06-03,75,RJ,Sudeste,search,1,0,42789.12,5348639,0,0,,
2024-06-03,75,MG,Sudeste,search,0,0,53225.49,6653185,0,0,,
2024-06-03,75,ES,Sudeste,search,0,0,9914.55,1239318,0,0,,
2024-06-03,75,PR,Sul,search,1,0,29221.83,3652729,0,0,,
2024-06-03,75,SC,Sul,search,0,0,18785.47,2348183,0,0,,
2024-06-03,75,RS,Sul,search,1,0,29221.83,3652729,0,0,,
2024-06-03,75,BA,Nordeste,search,0,0,37570.93,4696366,0,0,,
2024-06-03,75,CE,Nordeste,search,1,0,23481.83,2935228,0,0,,
2024-06-03,75,PE,Nordeste,search,0,0,25047.29,3130910,0,0,,
2024-06-03,75,MA,Nordeste,search,0,0,17741.83,2217728,0,0,,
2024-06-03,75,PB,Nordeste,search,0,0,10436.37,1304546,1,0,10436.37,
2024-06-03,75,RN,Nordeste,search,0,0,9392.73,1174091,0,0,,
2024-06-03,75,AL,Nordeste,search,0,0,8349.1,1043636,0,0,,
2024-06-03,75,SE,Nordeste,search,0,0,5740.0,717500,0,0,,
2024-06-03,75,PI,Nordeste,search,0,0,8349.1,1043636,0,0,,
2024-06-03,75,GO,Centro-Oeste,search,0,0,17220.01,2152501,0,0,,
2024-06-03,75,MT,Centro-Oeste,search,0,0,8870.91,1108864,0,0,,
2024-06-03,75,MS,Centro-Oeste,search,0,0,6783.64,847955,0,0,,
2024-06-03,75,DF,Centro-Oeste,search,0,0,7305.46,913182,0,0,,
2024-06-03,75,AM,Norte,search,0,0,10436.37,1304546,0,0,,
2024-06-03,75,PA,Norte,search,0,0,21916.38,2739547,0,0,,
2024-06-03,75,RO,Norte,search,0,0,4174.55,521818,0,0,,
2024-06-03,75,AC,Norte,search,0,0,2087.27,260909,0,0,,
2024-06-03,75,RR,Norte,search,0,0,1565.46,195681,0,0,,
2024-06-03,75,AP,Norte,search,0,0,2087.27,260909,0,0,,
2024-06-03,75,TO,Norte,search,0,0,3652.73,456591,0,0,,
2024-06-10,76,SP,Sudeste,youtube,1,0,226900.31,12605572,1,0,226900.31,
2024-06-10,76,RJ,Sudeste,youtube,1,0,85347.82,4741545,0,0,,
2024-06-10,76,MG,Sudeste,youtube,0,0,106164.37,5898020,1,0,106164.37,
2024-06-10,76,ES,Sudeste,youtube,0,0,19775.72,1098650,0,0,,
2024-06-10,76,PR,Sul,youtube,1,0,58286.32,3238128,0,0,,
2024-06-10,76,SC,Sul,youtube,0,0,37469.78,2081654,0,0,,
2024-06-10,76,RS,Sul,youtube,1,0,58286.32,3238128,0,0,,
2024-06-10,76,BA,Nordeste,youtube,0,0,74939.55,4163308,0,0,,
2024-06-10,76,CE,Nordeste,youtube,1,0,46837.22,2602067,0,0,,
2024-06-10,76,PE,Nordeste,youtube,0,0,49959.7,2775538,0,0,,
2024-06-10,76,MA,Nordeste,youtube,0,0,35388.12,1966006,0,0,,
2024-06-10,76,PB,Nordeste,youtube,0,0,20816.54,1156474,0,0,,
2024-06-10,76,RN,Nordeste,youtube,0,0,18734.89,1040827,0,0,,
2024-06-10,76,AL,Nordeste,youtube,0,0,16653.23,925179,0,0,,
2024-06-10,76,SE,Nordeste,youtube,0,0,11449.1,636061,0,0,,
2024-06-10,76,PI,Nordeste,youtube,0,0,16653.23,925179,0,0,,
2024-06-10,76,GO,Centro-Oeste,youtube,0,0,34347.3,1908183,0,0,,
2024-06-10,76,MT,Centro-Oeste,youtube,0,0,17694.06,983003,0,0,,
2024-06-10,76,MS,Centro-Oeste,youtube,0,0,13530.75,751708,0,0,,
2024-06-10,76,DF,Centro-Oeste,youtube,0,0,14571.58,809532,0,0,,
2024-06-10,76,AM,Norte,youtube,0,0,20816.54,1156474,0,0,,
2024-06-10,76,PA,Norte,youtube,0,0,43714.74,2428596,0,0,,
2024-06-10,76,RO,Norte,youtube,0,0,8326.62,462589,0,0,,
2024-06-10,76,AC,Norte,youtube,0,0,4163.31,231294,0,0,,
2024-06-10,76,RR,Norte,youtube,0,0,3122.48,173471,0,0,,
2024-06-10,76,AP,Norte,youtube,0,0,4163.31,231294,0,0,,
2024-06-10,76,TO,Norte,youtube,0,0,7285.79,404766,0,0,,
2024-06-10,76,SP,Sudeste,meta,1,0,198537.77,16544814,1,0,198537.77,
2024-06-10,76,RJ,Sudeste,meta,1,0,74679.35,6223278,0,0,,
2024-06-10,76,MG,Sudeste,meta,0,0,92893.82,7741151,0,0,,
2024-06-10,76,ES,Sudeste,meta,0,0,17303.75,1441979,0,0,,
2024-06-10,76,PR,Sul,meta,1,0,51000.53,4250044,0,0,,
2024-06-10,76,SC,Sul,meta,0,0,32786.05,2732171,0,0,,
2024-06-10,76,RS,Sul,meta,1,0,51000.53,4250044,0,0,,
2024-06-10,76,BA,Nordeste,meta,0,0,65572.11,5464342,0,0,,
2024-06-10,76,CE,Nordeste,meta,1,0,40982.57,3415213,0,0,,
2024-06-10,76,PE,Nordeste,meta,0,0,43714.74,3642894,0,0,,
2024-06-10,76,MA,Nordeste,meta,0,0,30964.61,2580383,0,0,,
2024-06-10,76,PB,Nordeste,meta,0,0,18214.47,1517872,0,0,,
2024-06-10,76,RN,Nordeste,meta,0,0,16393.03,1366085,0,0,,
2024-06-10,76,AL,Nordeste,meta,0,0,14571.58,1214298,0,0,,
2024-06-10,76,SE,Nordeste,meta,0,0,10017.96,834830,0,0,,
2024-06-10,76,PI,Nordeste,meta,0,0,14571.58,1214298,0,0,,
2024-06-10,76,GO,Centro-Oeste,meta,0,0,30053.88,2504490,0,0,,
2024-06-10,76,MT,Centro-Oeste,meta,0,0,15482.3,1290191,0,0,,
2024-06-10,76,MS,Centro-Oeste,meta,0,0,11839.41,986617,0,0,,
2024-06-10,76,DF,Centro-Oeste,meta,0,0,12750.13,1062511,0,0,,
2024-06-10,76,AM,Norte,meta,0,0,18214.47,1517872,0,0,,
2024-06-10,76,PA,Norte,meta,0,0,38250.4,3187533,0,0,,
2024-06-10,76,RO,Norte,meta,0,0,7285.79,607149,0,0,,
2024-06-10,76,AC,Norte,meta,0,0,3642.89,303574,0,0,,
2024-06-10,76,RR,Norte,meta,0,0,2732.17,227680,0,0,,
2024-06-10,76,AP,Norte,meta,0,0,3642.89,303574,0,0,,
2024-06-10,76,TO,Norte,meta,0,0,6375.07,531255,0,0,,
2024-06-10,76,SP,Sudeste,search,1,0,141812.7,17726586,0,0,,
2024-06-10,76,RJ,Sudeste,search,1,0,53342.39,6667798,0,0,,
2024-06-10,76,MG,Sudeste,search,0,0,66352.73,8294091,0,0,,
2024-06-10,76,ES,Sudeste,search,0,0,12359.82,1544977,0,0,,
2024-06-10,76,PR,Sul,search,1,0,36428.95,4553618,0,0,,
2024-06-10,76,SC,Sul,search,0,0,23418.61,2927326,0,0,,
2024-06-10,76,RS,Sul,search,1,0,36428.95,4553618,0,0,,
2024-06-10,76,BA,Nordeste,search,0,0,46837.22,5854652,0,0,,
2024-06-10,76,CE,Nordeste,search,1,0,29273.26,3659157,1,0,29273.26,
2024-06-10,76,PE,Nordeste,search,0,0,31224.81,3903101,0,0,,
2024-06-10,76,MA,Nordeste,search,0,0,22117.58,2764697,0,0,,
2024-06-10,76,PB,Nordeste,search,0,0,13010.34,1626292,0,0,,
2024-06-10,76,RN,Nordeste,search,0,0,11709.31,1463663,0,0,,
2024-06-10,76,AL,Nordeste,search,0,0,10408.27,1301033,0,0,,
2024-06-10,76,SE,Nordeste,search,0,0,7155.69,894460,0,0,,
2024-06-10,76,PI,Nordeste,search,0,0,10408.27,1301033,0,0,,
2024-06-10,76,GO,Centro-Oeste,search,0,0,21467.06,2683382,0,0,,
2024-06-10,76,MT,Centro-Oeste,search,0,0,11058.79,1382348,0,0,,
2024-06-10,76,MS,Centro-Oeste,search,0,0,8456.72,1057090,0,0,,
2024-06-10,76,DF,Centro-Oeste,search,0,0,9107.24,1138404,0,0,,
2024-06-10,76,AM,Norte,search,0,0,13010.34,1626292,0,0,,
2024-06-10,76,PA,Norte,search,0,0,27321.71,3415213,0,0,,
2024-06-10,76,RO,Norte,search,0,0,5204.14,650516,0,0,,
2024-06-10,76,AC,Norte,search,0,0,2602.07,325258,0,0,,
2024-06-10,76,RR,Norte,search,0,0,1951.55,243943,0,0,,
2024-06-10,76,AP,Norte,search,0,0,2602.07,325258,0,0,,
2024-06-10,76,TO,Norte,search,0,0,4553.62,569202,0,0,,
2024-06-17,77,SP,Sudeste,youtube,1,0,172219.21,9567733,0,0,,
2024-06-17,77,RJ,Sudeste,youtube,1,0,64779.7,3598872,0,0,,
2024-06-17,77,MG,Sudeste,youtube,0,0,80579.63,4476646,0,0,,
2024-06-17,77,ES,Sudeste,youtube,0,0,15009.93,833885,0,0,,
2024-06-17,77,PR,Sul,youtube,1,0,44239.8,2457766,0,0,,
2024-06-17,77,SC,Sul,youtube,0,0,28439.87,1579992,0,0,,
2024-06-17,77,RS,Sul,youtube,1,0,44239.8,2457766,0,0,,
2024-06-17,77,BA,Nordeste,youtube,0,0,56879.74,3159985,0,0,,
2024-06-17,77,CE,Nordeste,youtube,1,0,35549.84,1974990,0,0,,
2024-06-17,77,PE,Nordeste,youtube,0,0,37919.83,2106657,0,0,,
2024-06-17,77,MA,Nordeste,youtube,0,0,26859.88,1492215,0,0,,
2024-06-17,77,PB,Nordeste,youtube,0,0,15799.93,877773,0,0,,
2024-06-17,77,RN,Nordeste,youtube,0,0,14219.94,789996,0,0,,
2024-06-17,77,AL,Nordeste,youtube,0,0,12639.94,702219,0,0,,
2024-06-17,77,SE,Nordeste,youtube,0,0,8689.96,482775,0,0,,
2024-06-17,77,PI,Nordeste,youtube,0,0,12639.94,702219,0,0,,
2024-06-17,77,GO,Centro-Oeste,youtube,0,0,26069.88,1448326,0,0,,
2024-06-17,77,MT,Centro-Oeste,youtube,0,0,13429.94,746107,0,0,,
2024-06-17,77,MS,Centro-Oeste,youtube,0,0,10269.95,570552,0,0,,
2024-06-17,77,DF,Centro-Oeste,youtube,0,0,11059.95,614441,0,0,,
2024-06-17,77,AM,Norte,youtube,0,0,15799.93,877773,0,0,,
2024-06-17,77,PA,Norte,youtube,0,0,33179.85,1843324,0,0,,
2024-06-17,77,RO,Norte,youtube,0,0,6319.97,351109,0,0,,
2024-06-17,77,AC,Norte,youtube,0,0,3159.99,175554,0,0,,
2024-06-17,77,RR,Norte,youtube,0,0,2369.99,131666,0,0,,
2024-06-17,77,AP,Norte,youtube,0,0,3159.99,175554,0,0,,
2024-06-17,77,TO,Norte,youtube,0,0,5529.97,307220,0,0,,
2024-06-17,77,SP,Sudeste,meta,1,0,150691.81,12557650,0,0,,
2024-06-17,77,RJ,Sudeste,meta,1,0,56682.24,4723520,0,0,,
2024-06-17,77,MG,Sudeste,meta,0,0,70507.18,5875598,1,0,70507.18,
2024-06-17,77,ES,Sudeste,meta,0,0,13133.69,1094474,0,0,,
2024-06-17,77,PR,Sul,meta,1,0,38709.82,3225818,0,0,,
2024-06-17,77,SC,Sul,meta,0,0,24884.89,2073740,0,0,,
2024-06-17,77,RS,Sul,meta,1,0,38709.82,3225818,0,0,,
2024-06-17,77,BA,Nordeste,meta,0,0,49769.77,4147481,0,0,,
2024-06-17,77,CE,Nordeste,meta,1,0,31106.11,2592175,0,0,,
2024-06-17,77,PE,Nordeste,meta,0,0,33179.85,2764987,0,0,,
2024-06-17,77,MA,Nordeste,meta,0,0,23502.39,1958532,0,0,,
2024-06-17,77,PB,Nordeste,meta,0,0,13824.94,1152078,0,0,,
2024-06-17,77,RN,Nordeste,meta,0,0,12442.44,1036870,0,0,,
2024-06-17,77,AL,Nordeste,meta,0,0,11059.95,921662,0,0,,
2024-06-17,77,SE,Nordeste,meta,0,0,7603.72,633642,0,0,,
2024-06-17,77,PI,Nordeste,meta,0,0,11059.95,921662,0,0,,
2024-06-17,77,GO,Centro-Oeste,meta,0,0,22811.15,1900928,0,0,,
2024-06-17,77,MT,Centro-Oeste,meta,0,0,11751.2,979266,0,0,,
2024-06-17,77,MS,Centro-Oeste,meta,0,0,8986.21,748850,0,0,,
2024-06-17,77,DF,Centro-Oeste,meta,0,0,9677.46,806454,0,0,,
2024-06-17,77,AM,Norte,meta,0,0,13824.94,1152078,0,0,,
2024-06-17,77,PA,Norte,meta,0,0,29032.37,2419363,0,0,,
2024-06-17,77,RO,Norte,meta,0,0,5529.97,460831,0,0,,
2024-06-17,77,AC,Norte,meta,0,0,2764.99,230415,0,0,,
2024-06-17,77,RR,Norte,meta,0,0,2073.74,172811,0,0,,
2024-06-17,77,AP,Norte,meta,0,0,2764.99,230415,0,0,,
2024-06-17,77,TO,Norte,meta,0,0,4838.73,403227,0,0,,
2024-06-17,77,SP,Sudeste,search,1,0,107637.01,13454626,0,0,,
2024-06-17,77,RJ,Sudeste,search,1,0,40487.32,5060914,0,0,,
2024-06-17,77,MG,Sudeste,search,0,0,50362.27,6295283,0,0,,
2024-06-17,77,ES,Sudeste,search,0,0,9381.21,1172650,0,0,,
2024-06-17,77,PR,Sul,search,1,0,27649.87,3456234,0,0,,
2024-06-17,77,SC,Sul,search,0,0,17774.92,2221864,1,0,17774.92,
2024-06-17,77,RS,Sul,search,1,0,27649.87,3456234,0,0,,
2024-06-17,77,BA,Nordeste,search,0,0,35549.84,4443729,0,0,,
2024-06-17,77,CE,Nordeste,search,1,0,22218.65,2777331,0,0,,
2024-06-17,77,PE,Nordeste,search,0,0,23699.89,2962486,0,0,,
2024-06-17,77,MA,Nordeste,search,0,0,16787.42,2098427,0,0,,
2024-06-17,77,PB,Nordeste,search,0,0,9874.95,1234369,0,0,,
2024-06-17,77,RN,Nordeste,search,0,0,8887.46,1110932,0,0,,
2024-06-17,77,AL,Nordeste,search,0,0,7899.96,987495,0,0,,
2024-06-17,77,SE,Nordeste,search,0,0,5431.23,678903,0,0,,
2024-06-17,77,PI,Nordeste,search,0,0,7899.96,987495,0,0,,
2024-06-17,77,GO,Centro-Oeste,search,0,0,16293.68,2036709,0,0,,
2024-06-17,77,MT,Centro-Oeste,search,0,0,8393.71,1049213,0,0,,
2024-06-17,77,MS,Centro-Oeste,search,0,0,6418.72,802340,0,0,,
2024-06-17,77,DF,Centro-Oeste,search,0,0,6912.47,864058,0,0,,
2024-06-17,77,AM,Norte,search,0,0,9874.95,1234369,0,0,,
2024-06-17,77,PA,Norte,search,0,0,20737.41,2592175,0,0,,
2024-06-17,77,RO,Norte,search,0,0,3949.98,493747,0,0,,
2024-06-17,77,AC,Norte,search,0,0,1974.99,246873,0,0,,
2024-06-17,77,RR,Norte,search,0,0,1481.24,185155,0,0,,
2024-06-17,77,AP,Norte,search,0,0,1974.99,246873,0,0,,
2024-06-17,77,TO,Norte,search,0,0,3456.23,432029,0,0,,
2024-06-24,78,SP,Sudeste,youtube,1,0,165881.17,9215620,0,0,,
2024-06-24,78,RJ,Sudeste,youtube,1,0,62395.67,3466425,0,0,,
2024-06-24,78,MG,Sudeste,youtube,0,0,77614.12,4311895,0,0,,
2024-06-24,78,ES,Sudeste,youtube,0,0,14457.53,803196,0,0,,
2024-06-24,78,PR,Sul,youtube,1,0,42611.68,2367315,0,0,,
2024-06-24,78,SC,Sul,youtube,0,0,27393.22,1521845,0,0,,
2024-06-24,78,RS,Sul,youtube,1,0,42611.68,2367315,1,0,42611.68,
2024-06-24,78,BA,Nordeste,youtube,0,0,54786.44,3043691,0,0,,
2024-06-24,78,CE,Nordeste,youtube,1,0,34241.52,1902306,0,0,,
2024-06-24,78,PE,Nordeste,youtube,0,0,36524.29,2029127,0,0,,
2024-06-24,78,MA,Nordeste,youtube,0,0,25871.37,1437298,0,0,,
2024-06-24,78,PB,Nordeste,youtube,0,0,15218.46,845469,0,0,,
2024-06-24,78,RN,Nordeste,youtube,0,0,13696.61,760922,0,0,,
2024-06-24,78,AL,Nordeste,youtube,0,0,12174.76,676375,0,0,,
2024-06-24,78,SE,Nordeste,youtube,0,0,8370.15,465008,1,0,8370.15,
2024-06-24,78,PI,Nordeste,youtube,0,0,12174.76,676375,0,0,,
2024-06-24,78,GO,Centro-Oeste,youtube,0,0,25110.45,1395025,0,0,,
2024-06-24,78,MT,Centro-Oeste,youtube,0,0,12935.69,718649,0,0,,
2024-06-24,78,MS,Centro-Oeste,youtube,0,0,9892.0,549555,0,0,,
2024-06-24,78,DF,Centro-Oeste,youtube,0,0,10652.92,591828,0,0,,
2024-06-24,78,AM,Norte,youtube,0,0,15218.46,845469,0,0,,
2024-06-24,78,PA,Norte,youtube,0,0,31958.76,1775486,0,0,,
2024-06-24,78,RO,Norte,youtube,0,0,6087.38,338187,0,0,,
2024-06-24,78,AC,Norte,youtube,0,0,3043.69,169093,0,0,,
2024-06-24,78,RR,Norte,youtube,0,0,2282.77,126820,0,0,,
2024-06-24,78,AP,Norte,youtube,0,0,3043.69,169093,0,0,,
2024-06-24,78,TO,Norte,youtube,0,0,5326.46,295914,0,0,,
2024-06-24,78,SP,Sudeste,meta,1,0,145146.02,12095501,0,0,,
2024-06-24,78,RJ,Sudeste,meta,1,0,54596.21,4549684,0,0,,
2024-06-24,78,MG,Sudeste,meta,0,0,67912.36,5659363,1,0,67912.36,
2024-06-24,78,ES,Sudeste,meta,0,0,12650.34,1054195,0,0,,
2024-06-24,78,PR,Sul,meta,1,0,37285.22,3107101,0,0,,
2024-06-24,78,SC,Sul,meta,0,0,23969.07,1997422,0,0,,
2024-06-24,78,RS,Sul,meta,1,0,37285.22,3107101,0,0,,
2024-06-24,78,BA,Nordeste,meta,0,0,47938.13,3994844,0,0,,
2024-06-24,78,CE,Nordeste,meta,1,0,29961.33,2496777,0,0,,
2024-06-24,78,PE,Nordeste,meta,0,0,31958.76,2663229,0,0,,
2024-06-24,78,MA,Nordeste,meta,0,0,22637.45,1886454,0,0,,
2024-06-24,78,PB,Nordeste,meta,0,0,13316.15,1109679,0,0,,
2024-06-24,78,RN,Nordeste,meta,0,0,11984.53,998711,0,0,,
2024-06-24,78,AL,Nordeste,meta,0,0,10652.92,887743,1,0,10652.92,
2024-06-24,78,SE,Nordeste,meta,0,0,7323.88,610323,0,0,,
2024-06-24,78,PI,Nordeste,meta,0,0,10652.92,887743,0,0,,
2024-06-24,78,GO,Centro-Oeste,meta,0,0,21971.65,1830970,0,0,,
2024-06-24,78,MT,Centro-Oeste,meta,0,0,11318.73,943227,0,0,,
2024-06-24,78,MS,Centro-Oeste,meta,0,0,8655.5,721291,0,0,,
2024-06-24,78,DF,Centro-Oeste,meta,0,0,9321.3,776775,0,0,,
2024-06-24,78,AM,Norte,meta,0,0,13316.15,1109679,0,0,,
2024-06-24,78,PA,Norte,meta,0,0,27963.91,2330325,0,0,,
2024-06-24,78,RO,Norte,meta,0,0,5326.46,443871,0,0,,
2024-06-24,78,AC,Norte,meta,0,0,2663.23,221935,0,0,,
2024-06-24,78,RR,Norte,meta,0,0,1997.42,166451,0,0,,
2024-06-24,78,AP,Norte,meta,0,0,2663.23,221935,0,0,,
2024-06-24,78,TO,Norte,meta,0,0,4660.65,388387,0,0,,
2024-06-24,78,SP,Sudeste,search,1,0,103675.73,12959465,1,0,103675.73,
2024-06-24,78,RJ,Sudeste,search,1,0,38997.29,4874661,0,0,,
2024-06-24,78,MG,Sudeste,search,0,0,48508.83,6063603,0,0,,
2024-06-24,78,ES,Sudeste,search,0,0,9035.96,1129494,0,0,,
2024-06-24,78,PR,Sul,search,1,0,26632.3,3329037,0,0,,
2024-06-24,78,SC,Sul,search,0,0,17120.76,2140095,0,0,,
2024-06-24,78,RS,Sul,search,1,0,26632.3,3329037,0,0,,
2024-06-24,78,BA,Nordeste,search,0,0,34241.52,4280190,0,0,,
2024-06-24,78,CE,Nordeste,search,1,0,21400.95,2675119,0,0,,
2024-06-24,78,PE,Nordeste,search,0,0,22827.68,2853460,0,0,,
2024-06-24,78,MA,Nordeste,search,0,0,16169.61,2021201,0,0,,
2024-06-24,78,PB,Nordeste,search,0,0,9511.53,1188941,0,0,,
2024-06-24,78,RN,Nordeste,search,0,0,8560.38,1070047,0,0,,
2024-06-24,78,AL,Nordeste,search,0,0,7609.23,951153,0,0,,
2024-06-24,78,SE,Nordeste,search,0,0,5231.34,653918,0,0,,
2024-06-24,78,PI,Nordeste,search,0,0,7609.23,951153,0,0,,
2024-06-24,78,GO,Centro-Oeste,search,0,0,15694.03,1961754,0,0,,
2024-06-24,78,MT,Centro-Oeste,search,0,0,8084.8,1010600,0,0,,
2024-06-24,78,MS,Centro-Oeste,search,0,0,6182.5,772812,0,0,,
2024-06-24,78,DF,Centro-Oeste,search,0,0,6658.07,832259,0,0,,
2024-06-24,78,AM,Norte,search,0,0,9511.53,1188941,0,0,,
2024-06-24,78,PA,Norte,search,0,0,19974.22,2496777,0,0,,
2024-06-24,78,RO,Norte,search,0,0,3804.61,475576,0,0,,
2024-06-24,78,AC,Norte,search,0,0,1902.31,237788,0,0,,
2024-06-24,78,RR,Norte,search,0,0,1426.73,178341,0,0,,
2024-06-24,78,AP,Norte,search,0,0,1902.31,237788,0,0,,
2024-06-24,78,TO,Norte,search,0,0,3329.04,416129,0,0,,
2024-07-01,79,SP,Sudeste,youtube,1,0,168221.26,9345625,0,0,,
2024-07-01,79,RJ,Sudeste,youtube,1,0,63275.89,3515326,0,0,,
2024-07-01,79,MG,Sudeste,youtube,0,0,78709.03,4372723,0,0,,
2024-07-01,79,ES,Sudeste,youtube,0,0,14661.49,814526,0,0,,
2024-07-01,79,PR,Sul,youtube,1,0,43212.8,2400711,0,0,,
2024-07-01,79,SC,Sul,youtube,0,0,27779.66,1543314,0,0,,
2024-07-01,79,RS,Sul,youtube,1,0,43212.8,2400711,0,0,,
2024-07-01,79,BA,Nordeste,youtube,0,0,55559.31,3086628,0,0,,
2024-07-01,79,CE,Nordeste,youtube,1,0,34724.57,1929142,0,0,,
2024-07-01,79,PE,Nordeste,youtube,0,0,37039.54,2057752,0,0,,
2024-07-01,79,MA,Nordeste,youtube,0,0,26236.34,1457574,0,0,,
2024-07-01,79,PB,Nordeste,youtube,0,0,15433.14,857396,0,0,,
2024-07-01,79,RN,Nordeste,youtube,0,0,13889.83,771657,0,0,,
2024-07-01,79,AL,Nordeste,youtube,0,0,12346.51,685917,0,0,,
2024-07-01,79,SE,Nordeste,youtube,0,0,8488.23,471568,0,0,,
2024-07-01,79,PI,Nordeste,youtube,0,0,12346.51,685917,1,0,12346.51,
2024-07-01,79,GO,Centro-Oeste,youtube,0,0,25464.69,1414704,0,0,,
2024-07-01,79,MT,Centro-Oeste,youtube,0,0,13118.17,728787,0,0,,
2024-07-01,79,MS,Centro-Oeste,youtube,0,0,10031.54,557307,0,0,,
2024-07-01,79,DF,Centro-Oeste,youtube,0,0,10803.2,600177,0,0,,
2024-07-01,79,AM,Norte,youtube,0,0,15433.14,857396,0,0,,
2024-07-01,79,PA,Norte,youtube,0,0,32409.6,1800533,0,0,,
2024-07-01,79,RO,Norte,youtube,0,0,6173.26,342958,0,0,,
2024-07-01,79,AC,Norte,youtube,0,0,3086.63,171479,1,0,3086.63,
2024-07-01,79,RR,Norte,youtube,0,0,2314.97,128609,0,0,,
2024-07-01,79,AP,Norte,youtube,0,0,3086.63,171479,0,0,,
2024-07-01,79,TO,Norte,youtube,0,0,5401.6,300088,0,0,,
2024-07-01,79,SP,Sudeste,meta,1,0,147193.6,12266133,1,0,147193.6,
2024-07-01,79,RJ,Sudeste,meta,1,0,55366.4,4613866,0,0,,
2024-07-01,79,MG,Sudeste,meta,0,0,68870.4,5739200,0,0,,
2024-07-01,79,ES,Sudeste,meta,0,0,12828.8,1069066,0,0,,
2024-07-01,79,PR,Sul,meta,1,0,37811.2,3150933,0,0,,
2024-07-01,79,SC,Sul,meta,0,0,24307.2,2025600,0,0,,
2024-07-01,79,RS,Sul,meta,1,0,37811.2,3150933,0,0,,
2024-07-01,79,BA,Nordeste,meta,0,0,48614.4,4051200,0,0,,
2024-07-01,79,CE,Nordeste,meta,1,0,30384.0,2532000,0,0,,
2024-07-01,79,PE,Nordeste,meta,0,0,32409.6,2700800,0,0,,
2024-07-01,79,MA,Nordeste,meta,0,0,22956.8,1913066,0,0,,
2024-07-01,79,PB,Nordeste,meta,0,0,13504.0,1125333,1,0,13504.0,
2024-07-01,79,RN,Nordeste,meta,0,0,12153.6,1012800,0,0,,
2024-07-01,79,AL,Nordeste,meta,0,0,10803.2,900266,0,0,,
2024-07-01,79,SE,Nordeste,meta,0,0,7427.2,618933,0,0,,
2024-07-01,79,PI,Nordeste,meta,0,0,10803.2,900266,0,0,,
2024-07-01,79,GO,Centro-Oeste,meta,0,0,22281.6,1856800,0,0,,
2024-07-01,79,MT,Centro-Oeste,meta,0,0,11478.4,956533,0,0,,
2024-07-01,79,MS,Centro-Oeste,meta,0,0,8777.6,731466,0,0,,
2024-07-01,79,DF,Centro-Oeste,meta,0,0,9452.8,787733,0,0,,
2024-07-01,79,AM,Norte,meta,0,0,13504.0,1125333,0,0,,
2024-07-01,79,PA,Norte,meta,0,0,28358.4,2363200,0,0,,
2024-07-01,79,RO,Norte,meta,0,0,5401.6,450133,0,0,,
2024-07-01,79,AC,Norte,meta,0,0,2700.8,225066,0,0,,
2024-07-01,79,RR,Norte,meta,0,0,2025.6,168800,0,0,,
2024-07-01,79,AP,Norte,meta,0,0,2700.8,225066,0,0,,
2024-07-01,79,TO,Norte,meta,0,0,4726.4,393866,0,0,,
2024-07-01,79,SP,Sudeste,search,1,0,105138.29,13142285,0,0,,
2024-07-01,79,RJ,Sudeste,search,1,0,39547.43,4943428,0,0,,
2024-07-01,79,MG,Sudeste,search,0,0,49193.14,6149142,0,0,,
2024-07-01,79,ES,Sudeste,search,0,0,9163.43,1145428,0,0,,
2024-07-01,79,PR,Sul,search,1,0,27008.0,3376000,0,0,,
2024-07-01,79,SC,Sul,search,0,0,17362.29,2170285,0,0,,
2024-07-01,79,RS,Sul,search,1,0,27008.0,3376000,0,0,,
2024-07-01,79,BA,Nordeste,search,0,0,34724.57,4340571,0,0,,
2024-07-01,79,CE,Nordeste,search,1,0,21702.86,2712857,0,0,,
2024-07-01,79,PE,Nordeste,search,0,0,23149.71,2893714,0,0,,
2024-07-01,79,MA,Nordeste,search,0,0,16397.71,2049714,0,0,,
2024-07-01,79,PB,Nordeste,search,0,0,9645.71,1205714,0,0,,
2024-07-01,79,RN,Nordeste,search,0,0,8681.14,1085142,0,0,,
2024-07-01,79,AL,Nordeste,search,0,0,7716.57,964571,0,0,,
2024-07-01,79,SE,Nordeste,search,0,0,5305.14,663142,0,0,,
2024-07-01,79,PI,Nordeste,search,0,0,7716.57,964571,0,0,,
2024-07-01,79,GO,Centro-Oeste,search,0,0,15915.43,1989428,1,0,15915.43,
2024-07-01,79,MT,Centro-Oeste,search,0,0,8198.86,1024857,0,0,,
2024-07-01,79,MS,Centro-Oeste,search,0,0,6269.71,783714,0,0,,
2024-07-01,79,DF,Centro-Oeste,search,0,0,6752.0,844000,0,0,,
2024-07-01,79,AM,Norte,search,0,0,9645.71,1205714,0,0,,
2024-07-01,79,PA,Norte,search,0,0,20256.0,2532000,0,0,,
2024-07-01,79,RO,Norte,search,0,0,3858.29,482285,0,0,,
2024-07-01,79,AC,Norte,search,0,0,1929.14,241142,0,0,,
2024-07-01,79,RR,Norte,search,0,0,1446.86,180857,0,0,,
2024-07-01,79,AP,Norte,search,0,0,1929.14,241142,0,0,,
2024-07-01,79,TO,Norte,search,0,0,3376.0,422000,0,0,,
2024-07-08,80,SP,Sudeste,youtube,1,0,184214.07,10234115,0,0,,
2024-07-08,80,RJ,Sudeste,youtube,1,0,69291.53,3849529,0,0,,
2024-07-08,80,MG,Sudeste,youtube,0,0,86191.91,4788439,0,0,,
2024-07-08,80,ES,Sudeste,youtube,0,0,16055.35,891964,0,0,,
2024-07-08,80,PR,Sul,youtube,1,0,47321.05,2628946,0,0,,
2024-07-08,80,SC,Sul,youtube,0,0,30420.67,1690037,0,0,,
2024-07-08,80,RS,Sul,youtube,1,0,47321.05,2628946,0,0,,
2024-07-08,80,BA,Nordeste,youtube,0,0,60841.35,3380074,0,0,,
2024-07-08,80,CE,Nordeste,youtube,1,0,38025.84,2112546,0,0,,
2024-07-08,80,PE,Nordeste,youtube,0,0,40560.9,2253383,0,0,,
2024-07-08,80,MA,Nordeste,youtube,0,0,28730.64,1596146,0,0,,
2024-07-08,80,PB,Nordeste,youtube,0,0,16900.37,938909,0,0,,
2024-07-08,80,RN,Nordeste,youtube,0,0,15210.34,845018,0,0,,
2024-07-08,80,AL,Nordeste,youtube,0,0,13520.3,751127,0,0,,
2024-07-08,80,SE,Nordeste,youtube,0,0,9295.21,516400,0,0,,
2024-07-08,80,PI,Nordeste,youtube,0,0,13520.3,751127,0,0,,
2024-07-08,80,GO,Centro-Oeste,youtube,0,0,27885.62,1549200,0,0,,
2024-07-08,80,MT,Centro-Oeste,youtube,0,0,14365.32,798073,0,0,,
2024-07-08,80,MS,Centro-Oeste,youtube,0,0,10985.24,610291,0,0,,
2024-07-08,80,DF,Centro-Oeste,youtube,0,0,11830.26,657236,0,0,,
2024-07-08,80,AM,Norte,youtube,0,0,16900.37,938909,0,0,,
2024-07-08,80,PA,Norte,youtube,0,0,35490.78,1971710,0,0,,
2024-07-08,80,RO,Norte,youtube,0,0,6760.15,375563,0,0,,
2024-07-08,80,AC,Norte,youtube,0,0,3380.07,187781,0,0,,
2024-07-08,80,RR,Norte,youtube,0,0,2535.06,140836,0,0,,
2024-07-08,80,AP,Norte,youtube,0,0,3380.07,187781,0,0,,
2024-07-08,80,TO,Norte,youtube,0,0,5915.13,328618,0,0,,
2024-07-08,80,SP,Sudeste,meta,1,0,161187.31,13432276,0,0,,
2024-07-08,80,RJ,Sudeste,meta,1,0,60630.09,5052507,0,0,,
2024-07-08,80,MG,Sudeste,meta,0,0,75417.92,6284826,0,0,,
2024-07-08,80,ES,Sudeste,meta,0,0,14048.44,1170702,1,0,14048.44,
2024-07-08,80,PR,Sul,meta,1,0,41405.92,3450492,1,0,41405.92,
2024-07-08,80,SC,Sul,meta,0,0,26618.09,2218174,0,0,,
2024-07-08,80,RS,Sul,meta,1,0,41405.92,3450492,0,0,,
2024-07-08,80,BA,Nordeste,meta,0,0,53236.18,4436348,0,0,,
2024-07-08,80,CE,Nordeste,meta,1,0,33272.61,2772717,1,0,33272.61,
2024-07-08,80,PE,Nordeste,meta,0,0,35490.78,2957565,0,0,,
2024-07-08,80,MA,Nordeste,meta,0,0,25139.31,2094942,0,0,,
2024-07-08,80,PB,Nordeste,meta,0,0,14787.83,1232318,0,0,,
2024-07-08,80,RN,Nordeste,meta,0,0,13309.04,1109087,0,0,,
2024-07-08,80,AL,Nordeste,meta,0,0,11830.26,985855,0,0,,
2024-07-08,80,SE,Nordeste,meta,0,0,8133.3,677775,0,0,,
2024-07-08,80,PI,Nordeste,meta,0,0,11830.26,985855,0,0,,
2024-07-08,80,GO,Centro-Oeste,meta,0,0,24399.91,2033326,0,0,,
2024-07-08,80,MT,Centro-Oeste,meta,0,0,12569.65,1047471,0,0,,
2024-07-08,80,MS,Centro-Oeste,meta,0,0,9612.09,801007,0,0,,
2024-07-08,80,DF,Centro-Oeste,meta,0,0,10351.48,862623,0,0,,
2024-07-08,80,AM,Norte,meta,0,0,14787.83,1232318,0,0,,
2024-07-08,80,PA,Norte,meta,0,0,31054.44,2587869,0,0,,
2024-07-08,80,RO,Norte,meta,0,0,5915.13,492927,0,0,,
2024-07-08,80,AC,Norte,meta,0,0,2957.57,246463,0,0,,
2024-07-08,80,RR,Norte,meta,0,0,2218.17,184847,0,0,,
2024-07-08,80,AP,Norte,meta,0,0,2957.57,246463,0,0,,
2024-07-08,80,TO,Norte,meta,0,0,5175.74,431311,0,0,,
2024-07-08,80,SP,Sudeste,search,1,0,115133.8,14391724,0,0,,
2024-07-08,80,RJ,Sudeste,search,1,0,43307.21,5413400,0,0,,
2024-07-08,80,MG,Sudeste,search,0,0,53869.94,6733742,0,0,,
2024-07-08,80,ES,Sudeste,search,0,0,10034.6,1254324,0,0,,
2024-07-08,80,PR,Sul,search,1,0,29575.65,3696956,0,0,,
2024-07-08,80,SC,Sul,search,0,0,19012.92,2376615,0,0,,
2024-07-08,80,RS,Sul,search,1,0,29575.65,3696956,0,0,,
2024-07-08,80,BA,Nordeste,search,0,0,38025.84,4753230,0,0,,
2024-07-08,80,CE,Nordeste,search,1,0,23766.15,2970768,0,0,,
2024-07-08,80,PE,Nordeste,search,0,0,25350.56,3168820,0,0,,
2024-07-08,80,MA,Nordeste,search,0,0,17956.65,2244580,0,0,,
2024-07-08,80,PB,Nordeste,search,0,0,10562.73,1320341,0,0,,
2024-07-08,80,RN,Nordeste,search,0,0,9506.46,1188307,0,0,,
2024-07-08,80,AL,Nordeste,search,0,0,8450.19,1056273,0,0,,
2024-07-08,80,SE,Nordeste,search,0,0,5809.5,726187,0,0,,
2024-07-08,80,PI,Nordeste,search,0,0,8450.19,1056273,0,0,,
2024-07-08,80,GO,Centro-Oeste,search,0,0,17428.51,2178563,0,0,,
2024-07-08,80,MT,Centro-Oeste,search,0,0,8978.32,1122290,0,0,,
2024-07-08,80,MS,Centro-Oeste,search,0,0,6865.78,858222,0,0,,
2024-07-08,80,DF,Centro-Oeste,search,0,0,7393.91,924239,0,0,,
2024-07-08,80,AM,Norte,search,0,0,10562.73,1320341,0,0,,
2024-07-08,80,PA,Norte,search,0,0,22181.74,2772717,0,0,,
2024-07-08,80,RO,Norte,search,0,0,4225.09,528136,0,0,,
2024-07-08,80,AC,Norte,search,0,0,2112.55,264068,0,0,,
2024-07-08,80,RR,Norte,search,0,0,1584.41,198051,0,0,,
2024-07-08,80,AP,Norte,search,0,0,2112.55,264068,0,0,,
2024-07-08,80,TO,Norte,search,0,0,3696.96,462119,0,0,,
2024-07-15,81,SP,Sudeste,youtube,1,0,176846.49,9824805,0,0,,
2024-07-15,81,RJ,Sudeste,youtube,1,0,66520.24,3695568,0,0,,
2024-07-15,81,MG,Sudeste,youtube,0,0,82744.69,4596927,0,0,,
2024-07-15,81,ES,Sudeste,youtube,0,0,15413.23,856290,0,0,,
2024-07-15,81,PR,Sul,youtube,1,0,45428.46,2523803,0,0,,
2024-07-15,81,SC,Sul,youtube,0,0,29204.01,1622444,0,0,,
2024-07-15,81,RS,Sul,youtube,1,0,45428.46,2523803,0,0,,
2024-07-15,81,BA,Nordeste,youtube,0,0,58408.02,3244889,0,0,,
2024-07-15,81,CE,Nordeste,youtube,1,0,36505.01,2028056,0,0,,
2024-07-15,81,PE,Nordeste,youtube,0,0,38938.68,2163259,0,0,,
2024-07-15,81,MA,Nordeste,youtube,0,0,27581.56,1532309,0,0,,
2024-07-15,81,PB,Nordeste,youtube,0,0,16224.45,901358,0,0,,
2024-07-15,81,RN,Nordeste,youtube,0,0,14602.0,811222,0,0,,
2024-07-15,81,AL,Nordeste,youtube,0,0,12979.56,721086,0,0,,
2024-07-15,81,SE,Nordeste,youtube,0,0,8923.45,495747,0,0,,
2024-07-15,81,PI,Nordeste,youtube,0,0,12979.56,721086,0,0,,
2024-07-15,81,GO,Centro-Oeste,youtube,0,0,26770.34,1487241,0,0,,
2024-07-15,81,MT,Centro-Oeste,youtube,0,0,13790.78,766154,0,0,,
2024-07-15,81,MS,Centro-Oeste,youtube,0,0,10545.89,585882,1,0,10545.89,
2024-07-15,81,DF,Centro-Oeste,youtube,0,0,11357.11,630950,1,0,11357.11,
2024-07-15,81,AM,Norte,youtube,0,0,16224.45,901358,0,0,,
2024-07-15,81,PA,Norte,youtube,0,0,34071.34,1892852,0,0,,
2024-07-15,81,RO,Norte,youtube,0,0,6489.78,360543,0,0,,
2024-07-15,81,AC,Norte,youtube,0,0,3244.89,180271,0,0,,
2024-07-15,81,RR,Norte,youtube,0,0,2433.67,135203,0,0,,
2024-07-15,81,AP,Norte,youtube,0,0,3244.89,180271,0,0,,
2024-07-15,81,TO,Norte,youtube,0,0,5678.56,315475,0,0,,
2024-07-15,81,SP,Sudeste,meta,1,0,154740.68,12895056,0,0,,
2024-07-15,81,RJ,Sudeste,meta,1,0,58205.21,4850434,0,0,,
2024-07-15,81,MG,Sudeste,meta,0,0,72401.6,6033466,0,0,,
2024-07-15,81,ES,Sudeste,meta,0,0,13486.57,1123881,0,0,,
2024-07-15,81,PR,Sul,meta,1,0,39749.9,3312491,0,0,,
2024-07-15,81,SC,Sul,meta,0,0,25553.51,2129458,0,0,,
2024-07-15,81,RS,Sul,meta,1,0,39749.9,3312491,0,0,,
2024-07-15,81,BA,Nordeste,meta,0,0,51107.01,4258917,0,0,,
2024-07-15,81,CE,Nordeste,meta,1,0,31941.88,2661823,0,0,,
2024-07-15,81,PE,Nordeste,meta,0,0,34071.34,2839278,0,0,,
2024-07-15,81,MA,Nordeste,meta,0,0,24133.87,2011155,1,0,24133.87,
2024-07-15,81,PB,Nordeste,meta,0,0,14196.39,1183032,0,0,,
2024-07-15,81,RN,Nordeste,meta,0,0,12776.75,1064729,0,0,,
2024-07-15,81,AL,Nordeste,meta,0,0,11357.11,946426,0,0,,
2024-07-15,81,SE,Nordeste,meta,0,0,7808.02,650667,0,0,,
2024-07-15,81,PI,Nordeste,meta,0,0,11357.11,946426,1,0,11357.11,
2024-07-15,81,GO,Centro-Oeste,meta,0,0,23424.05,1952003,0,0,,
2024-07-15,81,MT,Centro-Oeste,meta,0,0,12066.93,1005577,0,0,,
2024-07-15,81,MS,Centro-Oeste,meta,0,0,9227.66,768971,0,0,,
2024-07-15,81,DF,Centro-Oeste,meta,0,0,9937.47,828122,0,0,,
2024-07-15,81,AM,Norte,meta,0,0,14196.39,1183032,0,0,,
2024-07-15,81,PA,Norte,meta,0,0,29812.42,2484368,0,0,,
2024-07-15,81,RO,Norte,meta,0,0,5678.56,473213,0,0,,
2024-07-15,81,AC,Norte,meta,0,0,2839.28,236606,0,0,,
2024-07-15,81,RR,Norte,meta,0,0,2129.46,177454,0,0,,
2024-07-15,81,AP,Norte,meta,0,0,2839.28,236606,0,0,,
2024-07-15,81,TO,Norte,meta,0,0,4968.74,414061,0,0,,
2024-07-15,81,SP,Sudeste,search,1,0,110529.06,13816132,1,0,110529.06,
2024-07-15,81,RJ,Sudeste,search,1,0,41575.15,5196893,0,0,,
2024-07-15,81,MG,Sudeste,search,0,0,51715.43,6464428,0,0,,
2024-07-15,81,ES,Sudeste,search,0,0,9633.27,1204158,0,0,,
2024-07-15,81,PR,Sul,search,1,0,28392.79,3549098,0,0,,
2024-07-15,81,SC,Sul,search,0,0,18252.5,2281563,0,0,,
2024-07-15,81,RS,Sul,search,1,0,28392.79,3549098,0,0,,
2024-07-15,81,BA,Nordeste,search,0,0,36505.01,4563126,0,0,,
2024-07-15,81,CE,Nordeste,search,1,0,22815.63,2851953,0,0,,
2024-07-15,81,PE,Nordeste,search,0,0,24336.67,3042084,0,0,,
2024-07-15,81,MA,Nordeste,search,0,0,17238.48,2154809,0,0,,
2024-07-15,81,PB,Nordeste,search,0,0,10140.28,1267535,0,0,,
2024-07-15,81,RN,Nordeste,search,0,0,9126.25,1140781,0,0,,
2024-07-15,81,AL,Nordeste,search,0,0,8112.22,1014028,0,0,,
2024-07-15,81,SE,Nordeste,search,0,0,5577.15,697144,0,0,,
2024-07-15,81,PI,Nordeste,search,0,0,8112.22,1014028,0,0,,
2024-07-15,81,GO,Centro-Oeste,search,0,0,16731.46,2091432,0,0,,
2024-07-15,81,MT,Centro-Oeste,search,0,0,8619.24,1077404,0,0,,
2024-07-15,81,MS,Centro-Oeste,search,0,0,6591.18,823897,1,0,6591.18,
2024-07-15,81,DF,Centro-Oeste,search,0,0,7098.2,887274,0,0,,
2024-07-15,81,AM,Norte,search,0,0,10140.28,1267535,0,0,,
2024-07-15,81,PA,Norte,search,0,0,21294.59,2661823,0,0,,
2024-07-15,81,RO,Norte,search,0,0,4056.11,507014,0,0,,
2024-07-15,81,AC,Norte,search,0,0,2028.06,253507,0,0,,
2024-07-15,81,RR,Norte,search,0,0,1521.04,190130,0,0,,
2024-07-15,81,AP,Norte,search,0,0,2028.06,253507,1,0,2028.06,
2024-07-15,81,TO,Norte,search,0,0,3549.1,443637,1,0,3549.1,
2024-07-22,82,SP,Sudeste,youtube,1,0,162920.45,9051135,1,0,162920.45,
2024-07-22,82,RJ,Sudeste,youtube,1,0,61282.0,3404555,0,0,,
2024-07-22,82,MG,Sudeste,youtube,0,0,76228.83,4234935,0,0,,
2024-07-22,82,ES,Sudeste,youtube,0,0,14199.49,788860,0,0,,
2024-07-22,82,PR,Sul,youtube,1,0,41851.12,2325062,0,0,,
2024-07-22,82,SC,Sul,youtube,0,0,26904.29,1494682,0,0,,
2024-07-22,82,RS,Sul,youtube,1,0,41851.12,2325062,0,0,,
2024-07-22,82,BA,Nordeste,youtube,0,0,53808.59,2989365,0,0,,
2024-07-22,82,CE,Nordeste,youtube,1,0,33630.37,1868353,0,0,,
2024-07-22,82,PE,Nordeste,youtube,0,0,35872.39,1992910,0,0,,
2024-07-22,82,MA,Nordeste,youtube,0,0,25409.61,1411645,1,0,25409.61,
2024-07-22,82,PB,Nordeste,youtube,0,0,14946.83,830379,0,0,,
2024-07-22,82,RN,Nordeste,youtube,0,0,13452.15,747341,0,0,,
2024-07-22,82,AL,Nordeste,youtube,0,0,11957.46,664303,0,0,,
2024-07-22,82,SE,Nordeste,youtube,0,0,8220.76,456708,0,0,,
2024-07-22,82,PI,Nordeste,youtube,0,0,11957.46,664303,0,0,,
2024-07-22,82,GO,Centro-Oeste,youtube,0,0,24662.27,1370126,0,0,,
2024-07-22,82,MT,Centro-Oeste,youtube,0,0,12704.81,705822,0,0,,
2024-07-22,82,MS,Centro-Oeste,youtube,0,0,9715.44,539746,0,0,,
2024-07-22,82,DF,Centro-Oeste,youtube,0,0,10462.78,581265,1,0,10462.78,
2024-07-22,82,AM,Norte,youtube,0,0,14946.83,830379,0,0,,
2024-07-22,82,PA,Norte,youtube,0,0,31388.34,1743796,0,0,,
2024-07-22,82,RO,Norte,youtube,0,0,5978.73,332151,0,0,,
2024-07-22,82,AC,Norte,youtube,0,0,2989.37,166075,0,0,,
2024-07-22,82,RR,Norte,youtube,0,0,2242.02,124556,0,0,,
2024-07-22,82,AP,Norte,youtube,0,0,2989.37,166075,0,0,,
2024-07-22,82,TO,Norte,youtube,0,0,5231.39,290632,0,0,,
2024-07-22,82,SP,Sudeste,meta,1,0,142555.39,11879615,0,0,,
2024-07-22,82,RJ,Sudeste,meta,1,0,53621.75,4468479,0,0,,
2024-07-22,82,MG,Sudeste,meta,0,0,66700.23,5558352,0,0,,
2024-07-22,82,ES,Sudeste,meta,0,0,12424.55,1035379,0,0,,
2024-07-22,82,PR,Sul,meta,1,0,36619.73,3051644,0,0,,
2024-07-22,82,SC,Sul,meta,0,0,23541.26,1961771,0,0,,
2024-07-22,82,RS,Sul,meta,1,0,36619.73,3051644,0,0,,
2024-07-22,82,BA,Nordeste,meta,0,0,47082.51,3923542,0,0,,
2024-07-22,82,CE,Nordeste,meta,1,0,29426.57,2452214,0,0,,
2024-07-22,82,PE,Nordeste,meta,0,0,31388.34,2615695,0,0,,
2024-07-22,82,MA,Nordeste,meta,0,0,22233.41,1852784,0,0,,
2024-07-22,82,PB,Nordeste,meta,0,0,13078.48,1089873,0,0,,
2024-07-22,82,RN,Nordeste,meta,0,0,11770.63,980885,0,0,,
2024-07-22,82,AL,Nordeste,meta,0,0,10462.78,871898,1,0,10462.78,
2024-07-22,82,SE,Nordeste,meta,0,0,7193.16,599430,0,0,,
2024-07-22,82,PI,Nordeste,meta,0,0,10462.78,871898,0,0,,
2024-07-22,82,GO,Centro-Oeste,meta,0,0,21579.49,1798290,0,0,,
2024-07-22,82,MT,Centro-Oeste,meta,0,0,11116.7,926392,0,0,,
2024-07-22,82,MS,Centro-Oeste,meta,0,0,8501.01,708417,0,0,,
2024-07-22,82,DF,Centro-Oeste,meta,0,0,9154.93,762911,0,0,,
2024-07-22,82,AM,Norte,meta,0,0,13078.48,1089873,0,0,,
2024-07-22,82,PA,Norte,meta,0,0,27464.8,2288733,0,0,,
2024-07-22,82,RO,Norte,meta,0,0,5231.39,435949,0,0,,
2024-07-22,82,AC,Norte,meta,0,0,2615.7,217974,0,0,,
2024-07-22,82,RR,Norte,meta,0,0,1961.77,163480,1,0,1961.77,
2024-07-22,82,AP,Norte,meta,0,0,2615.7,217974,0,0,,
2024-07-22,82,TO,Norte,meta,0,0,4577.47,381455,0,0,,
2024-07-22,82,SP,Sudeste,search,1,0,101825.28,12728159,0,0,,
2024-07-22,82,RJ,Sudeste,search,1,0,38301.25,4787656,0,0,,
2024-07-22,82,MG,Sudeste,search,0,0,47643.02,5955377,0,0,,
2024-07-22,82,ES,Sudeste,search,0,0,8874.68,1109335,0,0,,
2024-07-22,82,PR,Sul,search,1,0,26156.95,3269619,0,0,,
2024-07-22,82,SC,Sul,search,0,0,16815.18,2101897,0,0,,
2024-07-22,82,RS,Sul,search,1,0,26156.95,3269619,0,0,,
2024-07-22,82,BA,Nordeste,search,0,0,33630.37,4203795,0,0,,
2024-07-22,82,CE,Nordeste,search,1,0,21018.98,2627372,0,0,,
2024-07-22,82,PE,Nordeste,search,0,0,22420.24,2802530,0,0,,
2024-07-22,82,MA,Nordeste,search,0,0,15881.01,1985125,0,0,,
2024-07-22,82,PB,Nordeste,search,0,0,9341.77,1167721,0,0,,
2024-07-22,82,RN,Nordeste,search,0,0,8407.59,1050948,0,0,,
2024-07-22,82,AL,Nordeste,search,0,0,7473.41,934176,0,0,,
2024-07-22,82,SE,Nordeste,search,0,0,5137.97,642246,0,0,,
2024-07-22,82,PI,Nordeste,search,0,0,7473.41,934176,0,0,,
2024-07-22,82,GO,Centro-Oeste,search,0,0,15413.92,1926739,1,0,15413.92,
2024-07-22,82,MT,Centro-Oeste,search,0,0,7940.5,992562,0,0,,
2024-07-22,82,MS,Centro-Oeste,search,0,0,6072.15,759018,0,0,,
2024-07-22,82,DF,Centro-Oeste,search,0,0,6539.24,817404,0,0,,
2024-07-22,82,AM,Norte,search,0,0,9341.77,1167721,0,0,,
2024-07-22,82,PA,Norte,search,0,0,19617.71,2452214,0,0,,
2024-07-22,82,RO,Norte,search,0,0,3736.71,467088,0,0,,
2024-07-22,82,AC,Norte,search,0,0,1868.35,233544,0,0,,
2024-07-22,82,RR,Norte,search,0,0,1401.27,175158,0,0,,
2024-07-22,82,AP,Norte,search,0,0,1868.35,233544,0,0,,
2024-07-22,82,TO,Norte,search,0,0,3269.62,408702,0,0,,
2024-07-29,83,SP,Sudeste,youtube,1,0,220698.74,12261040,0,0,,
2024-07-29,83,RJ,Sudeste,youtube,1,0,83015.12,4611951,1,0,83015.12,
2024-07-29,83,MG,Sudeste,youtube,0,0,103262.71,5736817,0,0,,
2024-07-29,83,ES,Sudeste,youtube,0,0,19235.21,1068622,0,0,,
2024-07-29,83,PR,Sul,youtube,1,0,56693.25,3149625,0,0,,
2024-07-29,83,SC,Sul,youtube,0,0,36445.66,2024759,0,0,,
2024-07-29,83,RS,Sul,youtube,1,0,56693.25,3149625,0,0,,
2024-07-29,83,BA,Nordeste,youtube,0,0,72891.33,4049518,0,0,,
2024-07-29,83,CE,Nordeste,youtube,1,0,45557.08,2530948,0,0,,
2024-07-29,83,PE,Nordeste,youtube,0,0,48594.22,2699678,0,0,,
2024-07-29,83,MA,Nordeste,youtube,0,0,34420.9,1912272,0,0,,
2024-07-29,83,PB,Nordeste,youtube,0,0,20247.59,1124866,0,0,,
2024-07-29,83,RN,Nordeste,youtube,0,0,18222.83,1012379,0,0,,
2024-07-29,83,AL,Nordeste,youtube,0,0,16198.07,899892,0,0,,
2024-07-29,83,SE,Nordeste,youtube,0,0,11136.17,618676,0,0,,
2024-07-29,83,PI,Nordeste,youtube,0,0,16198.07,899892,0,0,,
2024-07-29,83,GO,Centro-Oeste,youtube,0,0,33408.52,1856029,1,0,33408.52,
2024-07-29,83,MT,Centro-Oeste,youtube,0,0,17210.45,956136,0,0,,
2024-07-29,83,MS,Centro-Oeste,youtube,0,0,13160.93,731162,0,0,,
2024-07-29,83,DF,Centro-Oeste,youtube,0,0,14173.31,787406,0,0,,
2024-07-29,83,AM,Norte,youtube,0,0,20247.59,1124866,0,0,,
2024-07-29,83,PA,Norte,youtube,0,0,42519.94,2362218,0,0,,
2024-07-29,83,RO,Norte,youtube,0,0,8099.04,449946,0,0,,
2024-07-29,83,AC,Norte,youtube,0,0,4049.52,224973,0,0,,
2024-07-29,83,RR,Norte,youtube,0,0,3037.14,168729,0,0,,
2024-07-29,83,AP,Norte,youtube,0,0,4049.52,224973,0,0,,
2024-07-29,83,TO,Norte,youtube,0,0,7086.66,393703,0,0,,
2024-07-29,83,SP,Sudeste,meta,1,0,193111.4,16092616,0,0,,
2024-07-29,83,RJ,Sudeste,meta,1,0,72638.23,6053185,0,0,,
2024-07-29,83,MG,Sudeste,meta,0,0,90354.87,7529572,0,0,,
2024-07-29,83,ES,Sudeste,meta,0,0,16830.81,1402567,0,0,,
2024-07-29,83,PR,Sul,meta,1,0,49606.6,4133883,1,0,49606.6,
2024-07-29,83,SC,Sul,meta,0,0,31889.96,2657496,0,0,,
2024-07-29,83,RS,Sul,meta,1,0,49606.6,4133883,0,0,,
2024-07-29,83,BA,Nordeste,meta,0,0,63779.91,5314992,0,0,,
2024-07-29,83,CE,Nordeste,meta,1,0,39862.44,3321870,0,0,,
2024-07-29,83,PE,Nordeste,meta,0,0,42519.94,3543328,0,0,,
2024-07-29,83,MA,Nordeste,meta,0,0,30118.29,2509857,0,0,,
2024-07-29,83,PB,Nordeste,meta,0,0,17716.64,1476386,0,0,,
2024-07-29,83,RN,Nordeste,meta,0,0,15944.98,1328748,0,0,,
2024-07-29,83,AL,Nordeste,meta,0,0,14173.31,1181109,0,0,,
2024-07-29,83,SE,Nordeste,meta,0,0,9744.15,812012,0,0,,
2024-07-29,83,PI,Nordeste,meta,0,0,14173.31,1181109,0,0,,
2024-07-29,83,GO,Centro-Oeste,meta,0,0,29232.46,2436038,0,0,,
2024-07-29,83,MT,Centro-Oeste,meta,0,0,15059.15,1254928,0,0,,
2024-07-29,83,MS,Centro-Oeste,meta,0,0,11515.82,959651,1,0,11515.82,
2024-07-29,83,DF,Centro-Oeste,meta,0,0,12401.65,1033470,0,0,,
2024-07-29,83,AM,Norte,meta,0,0,17716.64,1476386,0,0,,
2024-07-29,83,PA,Norte,meta,0,0,37204.95,3100412,1,0,37204.95,
2024-07-29,83,RO,Norte,meta,0,0,7086.66,590554,0,0,,
2024-07-29,83,AC,Norte,meta,0,0,3543.33,295277,0,0,,
2024-07-29,83,RR,Norte,meta,0,0,2657.5,221458,0,0,,
2024-07-29,83,AP,Norte,meta,0,0,3543.33,295277,0,0,,
2024-07-29,83,TO,Norte,meta,0,0,6200.82,516735,0,0,,
2024-07-29,83,SP,Sudeste,search,1,0,137936.71,17242088,0,0,,
2024-07-29,83,RJ,Sudeste,search,1,0,51884.45,6485556,0,0,,
2024-07-29,83,MG,Sudeste,search,0,0,64539.2,8067399,0,0,,
2024-07-29,83,ES,Sudeste,search,0,0,12022.01,1502750,0,0,,
2024-07-29,83,PR,Sul,search,1,0,35433.28,4429160,0,0,,
2024-07-29,83,SC,Sul,search,0,0,22778.54,2847317,0,0,,
2024-07-29,83,RS,Sul,search,1,0,35433.28,4429160,0,0,,
2024-07-29,83,BA,Nordeste,search,0,0,45557.08,5694634,0,0,,
2024-07-29,83,CE,Nordeste,search,1,0,28473.17,3559146,0,0,,
2024-07-29,83,PE,Nordeste,search,0,0,30371.39,3796423,0,0,,
2024-07-29,83,MA,Nordeste,search,0,0,21513.07,2689133,0,0,,
2024-07-29,83,PB,Nordeste,search,0,0,12654.74,1581843,0,0,,
2024-07-29,83,RN,Nordeste,search,0,0,11389.27,1423658,0,0,,
2024-07-29,83,AL,Nordeste,search,0,0,10123.8,1265474,0,0,,
2024-07-29,83,SE,Nordeste,search,0,0,6960.11,870013,0,0,,
2024-07-29,83,PI,Nordeste,search,0,0,10123.8,1265474,0,0,,
2024-07-29,83,GO,Centro-Oeste,search,0,0,20880.33,2610040,0,0,,
2024-07-29,83,MT,Centro-Oeste,search,0,0,10756.53,1344566,0,0,,
2024-07-29,83,MS,Centro-Oeste,search,0,0,8225.58,1028197,0,0,,
2024-07-29,83,DF,Centro-Oeste,search,0,0,8858.32,1107290,0,0,,
2024-07-29,83,AM,Norte,search,0,0,12654.74,1581843,0,0,,
2024-07-29,83,PA,Norte,search,0,0,26574.96,3321870,0,0,,
2024-07-29,83,RO,Norte,search,0,0,5061.9,632737,0,0,,
2024-07-29,83,AC,Norte,search,0,0,2530.95,316368,0,0,,
2024-07-29,83,RR,Norte,search,0,0,1898.21,237276,0,0,,
2024-07-29,83,AP,Norte,search,0,0,2530.95,316368,0,0,,
2024-07-29,83,TO,Norte,search,0,0,4429.16,553645,0,0,,
2024-08-05,84,SP,Sudeste,youtube,1,0,231467.28,12859293,0,0,,
2024-08-05,84,RJ,Sudeste,youtube,1,0,87065.67,4836981,0,0,,
2024-08-05,84,MG,Sudeste,youtube,0,0,108301.2,6016733,0,0,,
2024-08-05,84,ES,Sudeste,youtube,0,0,20173.75,1120764,0,0,,
2024-08-05,84,PR,Sul,youtube,1,0,59459.48,3303304,0,0,,
2024-08-05,84,SC,Sul,youtube,0,0,38223.95,2123552,0,0,,
2024-08-05,84,RS,Sul,youtube,1,0,59459.48,3303304,0,0,,
2024-08-05,84,BA,Nordeste,youtube,0,0,76447.91,4247105,0,0,,
2024-08-05,84,CE,Nordeste,youtube,1,0,47779.94,2654441,0,0,,
2024-08-05,84,PE,Nordeste,youtube,0,0,50965.27,2831403,0,0,,
2024-08-05,84,MA,Nordeste,youtube,0,0,36100.4,2005577,0,0,,
2024-08-05,84,PB,Nordeste,youtube,0,0,21235.53,1179751,0,0,,
2024-08-05,84,RN,Nordeste,youtube,0,0,19111.98,1061776,0,0,,
2024-08-05,84,AL,Nordeste,youtube,0,0,16988.42,943801,0,0,,
2024-08-05,84,SE,Nordeste,youtube,0,0,11679.54,648863,0,0,,
2024-08-05,84,PI,Nordeste,youtube,0,0,16988.42,943801,1,0,16988.42,
2024-08-05,84,GO,Centro-Oeste,youtube,0,0,35038.62,1946590,0,0,,
2024-08-05,84,MT,Centro-Oeste,youtube,0,0,18050.2,1002788,0,0,,
2024-08-05,84,MS,Centro-Oeste,youtube,0,0,13803.09,766838,0,0,,
2024-08-05,84,DF,Centro-Oeste,youtube,0,0,14864.87,825826,0,0,,
2024-08-05,84,AM,Norte,youtube,0,0,21235.53,1179751,1,0,21235.53,
2024-08-05,84,PA,Norte,youtube,0,0,44594.61,2477478,0,0,,
2024-08-05,84,RO,Norte,youtube,0,0,8494.21,471900,0,0,,
2024-08-05,84,AC,Norte,youtube,0,0,4247.11,235950,0,0,,
2024-08-05,84,RR,Norte,youtube,0,0,3185.33,176962,0,0,,
2024-08-05,84,AP,Norte,youtube,0,0,4247.11,235950,0,0,,
2024-08-05,84,TO,Norte,youtube,0,0,7432.44,412913,0,0,,
2024-08-05,84,SP,Sudeste,meta,1,0,202533.87,16877822,0,0,,
2024-08-05,84,RJ,Sudeste,meta,1,0,76182.46,6348538,0,0,,
2024-08-05,84,MG,Sudeste,meta,0,0,94763.55,7896962,0,0,,
2024-08-05,84,ES,Sudeste,meta,0,0,17652.03,1471002,0,0,,
2024-08-05,84,PR,Sul,meta,1,0,52027.05,4335587,0,0,,
2024-08-05,84,SC,Sul,meta,0,0,33445.96,2787163,0,0,,
2024-08-05,84,RS,Sul,meta,1,0,52027.05,4335587,0,0,,
2024-08-05,84,BA,Nordeste,meta,0,0,66891.92,5574326,0,0,,
2024-08-05,84,CE,Nordeste,meta,1,0,41807.45,3483954,0,0,,
2024-08-05,84,PE,Nordeste,meta,0,0,44594.61,3716217,0,0,,
2024-08-05,84,MA,Nordeste,meta,0,0,31587.85,2632320,1,0,31587.85,
2024-08-05,84,PB,Nordeste,meta,0,0,18581.09,1548424,0,0,,
2024-08-05,84,RN,Nordeste,meta,0,0,16722.98,1393581,0,0,,
2024-08-05,84,AL,Nordeste,meta,0,0,14864.87,1238739,0,0,,
2024-08-05,84,SE,Nordeste,meta,0,0,10219.6,851633,0,0,,
2024-08-05,84,PI,Nordeste,meta,0,0,14864.87,1238739,0,0,,
2024-08-05,84,GO,Centro-Oeste,meta,0,0,30658.8,2554899,0,0,,
2024-08-05,84,MT,Centro-Oeste,meta,0,0,15793.93,1316160,0,0,,
2024-08-05,84,MS,Centro-Oeste,meta,0,0,12077.71,1006475,0,0,,
2024-08-05,84,DF,Centro-Oeste,meta,0,0,13006.76,1083896,0,0,,
2024-08-05,84,AM,Norte,meta,0,0,18581.09,1548424,0,0,,
2024-08-05,84,PA,Norte,meta,0,0,39020.29,3251690,0,0,,
2024-08-05,84,RO,Norte,meta,0,0,7432.44,619369,0,0,,
2024-08-05,84,AC,Norte,meta,0,0,3716.22,309684,0,0,,
2024-08-05,84,RR,Norte,meta,0,0,2787.16,232263,0,0,,
2024-08-05,84,AP,Norte,meta,0,0,3716.22,309684,0,0,,
2024-08-05,84,TO,Norte,meta,0,0,6503.38,541948,0,0,,
2024-08-05,84,SP,Sudeste,search,1,0,144667.05,18083381,0,0,,
2024-08-05,84,RJ,Sudeste,search,1,0,54416.05,6802005,0,0,,
2024-08-05,84,MG,Sudeste,search,0,0,67688.25,8461031,0,0,,
2024-08-05,84,ES,Sudeste,search,0,0,12608.6,1576074,0,0,,
2024-08-05,84,PR,Sul,search,1,0,37162.18,4645272,0,0,,
2024-08-05,84,SC,Sul,search,0,0,23889.97,2986246,0,0,,
2024-08-05,84,RS,Sul,search,1,0,37162.18,4645272,0,0,,
2024-08-05,84,BA,Nordeste,search,0,0,47779.94,5972492,0,0,,
2024-08-05,84,CE,Nordeste,search,1,0,29862.46,3732808,0,0,,
2024-08-05,84,PE,Nordeste,search,0,0,31853.3,3981661,0,0,,
2024-08-05,84,MA,Nordeste,search,0,0,22562.75,2820343,0,0,,
2024-08-05,84,PB,Nordeste,search,0,0,13272.21,1659025,0,0,,
2024-08-05,84,RN,Nordeste,search,0,0,11944.99,1493123,0,0,,
2024-08-05,84,AL,Nordeste,search,0,0,10617.77,1327220,0,0,,
2024-08-05,84,SE,Nordeste,search,0,0,7299.71,912464,0,0,,
2024-08-05,84,PI,Nordeste,search,0,0,10617.77,1327220,0,0,,
2024-08-05,84,GO,Centro-Oeste,search,0,0,21899.14,2737392,0,0,,
2024-08-05,84,MT,Centro-Oeste,search,0,0,11281.38,1410171,0,0,,
2024-08-05,84,MS,Centro-Oeste,search,0,0,8626.93,1078366,1,0,8626.93,
2024-08-05,84,DF,Centro-Oeste,search,0,0,9290.54,1161318,0,0,,
2024-08-05,84,AM,Norte,search,0,0,13272.21,1659025,0,0,,
2024-08-05,84,PA,Norte,search,0,0,27871.63,3483954,0,0,,
2024-08-05,84,RO,Norte,search,0,0,5308.88,663610,0,0,,
2024-08-05,84,AC,Norte,search,0,0,2654.44,331805,0,0,,
2024-08-05,84,RR,Norte,search,0,0,1990.83,248853,0,0,,
2024-08-05,84,AP,Norte,search,0,0,2654.44,331805,0,0,,
2024-08-05,84,TO,Norte,search,0,0,4645.27,580659,0,0,,
2024-08-12,85,SP,Sudeste,youtube,1,0,237268.51,13181583,0,0,,
2024-08-12,85,RJ,Sudeste,youtube,1,0,89247.79,4958210,0,0,,
2024-08-12,85,MG,Sudeste,youtube,0,0,111015.54,6167529,0,0,,
2024-08-12,85,ES,Sudeste,youtube,0,0,20679.37,1148853,0,0,,
2024-08-12,85,PR,Sul,youtube,1,0,60949.71,3386094,0,0,,
2024-08-12,85,SC,Sul,youtube,0,0,39181.96,2176775,0,0,,
2024-08-12,85,RS,Sul,youtube,1,0,60949.71,3386094,0,0,,
2024-08-12,85,BA,Nordeste,youtube,0,0,78363.91,4353550,0,0,,
2024-08-12,85,CE,Nordeste,youtube,1,0,48977.44,2720969,0,0,,
2024-08-12,85,PE,Nordeste,youtube,0,0,52242.61,2902367,0,0,,
2024-08-12,85,MA,Nordeste,youtube,0,0,37005.18,2055843,0,0,,
2024-08-12,85,PB,Nordeste,youtube,0,0,21767.75,1209319,0,0,,
2024-08-12,85,RN,Nordeste,youtube,0,0,19590.98,1088387,0,0,,
2024-08-12,85,AL,Nordeste,youtube,0,0,17414.2,967455,0,0,,
2024-08-12,85,SE,Nordeste,youtube,0,0,11972.26,665125,0,0,,
2024-08-12,85,PI,Nordeste,youtube,0,0,17414.2,967455,0,0,,
2024-08-12,85,GO,Centro-Oeste,youtube,0,0,35916.79,1995377,0,0,,
2024-08-12,85,MT,Centro-Oeste,youtube,0,0,18502.59,1027921,0,0,,
2024-08-12,85,MS,Centro-Oeste,youtube,0,0,14149.04,786057,0,0,,
2024-08-12,85,DF,Centro-Oeste,youtube,0,0,15237.43,846523,0,0,,
2024-08-12,85,AM,Norte,youtube,0,0,21767.75,1209319,0,0,,
2024-08-12,85,PA,Norte,youtube,0,0,45712.28,2539571,0,0,,
2024-08-12,85,RO,Norte,youtube,0,0,8707.1,483727,0,0,,
2024-08-12,85,AC,Norte,youtube,0,0,4353.55,241863,0,0,,
2024-08-12,85,RR,Norte,youtube,0,0,3265.16,181397,0,0,,
2024-08-12,85,AP,Norte,youtube,0,0,4353.55,241863,0,0,,
2024-08-12,85,TO,Norte,youtube,0,0,7618.71,423261,0,0,,
2024-08-12,85,SP,Sudeste,meta,1,0,207609.95,17300828,0,0,,
2024-08-12,85,RJ,Sudeste,meta,1,0,78091.81,6507651,0,0,,
2024-08-12,85,MG,Sudeste,meta,0,0,97138.6,8094883,0,0,,
2024-08-12,85,ES,Sudeste,meta,0,0,18094.44,1507870,0,0,,
2024-08-12,85,PR,Sul,meta,1,0,53331.0,4444249,0,0,,
2024-08-12,85,SC,Sul,meta,0,0,34284.21,2857017,0,0,,
2024-08-12,85,RS,Sul,meta,1,0,53331.0,4444249,1,0,53331.0,
2024-08-12,85,BA,Nordeste,meta,0,0,68568.42,5714035,0,0,,
2024-08-12,85,CE,Nordeste,meta,1,0,42855.26,3571271,1,0,42855.26,
2024-08-12,85,PE,Nordeste,meta,0,0,45712.28,3809356,0,0,,
2024-08-12,85,MA,Nordeste,meta,0,0,32379.53,2698294,0,0,,
2024-08-12,85,PB,Nordeste,meta,0,0,19046.78,1587231,0,0,,
2024-08-12,85,RN,Nordeste,meta,0,0,17142.11,1428508,0,0,,
2024-08-12,85,AL,Nordeste,meta,0,0,15237.43,1269785,0,0,,
2024-08-12,85,SE,Nordeste,meta,0,0,10475.73,872977,0,0,,
2024-08-12,85,PI,Nordeste,meta,0,0,15237.43,1269785,0,0,,
2024-08-12,85,GO,Centro-Oeste,meta,0,0,31427.19,2618932,1,0,31427.19,
2024-08-12,85,MT,Centro-Oeste,meta,0,0,16189.77,1349147,0,0,,
2024-08-12,85,MS,Centro-Oeste,meta,0,0,12380.41,1031700,0,0,,
2024-08-12,85,DF,Centro-Oeste,meta,0,0,13332.75,1111062,0,0,,
2024-08-12,85,AM,Norte,meta,0,0,19046.78,1587231,0,0,,
2024-08-12,85,PA,Norte,meta,0,0,39998.25,3333187,0,0,,
2024-08-12,85,RO,Norte,meta,0,0,7618.71,634892,0,0,,
2024-08-12,85,AC,Norte,meta,0,0,3809.36,317446,0,0,,
2024-08-12,85,RR,Norte,meta,0,0,2857.02,238084,0,0,,
2024-08-12,85,AP,Norte,meta,0,0,3809.36,317446,0,0,,
2024-08-12,85,TO,Norte,meta,0,0,6666.37,555531,0,0,,
2024-08-12,85,SP,Sudeste,search,1,0,148292.82,18536602,0,0,,
2024-08-12,85,RJ,Sudeste,search,1,0,55779.87,6972483,0,0,,
2024-08-12,85,MG,Sudeste,search,0,0,69384.71,8673089,0,0,,
2024-08-12,85,ES,Sudeste,search,0,0,12924.6,1615575,0,0,,
2024-08-12,85,PR,Sul,search,1,0,38093.57,4761695,0,0,,
2024-08-12,85,SC,Sul,search,0,0,24488.72,3061090,0,0,,
2024-08-12,85,RS,Sul,search,1,0,38093.57,4761695,0,0,,
2024-08-12,85,BA,Nordeste,search,0,0,48977.44,6122180,0,0,,
2024-08-12,85,CE,Nordeste,search,1,0,30610.9,3826362,0,0,,
2024-08-12,85,PE,Nordeste,search,0,0,32651.63,4081453,0,0,,
2024-08-12,85,MA,Nordeste,search,0,0,23128.24,2891029,0,0,,
2024-08-12,85,PB,Nordeste,search,0,0,13604.85,1700605,0,0,,
2024-08-12,85,RN,Nordeste,search,0,0,12244.36,1530545,0,0,,
2024-08-12,85,AL,Nordeste,search,0,0,10883.88,1360484,0,0,,
2024-08-12,85,SE,Nordeste,search,0,0,7482.67,935333,0,0,,
2024-08-12,85,PI,Nordeste,search,0,0,10883.88,1360484,0,0,,
2024-08-12,85,GO,Centro-Oeste,search,0,0,22448.0,2805999,0,0,,
2024-08-12,85,MT,Centro-Oeste,search,0,0,11564.12,1445514,0,0,,
2024-08-12,85,MS,Centro-Oeste,search,0,0,8843.15,1105393,0,0,,
2024-08-12,85,DF,Centro-Oeste,search,0,0,9523.39,1190423,0,0,,
2024-08-12,85,AM,Norte,search,0,0,13604.85,1700605,0,0,,
2024-08-12,85,PA,Norte,search,0,0,28570.18,3571271,0,0,,
2024-08-12,85,RO,Norte,search,0,0,5441.94,680242,0,0,,
2024-08-12,85,AC,Norte,search,0,0,2720.97,340121,1,0,2720.97,
2024-08-12,85,RR,Norte,search,0,0,2040.73,255090,1,0,2040.73,
2024-08-12,85,AP,Norte,search,0,0,2720.97,340121,0,0,,
2024-08-12,85,TO,Norte,search,0,0,4761.7,595211,0,0,,
2024-08-19,86,SP,Sudeste,youtube,1,0,215177.26,11954292,0,0,,
2024-08-19,86,RJ,Sudeste,youtube,1,0,80938.24,4496568,0,0,,
2024-08-19,86,MG,Sudeste,youtube,0,0,100679.27,5593292,0,0,,
2024-08-19,86,ES,Sudeste,youtube,0,0,18753.98,1041887,0,0,,
2024-08-19,86,PR,Sul,youtube,1,0,55274.89,3070827,0,0,,
2024-08-19,86,SC,Sul,youtube,0,0,35533.86,1974103,0,0,,
2024-08-19,86,RS,Sul,youtube,1,0,55274.89,3070827,0,0,,
2024-08-19,86,BA,Nordeste,youtube,0,0,71067.72,3948206,0,0,,
2024-08-19,86,CE,Nordeste,youtube,1,0,44417.32,2467629,0,0,,
2024-08-19,86,PE,Nordeste,youtube,0,0,47378.48,2632137,0,0,,
2024-08-19,86,MA,Nordeste,youtube,0,0,33559.76,1864430,1,0,33559.76,
2024-08-19,86,PB,Nordeste,youtube,0,0,19741.03,1096724,0,0,,
2024-08-19,86,RN,Nordeste,youtube,0,0,17766.93,987051,0,0,,
2024-08-19,86,AL,Nordeste,youtube,0,0,15792.83,877379,0,0,,
2024-08-19,86,SE,Nordeste,youtube,0,0,10857.57,603198,0,0,,
2024-08-19,86,PI,Nordeste,youtube,0,0,15792.83,877379,0,0,,
2024-08-19,86,GO,Centro-Oeste,youtube,0,0,32572.7,1809594,0,0,,
2024-08-19,86,MT,Centro-Oeste,youtube,0,0,16779.88,932215,1,0,16779.88,
2024-08-19,86,MS,Centro-Oeste,youtube,0,0,12831.67,712870,0,0,,
2024-08-19,86,DF,Centro-Oeste,youtube,0,0,13818.72,767706,0,0,,
2024-08-19,86,AM,Norte,youtube,0,0,19741.03,1096724,0,0,,
2024-08-19,86,PA,Norte,youtube,0,0,41456.17,2303120,0,0,,
2024-08-19,86,RO,Norte,youtube,0,0,7896.41,438689,0,0,,
2024-08-19,86,AC,Norte,youtube,0,0,3948.21,219344,1,0,3948.21,
2024-08-19,86,RR,Norte,youtube,0,0,2961.15,164508,0,0,,
2024-08-19,86,AP,Norte,youtube,0,0,3948.21,219344,0,0,,
2024-08-19,86,TO,Norte,youtube,0,0,6909.36,383853,0,0,,
2024-08-19,86,SP,Sudeste,meta,1,0,188280.1,15690008,0,0,,
2024-08-19,86,RJ,Sudeste,meta,1,0,70820.96,5901746,0,0,,
2024-08-19,86,MG,Sudeste,meta,0,0,88094.36,7341196,0,0,,
2024-08-19,86,ES,Sudeste,meta,0,0,16409.73,1367477,0,0,,
2024-08-19,86,PR,Sul,meta,1,0,48365.53,4030460,0,0,,
2024-08-19,86,SC,Sul,meta,0,0,31092.13,2591010,0,0,,
2024-08-19,86,RS,Sul,meta,1,0,48365.53,4030460,0,0,,
2024-08-19,86,BA,Nordeste,meta,0,0,62184.25,5182021,0,0,,
2024-08-19,86,CE,Nordeste,meta,1,0,38865.16,3238763,0,0,,
2024-08-19,86,PE,Nordeste,meta,0,0,41456.17,3454680,0,0,,
2024-08-19,86,MA,Nordeste,meta,0,0,29364.79,2447065,0,0,,
2024-08-19,86,PB,Nordeste,meta,0,0,17273.4,1439450,0,0,,
2024-08-19,86,RN,Nordeste,meta,0,0,15546.06,1295505,0,0,,
2024-08-19,86,AL,Nordeste,meta,0,0,13818.72,1151560,0,0,,
2024-08-19,86,SE,Nordeste,meta,0,0,9500.37,791697,0,0,,
2024-08-19,86,PI,Nordeste,meta,0,0,13818.72,1151560,0,0,,
2024-08-19,86,GO,Centro-Oeste,meta,0,0,28501.12,2375093,0,0,,
2024-08-19,86,MT,Centro-Oeste,meta,0,0,14682.39,1223532,0,0,,
2024-08-19,86,MS,Centro-Oeste,meta,0,0,11227.71,935642,0,0,,
2024-08-19,86,DF,Centro-Oeste,meta,0,0,12091.38,1007615,0,0,,
2024-08-19,86,AM,Norte,meta,0,0,17273.4,1439450,0,0,,
2024-08-19,86,PA,Norte,meta,0,0,36274.15,3022845,0,0,,
2024-08-19,86,RO,Norte,meta,0,0,6909.36,575780,0,0,,
2024-08-19,86,AC,Norte,meta,0,0,3454.68,287890,0,0,,
2024-08-19,86,RR,Norte,meta,0,0,2591.01,215917,0,0,,
2024-08-19,86,AP,Norte,meta,0,0,3454.68,287890,0,0,,
2024-08-19,86,TO,Norte,meta,0,0,6045.69,503807,0,0,,
2024-08-19,86,SP,Sudeste,search,1,0,134485.79,16810723,0,0,,
2024-08-19,86,RJ,Sudeste,search,1,0,50586.4,6323299,0,0,,
2024-08-19,86,MG,Sudeste,search,0,0,62924.54,7865567,0,0,,
2024-08-19,86,ES,Sudeste,search,0,0,11721.24,1465154,0,0,,
2024-08-19,86,PR,Sul,search,1,0,34546.81,4318351,0,0,,
2024-08-19,86,SC,Sul,search,0,0,22208.66,2776082,0,0,,
2024-08-19,86,RS,Sul,search,1,0,34546.81,4318351,0,0,,
2024-08-19,86,BA,Nordeste,search,0,0,44417.32,5552165,0,0,,
2024-08-19,86,CE,Nordeste,search,1,0,27760.83,3470103,0,0,,
2024-08-19,86,PE,Nordeste,search,0,0,29611.55,3701443,0,0,,
2024-08-19,86,MA,Nordeste,search,0,0,20974.85,2621855,0,0,,
2024-08-19,86,PB,Nordeste,search,0,0,12338.15,1542268,0,0,,
2024-08-19,86,RN,Nordeste,search,0,0,11104.33,1388041,0,0,,
2024-08-19,86,AL,Nordeste,search,0,0,9870.52,1233814,0,0,,
2024-08-19,86,SE,Nordeste,search,0,0,6785.98,848247,0,0,,
2024-08-19,86,PI,Nordeste,search,0,0,9870.52,1233814,0,0,,
2024-08-19,86,GO,Centro-Oeste,search,0,0,20357.94,2544742,0,0,,
2024-08-19,86,MT,Centro-Oeste,search,0,0,10487.42,1310927,1,0,10487.42,
2024-08-19,86,MS,Centro-Oeste,search,0,0,8019.79,1002474,0,0,,
2024-08-19,86,DF,Centro-Oeste,search,0,0,8636.7,1079587,0,0,,
2024-08-19,86,AM,Norte,search,0,0,12338.15,1542268,0,0,,
2024-08-19,86,PA,Norte,search,0,0,25910.11,3238763,0,0,,
2024-08-19,86,RO,Norte,search,0,0,4935.26,616907,0,0,,
2024-08-19,86,AC,Norte,search,0,0,2467.63,308453,0,0,,
2024-08-19,86,RR,Norte,search,0,0,1850.72,231340,0,0,,
2024-08-19,86,AP,Norte,search,0,0,2467.63,308453,0,0,,
2024-08-19,86,TO,Norte,search,0,0,4318.35,539793,0,0,,
2024-08-26,87,SP,Sudeste,youtube,1,0,199523.19,11084621,0,0,,
2024-08-26,87,RJ,Sudeste,youtube,1,0,75050.01,4169444,0,0,,
2024-08-26,87,MG,Sudeste,youtube,0,0,93354.89,5186382,1,0,93354.89,
2024-08-26,87,ES,Sudeste,youtube,0,0,17389.64,966090,0,0,,
2024-08-26,87,PR,Sul,youtube,1,0,51253.66,2847425,1,0,51253.66,
2024-08-26,87,SC,Sul,youtube,0,0,32948.78,1830487,0,0,,
2024-08-26,87,RS,Sul,youtube,1,0,51253.66,2847425,0,0,,
2024-08-26,87,BA,Nordeste,youtube,0,0,65897.57,3660975,0,0,,
2024-08-26,87,CE,Nordeste,youtube,1,0,41185.98,2288109,0,0,,
2024-08-26,87,PE,Nordeste,youtube,0,0,43931.71,2440650,0,0,,
2024-08-26,87,MA,Nordeste,youtube,0,0,31118.3,1728794,0,0,,
2024-08-26,87,PB,Nordeste,youtube,0,0,18304.88,1016937,0,0,,
2024-08-26,87,RN,Nordeste,youtube,0,0,16474.39,915243,0,0,,
2024-08-26,87,AL,Nordeste,youtube,0,0,14643.9,813550,0,0,,
2024-08-26,87,SE,Nordeste,youtube,0,0,10067.68,559315,0,0,,
2024-08-26,87,PI,Nordeste,youtube,0,0,14643.9,813550,0,0,,
2024-08-26,87,GO,Centro-Oeste,youtube,0,0,30203.05,1677947,0,0,,
2024-08-26,87,MT,Centro-Oeste,youtube,0,0,15559.15,864397,0,0,,
2024-08-26,87,MS,Centro-Oeste,youtube,0,0,11898.17,661009,0,0,,
2024-08-26,87,DF,Centro-Oeste,youtube,0,0,12813.42,711856,0,0,,
2024-08-26,87,AM,Norte,youtube,0,0,18304.88,1016937,0,0,,
2024-08-26,87,PA,Norte,youtube,0,0,38440.25,2135569,0,0,,
2024-08-26,87,RO,Norte,youtube,0,0,7321.95,406775,0,0,,
2024-08-26,87,AC,Norte,youtube,0,0,3660.98,203387,0,0,,
2024-08-26,87,RR,Norte,youtube,0,0,2745.73,152540,0,0,,
2024-08-26,87,AP,Norte,youtube,0,0,3660.98,203387,0,0,,
2024-08-26,87,TO,Norte,youtube,0,0,6406.71,355928,0,0,,
2024-08-26,87,SP,Sudeste,meta,1,0,174582.79,14548565,0,0,,
2024-08-26,87,RJ,Sudeste,meta,1,0,65668.76,5472396,0,0,,
2024-08-26,87,MG,Sudeste,meta,0,0,81685.53,6807127,0,0,,
2024-08-26,87,ES,Sudeste,meta,0,0,15215.93,1267994,0,0,,
2024-08-26,87,PR,Sul,meta,1,0,44846.96,3737246,0,0,,
2024-08-26,87,SC,Sul,meta,0,0,28830.19,2402515,0,0,,
2024-08-26,87,RS,Sul,meta,1,0,44846.96,3737246,0,0,,
2024-08-26,87,BA,Nordeste,meta,0,0,57660.37,4805030,0,0,,
2024-08-26,87,CE,Nordeste,meta,1,0,36037.73,3003144,0,0,,
2024-08-26,87,PE,Nordeste,meta,0,0,38440.25,3203353,0,0,,
2024-08-26,87,MA,Nordeste,meta,0,0,27228.51,2269042,0,0,,
2024-08-26,87,PB,Nordeste,meta,0,0,16016.77,1334730,0,0,,
2024-08-26,87,RN,Nordeste,meta,0,0,14415.09,1201257,0,0,,
2024-08-26,87,AL,Nordeste,meta,0,0,12813.42,1067784,0,0,,
2024-08-26,87,SE,Nordeste,meta,0,0,8809.22,734101,0,0,,
2024-08-26,87,PI,Nordeste,meta,0,0,12813.42,1067784,0,0,,
2024-08-26,87,GO,Centro-Oeste,meta,0,0,26427.67,2202305,0,0,,
2024-08-26,87,MT,Centro-Oeste,meta,0,0,13614.25,1134521,0,0,,
2024-08-26,87,MS,Centro-Oeste,meta,0,0,10410.9,867575,0,0,,
2024-08-26,87,DF,Centro-Oeste,meta,0,0,11211.74,934311,0,0,,
2024-08-26,87,AM,Norte,meta,0,0,16016.77,1334730,0,0,,
2024-08-26,87,PA,Norte,meta,0,0,33635.22,2802934,0,0,,
2024-08-26,87,RO,Norte,meta,0,0,6406.71,533892,0,0,,
2024-08-26,87,AC,Norte,meta,0,0,3203.35,266946,0,0,,
2024-08-26,87,RR,Norte,meta,0,0,2402.52,200209,0,0,,
2024-08-26,87,AP,Norte,meta,0,0,3203.35,266946,0,0,,
2024-08-26,87,TO,Norte,meta,0,0,5605.87,467155,0,0,,
2024-08-26,87,SP,Sudeste,search,1,0,124701.99,15587749,0,0,,
2024-08-26,87,RJ,Sudeste,search,1,0,46906.25,5863281,0,0,,
2024-08-26,87,MG,Sudeste,search,0,0,58346.8,7293350,0,0,,
2024-08-26,87,ES,Sudeste,search,0,0,10868.52,1358565,0,0,,
2024-08-26,87,PR,Sul,search,1,0,32033.54,4004192,0,0,,
2024-08-26,87,SC,Sul,search,0,0,20592.99,2574123,0,0,,
2024-08-26,87,RS,Sul,search,1,0,32033.54,4004192,0,0,,
2024-08-26,87,BA,Nordeste,search,0,0,41185.98,5148247,0,0,,
2024-08-26,87,CE,Nordeste,search,1,0,25741.24,3217654,0,0,,
2024-08-26,87,PE,Nordeste,search,0,0,27457.32,3432164,0,0,,
2024-08-26,87,MA,Nordeste,search,0,0,19448.93,2431116,0,0,,
2024-08-26,87,PB,Nordeste,search,0,0,11440.55,1430068,0,0,,
2024-08-26,87,RN,Nordeste,search,0,0,10296.49,1287061,0,0,,
2024-08-26,87,AL,Nordeste,search,0,0,9152.44,1144054,1,0,9152.44,
2024-08-26,87,SE,Nordeste,search,0,0,6292.3,786537,0,0,,
2024-08-26,87,PI,Nordeste,search,0,0,9152.44,1144054,0,0,,
2024-08-26,87,GO,Centro-Oeste,search,0,0,18876.91,2359613,0,0,,
2024-08-26,87,MT,Centro-Oeste,search,0,0,9724.47,1215558,0,0,,
2024-08-26,87,MS,Centro-Oeste,search,0,0,7436.36,929544,0,0,,
2024-08-26,87,DF,Centro-Oeste,search,0,0,8008.38,1001048,0,0,,
2024-08-26,87,AM,Norte,search,0,0,11440.55,1430068,0,0,,
2024-08-26,87,PA,Norte,search,0,0,24025.15,3003144,0,0,,
2024-08-26,87,RO,Norte,search,0,0,4576.22,572027,0,0,,
2024-08-26,87,AC,Norte,search,0,0,2288.11,286013,0,0,,
2024-08-26,87,RR,Norte,search,0,0,1716.08,214510,0,0,,
2024-08-26,87,AP,Norte,search,0,0,2288.11,286013,0,0,,
2024-08-26,87,TO,Norte,search,0,0,4004.19,500524,0,0,,
2024-09-02,88,SP,Sudeste,youtube,1,0,173882.84,9660157,0,0,,
2024-09-02,88,RJ,Sudeste,youtube,1,0,65405.47,3633637,0,0,,
2024-09-02,88,MG,Sudeste,youtube,0,0,81358.03,4519890,0,0,,
2024-09-02,88,ES,Sudeste,youtube,0,0,15154.93,841940,0,0,,
2024-09-02,88,PR,Sul,youtube,1,0,44667.15,2481508,1,0,44667.15,
2024-09-02,88,SC,Sul,youtube,0,0,28714.6,1595255,1,0,28714.6,
2024-09-02,88,RS,Sul,youtube,1,0,44667.15,2481508,0,0,,
2024-09-02,88,BA,Nordeste,youtube,0,0,57429.2,3190510,1,0,57429.2,
2024-09-02,88,CE,Nordeste,youtube,1,0,35893.25,1994069,0,0,,
2024-09-02,88,PE,Nordeste,youtube,0,0,38286.13,2127007,0,0,,
2024-09-02,88,MA,Nordeste,youtube,0,0,27119.34,1506630,0,0,,
2024-09-02,88,PB,Nordeste,youtube,0,0,15952.55,886253,0,0,,
2024-09-02,88,RN,Nordeste,youtube,0,0,14357.3,797627,0,0,,
2024-09-02,88,AL,Nordeste,youtube,0,0,12762.04,709002,0,0,,
2024-09-02,88,SE,Nordeste,youtube,0,0,8773.9,487439,0,0,,
2024-09-02,88,PI,Nordeste,youtube,0,0,12762.04,709002,0,0,,
2024-09-02,88,GO,Centro-Oeste,youtube,0,0,26321.71,1462317,0,0,,
2024-09-02,88,MT,Centro-Oeste,youtube,0,0,13559.67,753315,0,0,,
2024-09-02,88,MS,Centro-Oeste,youtube,0,0,10369.16,576064,0,0,,
2024-09-02,88,DF,Centro-Oeste,youtube,0,0,11166.79,620377,0,0,,
2024-09-02,88,AM,Norte,youtube,0,0,15952.55,886253,0,0,,
2024-09-02,88,PA,Norte,youtube,0,0,33500.36,1861131,0,0,,
2024-09-02,88,RO,Norte,youtube,0,0,6381.02,354501,0,0,,
2024-09-02,88,AC,Norte,youtube,0,0,3190.51,177250,0,0,,
2024-09-02,88,RR,Norte,youtube,0,0,2392.88,132937,0,0,,
2024-09-02,88,AP,Norte,youtube,0,0,3190.51,177250,0,0,,
2024-09-02,88,TO,Norte,youtube,0,0,5583.39,310188,0,0,,
2024-09-02,88,SP,Sudeste,meta,1,0,152147.49,12678957,0,0,,
2024-09-02,88,RJ,Sudeste,meta,1,0,57229.79,4769149,0,0,,
2024-09-02,88,MG,Sudeste,meta,0,0,71188.27,5932356,0,0,,
2024-09-02,88,ES,Sudeste,meta,0,0,13260.56,1105046,0,0,,
2024-09-02,88,PR,Sul,meta,1,0,39083.76,3256979,0,0,,
2024-09-02,88,SC,Sul,meta,0,0,25125.27,2093772,1,0,25125.27,
2024-09-02,88,RS,Sul,meta,1,0,39083.76,3256979,0,0,,
2024-09-02,88,BA,Nordeste,meta,0,0,50250.55,4187545,0,0,,
2024-09-02,88,CE,Nordeste,meta,1,0,31406.59,2617215,0,0,,
2024-09-02,88,PE,Nordeste,meta,0,0,33500.36,2791696,0,0,,
2024-09-02,88,MA,Nordeste,meta,0,0,23729.42,1977452,0,0,,
2024-09-02,88,PB,Nordeste,meta,0,0,13958.49,1163207,0,0,,
2024-09-02,88,RN,Nordeste,meta,0,0,12562.64,1046886,0,0,,
2024-09-02,88,AL,Nordeste,meta,0,0,11166.79,930565,0,0,,
2024-09-02,88,SE,Nordeste,meta,0,0,7677.17,639763,0,0,,
2024-09-02,88,PI,Nordeste,meta,0,0,11166.79,930565,0,0,,
2024-09-02,88,GO,Centro-Oeste,meta,0,0,23031.5,1919291,0,0,,
2024-09-02,88,MT,Centro-Oeste,meta,0,0,11864.71,988726,0,0,,
2024-09-02,88,MS,Centro-Oeste,meta,0,0,9073.02,756084,0,0,,
2024-09-02,88,DF,Centro-Oeste,meta,0,0,9770.94,814244,1,0,9770.94,
2024-09-02,88,AM,Norte,meta,0,0,13958.49,1163207,0,0,,
2024-09-02,88,PA,Norte,meta,0,0,29312.82,2442734,0,0,,
2024-09-02,88,RO,Norte,meta,0,0,5583.39,465282,0,0,,
2024-09-02,88,AC,Norte,meta,0,0,2791.7,232641,1,0,2791.7,
2024-09-02,88,RR,Norte,meta,0,0,2093.77,174481,0,0,,
2024-09-02,88,AP,Norte,meta,0,0,2791.7,232641,0,0,,
2024-09-02,88,TO,Norte,meta,0,0,4885.47,407122,0,0,,
2024-09-02,88,SP,Sudeste,search,1,0,108676.78,13584596,0,0,,
2024-09-02,88,RJ,Sudeste,search,1,0,40878.42,5109802,0,0,,
2024-09-02,88,MG,Sudeste,search,0,0,50848.77,6356095,0,0,,
2024-09-02,88,ES,Sudeste,search,0,0,9471.83,1183978,0,0,,
2024-09-02,88,PR,Sul,search,1,0,27916.97,3489621,0,0,,
2024-09-02,88,SC,Sul,search,0,0,17946.62,2243327,0,0,,
2024-09-02,88,RS,Sul,search,1,0,27916.97,3489621,0,0,,
2024-09-02,88,BA,Nordeste,search,0,0,35893.25,4486655,1,0,35893.25,
2024-09-02,88,CE,Nordeste,search,1,0,22433.28,2804159,0,0,,
2024-09-02,88,PE,Nordeste,search,0,0,23928.83,2991103,0,0,,
2024-09-02,88,MA,Nordeste,search,0,0,16949.59,2118698,0,0,,
2024-09-02,88,PB,Nordeste,search,0,0,9970.35,1246293,0,0,,
2024-09-02,88,RN,Nordeste,search,0,0,8973.31,1121663,0,0,,
2024-09-02,88,AL,Nordeste,search,0,0,7976.28,997034,0,0,,
2024-09-02,88,SE,Nordeste,search,0,0,5483.69,685461,0,0,,
2024-09-02,88,PI,Nordeste,search,0,0,7976.28,997034,1,0,7976.28,
2024-09-02,88,GO,Centro-Oeste,search,0,0,16451.07,2056383,0,0,,
2024-09-02,88,MT,Centro-Oeste,search,0,0,8474.79,1059349,0,0,,
2024-09-02,88,MS,Centro-Oeste,search,0,0,6480.73,810090,0,0,,
2024-09-02,88,DF,Centro-Oeste,search,0,0,6979.24,872405,0,0,,
2024-09-02,88,AM,Norte,search,0,0,9970.35,1246293,0,0,,
2024-09-02,88,PA,Norte,search,0,0,20937.73,2617215,0,0,,
2024-09-02,88,RO,Norte,search,0,0,3988.14,498517,0,0,,
2024-09-02,88,AC,Norte,search,0,0,1994.07,249258,0,0,,
2024-09-02,88,RR,Norte,search,0,0,1495.55,186943,0,0,,
2024-09-02,88,AP,Norte,search,0,0,1994.07,249258,0,0,,
2024-09-02,88,TO,Norte,search,0,0,3489.62,436202,0,0,,
2024-09-09,89,SP,Sudeste,youtube,1,0,188478.75,10471041,0,0,,
2024-09-09,89,RJ,Sudeste,youtube,1,0,70895.68,3938648,0,0,,
2024-09-09,89,MG,Sudeste,youtube,0,0,88187.3,4899294,0,0,,
2024-09-09,89,ES,Sudeste,youtube,0,0,16427.05,912613,0,0,,
2024-09-09,89,PR,Sul,youtube,1,0,48416.56,2689808,0,0,,
2024-09-09,89,SC,Sul,youtube,0,0,31124.93,1729162,0,0,,
2024-09-09,89,RS,Sul,youtube,1,0,48416.56,2689808,0,0,,
2024-09-09,89,BA,Nordeste,youtube,0,0,62249.86,3458325,0,0,,
2024-09-09,89,CE,Nordeste,youtube,1,0,38906.16,2161453,0,0,,
2024-09-09,89,PE,Nordeste,youtube,0,0,41499.91,2305550,0,0,,
2024-09-09,89,MA,Nordeste,youtube,0,0,29395.77,1633098,0,0,,
2024-09-09,89,PB,Nordeste,youtube,0,0,17291.63,960646,0,0,,
2024-09-09,89,RN,Nordeste,youtube,0,0,15562.47,864581,0,0,,
2024-09-09,89,AL,Nordeste,youtube,0,0,13833.3,768516,0,0,,
2024-09-09,89,SE,Nordeste,youtube,0,0,9510.4,528355,0,0,,
2024-09-09,89,PI,Nordeste,youtube,0,0,13833.3,768516,0,0,,
2024-09-09,89,GO,Centro-Oeste,youtube,0,0,28531.19,1585065,0,0,,
2024-09-09,89,MT,Centro-Oeste,youtube,0,0,14697.88,816549,0,0,,
2024-09-09,89,MS,Centro-Oeste,youtube,0,0,11239.56,624419,0,0,,
2024-09-09,89,DF,Centro-Oeste,youtube,0,0,12104.14,672452,0,0,,
2024-09-09,89,AM,Norte,youtube,0,0,17291.63,960646,0,0,,
2024-09-09,89,PA,Norte,youtube,0,0,36312.42,2017356,0,0,,
2024-09-09,89,RO,Norte,youtube,0,0,6916.65,384258,0,0,,
2024-09-09,89,AC,Norte,youtube,0,0,3458.33,192129,0,0,,
2024-09-09,89,RR,Norte,youtube,0,0,2593.74,144096,0,0,,
2024-09-09,89,AP,Norte,youtube,0,0,3458.33,192129,0,0,,
2024-09-09,89,TO,Norte,youtube,0,0,6052.07,336226,0,0,,
2024-09-09,89,SP,Sudeste,meta,1,0,164918.9,13743241,1,0,164918.9,
2024-09-09,89,RJ,Sudeste,meta,1,0,62033.72,5169476,0,0,,
2024-09-09,89,MG,Sudeste,meta,0,0,77163.89,6430324,0,0,,
2024-09-09,89,ES,Sudeste,meta,0,0,14373.67,1197805,1,0,14373.67,
2024-09-09,89,PR,Sul,meta,1,0,42364.49,3530374,0,0,,
2024-09-09,89,SC,Sul,meta,0,0,27234.31,2269526,0,0,,
2024-09-09,89,RS,Sul,meta,1,0,42364.49,3530374,0,0,,
2024-09-09,89,BA,Nordeste,meta,0,0,54468.63,4539052,0,0,,
2024-09-09,89,CE,Nordeste,meta,1,0,34042.89,2836907,0,0,,
2024-09-09,89,PE,Nordeste,meta,0,0,36312.42,3026034,0,0,,
2024-09-09,89,MA,Nordeste,meta,0,0,25721.3,2143441,0,0,,
2024-09-09,89,PB,Nordeste,meta,0,0,15130.17,1260847,0,0,,
2024-09-09,89,RN,Nordeste,meta,0,0,13617.16,1134763,0,0,,
2024-09-09,89,AL,Nordeste,meta,0,0,12104.14,1008678,0,0,,
2024-09-09,89,SE,Nordeste,meta,0,0,8321.6,693466,0,0,,
2024-09-09,89,PI,Nordeste,meta,0,0,12104.14,1008678,0,0,,
2024-09-09,89,GO,Centro-Oeste,meta,0,0,24964.79,2080399,0,0,,
2024-09-09,89,MT,Centro-Oeste,meta,0,0,12860.65,1071720,0,0,,
2024-09-09,89,MS,Centro-Oeste,meta,0,0,9834.61,819551,0,0,,
2024-09-09,89,DF,Centro-Oeste,meta,0,0,10591.12,882593,0,0,,
2024-09-09,89,AM,Norte,meta,0,0,15130.17,1260847,0,0,,
2024-09-09,89,PA,Norte,meta,0,0,31773.37,2647780,0,0,,
2024-09-09,89,RO,Norte,meta,0,0,6052.07,504339,0,0,,
2024-09-09,89,AC,Norte,meta,0,0,3026.03,252169,0,0,,
2024-09-09,89,RR,Norte,meta,0,0,2269.53,189127,0,0,,
2024-09-09,89,AP,Norte,meta,0,0,3026.03,252169,0,0,,
2024-09-09,89,TO,Norte,meta,0,0,5295.56,441296,0,0,,
2024-09-09,89,SP,Sudeste,search,1,0,117799.22,14724901,0,0,,
2024-09-09,89,RJ,Sudeste,search,1,0,44309.8,5538724,0,0,,
2024-09-09,89,MG,Sudeste,search,0,0,55117.06,6889633,0,0,,
2024-09-09,89,ES,Sudeste,search,0,0,10266.9,1283363,0,0,,
2024-09-09,89,PR,Sul,search,1,0,30260.35,3782543,0,0,,
2024-09-09,89,SC,Sul,search,0,0,19453.08,2431635,0,0,,
2024-09-09,89,RS,Sul,search,1,0,30260.35,3782543,0,0,,
2024-09-09,89,BA,Nordeste,search,0,0,38906.16,4863270,0,0,,
2024-09-09,89,CE,Nordeste,search,1,0,24316.35,3039543,0,0,,
2024-09-09,89,PE,Nordeste,search,0,0,25937.44,3242180,0,0,,
2024-09-09,89,MA,Nordeste,search,0,0,18372.35,2296544,0,0,,
2024-09-09,89,PB,Nordeste,search,0,0,10807.27,1350908,0,0,,
2024-09-09,89,RN,Nordeste,search,0,0,9726.54,1215817,0,0,,
2024-09-09,89,AL,Nordeste,search,0,0,8645.81,1080726,0,0,,
2024-09-09,89,SE,Nordeste,search,0,0,5944.0,742999,0,0,,
2024-09-09,89,PI,Nordeste,search,0,0,8645.81,1080726,1,0,8645.81,
2024-09-09,89,GO,Centro-Oeste,search,0,0,17831.99,2228998,0,0,,
2024-09-09,89,MT,Centro-Oeste,search,0,0,9186.18,1148272,0,0,,
2024-09-09,89,MS,Centro-Oeste,search,0,0,7024.72,878090,0,0,,
2024-09-09,89,DF,Centro-Oeste,search,0,0,7565.09,945635,0,0,,
2024-09-09,89,AM,Norte,search,0,0,10807.27,1350908,0,0,,
2024-09-09,89,PA,Norte,search,0,0,22695.26,2836907,0,0,,
2024-09-09,89,RO,Norte,search,0,0,4322.91,540363,0,0,,
2024-09-09,89,AC,Norte,search,0,0,2161.45,270181,0,0,,
2024-09-09,89,RR,Norte,search,0,0,1621.09,202636,0,0,,
2024-09-09,89,AP,Norte,search,0,0,2161.45,270181,0,0,,
2024-09-09,89,TO,Norte,search,0,0,3782.54,472817,0,0,,
2024-09-16,90,SP,Sudeste,youtube,1,0,231096.69,12838704,0,0,,
2024-09-16,90,RJ,Sudeste,youtube,1,0,86926.28,4829237,0,0,,
2024-09-16,90,MG,Sudeste,youtube,0,0,108127.81,6007100,0,0,,
2024-09-16,90,ES,Sudeste,youtube,0,0,20141.45,1118969,0,0,,
2024-09-16,90,PR,Sul,youtube,1,0,59364.29,3298015,0,0,,
2024-09-16,90,SC,Sul,youtube,0,0,38162.76,2120153,0,0,,
2024-09-16,90,RS,Sul,youtube,1,0,59364.29,3298015,0,0,,
2024-09-16,90,BA,Nordeste,youtube,0,0,76325.51,4240306,0,0,,
2024-09-16,90,CE,Nordeste,youtube,1,0,47703.45,2650191,0,0,,
2024-09-16,90,PE,Nordeste,youtube,0,0,50883.67,2826870,0,0,,
2024-09-16,90,MA,Nordeste,youtube,0,0,36042.6,2002366,1,0,36042.6,
2024-09-16,90,PB,Nordeste,youtube,0,0,21201.53,1177862,0,0,,
2024-09-16,90,RN,Nordeste,youtube,0,0,19081.38,1060076,0,0,,
2024-09-16,90,AL,Nordeste,youtube,0,0,16961.22,942290,0,0,,
2024-09-16,90,SE,Nordeste,youtube,0,0,11660.84,647824,1,0,11660.84,
2024-09-16,90,PI,Nordeste,youtube,0,0,16961.22,942290,0,0,,
2024-09-16,90,GO,Centro-Oeste,youtube,0,0,34982.53,1943473,0,0,,
2024-09-16,90,MT,Centro-Oeste,youtube,0,0,18021.3,1001183,0,0,,
2024-09-16,90,MS,Centro-Oeste,youtube,0,0,13781.0,765610,0,0,,
2024-09-16,90,DF,Centro-Oeste,youtube,0,0,14841.07,824503,1,0,14841.07,
2024-09-16,90,AM,Norte,youtube,0,0,21201.53,1177862,0,0,,
2024-09-16,90,PA,Norte,youtube,0,0,44523.22,2473511,0,0,,
2024-09-16,90,RO,Norte,youtube,0,0,8480.61,471145,0,0,,
2024-09-16,90,AC,Norte,youtube,0,0,4240.31,235572,0,0,,
2024-09-16,90,RR,Norte,youtube,0,0,3180.23,176679,0,0,,
2024-09-16,90,AP,Norte,youtube,0,0,4240.31,235572,0,0,,
2024-09-16,90,TO,Norte,youtube,0,0,7420.54,412251,0,0,,
2024-09-16,90,SP,Sudeste,meta,1,0,202209.6,16850800,0,0,,
2024-09-16,90,RJ,Sudeste,meta,1,0,76060.49,6338374,0,0,,
2024-09-16,90,MG,Sudeste,meta,0,0,94611.83,7884319,0,0,,
2024-09-16,90,ES,Sudeste,meta,0,0,17623.77,1468647,0,0,,
2024-09-16,90,PR,Sul,meta,1,0,51943.75,4328645,0,0,,
2024-09-16,90,SC,Sul,meta,0,0,33392.41,2782700,0,0,,
2024-09-16,90,RS,Sul,meta,1,0,51943.75,4328645,0,0,,
2024-09-16,90,BA,Nordeste,meta,0,0,66784.82,5565401,0,0,,
2024-09-16,90,CE,Nordeste,meta,1,0,41740.51,3478376,0,0,,
2024-09-16,90,PE,Nordeste,meta,0,0,44523.22,3710267,0,0,,
2024-09-16,90,MA,Nordeste,meta,0,0,31537.28,2628106,0,0,,
2024-09-16,90,PB,Nordeste,meta,0,0,18551.34,1545944,0,0,,
2024-09-16,90,RN,Nordeste,meta,0,0,16696.21,1391350,0,0,,
2024-09-16,90,AL,Nordeste,meta,0,0,14841.07,1236755,0,0,,
2024-09-16,90,SE,Nordeste,meta,0,0,10203.24,850269,0,0,,
2024-09-16,90,PI,Nordeste,meta,0,0,14841.07,1236755,0,0,,
2024-09-16,90,GO,Centro-Oeste,meta,0,0,30609.71,2550809,0,0,,
2024-09-16,90,MT,Centro-Oeste,meta,0,0,15768.64,1314053,0,0,,
2024-09-16,90,MS,Centro-Oeste,meta,0,0,12058.37,1004864,0,0,,
2024-09-16,90,DF,Centro-Oeste,meta,0,0,12985.94,1082161,0,0,,
2024-09-16,90,AM,Norte,meta,0,0,18551.34,1545944,0,0,,
2024-09-16,90,PA,Norte,meta,0,0,38957.81,3246484,0,0,,
2024-09-16,90,RO,Norte,meta,0,0,7420.54,618377,0,0,,
2024-09-16,90,AC,Norte,meta,0,0,3710.27,309188,0,0,,
2024-09-16,90,RR,Norte,meta,0,0,2782.7,231891,0,0,,
2024-09-16,90,AP,Norte,meta,0,0,3710.27,309188,0,0,,
2024-09-16,90,TO,Norte,meta,0,0,6492.97,541080,1,0,6492.97,
2024-09-16,90,SP,Sudeste,search,1,0,144435.43,18054428,0,0,,
2024-09-16,90,RJ,Sudeste,search,1,0,54328.92,6791115,0,0,,
2024-09-16,90,MG,Sudeste,search,0,0,67579.88,8447485,0,0,,
2024-09-16,90,ES,Sudeste,search,0,0,12588.41,1573551,0,0,,
2024-09-16,90,PR,Sul,search,1,0,37102.68,4637834,0,0,,
2024-09-16,90,SC,Sul,search,0,0,23851.72,2981465,0,0,,
2024-09-16,90,RS,Sul,search,1,0,37102.68,4637834,0,0,,
2024-09-16,90,BA,Nordeste,search,0,0,47703.45,5962930,0,0,,
2024-09-16,90,CE,Nordeste,search,1,0,29814.65,3726831,0,0,,
2024-09-16,90,PE,Nordeste,search,0,0,31802.3,3975287,0,0,,
2024-09-16,90,MA,Nordeste,search,0,0,22526.63,2815828,0,0,,
2024-09-16,90,PB,Nordeste,search,0,0,13250.96,1656369,1,0,13250.96,
2024-09-16,90,RN,Nordeste,search,0,0,11925.86,1490732,0,0,,
2024-09-16,90,AL,Nordeste,search,0,0,10600.77,1325095,0,0,,
2024-09-16,90,SE,Nordeste,search,0,0,7288.03,911003,0,0,,
2024-09-16,90,PI,Nordeste,search,0,0,10600.77,1325095,0,0,,
2024-09-16,90,GO,Centro-Oeste,search,0,0,21864.08,2733009,0,0,,
2024-09-16,90,MT,Centro-Oeste,search,0,0,11263.31,1407914,0,0,,
2024-09-16,90,MS,Centro-Oeste,search,0,0,8613.12,1076640,0,0,,
2024-09-16,90,DF,Centro-Oeste,search,0,0,9275.67,1159458,0,0,,
2024-09-16,90,AM,Norte,search,0,0,13250.96,1656369,0,0,,
2024-09-16,90,PA,Norte,search,0,0,27827.01,3478376,0,0,,
2024-09-16,90,RO,Norte,search,0,0,5300.38,662547,0,0,,
2024-09-16,90,AC,Norte,search,0,0,2650.19,331273,0,0,,
2024-09-16,90,RR,Norte,search,0,0,1987.64,248455,0,0,,
2024-09-16,90,AP,Norte,search,0,0,2650.19,331273,0,0,,
2024-09-16,90,TO,Norte,search,0,0,4637.83,579729,0,0,,
2024-09-23,91,SP,Sudeste,youtube,1,0,199800.28,11100015,0,0,,
2024-09-23,91,RJ,Sudeste,youtube,1,0,75154.23,4175235,0,0,,
2024-09-23,91,MG,Sudeste,youtube,0,0,93484.54,5193585,0,0,,
2024-09-23,91,ES,Sudeste,youtube,0,0,17413.79,967432,0,0,,
2024-09-23,91,PR,Sul,youtube,1,0,51324.84,2851380,0,0,,
2024-09-23,91,SC,Sul,youtube,0,0,32994.54,1833030,0,0,,
2024-09-23,91,RS,Sul,youtube,1,0,51324.84,2851380,0,0,,
2024-09-23,91,BA,Nordeste,youtube,0,0,65989.08,3666060,0,0,,
2024-09-23,91,CE,Nordeste,youtube,1,0,41243.18,2291287,0,0,,
2024-09-23,91,PE,Nordeste,youtube,0,0,43992.72,2444040,0,0,,
2024-09-23,91,MA,Nordeste,youtube,0,0,31161.51,1731195,0,0,,
2024-09-23,91,PB,Nordeste,youtube,0,0,18330.3,1018350,0,0,,
2024-09-23,91,RN,Nordeste,youtube,0,0,16497.27,916515,0,0,,
2024-09-23,91,AL,Nordeste,youtube,0,0,14664.24,814680,0,0,,
2024-09-23,91,SE,Nordeste,youtube,0,0,10081.67,560092,0,0,,
2024-09-23,91,PI,Nordeste,youtube,0,0,14664.24,814680,0,0,,
2024-09-23,91,GO,Centro-Oeste,youtube,0,0,30245.0,1680277,0,0,,
2024-09-23,91,MT,Centro-Oeste,youtube,0,0,15580.76,865597,0,0,,
2024-09-23,91,MS,Centro-Oeste,youtube,0,0,11914.7,661927,0,0,,
2024-09-23,91,DF,Centro-Oeste,youtube,0,0,12831.21,712845,0,0,,
2024-09-23,91,AM,Norte,youtube,0,0,18330.3,1018350,0,0,,
2024-09-23,91,PA,Norte,youtube,0,0,38493.63,2138535,0,0,,
2024-09-23,91,RO,Norte,youtube,0,0,7332.12,407340,0,0,,
2024-09-23,91,AC,Norte,youtube,0,0,3666.06,203670,0,0,,
2024-09-23,91,RR,Norte,youtube,0,0,2749.55,152752,0,0,,
2024-09-23,91,AP,Norte,youtube,0,0,3666.06,203670,0,0,,
2024-09-23,91,TO,Norte,youtube,0,0,6415.61,356422,0,0,,
2024-09-23,91,SP,Sudeste,meta,1,0,174825.25,14568770,0,0,,
2024-09-23,91,RJ,Sudeste,meta,1,0,65759.96,5479996,0,0,,
2024-09-23,91,MG,Sudeste,meta,0,0,81798.97,6816580,0,0,,
2024-09-23,91,ES,Sudeste,meta,0,0,15237.06,1269755,0,0,,
2024-09-23,91,PR,Sul,meta,1,0,44909.24,3742436,0,0,,
2024-09-23,91,SC,Sul,meta,0,0,28870.22,2405852,0,0,,
2024-09-23,91,RS,Sul,meta,1,0,44909.24,3742436,0,0,,
2024-09-23,91,BA,Nordeste,meta,0,0,57740.45,4811704,0,0,,
2024-09-23,91,CE,Nordeste,meta,1,0,36087.78,3007315,0,0,,
2024-09-23,91,PE,Nordeste,meta,0,0,38493.63,3207802,0,0,,
2024-09-23,91,MA,Nordeste,meta,0,0,27266.32,2272193,0,0,,
2024-09-23,91,PB,Nordeste,meta,0,0,16039.01,1336584,0,0,,
2024-09-23,91,RN,Nordeste,meta,0,0,14435.11,1202926,0,0,,
2024-09-23,91,AL,Nordeste,meta,0,0,12831.21,1069267,1,0,12831.21,
2024-09-23,91,SE,Nordeste,meta,0,0,8821.46,735121,0,0,,
2024-09-23,91,PI,Nordeste,meta,0,0,12831.21,1069267,0,0,,
2024-09-23,91,GO,Centro-Oeste,meta,0,0,26464.37,2205364,0,0,,
2024-09-23,91,MT,Centro-Oeste,meta,0,0,13633.16,1136096,0,0,,
2024-09-23,91,MS,Centro-Oeste,meta,0,0,10425.36,868779,0,0,,
2024-09-23,91,DF,Centro-Oeste,meta,0,0,11227.31,935609,0,0,,
2024-09-23,91,AM,Norte,meta,0,0,16039.01,1336584,0,0,,
2024-09-23,91,PA,Norte,meta,0,0,33681.93,2806827,0,0,,
2024-09-23,91,RO,Norte,meta,0,0,6415.61,534633,1,0,6415.61,
2024-09-23,91,AC,Norte,meta,0,0,3207.8,267316,0,0,,
2024-09-23,91,RR,Norte,meta,0,0,2405.85,200487,0,0,,
2024-09-23,91,AP,Norte,meta,0,0,3207.8,267316,0,0,,
2024-09-23,91,TO,Norte,meta,0,0,5613.65,467804,1,0,5613.65,
2024-09-23,91,SP,Sudeste,search,1,0,124875.18,15609396,0,0,,
2024-09-23,91,RJ,Sudeste,search,1,0,46971.4,5871424,0,0,,
2024-09-23,91,MG,Sudeste,search,0,0,58427.83,7303479,0,0,,
2024-09-23,91,ES,Sudeste,search,0,0,10883.62,1360452,0,0,,
2024-09-23,91,PR,Sul,search,1,0,32078.03,4009753,0,0,,
2024-09-23,91,SC,Sul,search,0,0,20621.59,2577698,0,0,,
2024-09-23,91,RS,Sul,search,1,0,32078.03,4009753,0,0,,
2024-09-23,91,BA,Nordeste,search,0,0,41243.18,5155397,0,0,,
2024-09-23,91,CE,Nordeste,search,1,0,25776.99,3222123,0,0,,
2024-09-23,91,PE,Nordeste,search,0,0,27495.45,3436931,0,0,,
2024-09-23,91,MA,Nordeste,search,0,0,19475.94,2434493,0,0,,
2024-09-23,91,PB,Nordeste,search,0,0,11456.44,1432054,0,0,,
2024-09-23,91,RN,Nordeste,search,0,0,10310.79,1288849,0,0,,
2024-09-23,91,AL,Nordeste,search,0,0,9165.15,1145643,0,0,,
2024-09-23,91,SE,Nordeste,search,0,0,6301.04,787630,0,0,,
2024-09-23,91,PI,Nordeste,search,0,0,9165.15,1145643,0,0,,
2024-09-23,91,GO,Centro-Oeste,search,0,0,18903.12,2362890,0,0,,
2024-09-23,91,MT,Centro-Oeste,search,0,0,9737.97,1217246,0,0,,
2024-09-23,91,MS,Centro-Oeste,search,0,0,7446.68,930835,0,0,,
2024-09-23,91,DF,Centro-Oeste,search,0,0,8019.51,1002438,0,0,,
2024-09-23,91,AM,Norte,search,0,0,11456.44,1432054,0,0,,
2024-09-23,91,PA,Norte,search,0,0,24058.52,3007314,0,0,,
2024-09-23,91,RO,Norte,search,0,0,4582.58,572821,0,0,,
2024-09-23,91,AC,Norte,search,0,0,2291.29,286410,0,0,,
2024-09-23,91,RR,Norte,search,0,0,1718.47,214808,0,0,,
2024-09-23,91,AP,Norte,search,0,0,2291.29,286410,1,0,2291.29,
2024-09-23,91,TO,Norte,search,0,0,4009.75,501219,0,0,,
2024-09-30,92,SP,Sudeste,youtube,1,0,164690.83,9149490,0,0,,
2024-09-30,92,RJ,Sudeste,youtube,1,0,61947.93,3441551,0,0,,
2024-09-30,92,MG,Sudeste,youtube,0,0,77057.18,4280954,0,0,,
2024-09-30,92,ES,Sudeste,youtube,0,0,14353.79,797432,0,0,,
2024-09-30,92,PR,Sul,youtube,1,0,42305.9,2350327,0,0,,
2024-09-30,92,SC,Sul,youtube,0,0,27196.65,1510925,0,0,,
2024-09-30,92,RS,Sul,youtube,1,0,42305.9,2350327,0,0,,
2024-09-30,92,BA,Nordeste,youtube,0,0,54393.3,3021850,0,0,,
2024-09-30,92,CE,Nordeste,youtube,1,0,33995.81,1888656,0,0,,
2024-09-30,92,PE,Nordeste,youtube,0,0,36262.2,2014566,0,0,,
2024-09-30,92,MA,Nordeste,youtube,0,0,25685.73,1426984,0,0,,
2024-09-30,92,PB,Nordeste,youtube,0,0,15109.25,839402,0,0,,
2024-09-30,92,RN,Nordeste,youtube,0,0,13598.33,755462,0,0,,
2024-09-30,92,AL,Nordeste,youtube,0,0,12087.4,671522,0,0,,
2024-09-30,92,SE,Nordeste,youtube,0,0,8310.09,461671,0,0,,
2024-09-30,92,PI,Nordeste,youtube,0,0,12087.4,671522,0,0,,
2024-09-30,92,GO,Centro-Oeste,youtube,0,0,24930.26,1385014,0,0,,
2024-09-30,92,MT,Centro-Oeste,youtube,0,0,12842.86,713492,0,0,,
2024-09-30,92,MS,Centro-Oeste,youtube,0,0,9821.01,545611,0,0,,
2024-09-30,92,DF,Centro-Oeste,youtube,0,0,10576.48,587581,0,0,,
2024-09-30,92,AM,Norte,youtube,0,0,15109.25,839402,0,0,,
2024-09-30,92,PA,Norte,youtube,0,0,31729.43,1762745,0,0,,
2024-09-30,92,RO,Norte,youtube,0,0,6043.7,335761,0,0,,
2024-09-30,92,AC,Norte,youtube,0,0,3021.85,167880,0,0,,
2024-09-30,92,RR,Norte,youtube,0,0,2266.39,125910,0,0,,
2024-09-30,92,AP,Norte,youtube,0,0,3021.85,167880,0,0,,
2024-09-30,92,TO,Norte,youtube,0,0,5288.24,293790,0,0,,
2024-09-30,92,SP,Sudeste,meta,1,0,144104.48,12008706,0,0,,
2024-09-30,92,RJ,Sudeste,meta,1,0,54204.44,4517036,0,0,,
2024-09-30,92,MG,Sudeste,meta,0,0,67425.03,5618752,0,0,,
2024-09-30,92,ES,Sudeste,meta,0,0,12559.56,1046630,0,0,,
2024-09-30,92,PR,Sul,meta,1,0,37017.66,3084805,0,0,,
2024-09-30,92,SC,Sul,meta,0,0,23797.07,1983089,0,0,,
2024-09-30,92,RS,Sul,meta,1,0,37017.66,3084805,0,0,,
2024-09-30,92,BA,Nordeste,meta,0,0,47594.14,3966178,0,0,,
2024-09-30,92,CE,Nordeste,meta,1,0,29746.34,2478861,0,0,,
2024-09-30,92,PE,Nordeste,meta,0,0,31729.43,2644118,0,0,,
2024-09-30,92,MA,Nordeste,meta,0,0,22475.01,1872917,0,0,,
2024-09-30,92,PB,Nordeste,meta,0,0,13220.59,1101716,0,0,,
2024-09-30,92,RN,Nordeste,meta,0,0,11898.54,991544,0,0,,
2024-09-30,92,AL,Nordeste,meta,0,0,10576.48,881372,0,0,,
2024-09-30,92,SE,Nordeste,meta,0,0,7271.33,605943,0,0,,
2024-09-30,92,PI,Nordeste,meta,0,0,10576.48,881372,0,0,,
2024-09-30,92,GO,Centro-Oeste,meta,0,0,21813.98,1817831,0,0,,
2024-09-30,92,MT,Centro-Oeste,meta,0,0,11237.51,936458,0,0,,
2024-09-30,92,MS,Centro-Oeste,meta,0,0,8593.39,716115,0,0,,
2024-09-30,92,DF,Centro-Oeste,meta,0,0,9254.42,771201,0,0,,
2024-09-30,92,AM,Norte,meta,0,0,13220.59,1101716,0,0,,
2024-09-30,92,PA,Norte,meta,0,0,27763.25,2313604,0,0,,
2024-09-30,92,RO,Norte,meta,0,0,5288.24,440686,0,0,,
2024-09-30,92,AC,Norte,meta,0,0,2644.12,220343,0,0,,
2024-09-30,92,RR,Norte,meta,0,0,1983.09,165257,0,0,,
2024-09-30,92,AP,Norte,meta,0,0,2644.12,220343,0,0,,
2024-09-30,92,TO,Norte,meta,0,0,4627.21,385600,0,0,,
2024-09-30,92,SP,Sudeste,search,1,0,102931.77,12866471,0,0,,
2024-09-30,92,RJ,Sudeste,search,1,0,38717.46,4839681,0,0,,
2024-09-30,92,MG,Sudeste,search,0,0,48160.74,6020092,0,0,,
2024-09-30,92,ES,Sudeste,search,0,0,8971.12,1121389,0,0,,
2024-09-30,92,PR,Sul,search,1,0,26441.19,3305148,1,0,26441.19,
2024-09-30,92,SC,Sul,search,0,0,16997.91,2124738,0,0,,
2024-09-30,92,RS,Sul,search,1,0,26441.19,3305148,0,0,,
2024-09-30,92,BA,Nordeste,search,0,0,33995.81,4249476,0,0,,
2024-09-30,92,CE,Nordeste,search,1,0,21247.38,2655922,0,0,,
2024-09-30,92,PE,Nordeste,search,0,0,22663.88,2832984,0,0,,
2024-09-30,92,MA,Nordeste,search,0,0,16053.58,2006697,0,0,,
2024-09-30,92,PB,Nordeste,search,0,0,9443.28,1180410,0,0,,
2024-09-30,92,RN,Nordeste,search,0,0,8498.95,1062369,0,0,,
2024-09-30,92,AL,Nordeste,search,0,0,7554.63,944328,1,0,7554.63,
2024-09-30,92,SE,Nordeste,search,0,0,5193.8,649225,0,0,,
2024-09-30,92,PI,Nordeste,search,0,0,7554.63,944328,0,0,,
2024-09-30,92,GO,Centro-Oeste,search,0,0,15581.41,1947676,0,0,,
2024-09-30,92,MT,Centro-Oeste,search,0,0,8026.79,1003348,0,0,,
2024-09-30,92,MS,Centro-Oeste,search,0,0,6138.13,767266,0,0,,
2024-09-30,92,DF,Centro-Oeste,search,0,0,6610.3,826287,0,0,,
2024-09-30,92,AM,Norte,search,0,0,9443.28,1180410,0,0,,
2024-09-30,92,PA,Norte,search,0,0,19830.89,2478861,0,0,,
2024-09-30,92,RO,Norte,search,0,0,3777.31,472164,0,0,,
2024-09-30,92,AC,Norte,search,0,0,1888.66,236082,0,0,,
2024-09-30,92,RR,Norte,search,0,0,1416.49,177061,0,0,,
2024-09-30,92,AP,Norte,search,0,0,1888.66,236082,0,0,,
2024-09-30,92,TO,Norte,search,0,0,3305.15,413143,0,0,,
2024-10-07,93,SP,Sudeste,youtube,1,0,229085.66,12726981,0,0,,
2024-10-07,93,RJ,Sudeste,youtube,1,0,86169.84,4787213,0,0,,
2024-10-07,93,MG,Sudeste,youtube,0,0,107186.87,5954825,0,0,,
2024-10-07,93,ES,Sudeste,youtube,0,0,19966.18,1109232,0,0,,
2024-10-07,93,PR,Sul,youtube,1,0,58847.69,3269316,0,0,,
2024-10-07,93,SC,Sul,youtube,0,0,37830.66,2101703,0,0,,
2024-10-07,93,RS,Sul,youtube,1,0,58847.69,3269316,0,0,,
2024-10-07,93,BA,Nordeste,youtube,0,0,75661.32,4203406,1,0,75661.32,
2024-10-07,93,CE,Nordeste,youtube,1,0,47288.32,2627129,0,0,,
2024-10-07,93,PE,Nordeste,youtube,0,0,50440.88,2802271,0,0,,
2024-10-07,93,MA,Nordeste,youtube,0,0,35728.96,1984941,0,0,,
2024-10-07,93,PB,Nordeste,youtube,0,0,21017.03,1167612,0,0,,
2024-10-07,93,RN,Nordeste,youtube,0,0,18915.33,1050851,0,0,,
2024-10-07,93,AL,Nordeste,youtube,0,0,16813.63,934090,0,0,,
2024-10-07,93,SE,Nordeste,youtube,0,0,11559.37,642187,0,0,,
2024-10-07,93,PI,Nordeste,youtube,0,0,16813.63,934090,0,0,,
2024-10-07,93,GO,Centro-Oeste,youtube,0,0,34678.1,1926561,0,0,,
2024-10-07,93,MT,Centro-Oeste,youtube,0,0,17864.48,992470,0,0,,
2024-10-07,93,MS,Centro-Oeste,youtube,0,0,13661.07,758948,0,0,,
2024-10-07,93,DF,Centro-Oeste,youtube,0,0,14711.92,817329,0,0,,
2024-10-07,93,AM,Norte,youtube,0,0,21017.03,1167612,0,0,,
2024-10-07,93,PA,Norte,youtube,0,0,44135.77,2451987,0,0,,
2024-10-07,93,RO,Norte,youtube,0,0,8406.81,467045,0,0,,
2024-10-07,93,AC,Norte,youtube,0,0,4203.41,233522,0,0,,
2024-10-07,93,RR,Norte,youtube,0,0,3152.55,175141,0,0,,
2024-10-07,93,AP,Norte,youtube,0,0,4203.41,233522,0,0,,
2024-10-07,93,TO,Norte,youtube,0,0,7355.96,408664,0,0,,
2024-10-07,93,SP,Sudeste,meta,1,0,200449.95,16704162,0,0,,
2024-10-07,93,RJ,Sudeste,meta,1,0,75398.61,6283217,0,0,,
2024-10-07,93,MG,Sudeste,meta,0,0,93788.51,7815709,0,0,,
2024-10-07,93,ES,Sudeste,meta,0,0,17470.41,1455867,0,0,,
2024-10-07,93,PR,Sul,meta,1,0,51491.73,4290977,0,0,,
2024-10-07,93,SC,Sul,meta,0,0,33101.83,2758485,0,0,,
2024-10-07,93,RS,Sul,meta,1,0,51491.73,4290977,0,0,,
2024-10-07,93,BA,Nordeste,meta,0,0,66203.65,5516971,0,0,,
2024-10-07,93,CE,Nordeste,meta,1,0,41377.28,3448106,0,0,,
2024-10-07,93,PE,Nordeste,meta,0,0,44135.77,3677980,0,0,,
2024-10-07,93,MA,Nordeste,meta,0,0,31262.84,2605236,0,0,,
2024-10-07,93,PB,Nordeste,meta,0,0,18389.9,1532491,0,0,,
2024-10-07,93,RN,Nordeste,meta,0,0,16550.91,1379242,0,0,,
2024-10-07,93,AL,Nordeste,meta,0,0,14711.92,1225993,0,0,,
2024-10-07,93,SE,Nordeste,meta,0,0,10114.45,842870,0,0,,
2024-10-07,93,PI,Nordeste,meta,0,0,14711.92,1225993,0,0,,
2024-10-07,93,GO,Centro-Oeste,meta,0,0,30343.34,2528611,0,0,,
2024-10-07,93,MT,Centro-Oeste,meta,0,0,15631.42,1302618,0,0,,
2024-10-07,93,MS,Centro-Oeste,meta,0,0,11953.44,996119,0,0,,
2024-10-07,93,DF,Centro-Oeste,meta,0,0,12872.93,1072744,0,0,,
2024-10-07,93,AM,Norte,meta,0,0,18389.9,1532491,0,0,,
2024-10-07,93,PA,Norte,meta,0,0,38618.8,3218233,0,0,,
2024-10-07,93,RO,Norte,meta,0,0,7355.96,612996,0,0,,
2024-10-07,93,AC,Norte,meta,0,0,3677.98,306498,0,0,,
2024-10-07,93,RR,Norte,meta,0,0,2758.49,229873,0,0,,
2024-10-07,93,AP,Norte,meta,0,0,3677.98,306498,0,0,,
2024-10-07,93,TO,Norte,meta,0,0,6436.47,536372,0,0,,
2024-10-07,93,SP,Sudeste,search,1,0,143178.54,17897317,0,0,,
2024-10-07,93,RJ,Sudeste,search,1,0,53856.15,6732018,0,0,,
2024-10-07,93,MG,Sudeste,search,0,0,66991.79,8373974,0,0,,
2024-10-07,93,ES,Sudeste,search,0,0,12478.86,1559857,0,0,,
2024-10-07,93,PR,Sul,search,1,0,36779.81,4597475,0,0,,
2024-10-07,93,SC,Sul,search,0,0,23644.16,2955520,0,0,,
2024-10-07,93,RS,Sul,search,1,0,36779.81,4597475,0,0,,
2024-10-07,93,BA,Nordeste,search,0,0,47288.32,5911040,0,0,,
2024-10-07,93,CE,Nordeste,search,1,0,29555.2,3694400,0,0,,
2024-10-07,93,PE,Nordeste,search,0,0,31525.55,3940693,0,0,,
2024-10-07,93,MA,Nordeste,search,0,0,22330.6,2791324,0,0,,
2024-10-07,93,PB,Nordeste,search,0,0,13135.65,1641955,0,0,,
2024-10-07,93,RN,Nordeste,search,0,0,11822.08,1477760,0,0,,
2024-10-07,93,AL,Nordeste,search,0,0,10508.52,1313564,0,0,,
2024-10-07,93,SE,Nordeste,search,0,0,7224.61,903075,0,0,,
2024-10-07,93,PI,Nordeste,search,0,0,10508.52,1313564,0,0,,
2024-10-07,93,GO,Centro-Oeste,search,0,0,21673.82,2709226,0,0,,
2024-10-07,93,MT,Centro-Oeste,search,0,0,11165.3,1395662,0,0,,
2024-10-07,93,MS,Centro-Oeste,search,0,0,8538.17,1067271,0,0,,
2024-10-07,93,DF,Centro-Oeste,search,0,0,9194.95,1149368,0,0,,
2024-10-07,93,AM,Norte,search,0,0,13135.65,1641955,0,0,,
2024-10-07,93,PA,Norte,search,0,0,27584.86,3448106,0,0,,
2024-10-07,93,RO,Norte,search,0,0,5254.26,656782,0,0,,
2024-10-07,93,AC,Norte,search,0,0,2627.13,328391,0,0,,
2024-10-07,93,RR,Norte,search,0,0,1970.35,246293,0,0,,
2024-10-07,93,AP,Norte,search,0,0,2627.13,328391,1,0,2627.13,
2024-10-07,93,TO,Norte,search,0,0,4597.48,574684,0,0,,
2024-10-14,94,SP,Sudeste,youtube,1,0,229444.7,12746927,0,0,,
2024-10-14,94,RJ,Sudeste,youtube,1,0,86304.89,4794715,0,0,,
2024-10-14,94,MG,Sudeste,youtube,0,0,107354.86,5964158,0,0,,
2024-10-14,94,ES,Sudeste,youtube,0,0,19997.47,1110970,0,0,,
2024-10-14,94,PR,Sul,youtube,1,0,58939.92,3274440,0,0,,
2024-10-14,94,SC,Sul,youtube,0,0,37889.95,2104997,0,0,,
2024-10-14,94,RS,Sul,youtube,1,0,58939.92,3274440,0,0,,
2024-10-14,94,BA,Nordeste,youtube,0,0,75779.9,4209994,0,0,,
2024-10-14,94,CE,Nordeste,youtube,1,0,47362.44,2631246,0,0,,
2024-10-14,94,PE,Nordeste,youtube,0,0,50519.93,2806662,0,0,,
2024-10-14,94,MA,Nordeste,youtube,0,0,35784.95,1988052,0,0,,
2024-10-14,94,PB,Nordeste,youtube,0,0,21049.97,1169442,0,0,,
2024-10-14,94,RN,Nordeste,youtube,0,0,18944.97,1052498,0,0,,
2024-10-14,94,AL,Nordeste,youtube,0,0,16839.98,935554,0,0,,
2024-10-14,94,SE,Nordeste,youtube,0,0,11577.48,643193,0,0,,
2024-10-14,94,PI,Nordeste,youtube,0,0,16839.98,935554,1,0,16839.98,
2024-10-14,94,GO,Centro-Oeste,youtube,0,0,34732.45,1929580,0,0,,
2024-10-14,94,MT,Centro-Oeste,youtube,0,0,17892.48,994026,0,0,,
2024-10-14,94,MS,Centro-Oeste,youtube,0,0,13682.48,760137,0,0,,
2024-10-14,94,DF,Centro-Oeste,youtube,0,0,14734.98,818610,0,0,,
2024-10-14,94,AM,Norte,youtube,0,0,21049.97,1169442,0,0,,
2024-10-14,94,PA,Norte,youtube,0,0,44204.94,2455830,0,0,,
2024-10-14,94,RO,Norte,youtube,0,0,8419.99,467777,0,0,,
2024-10-14,94,AC,Norte,youtube,0,0,4209.99,233888,0,0,,
2024-10-14,94,RR,Norte,youtube,0,0,3157.5,175416,0,0,,
2024-10-14,94,AP,Norte,youtube,0,0,4209.99,233888,0,0,,
2024-10-14,94,TO,Norte,youtube,0,0,7367.49,409305,0,0,,
2024-10-14,94,SP,Sudeste,meta,1,0,200764.11,16730342,0,0,,
2024-10-14,94,RJ,Sudeste,meta,1,0,75516.77,6293064,0,0,,
2024-10-14,94,MG,Sudeste,meta,0,0,93935.5,7827958,1,0,93935.5,
2024-10-14,94,ES,Sudeste,meta,0,0,17497.79,1458149,0,0,,
2024-10-14,94,PR,Sul,meta,1,0,51572.43,4297702,0,0,,
2024-10-14,94,SC,Sul,meta,0,0,33153.71,2762808,0,0,,
2024-10-14,94,RS,Sul,meta,1,0,51572.43,4297702,0,0,,
2024-10-14,94,BA,Nordeste,meta,0,0,66307.41,5525617,0,0,,
2024-10-14,94,CE,Nordeste,meta,1,0,41442.13,3453511,0,0,,
2024-10-14,94,PE,Nordeste,meta,0,0,44204.94,3683745,0,0,,
2024-10-14,94,MA,Nordeste,meta,0,0,31311.83,2609319,0,0,,
2024-10-14,94,PB,Nordeste,meta,0,0,18418.73,1534893,0,0,,
2024-10-14,94,RN,Nordeste,meta,0,0,16576.85,1381404,1,0,16576.85,
2024-10-14,94,AL,Nordeste,meta,0,0,14734.98,1227915,0,0,,
2024-10-14,94,SE,Nordeste,meta,0,0,10130.3,844191,0,0,,
2024-10-14,94,PI,Nordeste,meta,0,0,14734.98,1227915,0,0,,
2024-10-14,94,GO,Centro-Oeste,meta,0,0,30390.9,2532574,0,0,,
2024-10-14,94,MT,Centro-Oeste,meta,0,0,15655.92,1304659,1,0,15655.92,
2024-10-14,94,MS,Centro-Oeste,meta,0,0,11972.17,997680,0,0,,
2024-10-14,94,DF,Centro-Oeste,meta,0,0,12893.11,1074425,0,0,,
2024-10-14,94,AM,Norte,meta,0,0,18418.73,1534893,0,0,,
2024-10-14,94,PA,Norte,meta,0,0,38679.32,3223276,0,0,,
2024-10-14,94,RO,Norte,meta,0,0,7367.49,613957,0,0,,
2024-10-14,94,AC,Norte,meta,0,0,3683.75,306978,0,0,,
2024-10-14,94,RR,Norte,meta,0,0,2762.81,230234,1,0,2762.81,
2024-10-14,94,AP,Norte,meta,0,0,3683.75,306978,0,0,,
2024-10-14,94,TO,Norte,meta,0,0,6446.55,537212,0,0,,
2024-10-14,94,SP,Sudeste,search,1,0,143402.94,17925366,0,0,,
2024-10-14,94,RJ,Sudeste,search,1,0,53940.55,6742569,0,0,,
2024-10-14,94,MG,Sudeste,search,0,0,67096.79,8387098,0,0,,
2024-10-14,94,ES,Sudeste,search,0,0,12498.42,1562302,0,0,,
2024-10-14,94,PR,Sul,search,1,0,36837.45,4604681,0,0,,
2024-10-14,94,SC,Sul,search,0,0,23681.22,2960152,1,0,23681.22,
2024-10-14,94,RS,Sul,search,1,0,36837.45,4604681,0,0,,
2024-10-14,94,BA,Nordeste,search,0,0,47362.44,5920304,0,0,,
2024-10-14,94,CE,Nordeste,search,1,0,29601.52,3700190,0,0,,
2024-10-14,94,PE,Nordeste,search,0,0,31574.96,3946869,0,0,,
2024-10-14,94,MA,Nordeste,search,0,0,22365.6,2795699,0,0,,
2024-10-14,94,PB,Nordeste,search,0,0,13156.23,1644529,0,0,,
2024-10-14,94,RN,Nordeste,search,0,0,11840.61,1480076,0,0,,
2024-10-14,94,AL,Nordeste,search,0,0,10524.99,1315623,0,0,,
2024-10-14,94,SE,Nordeste,search,0,0,7235.93,904490,0,0,,
2024-10-14,94,PI,Nordeste,search,0,0,10524.99,1315623,0,0,,
2024-10-14,94,GO,Centro-Oeste,search,0,0,21707.78,2713472,0,0,,
2024-10-14,94,MT,Centro-Oeste,search,0,0,11182.8,1397849,0,0,,
2024-10-14,94,MS,Centro-Oeste,search,0,0,8551.55,1068943,0,0,,
2024-10-14,94,DF,Centro-Oeste,search,0,0,9209.36,1151170,0,0,,
2024-10-14,94,AM,Norte,search,0,0,13156.23,1644529,0,0,,
2024-10-14,94,PA,Norte,search,0,0,27628.09,3453511,0,0,,
2024-10-14,94,RO,Norte,search,0,0,5262.49,657811,0,0,,
2024-10-14,94,AC,Norte,search,0,0,2631.25,328905,0,0,,
2024-10-14,94,RR,Norte,search,0,0,1973.43,246679,0,0,,
2024-10-14,94,AP,Norte,search,0,0,2631.25,328905,0,0,,
2024-10-14,94,TO,Norte,search,0,0,4604.68,575585,0,0,,
2024-10-21,95,SP,Sudeste,youtube,1,0,188357.93,10464329,0,0,,
2024-10-21,95,RJ,Sudeste,youtube,1,0,70850.23,3936123,0,0,,
2024-10-21,95,MG,Sudeste,youtube,0,0,88130.78,4896154,1,0,88130.78,
2024-10-21,95,ES,Sudeste,youtube,0,0,16416.52,912028,0,0,,
2024-10-21,95,PR,Sul,youtube,1,0,48385.52,2688084,0,0,,
2024-10-21,95,SC,Sul,youtube,0,0,31104.98,1728054,0,0,,
2024-10-21,95,RS,Sul,youtube,1,0,48385.52,2688084,0,0,,
2024-10-21,95,BA,Nordeste,youtube,0,0,62209.96,3456108,0,0,,
2024-10-21,95,CE,Nordeste,youtube,1,0,38881.22,2160067,0,0,,
2024-10-21,95,PE,Nordeste,youtube,0,0,41473.31,2304072,0,0,,
2024-10-21,95,MA,Nordeste,youtube,0,0,29376.93,1632051,0,0,,
2024-10-21,95,PB,Nordeste,youtube,0,0,17280.54,960030,0,0,,
2024-10-21,95,RN,Nordeste,youtube,0,0,15552.49,864027,0,0,,
2024-10-21,95,AL,Nordeste,youtube,0,0,13824.44,768024,0,0,,
2024-10-21,95,SE,Nordeste,youtube,0,0,9504.3,528016,0,0,,
2024-10-21,95,PI,Nordeste,youtube,0,0,13824.44,768024,0,0,,
2024-10-21,95,GO,Centro-Oeste,youtube,0,0,28512.9,1584049,0,0,,
2024-10-21,95,MT,Centro-Oeste,youtube,0,0,14688.46,816025,0,0,,
2024-10-21,95,MS,Centro-Oeste,youtube,0,0,11232.35,624019,0,0,,
2024-10-21,95,DF,Centro-Oeste,youtube,0,0,12096.38,672021,1,0,12096.38,
2024-10-21,95,AM,Norte,youtube,0,0,17280.54,960030,1,0,17280.54,
2024-10-21,95,PA,Norte,youtube,0,0,36289.14,2016063,0,0,,
2024-10-21,95,RO,Norte,youtube,0,0,6912.22,384012,0,0,,
2024-10-21,95,AC,Norte,youtube,0,0,3456.11,192006,0,0,,
2024-10-21,95,RR,Norte,youtube,0,0,2592.08,144004,0,0,,
2024-10-21,95,AP,Norte,youtube,0,0,3456.11,192006,0,0,,
2024-10-21,95,TO,Norte,youtube,0,0,6048.19,336010,1,0,6048.19,
2024-10-21,95,SP,Sudeste,meta,1,0,164813.19,13734432,0,0,,
2024-10-21,95,RJ,Sudeste,meta,1,0,61993.95,5166162,0,0,,
2024-10-21,95,MG,Sudeste,meta,0,0,77114.43,6426202,0,0,,
2024-10-21,95,ES,Sudeste,meta,0,0,14364.45,1197037,0,0,,
2024-10-21,95,PR,Sul,meta,1,0,42337.33,3528111,0,0,,
2024-10-21,95,SC,Sul,meta,0,0,27216.86,2268071,0,0,,
2024-10-21,95,RS,Sul,meta,1,0,42337.33,3528111,1,0,42337.33,
2024-10-21,95,BA,Nordeste,meta,0,0,54433.71,4536142,0,0,,
2024-10-21,95,CE,Nordeste,meta,1,0,34021.07,2835089,0,0,,
2024-10-21,95,PE,Nordeste,meta,0,0,36289.14,3024095,0,0,,
2024-10-21,95,MA,Nordeste,meta,0,0,25704.81,2142067,0,0,,
2024-10-21,95,PB,Nordeste,meta,0,0,15120.48,1260039,0,0,,
2024-10-21,95,RN,Nordeste,meta,0,0,13608.43,1134035,0,0,,
2024-10-21,95,AL,Nordeste,meta,0,0,12096.38,1008031,0,0,,
2024-10-21,95,SE,Nordeste,meta,0,0,8316.26,693021,0,0,,
2024-10-21,95,PI,Nordeste,meta,0,0,12096.38,1008031,0,0,,
2024-10-21,95,GO,Centro-Oeste,meta,0,0,24948.79,2079065,0,0,,
2024-10-21,95,MT,Centro-Oeste,meta,0,0,12852.4,1071033,0,0,,
2024-10-21,95,MS,Centro-Oeste,meta,0,0,9828.31,819025,0,0,,
2024-10-21,95,DF,Centro-Oeste,meta,0,0,10584.33,882027,0,0,,
2024-10-21,95,AM,Norte,meta,0,0,15120.48,1260039,0,0,,
2024-10-21,95,PA,Norte,meta,0,0,31753.0,2646083,1,0,31753.0,
2024-10-21,95,RO,Norte,meta,0,0,6048.19,504015,0,0,,
2024-10-21,95,AC,Norte,meta,0,0,3024.1,252007,0,0,,
2024-10-21,95,RR,Norte,meta,0,0,2268.07,189005,0,0,,
2024-10-21,95,AP,Norte,meta,0,0,3024.1,252007,0,0,,
2024-10-21,95,TO,Norte,meta,0,0,5292.17,441013,0,0,,
2024-10-21,95,SP,Sudeste,search,1,0,117723.71,14715463,0,0,,
2024-10-21,95,RJ,Sudeste,search,1,0,44281.39,5535174,0,0,,
2024-10-21,95,MG,Sudeste,search,0,0,55081.73,6885216,0,0,,
2024-10-21,95,ES,Sudeste,search,0,0,10260.32,1282540,0,0,,
2024-10-21,95,PR,Sul,search,1,0,30240.95,3780119,0,0,,
2024-10-21,95,SC,Sul,search,0,0,19440.61,2430076,0,0,,
2024-10-21,95,RS,Sul,search,1,0,30240.95,3780119,0,0,,
2024-10-21,95,BA,Nordeste,search,0,0,38881.22,4860153,0,0,,
2024-10-21,95,CE,Nordeste,search,1,0,24300.77,3037595,0,0,,
2024-10-21,95,PE,Nordeste,search,0,0,25920.82,3240102,0,0,,
2024-10-21,95,MA,Nordeste,search,0,0,18360.58,2295072,0,0,,
2024-10-21,95,PB,Nordeste,search,0,0,10800.34,1350042,0,0,,
2024-10-21,95,RN,Nordeste,search,0,0,9720.31,1215038,0,0,,
2024-10-21,95,AL,Nordeste,search,0,0,8640.27,1080034,0,0,,
2024-10-21,95,SE,Nordeste,search,0,0,5940.19,742523,1,0,5940.19,
2024-10-21,95,PI,Nordeste,search,0,0,8640.27,1080034,0,0,,
2024-10-21,95,GO,Centro-Oeste,search,0,0,17820.56,2227570,0,0,,
2024-10-21,95,MT,Centro-Oeste,search,0,0,9180.29,1147536,0,0,,
2024-10-21,95,MS,Centro-Oeste,search,0,0,7020.22,877527,0,0,,
2024-10-21,95,DF,Centro-Oeste,search,0,0,7560.24,945029,0,0,,
2024-10-21,95,AM,Norte,search,0,0,10800.34,1350042,0,0,,
2024-10-21,95,PA,Norte,search,0,0,22680.71,2835089,0,0,,
2024-10-21,95,RO,Norte,search,0,0,4320.14,540017,0,0,,
2024-10-21,95,AC,Norte,search,0,0,2160.07,270008,0,0,,
2024-10-21,95,RR,Norte,search,0,0,1620.05,202506,0,0,,
2024-10-21,95,AP,Norte,search,0,0,2160.07,270008,0,0,,
2024-10-21,95,TO,Norte,search,0,0,3780.12,472514,0,0,,
2024-10-28,96,SP,Sudeste,youtube,1,0,161933.54,8996307,0,0,,
2024-10-28,96,RJ,Sudeste,youtube,1,0,60910.78,3383932,0,0,,
2024-10-28,96,MG,Sudeste,youtube,0,0,75767.07,4209281,1,0,75767.07,
2024-10-28,96,ES,Sudeste,youtube,0,0,14113.47,784081,0,0,,
2024-10-28,96,PR,Sul,youtube,1,0,41597.61,2310978,0,0,,
2024-10-28,96,SC,Sul,youtube,0,0,26741.32,1485628,0,0,,
2024-10-28,96,RS,Sul,youtube,1,0,41597.61,2310978,0,0,,
2024-10-28,96,BA,Nordeste,youtube,0,0,53482.64,2971257,0,0,,
2024-10-28,96,CE,Nordeste,youtube,1,0,33426.65,1857035,0,0,,
2024-10-28,96,PE,Nordeste,youtube,0,0,35655.09,1980838,0,0,,
2024-10-28,96,MA,Nordeste,youtube,0,0,25255.69,1403093,0,0,,
2024-10-28,96,PB,Nordeste,youtube,0,0,14856.29,825349,0,0,,
2024-10-28,96,RN,Nordeste,youtube,0,0,13370.66,742814,0,0,,
2024-10-28,96,AL,Nordeste,youtube,0,0,11885.03,660279,0,0,,
2024-10-28,96,SE,Nordeste,youtube,0,0,8170.96,453942,0,0,,
2024-10-28,96,PI,Nordeste,youtube,0,0,11885.03,660279,0,0,,
2024-10-28,96,GO,Centro-Oeste,youtube,0,0,24512.87,1361826,0,0,,
2024-10-28,96,MT,Centro-Oeste,youtube,0,0,12627.84,701546,0,0,,
2024-10-28,96,MS,Centro-Oeste,youtube,0,0,9656.59,536477,0,0,,
2024-10-28,96,DF,Centro-Oeste,youtube,0,0,10399.4,577744,0,0,,
2024-10-28,96,AM,Norte,youtube,0,0,14856.29,825349,0,0,,
2024-10-28,96,PA,Norte,youtube,0,0,31198.2,1733233,0,0,,
2024-10-28,96,RO,Norte,youtube,0,0,5942.52,330139,0,0,,
2024-10-28,96,AC,Norte,youtube,0,0,2971.26,165069,0,0,,
2024-10-28,96,RR,Norte,youtube,0,0,2228.44,123802,0,0,,
2024-10-28,96,AP,Norte,youtube,0,0,2971.26,165069,0,0,,
2024-10-28,96,TO,Norte,youtube,0,0,5199.7,288872,0,0,,
2024-10-28,96,SP,Sudeste,meta,1,0,141691.84,11807653,0,0,,
2024-10-28,96,RJ,Sudeste,meta,1,0,53296.93,4441410,0,0,,
2024-10-28,96,MG,Sudeste,meta,0,0,66296.18,5524681,1,0,66296.18,
2024-10-28,96,ES,Sudeste,meta,0,0,12349.29,1029107,0,0,,
2024-10-28,96,PR,Sul,meta,1,0,36397.9,3033158,1,0,36397.9,
2024-10-28,96,SC,Sul,meta,0,0,23398.65,1949887,0,0,,
2024-10-28,96,RS,Sul,meta,1,0,36397.9,3033158,0,0,,
2024-10-28,96,BA,Nordeste,meta,0,0,46797.31,3899775,0,0,,
2024-10-28,96,CE,Nordeste,meta,1,0,29248.32,2437359,0,0,,
2024-10-28,96,PE,Nordeste,meta,0,0,31198.2,2599850,0,0,,
2024-10-28,96,MA,Nordeste,meta,0,0,22098.73,1841560,0,0,,
2024-10-28,96,PB,Nordeste,meta,0,0,12999.25,1083270,0,0,,
2024-10-28,96,RN,Nordeste,meta,0,0,11699.33,974943,0,0,,
2024-10-28,96,AL,Nordeste,meta,0,0,10399.4,866616,0,0,,
2024-10-28,96,SE,Nordeste,meta,0,0,7149.59,595799,0,0,,
2024-10-28,96,PI,Nordeste,meta,0,0,10399.4,866616,0,0,,
2024-10-28,96,GO,Centro-Oeste,meta,0,0,21448.77,1787397,0,0,,
2024-10-28,96,MT,Centro-Oeste,meta,0,0,11049.36,920780,0,0,,
2024-10-28,96,MS,Centro-Oeste,meta,0,0,8449.51,704126,0,0,,
2024-10-28,96,DF,Centro-Oeste,meta,0,0,9099.48,758289,0,0,,
2024-10-28,96,AM,Norte,meta,0,0,12999.25,1083270,0,0,,
2024-10-28,96,PA,Norte,meta,0,0,27298.43,2274869,0,0,,
2024-10-28,96,RO,Norte,meta,0,0,5199.7,433308,0,0,,
2024-10-28,96,AC,Norte,meta,0,0,2599.85,216654,0,0,,
2024-10-28,96,RR,Norte,meta,0,0,1949.89,162490,0,0,,
2024-10-28,96,AP,Norte,meta,0,0,2599.85,216654,0,0,,
2024-10-28,96,TO,Norte,meta,0,0,4549.74,379144,0,0,,
2024-10-28,96,SP,Sudeste,search,1,0,101208.46,12651057,0,0,,
2024-10-28,96,RJ,Sudeste,search,1,0,38069.24,4758654,0,0,,
2024-10-28,96,MG,Sudeste,search,0,0,47354.42,5919302,0,0,,
2024-10-28,96,ES,Sudeste,search,0,0,8820.92,1102615,0,0,,
2024-10-28,96,PR,Sul,search,1,0,25998.5,3249812,0,0,,
2024-10-28,96,SC,Sul,search,0,0,16713.32,2089165,0,0,,
2024-10-28,96,RS,Sul,search,1,0,25998.5,3249812,0,0,,
2024-10-28,96,BA,Nordeste,search,0,0,33426.65,4178330,1,0,33426.65,
2024-10-28,96,CE,Nordeste,search,1,0,20891.65,2611456,1,0,20891.65,
2024-10-28,96,PE,Nordeste,search,0,0,22284.43,2785553,0,0,,
2024-10-28,96,MA,Nordeste,search,0,0,15784.81,1973100,0,0,,
2024-10-28,96,PB,Nordeste,search,0,0,9285.18,1160647,0,0,,
2024-10-28,96,RN,Nordeste,search,0,0,8356.66,1044582,1,0,8356.66,
2024-10-28,96,AL,Nordeste,search,0,0,7428.14,928517,0,0,,
2024-10-28,96,SE,Nordeste,search,0,0,5106.85,638356,0,0,,
2024-10-28,96,PI,Nordeste,search,0,0,7428.14,928517,0,0,,
2024-10-28,96,GO,Centro-Oeste,search,0,0,15320.55,1915068,0,0,,
2024-10-28,96,MT,Centro-Oeste,search,0,0,7892.4,986550,0,0,,
2024-10-28,96,MS,Centro-Oeste,search,0,0,6035.37,754420,0,0,,
2024-10-28,96,DF,Centro-Oeste,search,0,0,6499.63,812453,0,0,,
2024-10-28,96,AM,Norte,search,0,0,9285.18,1160647,0,0,,
2024-10-28,96,PA,Norte,search,0,0,19498.88,2437359,0,0,,
2024-10-28,96,RO,Norte,search,0,0,3714.07,464258,0,0,,
2024-10-28,96,AC,Norte,search,0,0,1857.04,232129,0,0,,
2024-10-28,96,RR,Norte,search,0,0,1392.78,174097,0,0,,
2024-10-28,96,AP,Norte,search,0,0,1857.04,232129,0,0,,
2024-10-28,96,TO,Norte,search,0,0,3249.81,406226,0,0,,
2024-11-04,97,SP,Sudeste,youtube,1,0,162053.42,9002967,0,0,,
2024-11-04,97,RJ,Sudeste,youtube,1,0,60955.87,3386437,0,0,,
2024-11-04,97,MG,Sudeste,youtube,0,0,75823.16,4212397,0,0,,
2024-11-04,97,ES,Sudeste,youtube,0,0,14123.92,784662,0,0,,
2024-11-04,97,PR,Sul,youtube,1,0,41628.4,2312688,0,0,,
2024-11-04,97,SC,Sul,youtube,0,0,26761.11,1486728,0,0,,
2024-11-04,97,RS,Sul,youtube,1,0,41628.4,2312688,0,0,,
2024-11-04,97,BA,Nordeste,youtube,0,0,53522.23,2973457,0,0,,
2024-11-04,97,CE,Nordeste,youtube,1,0,33451.39,1858410,0,0,,
2024-11-04,97,PE,Nordeste,youtube,0,0,35681.49,1982304,0,0,,
2024-11-04,97,MA,Nordeste,youtube,0,0,25274.39,1404132,0,0,,
2024-11-04,97,PB,Nordeste,youtube,0,0,14867.29,825960,0,0,,
2024-11-04,97,RN,Nordeste,youtube,0,0,13380.56,743364,0,0,,
2024-11-04,97,AL,Nordeste,youtube,0,0,11893.83,660768,0,0,,
2024-11-04,97,SE,Nordeste,youtube,0,0,8177.01,454278,0,0,,
2024-11-04,97,PI,Nordeste,youtube,0,0,11893.83,660768,0,0,,
2024-11-04,97,GO,Centro-Oeste,youtube,0,0,24531.02,1362834,0,0,,
2024-11-04,97,MT,Centro-Oeste,youtube,0,0,12637.19,702066,0,0,,
2024-11-04,97,MS,Centro-Oeste,youtube,0,0,9663.74,536874,1,0,9663.74,
2024-11-04,97,DF,Centro-Oeste,youtube,0,0,10407.1,578172,0,0,,
2024-11-04,97,AM,Norte,youtube,0,0,14867.29,825960,0,0,,
2024-11-04,97,PA,Norte,youtube,0,0,31221.3,1734516,1,0,31221.3,
2024-11-04,97,RO,Norte,youtube,0,0,5946.91,330384,0,0,,
2024-11-04,97,AC,Norte,youtube,0,0,2973.46,165192,0,0,,
2024-11-04,97,RR,Norte,youtube,0,0,2230.09,123894,0,0,,
2024-11-04,97,AP,Norte,youtube,0,0,2973.46,165192,0,0,,
2024-11-04,97,TO,Norte,youtube,0,0,5203.55,289086,0,0,,
2024-11-04,97,SP,Sudeste,meta,1,0,141796.74,11816394,0,0,,
2024-11-04,97,RJ,Sudeste,meta,1,0,53336.39,4444698,0,0,,
2024-11-04,97,MG,Sudeste,meta,0,0,66345.26,5528771,0,0,,
2024-11-04,97,ES,Sudeste,meta,0,0,12358.43,1029869,0,0,,
2024-11-04,97,PR,Sul,meta,1,0,36424.85,3035404,0,0,,
2024-11-04,97,SC,Sul,meta,0,0,23415.98,1951331,0,0,,
2024-11-04,97,RS,Sul,meta,1,0,36424.85,3035404,0,0,,
2024-11-04,97,BA,Nordeste,meta,0,0,46831.95,3902662,0,0,,
2024-11-04,97,CE,Nordeste,meta,1,0,29269.97,2439164,0,0,,
2024-11-04,97,PE,Nordeste,meta,0,0,31221.3,2601775,0,0,,
2024-11-04,97,MA,Nordeste,meta,0,0,22115.09,1842923,0,0,,
2024-11-04,97,PB,Nordeste,meta,0,0,13008.88,1084072,0,0,,
2024-11-04,97,RN,Nordeste,meta,0,0,11707.99,975665,0,0,,
2024-11-04,97,AL,Nordeste,meta,0,0,10407.1,867258,0,0,,
2024-11-04,97,SE,Nordeste,meta,0,0,7154.88,596240,0,0,,
2024-11-04,97,PI,Nordeste,meta,0,0,10407.1,867258,1,0,10407.1,
2024-11-04,97,GO,Centro-Oeste,meta,0,0,21464.64,1788720,0,0,,
2024-11-04,97,MT,Centro-Oeste,meta,0,0,11057.54,921461,0,0,,
2024-11-04,97,MS,Centro-Oeste,meta,0,0,8455.77,704647,0,0,,
2024-11-04,97,DF,Centro-Oeste,meta,0,0,9106.21,758851,0,0,,
2024-11-04,97,AM,Norte,meta,0,0,13008.88,1084072,0,0,,
2024-11-04,97,PA,Norte,meta,0,0,27318.64,2276553,1,0,27318.64,
2024-11-04,97,RO,Norte,meta,0,0,5203.55,433629,0,0,,
2024-11-04,97,AC,Norte,meta,0,0,2601.78,216814,0,0,,
2024-11-04,97,RR,Norte,meta,0,0,1951.33,162610,0,0,,
2024-11-04,97,AP,Norte,meta,0,0,2601.78,216814,0,0,,
2024-11-04,97,TO,Norte,meta,0,0,4553.11,379425,0,0,,
2024-11-04,97,SP,Sudeste,search,1,0,101283.39,12660423,0,0,,
2024-11-04,97,RJ,Sudeste,search,1,0,38097.42,4762177,0,0,,
2024-11-04,97,MG,Sudeste,search,0,0,47389.47,5923684,0,0,,
2024-11-04,97,ES,Sudeste,search,0,0,8827.45,1103431,0,0,,
2024-11-04,97,PR,Sul,search,1,0,26017.75,3252218,0,0,,
2024-11-04,97,SC,Sul,search,0,0,16725.7,2090712,1,0,16725.7,
2024-11-04,97,RS,Sul,search,1,0,26017.75,3252218,0,0,,
2024-11-04,97,BA,Nordeste,search,0,0,33451.39,4181424,0,0,,
2024-11-04,97,CE,Nordeste,search,1,0,20907.12,2613390,0,0,,
2024-11-04,97,PE,Nordeste,search,0,0,22300.93,2787616,0,0,,
2024-11-04,97,MA,Nordeste,search,0,0,15796.49,1974561,0,0,,
2024-11-04,97,PB,Nordeste,search,0,0,9292.05,1161506,0,0,,
2024-11-04,97,RN,Nordeste,search,0,0,8362.85,1045356,0,0,,
2024-11-04,97,AL,Nordeste,search,0,0,7433.64,929205,0,0,,
2024-11-04,97,SE,Nordeste,search,0,0,5110.63,638828,0,0,,
2024-11-04,97,PI,Nordeste,search,0,0,7433.64,929205,0,0,,
2024-11-04,97,GO,Centro-Oeste,search,0,0,15331.89,1916486,0,0,,
2024-11-04,97,MT,Centro-Oeste,search,0,0,7898.25,987280,0,0,,
2024-11-04,97,MS,Centro-Oeste,search,0,0,6039.83,754979,0,0,,
2024-11-04,97,DF,Centro-Oeste,search,0,0,6504.44,813054,0,0,,
2024-11-04,97,AM,Norte,search,0,0,9292.05,1161506,0,0,,
2024-11-04,97,PA,Norte,search,0,0,19513.31,2439164,0,0,,
2024-11-04,97,RO,Norte,search,0,0,3716.82,464602,0,0,,
2024-11-04,97,AC,Norte,search,0,0,1858.41,232301,0,0,,
2024-11-04,97,RR,Norte,search,0,0,1393.81,174226,0,0,,
2024-11-04,97,AP,Norte,search,0,0,1858.41,232301,0,0,,
2024-11-04,97,TO,Norte,search,0,0,3252.22,406527,0,0,,
2024-11-11,98,SP,Sudeste,youtube,1,0,188221.18,10456732,0,0,,
2024-11-11,98,RJ,Sudeste,youtube,1,0,70798.79,3933266,0,0,,
2024-11-11,98,MG,Sudeste,youtube,0,0,88066.79,4892599,0,0,,
2024-11-11,98,ES,Sudeste,youtube,0,0,16404.6,911366,1,0,16404.6,
2024-11-11,98,PR,Sul,youtube,1,0,48350.4,2686133,1,0,48350.4,
2024-11-11,98,SC,Sul,youtube,0,0,31082.4,1726799,0,0,,
2024-11-11,98,RS,Sul,youtube,1,0,48350.4,2686133,0,0,,
2024-11-11,98,BA,Nordeste,youtube,0,0,62164.79,3453599,0,0,,
2024-11-11,98,CE,Nordeste,youtube,1,0,38853.0,2158499,0,0,,
2024-11-11,98,PE,Nordeste,youtube,0,0,41443.2,2302399,0,0,,
2024-11-11,98,MA,Nordeste,youtube,0,0,29355.6,1630866,0,0,,
2024-11-11,98,PB,Nordeste,youtube,0,0,17268.0,959333,0,0,,
2024-11-11,98,RN,Nordeste,youtube,0,0,15541.2,863399,0,0,,
2024-11-11,98,AL,Nordeste,youtube,0,0,13814.4,767466,0,0,,
2024-11-11,98,SE,Nordeste,youtube,0,0,9497.4,527633,0,0,,
2024-11-11,98,PI,Nordeste,youtube,0,0,13814.4,767466,0,0,,
2024-11-11,98,GO,Centro-Oeste,youtube,0,0,28492.2,1582899,0,0,,
2024-11-11,98,MT,Centro-Oeste,youtube,0,0,14677.8,815433,0,0,,
2024-11-11,98,MS,Centro-Oeste,youtube,0,0,11224.2,623566,0,0,,
2024-11-11,98,DF,Centro-Oeste,youtube,0,0,12087.6,671533,0,0,,
2024-11-11,98,AM,Norte,youtube,0,0,17268.0,959333,0,0,,
2024-11-11,98,PA,Norte,youtube,0,0,36262.8,2014599,0,0,,
2024-11-11,98,RO,Norte,youtube,0,0,6907.2,383733,0,0,,
2024-11-11,98,AC,Norte,youtube,0,0,3453.6,191866,0,0,,
2024-11-11,98,RR,Norte,youtube,0,0,2590.2,143899,0,0,,
2024-11-11,98,AP,Norte,youtube,0,0,3453.6,191866,0,0,,
2024-11-11,98,TO,Norte,youtube,0,0,6043.8,335766,0,0,,
2024-11-11,98,SP,Sudeste,meta,1,0,164693.54,13724461,0,0,,
2024-11-11,98,RJ,Sudeste,meta,1,0,61948.94,5162412,0,0,,
2024-11-11,98,MG,Sudeste,meta,0,0,77058.44,6421536,0,0,,
2024-11-11,98,ES,Sudeste,meta,0,0,14354.02,1196168,0,0,,
2024-11-11,98,PR,Sul,meta,1,0,42306.6,3525549,0,0,,
2024-11-11,98,SC,Sul,meta,0,0,27197.1,2266424,0,0,,
2024-11-11,98,RS,Sul,meta,1,0,42306.6,3525549,0,0,,
2024-11-11,98,BA,Nordeste,meta,0,0,54394.2,4532849,0,0,,
2024-11-11,98,CE,Nordeste,meta,1,0,33996.37,2833030,0,0,,
2024-11-11,98,PE,Nordeste,meta,0,0,36262.8,3021899,0,0,,
2024-11-11,98,MA,Nordeste,meta,0,0,25686.15,2140512,0,0,,
2024-11-11,98,PB,Nordeste,meta,0,0,15109.5,1259124,0,0,,
2024-11-11,98,RN,Nordeste,meta,0,0,13598.55,1133212,0,0,,
2024-11-11,98,AL,Nordeste,meta,0,0,12087.6,1007299,0,0,,
2024-11-11,98,SE,Nordeste,meta,0,0,8310.22,692518,0,0,,
2024-11-11,98,PI,Nordeste,meta,0,0,12087.6,1007299,0,0,,
2024-11-11,98,GO,Centro-Oeste,meta,0,0,24930.67,2077556,0,0,,
2024-11-11,98,MT,Centro-Oeste,meta,0,0,12843.07,1070256,0,0,,
2024-11-11,98,MS,Centro-Oeste,meta,0,0,9821.17,818431,0,0,,
2024-11-11,98,DF,Centro-Oeste,meta,0,0,10576.65,881387,1,0,10576.65,
2024-11-11,98,AM,Norte,meta,0,0,15109.5,1259124,0,0,,
2024-11-11,98,PA,Norte,meta,0,0,31729.95,2644162,0,0,,
2024-11-11,98,RO,Norte,meta,0,0,6043.8,503649,0,0,,
2024-11-11,98,AC,Norte,meta,0,0,3021.9,251824,0,0,,
2024-11-11,98,RR,Norte,meta,0,0,2266.42,188868,0,0,,
2024-11-11,98,AP,Norte,meta,0,0,3021.9,251824,0,0,,
2024-11-11,98,TO,Norte,meta,0,0,5288.32,440693,0,0,,
2024-11-11,98,SP,Sudeste,search,1,0,117638.24,14704779,0,0,,
2024-11-11,98,RJ,Sudeste,search,1,0,44249.25,5531155,0,0,,
2024-11-11,98,MG,Sudeste,search,0,0,55041.75,6880218,0,0,,
2024-11-11,98,ES,Sudeste,search,0,0,10252.87,1281609,0,0,,
2024-11-11,98,PR,Sul,search,1,0,30219.0,3777374,0,0,,
2024-11-11,98,SC,Sul,search,0,0,19426.5,2428312,0,0,,
2024-11-11,98,RS,Sul,search,1,0,30219.0,3777374,0,0,,
2024-11-11,98,BA,Nordeste,search,0,0,38853.0,4856624,0,0,,
2024-11-11,98,CE,Nordeste,search,1,0,24283.12,3035390,0,0,,
2024-11-11,98,PE,Nordeste,search,0,0,25902.0,3237749,0,0,,
2024-11-11,98,MA,Nordeste,search,0,0,18347.25,2293406,0,0,,
2024-11-11,98,PB,Nordeste,search,0,0,10792.5,1349062,0,0,,
2024-11-11,98,RN,Nordeste,search,0,0,9713.25,1214156,0,0,,
2024-11-11,98,AL,Nordeste,search,0,0,8634.0,1079249,0,0,,
2024-11-11,98,SE,Nordeste,search,0,0,5935.87,741984,0,0,,
2024-11-11,98,PI,Nordeste,search,0,0,8634.0,1079249,0,0,,
2024-11-11,98,GO,Centro-Oeste,search,0,0,17807.62,2225952,0,0,,
2024-11-11,98,MT,Centro-Oeste,search,0,0,9173.62,1146703,0,0,,
2024-11-11,98,MS,Centro-Oeste,search,0,0,7015.12,876890,0,0,,
2024-11-11,98,DF,Centro-Oeste,search,0,0,7554.75,944343,0,0,,
2024-11-11,98,AM,Norte,search,0,0,10792.5,1349062,0,0,,
2024-11-11,98,PA,Norte,search,0,0,22664.25,2833030,0,0,,
2024-11-11,98,RO,Norte,search,0,0,4317.0,539624,0,0,,
2024-11-11,98,AC,Norte,search,0,0,2158.5,269812,0,0,,
2024-11-11,98,RR,Norte,search,0,0,1618.87,202359,0,0,,
2024-11-11,98,AP,Norte,search,0,0,2158.5,269812,0,0,,
2024-11-11,98,TO,Norte,search,0,0,3777.37,472171,0,0,,
2024-11-18,99,SP,Sudeste,youtube,1,0,209590.34,11643907,0,0,,
2024-11-18,99,RJ,Sudeste,youtube,1,0,78836.73,4379818,0,0,,
2024-11-18,99,MG,Sudeste,youtube,0,0,98065.2,5448066,0,0,,
2024-11-18,99,ES,Sudeste,youtube,0,0,18267.05,1014835,0,0,,
2024-11-18,99,PR,Sul,youtube,1,0,53839.72,2991095,0,0,,
2024-11-18,99,SC,Sul,youtube,0,0,34611.25,1922847,0,0,,
2024-11-18,99,RS,Sul,youtube,1,0,53839.72,2991095,0,0,,
2024-11-18,99,BA,Nordeste,youtube,0,0,69222.5,3845694,0,0,,
2024-11-18,99,CE,Nordeste,youtube,1,0,43264.06,2403558,0,0,,
2024-11-18,99,PE,Nordeste,youtube,0,0,46148.33,2563796,0,0,,
2024-11-18,99,MA,Nordeste,youtube,0,0,32688.4,1816022,0,0,,
2024-11-18,99,PB,Nordeste,youtube,0,0,19228.47,1068248,0,0,,
2024-11-18,99,RN,Nordeste,youtube,0,0,17305.62,961423,0,0,,
2024-11-18,99,AL,Nordeste,youtube,0,0,15382.78,854598,0,0,,
2024-11-18,99,SE,Nordeste,youtube,0,0,10575.66,587536,0,0,,
2024-11-18,99,PI,Nordeste,youtube,0,0,15382.78,854598,0,0,,
2024-11-18,99,GO,Centro-Oeste,youtube,0,0,31726.98,1762609,1,0,31726.98,
2024-11-18,99,MT,Centro-Oeste,youtube,0,0,16344.2,908011,0,0,,
2024-11-18,99,MS,Centro-Oeste,youtube,0,0,12498.51,694361,0,0,,
2024-11-18,99,DF,Centro-Oeste,youtube,0,0,13459.93,747773,1,0,13459.93,
2024-11-18,99,AM,Norte,youtube,0,0,19228.47,1068248,0,0,,
2024-11-18,99,PA,Norte,youtube,0,0,40379.79,2243321,0,0,,
2024-11-18,99,RO,Norte,youtube,0,0,7691.39,427299,0,0,,
2024-11-18,99,AC,Norte,youtube,0,0,3845.69,213649,0,0,,
2024-11-18,99,RR,Norte,youtube,0,0,2884.27,160237,0,0,,
2024-11-18,99,AP,Norte,youtube,0,0,3845.69,213649,0,0,,
2024-11-18,99,TO,Norte,youtube,0,0,6729.96,373886,0,0,,
2024-11-18,99,SP,Sudeste,meta,1,0,183391.55,15282628,1,0,183391.55,
2024-11-18,99,RJ,Sudeste,meta,1,0,68982.14,5748511,0,0,,
2024-11-18,99,MG,Sudeste,meta,0,0,85807.05,7150587,0,0,,
2024-11-18,99,ES,Sudeste,meta,0,0,15983.67,1331972,0,0,,
2024-11-18,99,PR,Sul,meta,1,0,47109.75,3925812,0,0,,
2024-11-18,99,SC,Sul,meta,0,0,30284.84,2523736,0,0,,
2024-11-18,99,RS,Sul,meta,1,0,47109.75,3925812,0,0,,
2024-11-18,99,BA,Nordeste,meta,0,0,60569.68,5047473,0,0,,
2024-11-18,99,CE,Nordeste,meta,1,0,37856.05,3154671,0,0,,
2024-11-18,99,PE,Nordeste,meta,0,0,40379.79,3364982,0,0,,
2024-11-18,99,MA,Nordeste,meta,0,0,28602.35,2383529,0,0,,
2024-11-18,99,PB,Nordeste,meta,0,0,16824.91,1402076,1,0,16824.91,
2024-11-18,99,RN,Nordeste,meta,0,0,15142.42,1261868,0,0,,
2024-11-18,99,AL,Nordeste,meta,0,0,13459.93,1121660,0,0,,
2024-11-18,99,SE,Nordeste,meta,0,0,9253.7,771141,0,0,,
2024-11-18,99,PI,Nordeste,meta,0,0,13459.93,1121660,0,0,,
2024-11-18,99,GO,Centro-Oeste,meta,0,0,27761.11,2313425,0,0,,
2024-11-18,99,MT,Centro-Oeste,meta,0,0,14301.18,1191764,0,0,,
2024-11-18,99,MS,Centro-Oeste,meta,0,0,10936.19,911349,0,0,,
2024-11-18,99,DF,Centro-Oeste,meta,0,0,11777.44,981453,1,0,11777.44,
2024-11-18,99,AM,Norte,meta,0,0,16824.91,1402076,0,0,,
2024-11-18,99,PA,Norte,meta,0,0,35332.32,2944359,1,0,35332.32,
2024-11-18,99,RO,Norte,meta,0,0,6729.96,560830,0,0,,
2024-11-18,99,AC,Norte,meta,0,0,3364.98,280415,0,0,,
2024-11-18,99,RR,Norte,meta,0,0,2523.74,210311,0,0,,
2024-11-18,99,AP,Norte,meta,0,0,3364.98,280415,0,0,,
2024-11-18,99,TO,Norte,meta,0,0,5888.72,490726,0,0,,
2024-11-18,99,SP,Sudeste,search,1,0,130993.96,16374245,0,0,,
2024-11-18,99,RJ,Sudeste,search,1,0,49272.96,6159119,0,0,,
2024-11-18,99,MG,Sudeste,search,0,0,61290.75,7661344,0,0,,
2024-11-18,99,ES,Sudeste,search,0,0,11416.9,1427113,0,0,,
2024-11-18,99,PR,Sul,search,1,0,33649.82,4206228,0,0,,
2024-11-18,99,SC,Sul,search,0,0,21632.03,2704003,0,0,,
2024-11-18,99,RS,Sul,search,1,0,33649.82,4206228,0,0,,
2024-11-18,99,BA,Nordeste,search,0,0,43264.06,5408007,0,0,,
2024-11-18,99,CE,Nordeste,search,1,0,27040.04,3380004,0,0,,
2024-11-18,99,PE,Nordeste,search,0,0,28842.71,3605338,0,0,,
2024-11-18,99,MA,Nordeste,search,0,0,20430.25,2553781,0,0,,
2024-11-18,99,PB,Nordeste,search,0,0,12017.79,1502224,0,0,,
2024-11-18,99,RN,Nordeste,search,0,0,10816.02,1352001,0,0,,
2024-11-18,99,AL,Nordeste,search,0,0,9614.24,1201779,0,0,,
2024-11-18,99,SE,Nordeste,search,0,0,6609.79,826223,0,0,,
2024-11-18,99,PI,Nordeste,search,0,0,9614.24,1201779,0,0,,
2024-11-18,99,GO,Centro-Oeste,search,0,0,19829.36,2478670,0,0,,
2024-11-18,99,MT,Centro-Oeste,search,0,0,10215.13,1276890,0,0,,
2024-11-18,99,MS,Centro-Oeste,search,0,0,7811.57,976445,0,0,,
2024-11-18,99,DF,Centro-Oeste,search,0,0,8412.46,1051557,0,0,,
2024-11-18,99,AM,Norte,search,0,0,12017.79,1502224,1,0,12017.79,
2024-11-18,99,PA,Norte,search,0,0,25237.37,3154671,0,0,,
2024-11-18,99,RO,Norte,search,0,0,4807.12,600889,0,0,,
2024-11-18,99,AC,Norte,search,0,0,2403.56,300444,0,0,,
2024-11-18,99,RR,Norte,search,0,0,1802.67,225333,0,0,,
2024-11-18,99,AP,Norte,search,0,0,2403.56,300444,0,0,,
2024-11-18,99,TO,Norte,search,0,0,4206.23,525778,0,0,,
2024-11-25,100,SP,Sudeste,youtube,1,0,173215.37,9623075,0,0,,
2024-11-25,100,RJ,Sudeste,youtube,1,0,65154.4,3619689,0,0,,
2024-11-25,100,MG,Sudeste,youtube,0,0,81045.72,4502540,0,0,,
2024-11-25,100,ES,Sudeste,youtube,0,0,15096.75,838708,0,0,,
2024-11-25,100,PR,Sul,youtube,1,0,44495.69,2471982,0,0,,
2024-11-25,100,SC,Sul,youtube,0,0,28604.37,1589131,0,0,,
2024-11-25,100,RS,Sul,youtube,1,0,44495.69,2471982,0,0,,
2024-11-25,100,BA,Nordeste,youtube,0,0,57208.75,3178263,0,0,,
2024-11-25,100,CE,Nordeste,youtube,1,0,35755.47,1986414,0,0,,
2024-11-25,100,PE,Nordeste,youtube,0,0,38139.16,2118842,0,0,,
2024-11-25,100,MA,Nordeste,youtube,0,0,27015.24,1500846,0,0,,
2024-11-25,100,PB,Nordeste,youtube,0,0,15891.32,882851,0,0,,
2024-11-25,100,RN,Nordeste,youtube,0,0,14302.19,794565,0,0,,
2024-11-25,100,AL,Nordeste,youtube,0,0,12713.05,706280,1,0,12713.05,
2024-11-25,100,SE,Nordeste,youtube,0,0,8740.22,485568,0,0,,
2024-11-25,100,PI,Nordeste,youtube,0,0,12713.05,706280,0,0,,
2024-11-25,100,GO,Centro-Oeste,youtube,0,0,26220.67,1456704,0,0,,
2024-11-25,100,MT,Centro-Oeste,youtube,0,0,13507.62,750423,0,0,,
2024-11-25,100,MS,Centro-Oeste,youtube,0,0,10329.36,573853,0,0,,
2024-11-25,100,DF,Centro-Oeste,youtube,0,0,11123.92,617995,1,0,11123.92,
2024-11-25,100,AM,Norte,youtube,0,0,15891.32,882851,0,0,,
2024-11-25,100,PA,Norte,youtube,0,0,33371.77,1853987,0,0,,
2024-11-25,100,RO,Norte,youtube,0,0,6356.53,353140,0,0,,
2024-11-25,100,AC,Norte,youtube,0,0,3178.26,176570,0,0,,
2024-11-25,100,RR,Norte,youtube,0,0,2383.7,132427,0,0,,
2024-11-25,100,AP,Norte,youtube,0,0,3178.26,176570,0,0,,
2024-11-25,100,TO,Norte,youtube,0,0,5561.96,308997,0,0,,
2024-11-25,100,SP,Sudeste,meta,1,0,151563.45,12630287,0,0,,
2024-11-25,100,RJ,Sudeste,meta,1,0,57010.1,4750841,0,0,,
2024-11-25,100,MG,Sudeste,meta,0,0,70915.01,5909583,0,0,,
2024-11-25,100,ES,Sudeste,meta,0,0,13209.66,1100804,0,0,,
2024-11-25,100,PR,Sul,meta,1,0,38933.73,3244477,0,0,,
2024-11-25,100,SC,Sul,meta,0,0,25028.83,2085735,0,0,,
2024-11-25,100,RS,Sul,meta,1,0,38933.73,3244477,0,0,,
2024-11-25,100,BA,Nordeste,meta,0,0,50057.65,4171470,0,0,,
2024-11-25,100,CE,Nordeste,meta,1,0,31286.03,2607169,0,0,,
2024-11-25,100,PE,Nordeste,meta,0,0,33371.77,2780980,0,0,,
2024-11-25,100,MA,Nordeste,meta,0,0,23638.34,1969861,0,0,,
2024-11-25,100,PB,Nordeste,meta,0,0,13904.9,1158741,0,0,,
2024-11-25,100,RN,Nordeste,meta,0,0,12514.41,1042867,0,0,,
2024-11-25,100,AL,Nordeste,meta,0,0,11123.92,926993,0,0,,
2024-11-25,100,SE,Nordeste,meta,0,0,7647.7,637308,0,0,,
2024-11-25,100,PI,Nordeste,meta,0,0,11123.92,926993,0,0,,
2024-11-25,100,GO,Centro-Oeste,meta,0,0,22943.09,1911924,0,0,,
2024-11-25,100,MT,Centro-Oeste,meta,0,0,11819.17,984930,0,0,,
2024-11-25,100,MS,Centro-Oeste,meta,0,0,9038.19,753182,0,0,,
2024-11-25,100,DF,Centro-Oeste,meta,0,0,9733.43,811119,0,0,,
2024-11-25,100,AM,Norte,meta,0,0,13904.9,1158741,0,0,,
2024-11-25,100,PA,Norte,meta,0,0,29200.3,2433358,0,0,,
2024-11-25,100,RO,Norte,meta,0,0,5561.96,463496,0,0,,
2024-11-25,100,AC,Norte,meta,0,0,2780.98,231748,0,0,,
2024-11-25,100,RR,Norte,meta,0,0,2085.74,173811,0,0,,
2024-11-25,100,AP,Norte,meta,0,0,2780.98,231748,0,0,,
2024-11-25,100,TO,Norte,meta,0,0,4866.72,405559,0,0,,
2024-11-25,100,SP,Sudeste,search,1,0,108259.6,13532450,0,0,,
2024-11-25,100,RJ,Sudeste,search,1,0,40721.5,5090187,0,0,,
2024-11-25,100,MG,Sudeste,search,0,0,50653.58,6331697,0,0,,
2024-11-25,100,ES,Sudeste,search,0,0,9435.47,1179433,0,0,,
2024-11-25,100,PR,Sul,search,1,0,27809.81,3476225,0,0,,
2024-11-25,100,SC,Sul,search,0,0,17877.73,2234716,0,0,,
2024-11-25,100,RS,Sul,search,1,0,27809.81,3476225,0,0,,
2024-11-25,100,BA,Nordeste,search,0,0,35755.47,4469433,0,0,,
2024-11-25,100,CE,Nordeste,search,1,0,22347.17,2793395,0,0,,
2024-11-25,100,PE,Nordeste,search,0,0,23836.98,2979622,0,0,,
2024-11-25,100,MA,Nordeste,search,0,0,16884.53,2110565,0,0,,
2024-11-25,100,PB,Nordeste,search,0,0,9932.07,1241509,0,0,,
2024-11-25,100,RN,Nordeste,search,0,0,8938.87,1117358,0,0,,
2024-11-25,100,AL,Nordeste,search,0,0,7945.66,993207,0,0,,
2024-11-25,100,SE,Nordeste,search,0,0,5462.64,682830,0,0,,
2024-11-25,100,PI,Nordeste,search,0,0,7945.66,993207,0,0,,
2024-11-25,100,GO,Centro-Oeste,search,0,0,16387.92,2048490,0,0,,
2024-11-25,100,MT,Centro-Oeste,search,0,0,8442.26,1055282,0,0,,
2024-11-25,100,MS,Centro-Oeste,search,0,0,6455.85,806980,0,0,,
2024-11-25,100,DF,Centro-Oeste,search,0,0,6952.45,869056,0,0,,
2024-11-25,100,AM,Norte,search,0,0,9932.07,1241509,0,0,,
2024-11-25,100,PA,Norte,search,0,0,20857.35,2607169,0,0,,
2024-11-25,100,RO,Norte,search,0,0,3972.83,496603,0,0,,
2024-11-25,100,AC,Norte,search,0,0,1986.41,248301,1,0,1986.41,
2024-11-25,100,RR,Norte,search,0,0,1489.81,186226,0,0,,
2024-11-25,100,AP,Norte,search,0,0,1986.41,248301,0,0,,
2024-11-25,100,TO,Norte,search,0,0,3476.23,434528,0,0,,
2024-12-02,101,SP,Sudeste,youtube,1,0,215450.74,11969485,0,0,,
2024-12-02,101,RJ,Sudeste,youtube,1,0,81041.1,4502283,0,0,,
2024-12-02,101,MG,Sudeste,youtube,0,0,100807.22,5600401,0,0,,
2024-12-02,101,ES,Sudeste,youtube,0,0,18777.82,1043212,0,0,,
2024-12-02,101,PR,Sul,youtube,1,0,55345.14,3074730,0,0,,
2024-12-02,101,SC,Sul,youtube,0,0,35579.02,1976612,0,0,,
2024-12-02,101,RS,Sul,youtube,1,0,55345.14,3074730,0,0,,
2024-12-02,101,BA,Nordeste,youtube,0,0,71158.04,3953224,0,0,,
2024-12-02,101,CE,Nordeste,youtube,1,0,44473.78,2470765,0,0,,
2024-12-02,101,PE,Nordeste,youtube,0,0,47438.69,2635482,0,0,,
2024-12-02,101,MA,Nordeste,youtube,0,0,33602.41,1866800,0,0,,
2024-12-02,101,PB,Nordeste,youtube,0,0,19766.12,1098117,0,0,,
2024-12-02,101,RN,Nordeste,youtube,0,0,17789.51,988306,0,0,,
2024-12-02,101,AL,Nordeste,youtube,0,0,15812.9,878494,0,0,,
2024-12-02,101,SE,Nordeste,youtube,0,0,10871.37,603964,1,0,10871.37,
2024-12-02,101,PI,Nordeste,youtube,0,0,15812.9,878494,0,0,,
2024-12-02,101,GO,Centro-Oeste,youtube,0,0,32614.1,1811894,0,0,,
2024-12-02,101,MT,Centro-Oeste,youtube,0,0,16801.2,933400,0,0,,
2024-12-02,101,MS,Centro-Oeste,youtube,0,0,12847.98,713776,0,0,,
2024-12-02,101,DF,Centro-Oeste,youtube,0,0,13836.29,768682,0,0,,
2024-12-02,101,AM,Norte,youtube,0,0,19766.12,1098117,0,0,,
2024-12-02,101,PA,Norte,youtube,0,0,41508.86,2306047,1,0,41508.86,
2024-12-02,101,RO,Norte,youtube,0,0,7906.45,439247,0,0,,
2024-12-02,101,AC,Norte,youtube,0,0,3953.22,219623,0,0,,
2024-12-02,101,RR,Norte,youtube,0,0,2964.92,164717,0,0,,
2024-12-02,101,AP,Norte,youtube,0,0,3953.22,219623,0,0,,
2024-12-02,101,TO,Norte,youtube,0,0,6918.14,384341,0,0,,
2024-12-02,101,SP,Sudeste,meta,1,0,188519.39,15709949,0,0,,
2024-12-02,101,RJ,Sudeste,meta,1,0,70910.96,5909247,0,0,,
2024-12-02,101,MG,Sudeste,meta,0,0,88206.32,7350526,0,0,,
2024-12-02,101,ES,Sudeste,meta,0,0,16430.59,1369215,1,0,16430.59,
2024-12-02,101,PR,Sul,meta,1,0,48427.0,4035583,0,0,,
2024-12-02,101,SC,Sul,meta,0,0,31131.64,2594303,0,0,,
2024-12-02,101,RS,Sul,meta,1,0,48427.0,4035583,0,0,,
2024-12-02,101,BA,Nordeste,meta,0,0,62263.29,5188607,0,0,,
2024-12-02,101,CE,Nordeste,meta,1,0,38914.55,3242879,0,0,,
2024-12-02,101,PE,Nordeste,meta,0,0,41508.86,3459071,0,0,,
2024-12-02,101,MA,Nordeste,meta,0,0,29402.11,2450175,0,0,,
2024-12-02,101,PB,Nordeste,meta,0,0,17295.36,1441279,0,0,,
2024-12-02,101,RN,Nordeste,meta,0,0,15565.82,1297151,0,0,,
2024-12-02,101,AL,Nordeste,meta,0,0,13836.29,1153023,0,0,,
2024-12-02,101,SE,Nordeste,meta,0,0,9512.45,792703,0,0,,
2024-12-02,101,PI,Nordeste,meta,0,0,13836.29,1153023,0,0,,
2024-12-02,101,GO,Centro-Oeste,meta,0,0,28537.34,2378111,0,0,,
2024-12-02,101,MT,Centro-Oeste,meta,0,0,14701.05,1225087,0,0,,
2024-12-02,101,MS,Centro-Oeste,meta,0,0,11241.98,936831,0,0,,
2024-12-02,101,DF,Centro-Oeste,meta,0,0,12106.75,1008895,0,0,,
2024-12-02,101,AM,Norte,meta,0,0,17295.36,1441279,0,0,,
2024-12-02,101,PA,Norte,meta,0,0,36320.25,3026687,0,0,,
2024-12-02,101,RO,Norte,meta,0,0,6918.14,576511,0,0,,
2024-12-02,101,AC,Norte,meta,0,0,3459.07,288255,0,0,,
2024-12-02,101,RR,Norte,meta,0,0,2594.3,216191,0,0,,
2024-12-02,101,AP,Norte,meta,0,0,3459.07,288255,0,0,,
2024-12-02,101,TO,Norte,meta,0,0,6053.38,504447,0,0,,
2024-12-02,101,SP,Sudeste,search,1,0,134656.71,16832088,0,0,,
2024-12-02,101,RJ,Sudeste,search,1,0,50650.69,6331336,0,0,,
2024-12-02,101,MG,Sudeste,search,0,0,63004.52,7875564,0,0,,
2024-12-02,101,ES,Sudeste,search,0,0,11736.14,1467016,0,0,,
2024-12-02,101,PR,Sul,search,1,0,34590.71,4323839,0,0,,
2024-12-02,101,SC,Sul,search,0,0,22236.89,2779610,0,0,,
2024-12-02,101,RS,Sul,search,1,0,34590.71,4323839,0,0,,
2024-12-02,101,BA,Nordeste,search,0,0,44473.78,5559221,0,0,,
2024-12-02,101,CE,Nordeste,search,1,0,27796.11,3474513,0,0,,
2024-12-02,101,PE,Nordeste,search,0,0,29649.18,3706147,0,0,,
2024-12-02,101,MA,Nordeste,search,0,0,21001.51,2625188,0,0,,
2024-12-02,101,PB,Nordeste,search,0,0,12353.83,1544228,0,0,,
2024-12-02,101,RN,Nordeste,search,0,0,11118.44,1389805,0,0,,
2024-12-02,101,AL,Nordeste,search,0,0,9883.06,1235382,0,0,,
2024-12-02,101,SE,Nordeste,search,0,0,6794.6,849325,0,0,,
2024-12-02,101,PI,Nordeste,search,0,0,9883.06,1235382,0,0,,
2024-12-02,101,GO,Centro-Oeste,search,0,0,20383.81,2547976,0,0,,
2024-12-02,101,MT,Centro-Oeste,search,0,0,10500.75,1312594,0,0,,
2024-12-02,101,MS,Centro-Oeste,search,0,0,8029.99,1003748,0,0,,
2024-12-02,101,DF,Centro-Oeste,search,0,0,8647.68,1080959,0,0,,
2024-12-02,101,AM,Norte,search,0,0,12353.83,1544228,0,0,,
2024-12-02,101,PA,Norte,search,0,0,25943.04,3242879,0,0,,
2024-12-02,101,RO,Norte,search,0,0,4941.53,617691,0,0,,
2024-12-02,101,AC,Norte,search,0,0,2470.77,308845,0,0,,
2024-12-02,101,RR,Norte,search,0,0,1853.07,231634,0,0,,
2024-12-02,101,AP,Norte,search,0,0,2470.77,308845,0,0,,
2024-12-02,101,TO,Norte,search,0,0,4323.84,540479,0,0,,
2024-12-09,102,SP,Sudeste,youtube,1,0,192588.15,10699341,0,0,,
2024-12-09,102,RJ,Sudeste,youtube,1,0,72441.41,4024523,0,0,,
2024-12-09,102,MG,Sudeste,youtube,0,0,90110.05,5006113,0,0,,
2024-12-09,102,ES,Sudeste,youtube,0,0,16785.21,932511,0,0,,
2024-12-09,102,PR,Sul,youtube,1,0,49472.19,2748454,0,0,,
2024-12-09,102,SC,Sul,youtube,0,0,31803.55,1766863,0,0,,
2024-12-09,102,RS,Sul,youtube,1,0,49472.19,2748454,0,0,,
2024-12-09,102,BA,Nordeste,youtube,0,0,63607.1,3533727,0,0,,
2024-12-09,102,CE,Nordeste,youtube,1,0,39754.43,2208579,0,0,,
2024-12-09,102,PE,Nordeste,youtube,0,0,42404.73,2355818,1,0,42404.73,
2024-12-09,102,MA,Nordeste,youtube,0,0,30036.68,1668704,0,0,,
2024-12-09,102,PB,Nordeste,youtube,0,0,17668.64,981590,0,0,,
2024-12-09,102,RN,Nordeste,youtube,0,0,15901.77,883431,0,0,,
2024-12-09,102,AL,Nordeste,youtube,0,0,14134.91,785272,0,0,,
2024-12-09,102,SE,Nordeste,youtube,0,0,9717.75,539875,0,0,,
2024-12-09,102,PI,Nordeste,youtube,0,0,14134.91,785272,0,0,,
2024-12-09,102,GO,Centro-Oeste,youtube,0,0,29153.25,1619625,0,0,,
2024-12-09,102,MT,Centro-Oeste,youtube,0,0,15018.34,834352,0,0,,
2024-12-09,102,MS,Centro-Oeste,youtube,0,0,11484.61,638034,0,0,,
2024-12-09,102,DF,Centro-Oeste,youtube,0,0,12368.05,687113,0,0,,
2024-12-09,102,AM,Norte,youtube,0,0,17668.64,981590,0,0,,
2024-12-09,102,PA,Norte,youtube,0,0,37104.14,2061341,0,0,,
2024-12-09,102,RO,Norte,youtube,0,0,7067.46,392636,0,0,,
2024-12-09,102,AC,Norte,youtube,0,0,3533.73,196318,0,0,,
2024-12-09,102,RR,Norte,youtube,0,0,2650.3,147238,0,0,,
2024-12-09,102,AP,Norte,youtube,0,0,3533.73,196318,0,0,,
2024-12-09,102,TO,Norte,youtube,0,0,6184.02,343556,1,0,6184.02,
2024-12-09,102,SP,Sudeste,meta,1,0,168514.63,14042885,0,0,,
2024-12-09,102,RJ,Sudeste,meta,1,0,63386.24,5282186,0,0,,
2024-12-09,102,MG,Sudeste,meta,0,0,78846.3,6570524,0,0,,
2024-12-09,102,ES,Sudeste,meta,0,0,14687.06,1223921,0,0,,
2024-12-09,102,PR,Sul,meta,1,0,43288.16,3607346,0,0,,
2024-12-09,102,SC,Sul,meta,0,0,27828.1,2319008,1,0,27828.1,
2024-12-09,102,RS,Sul,meta,1,0,43288.16,3607346,0,0,,
2024-12-09,102,BA,Nordeste,meta,0,0,55656.21,4638017,0,0,,
2024-12-09,102,CE,Nordeste,meta,1,0,34785.13,2898760,0,0,,
2024-12-09,102,PE,Nordeste,meta,0,0,37104.14,3092011,0,0,,
2024-12-09,102,MA,Nordeste,meta,0,0,26282.1,2190174,0,0,,
2024-12-09,102,PB,Nordeste,meta,0,0,15460.06,1288338,0,0,,
2024-12-09,102,RN,Nordeste,meta,0,0,13914.05,1159504,1,0,13914.05,
2024-12-09,102,AL,Nordeste,meta,0,0,12368.05,1030670,0,0,,
2024-12-09,102,SE,Nordeste,meta,0,0,8503.03,708585,0,0,,
2024-12-09,102,PI,Nordeste,meta,0,0,12368.05,1030670,0,0,,
2024-12-09,102,GO,Centro-Oeste,meta,0,0,25509.1,2125757,0,0,,
2024-12-09,102,MT,Centro-Oeste,meta,0,0,13141.05,1095087,0,0,,
2024-12-09,102,MS,Centro-Oeste,meta,0,0,10049.04,837419,0,0,,
2024-12-09,102,DF,Centro-Oeste,meta,0,0,10822.04,901836,0,0,,
2024-12-09,102,AM,Norte,meta,0,0,15460.06,1288338,0,0,,
2024-12-09,102,PA,Norte,meta,0,0,32466.12,2705510,0,0,,
2024-12-09,102,RO,Norte,meta,0,0,6184.02,515335,0,0,,
2024-12-09,102,AC,Norte,meta,0,0,3092.01,257667,0,0,,
2024-12-09,102,RR,Norte,meta,0,0,2319.01,193250,0,0,,
2024-12-09,102,AP,Norte,meta,0,0,3092.01,257667,0,0,,
2024-12-09,102,TO,Norte,meta,0,0,5411.02,450918,0,0,,
2024-12-09,102,SP,Sudeste,search,1,0,120367.59,15045949,0,0,,
2024-12-09,102,RJ,Sudeste,search,1,0,45275.88,5659485,0,0,,
2024-12-09,102,MG,Sudeste,search,0,0,56318.78,7039847,0,0,,
2024-12-09,102,ES,Sudeste,search,0,0,10490.75,1311344,0,0,,
2024-12-09,102,PR,Sul,search,1,0,30920.12,3865014,0,0,,
2024-12-09,102,SC,Sul,search,0,0,19877.22,2484652,0,0,,
2024-12-09,102,RS,Sul,search,1,0,30920.12,3865014,0,0,,
2024-12-09,102,BA,Nordeste,search,0,0,39754.43,4969304,0,0,,
2024-12-09,102,CE,Nordeste,search,1,0,24846.52,3105815,0,0,,
2024-12-09,102,PE,Nordeste,search,0,0,26502.96,3312869,0,0,,
2024-12-09,102,MA,Nordeste,search,0,0,18772.93,2346615,0,0,,
2024-12-09,102,PB,Nordeste,search,0,0,11042.9,1380362,0,0,,
2024-12-09,102,RN,Nordeste,search,0,0,9938.61,1242326,0,0,,
2024-12-09,102,AL,Nordeste,search,0,0,8834.32,1104289,0,0,,
2024-12-09,102,SE,Nordeste,search,0,0,6073.59,759199,0,0,,
2024-12-09,102,PI,Nordeste,search,0,0,8834.32,1104289,0,0,,
2024-12-09,102,GO,Centro-Oeste,search,0,0,18220.78,2277597,0,0,,
2024-12-09,102,MT,Centro-Oeste,search,0,0,9386.46,1173307,0,0,,
2024-12-09,102,MS,Centro-Oeste,search,0,0,7177.88,897235,1,0,7177.88,
2024-12-09,102,DF,Centro-Oeste,search,0,0,7730.03,966253,0,0,,
2024-12-09,102,AM,Norte,search,0,0,11042.9,1380362,0,0,,
2024-12-09,102,PA,Norte,search,0,0,23190.09,2898760,0,0,,
2024-12-09,102,RO,Norte,search,0,0,4417.16,552144,0,0,,
2024-12-09,102,AC,Norte,search,0,0,2208.58,276072,0,0,,
2024-12-09,102,RR,Norte,search,0,0,1656.43,207054,0,0,,
2024-12-09,102,AP,Norte,search,0,0,2208.58,276072,0,0,,
2024-12-09,102,TO,Norte,search,0,0,3865.01,483126,0,0,,
2024-12-16,103,SP,Sudeste,youtube,1,0,175745.45,9763635,0,0,,
2024-12-16,103,RJ,Sudeste,youtube,1,0,66106.09,3672560,0,0,,
2024-12-16,103,MG,Sudeste,youtube,0,0,82229.52,4568306,0,0,,
2024-12-16,103,ES,Sudeste,youtube,0,0,15317.26,850959,0,0,,
2024-12-16,103,PR,Sul,youtube,1,0,45145.62,2508089,0,0,,
2024-12-16,103,SC,Sul,youtube,0,0,29022.18,1612343,0,0,,
2024-12-16,103,RS,Sul,youtube,1,0,45145.62,2508089,0,0,,
2024-12-16,103,BA,Nordeste,youtube,0,0,58044.37,3224687,0,0,,
2024-12-16,103,CE,Nordeste,youtube,1,0,36277.73,2015429,0,0,,
2024-12-16,103,PE,Nordeste,youtube,0,0,38696.25,2149791,0,0,,
2024-12-16,103,MA,Nordeste,youtube,0,0,27409.84,1522768,0,0,,
2024-12-16,103,PB,Nordeste,youtube,0,0,16123.44,895746,0,0,,
2024-12-16,103,RN,Nordeste,youtube,0,0,14511.09,806171,0,0,,
2024-12-16,103,AL,Nordeste,youtube,0,0,12898.75,716597,0,0,,
2024-12-16,103,SE,Nordeste,youtube,0,0,8867.89,492660,0,0,,
2024-12-16,103,PI,Nordeste,youtube,0,0,12898.75,716597,0,0,,
2024-12-16,103,GO,Centro-Oeste,youtube,0,0,26603.67,1477981,0,0,,
2024-12-16,103,MT,Centro-Oeste,youtube,0,0,13704.92,761384,0,0,,
2024-12-16,103,MS,Centro-Oeste,youtube,0,0,10480.23,582235,0,0,,
2024-12-16,103,DF,Centro-Oeste,youtube,0,0,11286.4,627022,0,0,,
2024-12-16,103,AM,Norte,youtube,0,0,16123.44,895746,0,0,,
2024-12-16,103,PA,Norte,youtube,0,0,33859.21,1881067,0,0,,
2024-12-16,103,RO,Norte,youtube,0,0,6449.37,358298,0,0,,
2024-12-16,103,AC,Norte,youtube,0,0,3224.69,179149,0,0,,
2024-12-16,103,RR,Norte,youtube,0,0,2418.52,134361,0,0,,
2024-12-16,103,AP,Norte,youtube,0,0,3224.69,179149,0,0,,
2024-12-16,103,TO,Norte,youtube,0,0,5643.2,313511,1,0,5643.2,
2024-12-16,103,SP,Sudeste,meta,1,0,153777.27,12814772,0,0,,
2024-12-16,103,RJ,Sudeste,meta,1,0,57842.83,4820235,0,0,,
2024-12-16,103,MG,Sudeste,meta,0,0,71950.83,5995902,1,0,71950.83,
2024-12-16,103,ES,Sudeste,meta,0,0,13402.61,1116883,0,0,,
2024-12-16,103,PR,Sul,meta,1,0,39502.42,3291868,0,0,,
2024-12-16,103,SC,Sul,meta,0,0,25394.41,2116200,0,0,,
2024-12-16,103,RS,Sul,meta,1,0,39502.42,3291868,0,0,,
2024-12-16,103,BA,Nordeste,meta,0,0,50788.82,4232401,0,0,,
2024-12-16,103,CE,Nordeste,meta,1,0,31743.01,2645251,0,0,,
2024-12-16,103,PE,Nordeste,meta,0,0,33859.21,2821601,0,0,,
2024-12-16,103,MA,Nordeste,meta,0,0,23983.61,1998634,0,0,,
2024-12-16,103,PB,Nordeste,meta,0,0,14108.01,1175667,0,0,,
2024-12-16,103,RN,Nordeste,meta,0,0,12697.21,1058100,0,0,,
2024-12-16,103,AL,Nordeste,meta,0,0,11286.4,940533,0,0,,
2024-12-16,103,SE,Nordeste,meta,0,0,7759.4,646616,0,0,,
2024-12-16,103,PI,Nordeste,meta,0,0,11286.4,940533,0,0,,
2024-12-16,103,GO,Centro-Oeste,meta,0,0,23278.21,1939850,0,0,,
2024-12-16,103,MT,Centro-Oeste,meta,0,0,11991.81,999317,0,0,,
2024-12-16,103,MS,Centro-Oeste,meta,0,0,9170.2,764183,0,0,,
2024-12-16,103,DF,Centro-Oeste,meta,0,0,9875.6,822967,0,0,,
2024-12-16,103,AM,Norte,meta,0,0,14108.01,1175667,0,0,,
2024-12-16,103,PA,Norte,meta,0,0,29626.81,2468901,0,0,,
2024-12-16,103,RO,Norte,meta,0,0,5643.2,470266,0,0,,
2024-12-16,103,AC,Norte,meta,0,0,2821.6,235133,1,0,2821.6,
2024-12-16,103,RR,Norte,meta,0,0,2116.2,176350,0,0,,
2024-12-16,103,AP,Norte,meta,0,0,2821.6,235133,0,0,,
2024-12-16,103,TO,Norte,meta,0,0,4937.8,411483,0,0,,
2024-12-16,103,SP,Sudeste,search,1,0,109840.91,13730113,0,0,,
2024-12-16,103,RJ,Sudeste,search,1,0,41316.3,5164537,0,0,,
2024-12-16,103,MG,Sudeste,search,0,0,51393.45,6424181,0,0,,
2024-12-16,103,ES,Sudeste,search,0,0,9573.29,1196661,0,0,,
2024-12-16,103,PR,Sul,search,1,0,28216.01,3527001,0,0,,
2024-12-16,103,SC,Sul,search,0,0,18138.87,2267358,0,0,,
2024-12-16,103,RS,Sul,search,1,0,28216.01,3527001,0,0,,
2024-12-16,103,BA,Nordeste,search,0,0,36277.73,4534716,0,0,,
2024-12-16,103,CE,Nordeste,search,1,0,22673.58,2834197,0,0,,
2024-12-16,103,PE,Nordeste,search,0,0,24185.15,3023144,0,0,,
2024-12-16,103,MA,Nordeste,search,0,0,17131.15,2141393,0,0,,
2024-12-16,103,PB,Nordeste,search,0,0,10077.15,1259643,0,0,,
2024-12-16,103,RN,Nordeste,search,0,0,9069.43,1133679,0,0,,
2024-12-16,103,AL,Nordeste,search,0,0,8061.72,1007714,0,0,,
2024-12-16,103,SE,Nordeste,search,0,0,5542.43,692803,0,0,,
2024-12-16,103,PI,Nordeste,search,0,0,8061.72,1007714,0,0,,
2024-12-16,103,GO,Centro-Oeste,search,0,0,16627.29,2078411,0,0,,
2024-12-16,103,MT,Centro-Oeste,search,0,0,8565.58,1070696,0,0,,
2024-12-16,103,MS,Centro-Oeste,search,0,0,6550.15,818768,0,0,,
2024-12-16,103,DF,Centro-Oeste,search,0,0,7054.0,881750,0,0,,
2024-12-16,103,AM,Norte,search,0,0,10077.15,1259643,0,0,,
2024-12-16,103,PA,Norte,search,0,0,21162.01,2645251,0,0,,
2024-12-16,103,RO,Norte,search,0,0,4030.86,503857,0,0,,
2024-12-16,103,AC,Norte,search,0,0,2015.43,251928,0,0,,
2024-12-16,103,RR,Norte,search,0,0,1511.57,188946,0,0,,
2024-12-16,103,AP,Norte,search,0,0,2015.43,251928,0,0,,
2024-12-16,103,TO,Norte,search,0,0,3527.0,440875,0,0,,
2024-12-23,104,SP,Sudeste,youtube,1,0,238045.91,13224772,0,0,,
2024-12-23,104,RJ,Sudeste,youtube,1,0,89540.21,4974455,0,0,,
2024-12-23,104,MG,Sudeste,youtube,0,0,111379.28,6187737,0,0,,
2024-12-23,104,ES,Sudeste,youtube,0,0,20747.12,1152617,1,0,20747.12,
2024-12-23,104,PR,Sul,youtube,1,0,61149.41,3397189,0,0,,
2024-12-23,104,SC,Sul,youtube,0,0,39310.33,2183907,0,0,,
2024-12-23,104,RS,Sul,youtube,1,0,61149.41,3397189,0,0,,
2024-12-23,104,BA,Nordeste,youtube,0,0,78620.67,4367814,0,0,,
2024-12-23,104,CE,Nordeste,youtube,1,0,49137.92,2729884,0,0,,
2024-12-23,104,PE,Nordeste,youtube,0,0,52413.78,2911876,0,0,,
2024-12-23,104,MA,Nordeste,youtube,0,0,37126.43,2062579,0,0,,
2024-12-23,104,PB,Nordeste,youtube,0,0,21839.07,1213281,0,0,,
2024-12-23,104,RN,Nordeste,youtube,0,0,19655.17,1091953,0,0,,
2024-12-23,104,AL,Nordeste,youtube,0,0,17471.26,970625,0,0,,
2024-12-23,104,SE,Nordeste,youtube,0,0,12011.49,667305,0,0,,
2024-12-23,104,PI,Nordeste,youtube,0,0,17471.26,970625,0,0,,
2024-12-23,104,GO,Centro-Oeste,youtube,0,0,36034.47,2001915,0,0,,
2024-12-23,104,MT,Centro-Oeste,youtube,0,0,18563.21,1031289,0,0,,
2024-12-23,104,MS,Centro-Oeste,youtube,0,0,14195.4,788633,0,0,,
2024-12-23,104,DF,Centro-Oeste,youtube,0,0,15287.35,849297,0,0,,
2024-12-23,104,AM,Norte,youtube,0,0,21839.07,1213281,0,0,,
2024-12-23,104,PA,Norte,youtube,0,0,45862.06,2547892,0,0,,
2024-12-23,104,RO,Norte,youtube,0,0,8735.63,485312,0,0,,
2024-12-23,104,AC,Norte,youtube,0,0,4367.81,242656,1,0,4367.81,
2024-12-23,104,RR,Norte,youtube,0,0,3275.86,181992,0,0,,
2024-12-23,104,AP,Norte,youtube,0,0,4367.81,242656,0,0,,
2024-12-23,104,TO,Norte,youtube,0,0,7643.68,424648,0,0,,
2024-12-23,104,SP,Sudeste,meta,1,0,208290.17,17357514,0,0,,
2024-12-23,104,RJ,Sudeste,meta,1,0,78347.68,6528973,0,0,,
2024-12-23,104,MG,Sudeste,meta,0,0,97456.87,8121405,0,0,,
2024-12-23,104,ES,Sudeste,meta,0,0,18153.73,1512810,0,0,,
2024-12-23,104,PR,Sul,meta,1,0,53505.73,4458811,0,0,,
2024-12-23,104,SC,Sul,meta,0,0,34396.54,2866378,0,0,,
2024-12-23,104,RS,Sul,meta,1,0,53505.73,4458811,0,0,,
2024-12-23,104,BA,Nordeste,meta,0,0,68793.09,5732757,0,0,,
2024-12-23,104,CE,Nordeste,meta,1,0,42995.68,3582973,0,0,,
2024-12-23,104,PE,Nordeste,meta,0,0,45862.06,3821838,0,0,,
2024-12-23,104,MA,Nordeste,meta,0,0,32485.62,2707135,0,0,,
2024-12-23,104,PB,Nordeste,meta,0,0,19109.19,1592432,0,0,,
2024-12-23,104,RN,Nordeste,meta,0,0,17198.27,1433189,0,0,,
2024-12-23,104,AL,Nordeste,meta,0,0,15287.35,1273946,0,0,,
2024-12-23,104,SE,Nordeste,meta,0,0,10510.05,875837,0,0,,
2024-12-23,104,PI,Nordeste,meta,0,0,15287.35,1273946,0,0,,
2024-12-23,104,GO,Centro-Oeste,meta,0,0,31530.16,2627513,0,0,,
2024-12-23,104,MT,Centro-Oeste,meta,0,0,16242.81,1353567,0,0,,
2024-12-23,104,MS,Centro-Oeste,meta,0,0,12420.97,1035081,0,0,,
2024-12-23,104,DF,Centro-Oeste,meta,0,0,13376.43,1114702,0,0,,
2024-12-23,104,AM,Norte,meta,0,0,19109.19,1592432,0,0,,
2024-12-23,104,PA,Norte,meta,0,0,40129.3,3344108,0,0,,
2024-12-23,104,RO,Norte,meta,0,0,7643.68,636973,0,0,,
2024-12-23,104,AC,Norte,meta,0,0,3821.84,318486,0,0,,
2024-12-23,104,RR,Norte,meta,0,0,2866.38,238864,0,0,,
2024-12-23,104,AP,Norte,meta,0,0,3821.84,318486,0,0,,
2024-12-23,104,TO,Norte,meta,0,0,6688.22,557351,0,0,,
2024-12-23,104,SP,Sudeste,search,1,0,148778.7,18597336,0,0,,
2024-12-23,104,RJ,Sudeste,search,1,0,55962.63,6995328,0,0,,
2024-12-23,104,MG,Sudeste,search,0,0,69612.05,8701506,0,0,,
2024-12-23,104,ES,Sudeste,search,0,0,12966.95,1620868,0,0,,
2024-12-23,104,PR,Sul,search,1,0,38218.38,4777297,0,0,,
2024-12-23,104,SC,Sul,search,0,0,24568.96,3071119,0,0,,
2024-12-23,104,RS,Sul,search,1,0,38218.38,4777297,0,0,,
2024-12-23,104,BA,Nordeste,search,0,0,49137.92,6142239,0,0,,
2024-12-23,104,CE,Nordeste,search,1,0,30711.2,3838899,0,0,,
2024-12-23,104,PE,Nordeste,search,0,0,32758.61,4094826,0,0,,
2024-12-23,104,MA,Nordeste,search,0,0,23204.02,2900502,0,0,,
2024-12-23,104,PB,Nordeste,search,0,0,13649.42,1706177,0,0,,
2024-12-23,104,RN,Nordeste,search,0,0,12284.48,1535559,0,0,,
2024-12-23,104,AL,Nordeste,search,0,0,10919.54,1364942,0,0,,
2024-12-23,104,SE,Nordeste,search,0,0,7507.18,938397,1,0,7507.18,
2024-12-23,104,PI,Nordeste,search,0,0,10919.54,1364942,0,0,,
2024-12-23,104,GO,Centro-Oeste,search,0,0,22521.55,2815193,0,0,,
2024-12-23,104,MT,Centro-Oeste,search,0,0,11602.01,1450251,0,0,,
2024-12-23,104,MS,Centro-Oeste,search,0,0,8872.12,1109015,0,0,,
2024-12-23,104,DF,Centro-Oeste,search,0,0,9554.6,1194324,0,0,,
2024-12-23,104,AM,Norte,search,0,0,13649.42,1706177,0,0,,
2024-12-23,104,PA,Norte,search,0,0,28663.79,3582973,0,0,,
2024-12-23,104,RO,Norte,search,0,0,5459.77,682471,0,0,,
2024-12-23,104,AC,Norte,search,0,0,2729.88,341235,0,0,,
2024-12-23,104,RR,Norte,search,0,0,2047.41,255926,0,0,,
2024-12-23,104,AP,Norte,search,0,0,2729.88,341235,0,0,,
2024-12-23,104,TO,Norte,search,0,0,4777.3,597162,0,0,,
